n_segments,n_question_segments,n_letters,n_letters_nonling,share_target,share_eng,share_other,other_top,other_top_letters,share_lowconf,masklid_labels,masklid_n,masklid_letters,corpus,solver,generation,state,benchmark,task_id,gen,solution_id,finish_reason,clean_V4-Flash,final_V4-Flash,clean_Qwen3.6,final_Qwen3.6,clean_R1-distill,final_R1-distill
281,4,10035,0,0.0,1.0,0.0,,0,0.0035587188612099642,eng,1,"{""eng"": 3592}",panel,Qwen3.5-4B,current,think,aime2026_pt,AIME2026-PT/9,63,Qwen3.5-4B|aime2026_pt|AIME2026-PT/9|g63,stop,1,1,1,1,1,1
307,6,11954,0,0.04391835368914171,0.9469633595449222,0.009118286765936089,lvs,49,0.013029315960912053,eng,1,"{""eng"": 3505}",panel,Qwen3.5-4B,current,think,aime2026_pt,AIME2026-PT/10,45,Qwen3.5-4B|aime2026_pt|AIME2026-PT/10|g45,stop,0,0,1,0,1,1
329,0,11104,0,0.0,0.9899135446685879,0.010086455331412104,wes,88,0.0,eng,1,"{""eng"": 2967}",panel,Qwen3.5-4B,current,think,aime2026_pt,AIME2026-PT/29,17,Qwen3.5-4B|aime2026_pt|AIME2026-PT/29|g17,stop,1,0,1,0,0,0
141,9,5006,0,0.2514982021574111,0.7485017978425889,0.0,,0,0.0070921985815602835,eng,1,"{""eng"": 2953}",panel,Qwen3.5-4B,current,think,aime2026_pt,AIME2026-PT/6,0,Qwen3.5-4B|aime2026_pt|AIME2026-PT/6|g0,stop,1,0,1,0,1,0
142,8,4429,0,0.13389026868367576,0.8602393316775796,0.005870399638744638,pol,26,0.028169014084507043,eng,1,"{""eng"": 2964}",panel,Qwen3.5-4B,current,think,aime2026_pt,AIME2026-PT/5,11,Qwen3.5-4B|aime2026_pt|AIME2026-PT/5|g11,stop,1,0,1,0,1,1
256,11,10369,0,0.15044845211688687,0.8428006558009451,0.006750892082168,swe,25,0.02734375,eng,1,"{""eng"": 3252}",panel,Qwen3.5-4B,current,think,aime2026_pt,AIME2026-PT/3,23,Qwen3.5-4B|aime2026_pt|AIME2026-PT/3|g23,stop,1,0,1,1,1,1
165,7,5589,0,0.214170692431562,0.7775988548935409,0.00823045267489712,swe,25,0.030303030303030304,eng,1,"{""eng"": 2980}",panel,Qwen3.5-4B,current,think,aime2026_pt,AIME2026-PT/25,6,Qwen3.5-4B|aime2026_pt|AIME2026-PT/25|g6,stop,1,1,1,0,1,0
263,2,10241,0,0.1406112684308173,0.8331217654525925,0.026266966116590178,nld,167,0.011406844106463879,eng,1,"{""eng"": 2915}",panel,Qwen3.5-4B,current,think,aime2026_pt,AIME2026-PT/4,4,Qwen3.5-4B|aime2026_pt|AIME2026-PT/4|g4,stop,1,0,1,0,1,0
108,4,4133,0,0.2504234212436487,0.737962738930559,0.011613839825792402,pdc,26,0.018518518518518517,eng,1,"{""eng"": 2785}",panel,Qwen3.5-4B,current,think,aime2026_pt,AIME2026-PT/2,25,Qwen3.5-4B|aime2026_pt|AIME2026-PT/2|g25,stop,1,1,1,0,1,1
127,9,4461,0,0.23402824478816409,0.7612642905178211,0.004707464694014795,lus,21,0.05511811023622047,eng,1,"{""eng"": 3028}",panel,Qwen3.5-4B,current,think,aime2026_pt,AIME2026-PT/20,22,Qwen3.5-4B|aime2026_pt|AIME2026-PT/20|g22,stop,1,0,1,1,1,0
149,6,5203,0,0.009225446857582165,0.9907745531424178,0.0,,0,0.006711409395973154,eng,1,"{""eng"": 2874}",panel,Qwen3.5-4B,current,think,aime2026_pt,AIME2026-PT/24,11,Qwen3.5-4B|aime2026_pt|AIME2026-PT/24|g11,stop,0,0,1,0,1,0
194,8,6834,0,0.13081650570676032,0.8691834942932397,0.0,,0,0.005154639175257732,eng,1,"{""eng"": 2954}",panel,Qwen3.5-4B,current,think,aime2026_pt,AIME2026-PT/14,9,Qwen3.5-4B|aime2026_pt|AIME2026-PT/14|g9,stop,1,1,1,0,1,1
244,0,8105,0,0.0,0.9886489821098088,0.01135101789019124,ekk,61,0.020491803278688523,eng,1,"{""eng"": 2813}",panel,Qwen3.5-4B,current,think,aime2026_pt,AIME2026-PT/18,26,Qwen3.5-4B|aime2026_pt|AIME2026-PT/18|g26,stop,0,0,1,0,1,0
327,8,11435,0,0.004809794490599038,0.9933537385220813,0.0018364669873196327,fra,21,0.0030581039755351682,eng,1,"{""eng"": 3356}",panel,Qwen3.5-4B,current,think,aime2026_pt,AIME2026-PT/9,14,Qwen3.5-4B|aime2026_pt|AIME2026-PT/9|g14,stop,1,0,1,1,1,1
128,8,4500,0,0.19511111111111112,0.7815555555555556,0.023333333333333334,nld,61,0.046875,eng,1,"{""eng"": 3088}",panel,Qwen3.5-4B,current,think,aime2026_pt,AIME2026-PT/5,15,Qwen3.5-4B|aime2026_pt|AIME2026-PT/5|g15,stop,1,0,1,1,1,0
117,3,3711,0,0.2837510105092967,0.7105901374292644,0.005658852061438965,ekk,21,0.017094017094017096,eng,1,"{""eng"": 2681}",panel,Qwen3.5-4B,current,think,aime2026_pt,AIME2026-PT/25,37,Qwen3.5-4B|aime2026_pt|AIME2026-PT/25|g37,stop,1,0,1,0,1,1
290,9,11981,0,0.12686754027209748,0.867790668558551,0.005341791169351473,spa,24,0.006896551724137931,eng,1,"{""eng"": 2938}",panel,Qwen3.5-4B,current,think,aime2026_pt,AIME2026-PT/4,58,Qwen3.5-4B|aime2026_pt|AIME2026-PT/4|g58,stop,1,1,1,0,1,1
128,2,5392,0,0.265393175074184,0.7234792284866469,0.01112759643916914,fra,34,0.0078125,eng,1,"{""eng"": 3001}",panel,Qwen3.5-4B,current,think,aime2026_pt,AIME2026-PT/7,19,Qwen3.5-4B|aime2026_pt|AIME2026-PT/7|g19,stop,1,0,1,0,1,0
439,2,17957,0,0.11789274377680013,0.8808821072562232,0.0012251489669766664,fin,22,0.00683371298405467,eng,1,"{""eng"": 3116}",panel,Qwen3.5-4B,current,think,aime2026_pt,AIME2026-PT/28,32,Qwen3.5-4B|aime2026_pt|AIME2026-PT/28|g32,stop,0,0,1,0,1,0
177,5,6502,0,0.2363888034450938,0.7636111965549062,0.0,,0,0.011299435028248588,eng,1,"{""eng"": 3142}",panel,Qwen3.5-4B,current,think,aime2026_pt,AIME2026-PT/2,55,Qwen3.5-4B|aime2026_pt|AIME2026-PT/2|g55,stop,1,1,1,0,1,1
91,21,3114,0,0.2742453436095055,0.7257546563904945,0.0,,0,0.01098901098901099,eng,1,"{""eng"": 2859}",panel,Qwen3.5-4B,current,think,aime2026_pt,AIME2026-PT/1,42,Qwen3.5-4B|aime2026_pt|AIME2026-PT/1|g42,stop,1,0,1,1,1,1
209,0,7263,0,0.0,0.986644637202258,0.01335536279774198,dan,47,0.019138755980861243,eng,1,"{""eng"": 3328}",panel,Qwen3.5-4B,current,think,aime2026_pt,AIME2026-PT/27,35,Qwen3.5-4B|aime2026_pt|AIME2026-PT/27|g35,stop,1,0,1,1,1,1
132,15,4274,0,0.1888160973327094,0.8062704726251755,0.004913430042115114,fra,21,0.007575757575757576,eng,1,"{""eng"": 2586}",panel,Qwen3.5-4B,current,think,aime2026_pt,AIME2026-PT/19,46,Qwen3.5-4B|aime2026_pt|AIME2026-PT/19|g46,stop,1,0,1,0,1,1
211,6,9342,0,0.002354956112181546,0.9868336544637123,0.010811389424106187,deu,52,0.014218009478672985,eng,1,"{""eng"": 3522}",panel,Qwen3.5-4B,current,think,aime2026_pt,AIME2026-PT/22,57,Qwen3.5-4B|aime2026_pt|AIME2026-PT/22|g57,stop,1,0,1,0,1,1
164,9,5372,0,0.08376768428890544,0.9104616530156366,0.00577066269545793,dan,31,0.006097560975609756,eng,1,"{""eng"": 2975}",panel,Qwen3.5-4B,current,think,aime2026_pt,AIME2026-PT/12,23,Qwen3.5-4B|aime2026_pt|AIME2026-PT/12|g23,stop,1,0,1,1,1,1
242,14,9022,0,0.19385945466637108,0.8001551762358678,0.005985369097761028,swe,31,0.02066115702479339,eng,1,"{""eng"": 3280}",panel,Qwen3.5-4B,current,think,aime2026_pt,AIME2026-PT/16,12,Qwen3.5-4B|aime2026_pt|AIME2026-PT/16|g12,stop,1,0,1,1,1,1
161,2,5995,0,0.14412010008340284,0.8558798999165972,0.0,,0,0.006211180124223602,eng,1,"{""eng"": 3231}",panel,Qwen3.5-4B,current,think,aime2026_pt,AIME2026-PT/6,57,Qwen3.5-4B|aime2026_pt|AIME2026-PT/6|g57,stop,1,0,1,0,1,0
322,16,14053,0,0.07706539528926208,0.9159610047676653,0.006973599943072653,slv,35,0.027950310559006212,eng,1,"{""eng"": 3815}",panel,Qwen3.5-4B,current,think,aime2026_pt,AIME2026-PT/3,42,Qwen3.5-4B|aime2026_pt|AIME2026-PT/3|g42,stop,1,0,1,0,1,1
174,12,5735,0,0.17907585004359197,0.8057541412380123,0.015170008718395816,fra,24,0.0,eng,1,"{""eng"": 3035}",panel,Qwen3.5-4B,current,think,aime2026_pt,AIME2026-PT/25,17,Qwen3.5-4B|aime2026_pt|AIME2026-PT/25|g17,stop,1,0,1,1,1,1
375,21,13334,0,0.1008699565021749,0.8953052347382631,0.003824808759562022,quh,29,0.005333333333333333,eng+por,2,"{""eng"": 2900, ""por"": 818}",panel,Qwen3.5-4B,current,think,aime2026_pt,AIME2026-PT/17,41,Qwen3.5-4B|aime2026_pt|AIME2026-PT/17|g41,stop,0,0,1,0,1,0
155,1,5781,0,0.16727209825289743,0.8175056218647293,0.015222279882373293,sot,46,0.0064516129032258064,eng,1,"{""eng"": 3423}",panel,Qwen3.5-4B,current,think,aime2026_pt,AIME2026-PT/7,11,Qwen3.5-4B|aime2026_pt|AIME2026-PT/7|g11,stop,1,0,1,0,1,0
414,4,14867,0,0.070558956077218,0.9182081119257416,0.011232931997040426,pol,54,0.007246376811594203,eng,1,"{""eng"": 3206}",panel,Qwen3.5-4B,current,think,aime2026_pt,AIME2026-PT/28,42,Qwen3.5-4B|aime2026_pt|AIME2026-PT/28|g42,stop,1,0,1,0,1,1
419,0,15223,0,0.998489128292715,0.0,0.0015108717072850292,kin,23,0.00477326968973747,eng,1,"{""eng"": 3081}",panel,Qwen3.5-4B,current,think,aime2026,AIME2026/16,49,Qwen3.5-4B|aime2026|AIME2026/16|g49,stop,1,1,1,1,1,1
371,0,13845,0,0.9861321776814734,0.0,0.013867822318526544,nld,171,0.0,eng,1,"{""eng"": 3461}",panel,Qwen3.5-4B,current,think,aime2026,AIME2026/22,22,Qwen3.5-4B|aime2026|AIME2026/22|g22,stop,1,0,1,1,1,1
532,0,19443,0,0.9989199197654683,0.0,0.001080080234531708,nld,21,0.0,eng,1,"{""eng"": 2957}",panel,Qwen3.5-4B,current,think,aime2026,AIME2026/27,35,Qwen3.5-4B|aime2026|AIME2026/27|g35,stop,1,1,1,1,1,1
330,0,10046,0,1.0,0.0,0.0,,0,0.0030303030303030303,eng,1,"{""eng"": 2997}",panel,Qwen3.5-4B,current,think,aime2026,AIME2026/24,46,Qwen3.5-4B|aime2026|AIME2026/24|g46,stop,1,0,1,1,1,0
1002,0,35253,0,0.9955748446940685,0.0,0.0044251553059314105,por,43,0.005988023952095809,eng,1,"{""eng"": 3329}",panel,Qwen3.5-4B,current,think,aime2026,AIME2026/28,52,Qwen3.5-4B|aime2026|AIME2026/28|g52,stop,1,0,1,0,1,0
223,0,8041,0,1.0,0.0,0.0,,0,0.004484304932735426,eng,1,"{""eng"": 3365}",panel,Qwen3.5-4B,current,think,aime2026,AIME2026/20,18,Qwen3.5-4B|aime2026|AIME2026/20|g18,stop,1,0,1,1,0,1
396,0,12521,0,1.0,0.0,0.0,,0,0.0,eng,1,"{""eng"": 2756}",panel,Qwen3.5-4B,current,think,aime2026,AIME2026/26,30,Qwen3.5-4B|aime2026|AIME2026/26|g30,stop,1,1,1,1,1,1
270,0,10051,0,0.9937319669684609,0.0,0.006268033031539151,ekk,63,0.011111111111111112,eng,1,"{""eng"": 3177}",panel,Qwen3.5-4B,current,think,aime2026,AIME2026/4,12,Qwen3.5-4B|aime2026|AIME2026/4|g12,stop,1,1,0,0,1,1
244,0,9065,0,0.995146166574738,0.0,0.004853833425261997,ekk,22,0.004098360655737705,eng,1,"{""eng"": 3323}",panel,Qwen3.5-4B,current,think,aime2026,AIME2026/20,34,Qwen3.5-4B|aime2026|AIME2026/20|g34,stop,1,0,1,1,1,1
379,0,12687,0,1.0,0.0,0.0,,0,0.0,eng,1,"{""eng"": 3165}",panel,Qwen3.5-4B,current,think,aime2026,AIME2026/26,58,Qwen3.5-4B|aime2026|AIME2026/26|g58,stop,1,0,1,1,1,1
405,0,12816,0,1.0,0.0,0.0,,0,0.0,eng,1,"{""eng"": 2927}",panel,Qwen3.5-4B,current,think,aime2026,AIME2026/13,44,Qwen3.5-4B|aime2026|AIME2026/13|g44,stop,1,1,1,0,1,1
407,0,13625,0,0.9984587155963303,0.0,0.0015412844036697248,nld,21,0.002457002457002457,eng,1,"{""eng"": 2700}",panel,Qwen3.5-4B,current,think,aime2026,AIME2026/19,54,Qwen3.5-4B|aime2026|AIME2026/19|g54,stop,1,0,1,0,1,0
497,0,17101,0,0.994269340974212,0.0,0.0057306590257879654,fuv,54,0.002012072434607646,eng,1,"{""eng"": 2915}",panel,Qwen3.5-4B,current,think,aime2026,AIME2026/25,44,Qwen3.5-4B|aime2026|AIME2026/25|g44,stop,1,0,1,1,1,1
746,0,24916,0,0.9910900626103708,0.0,0.008909937389629153,cym,80,0.00804289544235925,eng,1,"{""eng"": 3380}",panel,Qwen3.5-4B,current,think,aime2026,AIME2026/29,29,Qwen3.5-4B|aime2026|AIME2026/29|g29,stop,1,0,1,1,0,0
356,0,11635,0,0.998109153416416,0.0,0.0018908465835840139,slk,22,0.0,eng,1,"{""eng"": 3117}",panel,Qwen3.5-4B,current,think,aime2026,AIME2026/5,35,Qwen3.5-4B|aime2026|AIME2026/5|g35,stop,1,0,1,1,1,0
562,0,18888,0,0.9988352393053791,0.0,0.0011647606946209234,swe,22,0.0035587188612099642,eng,1,"{""eng"": 2871}",panel,Qwen3.5-4B,current,think,aime2026,AIME2026/18,22,Qwen3.5-4B|aime2026|AIME2026/18|g22,stop,1,0,1,1,1,1
606,0,22639,0,1.0,0.0,0.0,,0,0.0,eng,1,"{""eng"": 3329}",panel,Qwen3.5-4B,current,think,aime2026,AIME2026/27,55,Qwen3.5-4B|aime2026|AIME2026/27|g55,stop,1,1,1,1,1,1
146,0,5163,0,0.989928336238621,0.0,0.010071663761379043,por,26,0.0273972602739726,eng,1,"{""eng"": 2587}",panel,Qwen3.5-4B,current,think,aime2026,AIME2026/2,20,Qwen3.5-4B|aime2026|AIME2026/2|g20,stop,1,0,1,0,1,1
224,0,7459,0,0.9970505429682263,0.0,0.002949457031773696,ekk,22,0.004464285714285714,eng,1,"{""eng"": 2648}",panel,Qwen3.5-4B,current,think,aime2026,AIME2026/24,19,Qwen3.5-4B|aime2026|AIME2026/24|g19,stop,1,0,1,1,1,0
733,0,23605,0,0.9923321330226647,0.0,0.0076678669773353105,lat,112,0.009549795361527967,eng,1,"{""eng"": 2792}",panel,Qwen3.5-4B,current,think,aime2026,AIME2026/30,50,Qwen3.5-4B|aime2026|AIME2026/30|g50,stop,1,0,1,0,1,1
243,0,7912,0,1.0,0.0,0.0,,0,0.0,eng,1,"{""eng"": 3069}",panel,Qwen3.5-4B,current,think,aime2026,AIME2026/6,52,Qwen3.5-4B|aime2026|AIME2026/6|g52,stop,1,0,1,1,1,1
370,0,13608,0,0.9979423868312757,0.0,0.00205761316872428,ron,28,0.005405405405405406,eng,1,"{""eng"": 3596}",panel,Qwen3.5-4B,current,think,aime2026,AIME2026/10,2,Qwen3.5-4B|aime2026|AIME2026/10|g2,stop,1,1,1,1,1,1
287,0,8490,0,0.9972909305064782,0.0,0.0027090694935217904,pol,23,0.003484320557491289,eng,1,"{""eng"": 2687}",panel,Qwen3.5-4B,current,think,aime2026,AIME2026/13,51,Qwen3.5-4B|aime2026|AIME2026/13|g51,stop,1,0,1,1,1,1
449,0,14453,0,0.992527502940566,0.0,0.007472497059434028,fuv,81,0.0066815144766146995,eng,1,"{""eng"": 2910}",panel,Qwen3.5-4B,current,think,aime2026,AIME2026/25,14,Qwen3.5-4B|aime2026|AIME2026/25|g14,stop,1,0,1,1,1,1
164,3,6503,0,0.200369060433646,0.7945563586037213,0.005074580962632631,nld,33,0.06097560975609756,eng,1,"{""eng"": 3227}",panel,Qwen3.5-4B,current,think,aime2026_pt,AIME2026-PT/7,21,Qwen3.5-4B|aime2026_pt|AIME2026-PT/7|g21,stop,1,0,1,0,1,1
182,12,6762,0,0.11461106181603076,0.8824312333629104,0.0029577048210588583,nld,20,0.0,eng,1,"{""eng"": 2871}",panel,Qwen3.5-4B,current,think,aime2026_pt,AIME2026-PT/13,29,Qwen3.5-4B|aime2026_pt|AIME2026-PT/13|g29,stop,1,0,1,0,1,1
109,13,4103,0,0.19497928345113333,0.7996587862539605,0.005361930294906166,dan,22,0.009174311926605505,eng,1,"{""eng"": 2719}",panel,Qwen3.5-4B,current,think,aime2026_pt,AIME2026-PT/20,21,Qwen3.5-4B|aime2026_pt|AIME2026-PT/20|g21,stop,0,0,1,1,1,0
126,3,4433,0,0.12722761109857883,0.8671328671328671,0.005639521768554027,lvs,25,0.007936507936507936,eng,1,"{""eng"": 2727}",panel,Qwen3.5-4B,current,think,aime2026_pt,AIME2026-PT/24,63,Qwen3.5-4B|aime2026_pt|AIME2026-PT/24|g63,stop,1,0,1,1,1,0
66,18,2386,0,0.4065381391450126,0.5716680637049455,0.02179379715004191,spa,52,0.045454545454545456,eng+por,2,"{""por"": 1682, ""eng"": 2344}",panel,Qwen3.5-4B,current,think,aime2026_pt,AIME2026-PT/1,58,Qwen3.5-4B|aime2026_pt|AIME2026-PT/1|g58,stop,1,0,1,0,1,0
108,6,3638,0,0.27377680043980207,0.7193512919186366,0.006871907641561297,tur,25,0.018518518518518517,eng,1,"{""eng"": 2594}",panel,Qwen3.5-4B,current,think,aime2026_pt,AIME2026-PT/19,45,Qwen3.5-4B|aime2026_pt|AIME2026-PT/19|g45,stop,1,0,1,0,1,0
220,2,7709,0,0.011544947464003114,0.9784667272019717,0.009988325334025166,cat,45,0.004545454545454545,eng,1,"{""eng"": 3116}",panel,Qwen3.5-4B,current,think,aime2026_pt,AIME2026-PT/14,15,Qwen3.5-4B|aime2026_pt|AIME2026-PT/14|g15,stop,1,0,1,1,1,0
317,3,10573,0,0.06336895866830607,0.9149720987420789,0.02165894258961506,slv,86,0.022082018927444796,eng,1,"{""eng"": 2868}",panel,Qwen3.5-4B,current,think,aime2026_pt,AIME2026-PT/18,40,Qwen3.5-4B|aime2026_pt|AIME2026-PT/18|g40,stop,1,0,1,0,1,1
339,0,10675,0,1.0,0.0,0.0,,0,0.0029498525073746312,eng,1,"{""eng"": 2489}",panel,Qwen3.5-4B,current,think,aime2026,AIME2026/24,24,Qwen3.5-4B|aime2026|AIME2026/24|g24,stop,1,0,1,1,1,0
309,0,10502,0,0.996952961340697,0.0,0.00304703865930299,nld,32,0.0,eng,1,"{""eng"": 3152}",panel,Qwen3.5-4B,current,think,aime2026,AIME2026/6,49,Qwen3.5-4B|aime2026|AIME2026/6|g49,stop,1,0,1,1,1,1
251,0,9692,0,0.9931902600082543,0.0,0.00680973999174577,slv,46,0.01195219123505976,eng,1,"{""eng"": 3020}",panel,Qwen3.5-4B,current,think,aime2026,AIME2026/4,32,Qwen3.5-4B|aime2026|AIME2026/4|g32,stop,1,1,1,1,1,1
386,0,12798,0,1.0,0.0,0.0,,0,0.0025906735751295338,eng,1,"{""eng"": 2907}",panel,Qwen3.5-4B,current,think,aime2026,AIME2026/25,30,Qwen3.5-4B|aime2026|AIME2026/25|g30,stop,1,1,1,0,1,1
178,0,7262,0,0.995042687964748,0.0,0.004957312035251997,deu,36,0.0056179775280898875,eng,1,"{""eng"": 3147}",panel,Qwen3.5-4B,current,think,aime2026,AIME2026/1,28,Qwen3.5-4B|aime2026|AIME2026/1|g28,stop,1,0,1,0,1,1
349,0,12983,0,1.0,0.0,0.0,,0,0.0028653295128939827,eng,1,"{""eng"": 2873}",panel,Qwen3.5-4B,current,think,aime2026,AIME2026/12,54,Qwen3.5-4B|aime2026|AIME2026/12|g54,stop,1,1,1,1,1,1
930,0,31035,0,0.9930078943128725,0.0,0.006992105687127437,cym,80,0.00967741935483871,eng,1,"{""eng"": 3196}",panel,Qwen3.5-4B,current,think,aime2026,AIME2026/29,59,Qwen3.5-4B|aime2026|AIME2026/29|g59,stop,1,1,1,1,1,1
718,0,28655,0,0.9958122491711743,0.0,0.004187750828825685,nld,76,0.011142061281337047,eng,1,"{""eng"": 3238}",panel,Qwen3.5-4B,current,think,aime2026,AIME2026/21,11,Qwen3.5-4B|aime2026|AIME2026/21|g11,stop,1,0,1,0,1,1
110,0,4111,0,1.0,0.0,0.0,,0,0.01818181818181818,eng,1,"{""eng"": 2317}",panel,Qwen3.5-4B,current,think,aime2026,AIME2026/2,26,Qwen3.5-4B|aime2026|AIME2026/2|g26,stop,1,1,1,1,1,1
260,0,8054,0,1.0,0.0,0.0,,0,0.0038461538461538464,eng,1,"{""eng"": 2656}",panel,Qwen3.5-4B,current,think,aime2026,AIME2026/24,20,Qwen3.5-4B|aime2026|AIME2026/24|g20,stop,1,1,1,0,1,1
636,0,20230,0,0.9921898171033119,0.0,0.007810182896688087,nld,68,0.006289308176100629,eng,1,"{""eng"": 2439}",panel,Qwen3.5-4B,current,think,aime2026,AIME2026/30,4,Qwen3.5-4B|aime2026|AIME2026/30|g4,stop,1,1,1,0,1,0
336,0,11287,0,1.0,0.0,0.0,,0,0.0,eng,1,"{""eng"": 2962}",panel,Qwen3.5-4B,current,think,aime2026,AIME2026/14,30,Qwen3.5-4B|aime2026|AIME2026/14|g30,stop,1,0,1,0,1,1
812,0,29119,0,0.9969092345204162,0.0,0.003090765479583777,ces,46,0.006157635467980296,eng,1,"{""eng"": 2610}",panel,Qwen3.5-4B,current,think,aime2026,AIME2026/28,45,Qwen3.5-4B|aime2026|AIME2026/28|g45,stop,1,1,1,0,1,0
249,0,8741,0,1.0,0.0,0.0,,0,0.0,eng,1,"{""eng"": 2979}",panel,Qwen3.5-4B,current,think,aime2026,AIME2026/20,21,Qwen3.5-4B|aime2026|AIME2026/20|g21,stop,1,0,1,1,1,1
397,0,13293,0,1.0,0.0,0.0,,0,0.0,eng,1,"{""eng"": 3172}",panel,Qwen3.5-4B,current,think,aime2026,AIME2026/26,49,Qwen3.5-4B|aime2026|AIME2026/26|g49,stop,1,0,1,0,1,1
278,0,9619,0,0.9956336417507017,0.0,0.004366358249298264,slv,21,0.007194244604316547,eng,1,"{""eng"": 3333}",panel,Qwen3.5-4B,current,think,aime2026,AIME2026/6,56,Qwen3.5-4B|aime2026|AIME2026/6|g56,stop,1,1,1,1,1,1
355,19,15816,0,0.08478755690440061,0.9131259484066768,0.00208649468892261,pol,33,0.005633802816901409,eng,1,"{""eng"": 3616}",panel,Qwen3.5-4B,current,think,aime2026_pt,AIME2026-PT/3,34,Qwen3.5-4B|aime2026_pt|AIME2026-PT/3|g34,stop,1,0,1,1,1,1
134,3,4267,0,0.23177876728380595,0.762831028825873,0.005390203890321068,ekk,23,0.022388059701492536,eng,1,"{""eng"": 2531}",panel,Qwen3.5-4B,current,think,aime2026_pt,AIME2026-PT/25,9,Qwen3.5-4B|aime2026_pt|AIME2026-PT/25|g9,stop,1,0,1,1,0,1
358,5,13118,0,0.12227473700259185,0.8631651166336332,0.014560146363774966,nld,148,0.002793296089385475,eng,1,"{""eng"": 3280}",panel,Qwen3.5-4B,current,think,aime2026_pt,AIME2026-PT/4,22,Qwen3.5-4B|aime2026_pt|AIME2026-PT/4|g22,stop,1,0,1,0,1,1
395,23,14868,0,0.09833198816249664,0.8970944309927361,0.0045735808447672855,ind,39,0.005063291139240506,eng,1,"{""eng"": 3411}",panel,Qwen3.5-4B,current,think,aime2026_pt,AIME2026-PT/17,54,Qwen3.5-4B|aime2026_pt|AIME2026-PT/17|g54,stop,1,0,1,1,1,1
186,6,7315,0,0.14299384825700615,0.8486671223513329,0.00833902939166097,nld,40,0.06451612903225806,eng,1,"{""eng"": 3536}",panel,Qwen3.5-4B,current,think,aime2026_pt,AIME2026-PT/7,13,Qwen3.5-4B|aime2026_pt|AIME2026-PT/7|g13,stop,1,0,1,0,1,1
509,10,19948,0,0.0,0.9973932223781833,0.0026067776218167233,kin,26,0.007858546168958742,eng,1,"{""eng"": 3317}",panel,Qwen3.5-4B,current,think,aime2026_pt,AIME2026-PT/28,43,Qwen3.5-4B|aime2026_pt|AIME2026-PT/28|g43,stop,1,0,1,0,1,1
164,4,5647,0,0.21834602443775455,0.7777581016468922,0.003895873915353285,lvs,22,0.012195121951219513,eng,1,"{""eng"": 2876}",panel,Qwen3.5-4B,current,think,aime2026_pt,AIME2026-PT/2,17,Qwen3.5-4B|aime2026_pt|AIME2026-PT/2|g17,stop,1,0,1,0,1,1
131,4,5013,0,0.16357470576501096,0.8310392978256533,0.005385996409335727,lvs,27,0.015267175572519083,eng,1,"{""eng"": 3283}",panel,Qwen3.5-4B,current,think,aime2026_pt,AIME2026-PT/24,22,Qwen3.5-4B|aime2026_pt|AIME2026-PT/24|g22,stop,1,0,1,1,1,0
250,2,8411,0,0.0,0.99488764712876,0.0051123528712400425,slv,23,0.012,eng,1,"{""eng"": 3097}",panel,Qwen3.5-4B,current,think,aime2026_pt,AIME2026-PT/27,9,Qwen3.5-4B|aime2026_pt|AIME2026-PT/27|g9,stop,1,0,1,0,1,1
172,14,5239,0,0.15231914487497614,0.8331742698988357,0.014506585226188204,swe,31,0.005813953488372093,eng+por,2,"{""eng"": 2214, ""por"": 606}",panel,Qwen3.5-4B,current,think,aime2026_pt,AIME2026-PT/19,53,Qwen3.5-4B|aime2026_pt|AIME2026-PT/19|g53,stop,1,0,1,0,1,1
182,0,8005,0,0.0,0.989631480324797,0.010368519675202997,nld,61,0.005494505494505495,eng,1,"{""eng"": 3703}",panel,Qwen3.5-4B,current,think,aime2026_pt,AIME2026-PT/22,42,Qwen3.5-4B|aime2026_pt|AIME2026-PT/22|g42,stop,1,0,1,0,0,1
196,7,7645,0,0.09784172661870504,0.8991497710922172,0.0030085022890778287,dan,23,0.00510204081632653,eng,1,"{""eng"": 3214}",panel,Qwen3.5-4B,current,think,aime2026_pt,AIME2026-PT/14,13,Qwen3.5-4B|aime2026_pt|AIME2026-PT/14|g13,stop,1,0,1,0,1,1
223,2,7986,0,0.17317806160781368,0.810793889306286,0.016028049085900324,ron,49,0.017937219730941704,eng,1,"{""eng"": 2889}",panel,Qwen3.5-4B,current,think,aime2026_pt,AIME2026-PT/18,47,Qwen3.5-4B|aime2026_pt|AIME2026-PT/18|g47,stop,1,0,1,0,1,1
234,0,8715,0,0.0,0.9972461273666093,0.002753872633390706,dan,24,0.0,eng,1,"{""eng"": 3397}",panel,Qwen3.5-4B,current,think,aime2026_pt,AIME2026-PT/12,4,Qwen3.5-4B|aime2026_pt|AIME2026-PT/12|g4,stop,1,0,1,1,1,0
183,14,6816,0,0.19909037558685447,0.7888791079812206,0.012030516431924883,lvs,43,0.02185792349726776,eng,1,"{""eng"": 3212}",panel,Qwen3.5-4B,current,think,aime2026_pt,AIME2026-PT/16,43,Qwen3.5-4B|aime2026_pt|AIME2026-PT/16|g43,stop,1,0,1,0,1,1
162,8,5937,0,0.17921509179720396,0.8160687215765539,0.00471618662624221,slv,28,0.0,eng,1,"{""eng"": 3117}",panel,Qwen3.5-4B,current,think,aime2026_pt,AIME2026-PT/6,60,Qwen3.5-4B|aime2026_pt|AIME2026-PT/6|g60,stop,1,0,1,1,1,0
368,0,11553,0,1.0,0.0,0.0,,0,0.002717391304347826,eng,1,"{""eng"": 3009}",panel,Qwen3.5-4B,current,think,aime2026,AIME2026/13,21,Qwen3.5-4B|aime2026|AIME2026/13|g21,stop,1,0,1,1,1,1
232,0,8425,0,0.9966765578635015,0.0,0.0033234421364985163,fil,28,0.0,eng,1,"{""eng"": 3296}",panel,Qwen3.5-4B,current,think,aime2026,AIME2026/1,42,Qwen3.5-4B|aime2026|AIME2026/1|g42,stop,1,0,1,1,1,0
603,0,24770,0,0.9988696003229713,0.0,0.0011303996770286636,cat,28,0.004975124378109453,eng,1,"{""eng"": 3231}",panel,Qwen3.5-4B,current,think,aime2026,AIME2026/21,52,Qwen3.5-4B|aime2026|AIME2026/21|g52,stop,1,0,1,1,1,1
451,0,15235,0,0.9888414834263209,0.0,0.011158516573679028,dan,122,0.015521064301552107,eng,1,"{""eng"": 2826}",panel,Qwen3.5-4B,current,think,aime2026,AIME2026/18,62,Qwen3.5-4B|aime2026|AIME2026/18|g62,stop,1,0,1,1,1,1
166,0,6509,0,0.973882316792134,0.0,0.026117683207866033,nld,68,0.04819277108433735,eng,1,"{""eng"": 3192}",panel,Qwen3.5-4B,current,think,aime2026,AIME2026/7,60,Qwen3.5-4B|aime2026|AIME2026/7|g60,stop,1,0,1,1,1,1
508,0,20822,0,0.9936605513399289,0.0,0.006339448660071079,nld,112,0.0,eng,1,"{""eng"": 3698}",panel,Qwen3.5-4B,current,think,aime2026,AIME2026/22,18,Qwen3.5-4B|aime2026|AIME2026/22|g18,stop,1,0,1,0,1,0
711,0,26329,0,0.9979490295871473,0.0,0.002050970412852748,ekk,54,0.0014064697609001407,eng,1,"{""eng"": 3612}",panel,Qwen3.5-4B,current,think,aime2026,AIME2026/9,31,Qwen3.5-4B|aime2026|AIME2026/9|g31,stop,1,0,1,0,1,1
232,0,7669,0,1.0,0.0,0.0,,0,0.0,eng,1,"{""eng"": 2655}",panel,Qwen3.5-4B,current,think,aime2026,AIME2026/2,59,Qwen3.5-4B|aime2026|AIME2026/2|g59,stop,1,0,1,1,1,1
145,0,5321,0,0.9954895696297689,0.0,0.004510430370231159,por,24,0.006896551724137931,eng,1,"{""eng"": 3496}",panel,Qwen3.5-4B,current,think,aime2026,AIME2026/1,15,Qwen3.5-4B|aime2026|AIME2026/1|g15,stop,1,0,1,0,1,1
500,0,16867,0,0.9972727811703326,0.0,0.0027272188296673977,nld,26,0.002,eng,1,"{""eng"": 2748}",panel,Qwen3.5-4B,current,think,aime2026,AIME2026/29,50,Qwen3.5-4B|aime2026|AIME2026/29|g50,stop,1,1,1,0,1,0
806,0,32979,0,0.9975742138936899,0.0,0.0024257861063100763,nld,60,0.004962779156327543,eng,1,"{""eng"": 3111}",panel,Qwen3.5-4B,current,think,aime2026,AIME2026/21,0,Qwen3.5-4B|aime2026|AIME2026/21|g0,stop,1,0,1,0,0,0
591,0,19836,0,0.996319822544868,0.0,0.0036801774551320833,ekk,51,0.001692047377326565,eng,1,"{""eng"": 2908}",panel,Qwen3.5-4B,current,think,aime2026,AIME2026/18,23,Qwen3.5-4B|aime2026|AIME2026/18|g23,stop,1,0,1,0,1,1
276,0,10331,0,0.9952569935146646,0.0,0.004743006485335399,nld,27,0.018115942028985508,eng,1,"{""eng"": 3428}",panel,Qwen3.5-4B,current,think,aime2026,AIME2026/7,25,Qwen3.5-4B|aime2026|AIME2026/7|g25,stop,1,0,1,0,1,1
636,0,22079,0,0.9974183613388288,0.0,0.0025816386611712486,ekk,30,0.0015723270440251573,eng,1,"{""eng"": 3649}",panel,Qwen3.5-4B,current,think,aime2026,AIME2026/9,49,Qwen3.5-4B|aime2026|AIME2026/9|g49,stop,1,0,1,0,1,1
450,0,16366,0,1.0,0.0,0.0,,0,0.0022222222222222222,eng,1,"{""eng"": 2944}",panel,Qwen3.5-4B,current,think,aime2026,AIME2026/27,2,Qwen3.5-4B|aime2026|AIME2026/27|g2,stop,1,1,1,1,1,1
309,0,10042,0,0.9890460067715594,0.0,0.01095399322844055,lvs,33,0.016181229773462782,eng,1,"{""eng"": 3055}",panel,Qwen3.5-4B,current,think,aime2026,AIME2026/14,63,Qwen3.5-4B|aime2026|AIME2026/14|g63,stop,1,0,1,1,1,1
349,0,12227,0,0.9983642757831029,0.0,0.0016357242168970312,lat,20,0.0,eng,1,"{""eng"": 3153}",panel,Qwen3.5-4B,current,think,aime2026,AIME2026/4,7,Qwen3.5-4B|aime2026|AIME2026/4|g7,stop,1,0,1,0,0,1
640,0,21792,0,0.9925660792951542,0.0,0.007433920704845815,ron,74,0.0046875,eng,1,"{""eng"": 3821}",panel,Qwen3.5-4B,current,think,aime2026,AIME2026/10,18,Qwen3.5-4B|aime2026|AIME2026/10|g18,stop,0,1,1,0,1,1
349,0,10915,0,1.0,0.0,0.0,,0,0.0,eng,1,"{""eng"": 2703}",panel,Qwen3.5-4B,current,think,aime2026,AIME2026/19,26,Qwen3.5-4B|aime2026|AIME2026/19|g26,stop,1,1,1,0,1,1
515,0,17035,0,0.9911945993542706,0.0,0.008805400645729381,fuv,81,0.007766990291262136,eng,1,"{""eng"": 2832}",panel,Qwen3.5-4B,current,think,aime2026,AIME2026/25,26,Qwen3.5-4B|aime2026|AIME2026/25|g26,stop,1,1,1,0,1,1
364,0,13276,0,0.9966857487194938,0.0,0.0033142512805061767,fra,24,0.0,eng,1,"{""eng"": 3018}",panel,Qwen3.5-4B,current,think,aime2026,AIME2026/12,30,Qwen3.5-4B|aime2026|AIME2026/12|g30,stop,1,0,1,1,1,1
650,0,26313,0,0.9938813514232508,0.0,0.006118648576749135,cat,50,0.013846153846153847,eng,1,"{""eng"": 3184}",panel,Qwen3.5-4B,current,think,aime2026,AIME2026/21,38,Qwen3.5-4B|aime2026|AIME2026/21|g38,stop,1,0,1,0,1,0
258,0,8510,0,0.9969447708578143,0.0,0.003055229142185664,pol,26,0.003875968992248062,eng,1,"{""eng"": 3172}",panel,Qwen3.5-4B,current,think,aime2026,AIME2026/5,22,Qwen3.5-4B|aime2026|AIME2026/5|g22,stop,1,0,1,1,1,1
438,0,17395,0,0.9841908594423685,0.0,0.015809140557631503,nld,233,0.02054794520547945,eng,1,"{""eng"": 3302}",panel,Qwen3.5-4B,current,think,aime2026,AIME2026/7,45,Qwen3.5-4B|aime2026|AIME2026/7|g45,stop,1,0,1,1,0,1
303,0,10054,0,1.0,0.0,0.0,,0,0.0,eng,1,"{""eng"": 3106}",panel,Qwen3.5-4B,current,think,aime2026,AIME2026/5,5,Qwen3.5-4B|aime2026|AIME2026/5|g5,stop,1,0,1,0,1,0
291,0,10209,0,0.9821725928102655,0.0,0.017827407189734547,nld,160,0.006872852233676976,eng,1,"{""eng"": 3087}",panel,Qwen3.5-4B,current,think,aime2026,AIME2026/7,3,Qwen3.5-4B|aime2026|AIME2026/7|g3,stop,1,0,1,1,1,1
341,0,14155,0,0.977605086541858,0.0,0.022394913458142,nld,200,0.005865102639296188,eng,1,"{""eng"": 3312}",panel,Qwen3.5-4B,current,think,aime2026,AIME2026/22,31,Qwen3.5-4B|aime2026|AIME2026/22|g31,stop,1,1,1,1,1,1
665,0,27211,0,0.9964720149939362,0.0,0.003527985006063724,spa,46,0.009022556390977444,eng,1,"{""eng"": 3573}",panel,Qwen3.5-4B,current,think,aime2026,AIME2026/3,13,Qwen3.5-4B|aime2026|AIME2026/3|g13,stop,1,0,1,1,1,1
330,0,10249,0,0.9943409113084203,0.0,0.005659088691579666,nld,32,0.006060606060606061,eng,1,"{""eng"": 2847}",panel,Qwen3.5-4B,current,think,aime2026,AIME2026/14,48,Qwen3.5-4B|aime2026|AIME2026/14|g48,stop,1,0,1,1,1,1
1342,0,52794,0,0.9981247869076031,0.0,0.0018752130923968633,ekk,76,0.0014903129657228018,eng,1,"{""eng"": 3596}",panel,Qwen3.5-4B,current,think,aime2026,AIME2026/28,29,Qwen3.5-4B|aime2026|AIME2026/28|g29,stop,1,0,1,0,1,0
242,0,8798,0,0.9940895658104114,0.0,0.005910434189588543,run,31,0.004132231404958678,eng,1,"{""eng"": 3260}",panel,Qwen3.5-4B,current,think,aime2026,AIME2026/20,53,Qwen3.5-4B|aime2026|AIME2026/20|g53,stop,1,0,1,1,1,1
350,0,12026,0,1.0,0.0,0.0,,0,0.0,eng,1,"{""eng"": 3062}",panel,Qwen3.5-4B,current,think,aime2026,AIME2026/26,14,Qwen3.5-4B|aime2026|AIME2026/26|g14,stop,1,1,1,0,1,1
263,9,11189,0,0.02824202341585486,0.9601394226472428,0.011618553936902315,ekk,46,0.026615969581749048,eng,1,"{""eng"": 2734}",panel,Qwen3.5-4B,current,think,aime2026_pt,AIME2026-PT/4,21,Qwen3.5-4B|aime2026_pt|AIME2026-PT/4|g21,stop,1,0,1,0,1,1
154,4,6114,0,0.19381746810598627,0.7966961072947334,0.009486424599280341,pol,31,0.006493506493506494,eng,1,"{""eng"": 2660}",panel,Qwen3.5-4B,current,think,aime2026_pt,AIME2026-PT/7,58,Qwen3.5-4B|aime2026_pt|AIME2026-PT/7|g58,stop,1,0,1,1,1,0
183,5,7123,0,0.1177874491085217,0.8707005475221115,0.011512003369366839,kjb,40,0.01639344262295082,eng,1,"{""eng"": 3149}",panel,Qwen3.5-4B,current,think,aime2026_pt,AIME2026-PT/26,1,Qwen3.5-4B|aime2026_pt|AIME2026-PT/26|g1,stop,1,0,1,0,1,1
358,2,14656,0,0.09054312227074236,0.9031795851528385,0.006277292576419214,wes,60,0.008379888268156424,eng,1,"{""eng"": 3248}",panel,Qwen3.5-4B,current,think,aime2026_pt,AIME2026-PT/28,46,Qwen3.5-4B|aime2026_pt|AIME2026-PT/28|g46,stop,1,0,1,0,1,0
66,13,2593,0,0.41110682607018895,0.5792518318549942,0.009641342074816815,swe,25,0.045454545454545456,eng+por,2,"{""por"": 1654, ""eng"": 2236}",panel,Qwen3.5-4B,current,think,aime2026_pt,AIME2026-PT/1,33,Qwen3.5-4B|aime2026_pt|AIME2026-PT/1|g33,stop,1,0,1,0,1,1
176,15,5941,0,0.22403635751556977,0.7724288840262582,0.003534758458172025,fur,21,0.011363636363636364,eng,1,"{""eng"": 2789}",panel,Qwen3.5-4B,current,think,aime2026_pt,AIME2026-PT/19,54,Qwen3.5-4B|aime2026_pt|AIME2026-PT/19|g54,stop,1,1,1,0,1,0
172,0,7174,0,0.0,0.9870365207694453,0.012963479230554782,nld,66,0.011627906976744186,eng,1,"{""eng"": 3344}",panel,Qwen3.5-4B,current,think,aime2026_pt,AIME2026-PT/22,55,Qwen3.5-4B|aime2026_pt|AIME2026-PT/22|g55,stop,1,1,1,1,1,1
286,3,9541,0,0.01781783880096426,0.9796667016036055,0.0025154595954302483,nld,24,0.0034965034965034965,eng,1,"{""eng"": 3353}",panel,Qwen3.5-4B,current,think,aime2026_pt,AIME2026-PT/9,51,Qwen3.5-4B|aime2026_pt|AIME2026-PT/9|g51,stop,1,0,1,0,0,1
167,3,5078,0,0.004726270185112249,0.987199684915321,0.008074044899566759,swe,41,0.005988023952095809,eng,1,"{""eng"": 2616}",panel,Qwen3.5-4B,current,think,aime2026_pt,AIME2026-PT/23,20,Qwen3.5-4B|aime2026_pt|AIME2026-PT/23|g20,stop,1,0,1,0,1,1
159,6,5708,0,0.19376313945339874,0.8013314646110722,0.004905395935529082,lvs,28,0.018867924528301886,eng,1,"{""eng"": 3385}",panel,Qwen3.5-4B,current,think,aime2026_pt,AIME2026-PT/6,1,Qwen3.5-4B|aime2026_pt|AIME2026-PT/6|g1,stop,1,0,1,1,1,0
295,20,12992,0,0.09344211822660098,0.9026323891625616,0.003925492610837439,swe,31,0.013559322033898305,eng,1,"{""eng"": 3456}",panel,Qwen3.5-4B,current,think,aime2026_pt,AIME2026-PT/3,46,Qwen3.5-4B|aime2026_pt|AIME2026-PT/3|g46,stop,1,1,1,1,1,1
184,3,6611,0,0.13008621993646952,0.8606867342308274,0.009227045832703071,kin,61,0.005434782608695652,eng,1,"{""eng"": 2843}",panel,Qwen3.5-4B,current,think,aime2026_pt,AIME2026-PT/25,18,Qwen3.5-4B|aime2026_pt|AIME2026-PT/25|g18,stop,1,0,1,0,1,1
146,3,5985,0,0.23057644110275688,0.747702589807853,0.02172096908939014,wes,96,0.0273972602739726,eng,1,"{""eng"": 3400}",panel,Qwen3.5-4B,current,think,aime2026_pt,AIME2026-PT/7,28,Qwen3.5-4B|aime2026_pt|AIME2026-PT/7|g28,stop,1,0,1,1,1,1
189,4,6858,0,0.17672790901137359,0.8232720909886264,0.0,,0,0.0,eng,1,"{""eng"": 3244}",panel,Qwen3.5-4B,current,think,aime2026_pt,AIME2026-PT/26,35,Qwen3.5-4B|aime2026_pt|AIME2026-PT/26|g35,stop,1,0,1,0,1,0
409,0,16038,0,0.0,0.997069460032423,0.0029305399675770044,wes,25,0.0024449877750611247,eng,1,"{""eng"": 3303}",panel,Qwen3.5-4B,current,think,aime2026_pt,AIME2026-PT/28,4,Qwen3.5-4B|aime2026_pt|AIME2026-PT/28|g4,stop,0,0,1,0,1,0
172,11,5653,0,0.1142756058729878,0.8857243941270122,0.0,,0,0.011627906976744186,eng,1,"{""eng"": 2727}",panel,Qwen3.5-4B,current,think,aime2026_pt,AIME2026-PT/13,40,Qwen3.5-4B|aime2026_pt|AIME2026-PT/13|g40,stop,1,0,1,0,0,1
131,1,4962,0,0.09794437726723096,0.9020556227327691,0.0,,0,0.0,eng,1,"{""eng"": 2900}",panel,Qwen3.5-4B,current,think,aime2026_tr,AIME2026-TR/24,22,Qwen3.5-4B|aime2026_tr|AIME2026-TR/24|g22,stop,1,0,1,0,1,0
185,1,6208,0,0.16204896907216496,0.8261920103092784,0.011759020618556701,ron,50,0.016216216216216217,eng,1,"{""eng"": 3024}",panel,Qwen3.5-4B,current,think,aime2026_tr,AIME2026-TR/18,9,Qwen3.5-4B|aime2026_tr|AIME2026-TR/18|g9,stop,1,0,1,0,1,1
91,8,3136,0,0.23756377551020408,0.7410714285714286,0.021364795918367346,nld,43,0.03296703296703297,eng+tur,2,"{""eng"": 2710, ""tur"": 470}",panel,Qwen3.5-4B,current,think,aime2026_tr,AIME2026-TR/5,5,Qwen3.5-4B|aime2026_tr|AIME2026-TR/5|g5,stop,1,0,1,1,1,1
169,6,5671,0,0.23099982366425675,0.7690001763357432,0.0,,0,0.0,eng,1,"{""eng"": 2711}",panel,Qwen3.5-4B,current,think,aime2026_tr,AIME2026-TR/19,54,Qwen3.5-4B|aime2026_tr|AIME2026-TR/19|g54,stop,1,0,1,0,1,1
201,0,7910,0,0.2498103666245259,0.7419721871049305,0.008217446270543615,nld,45,0.01990049751243781,eng,1,"{""eng"": 3135}",panel,Qwen3.5-4B,current,think,aime2026_tr,AIME2026-TR/4,47,Qwen3.5-4B|aime2026_tr|AIME2026-TR/4|g47,stop,1,0,1,1,1,1
251,9,9133,0,0.024635935618088252,0.9272966166648418,0.048067447717069965,ron,287,0.01593625498007968,eng,1,"{""eng"": 3422}",panel,Qwen3.5-4B,current,think,aime2026_tr,AIME2026-TR/10,44,Qwen3.5-4B|aime2026_tr|AIME2026-TR/10|g44,stop,1,1,1,1,1,1
275,3,9743,0,0.03510212460227856,0.9554551986041261,0.009442676793595402,ekk,61,0.01818181818181818,eng,1,"{""eng"": 3322}",panel,Qwen3.5-4B,current,think,aime2026_tr,AIME2026-TR/9,37,Qwen3.5-4B|aime2026_tr|AIME2026-TR/9|g37,stop,1,0,0,0,0,1
182,9,7020,0,0.21253561253561254,0.7874643874643875,0.0,,0,0.0,eng,1,"{""eng"": 3053}",panel,Qwen3.5-4B,current,think,aime2026_tr,AIME2026-TR/2,38,Qwen3.5-4B|aime2026_tr|AIME2026-TR/2|g38,stop,1,0,1,0,1,1
118,7,4128,0,0.32945736434108525,0.6468023255813954,0.02374031007751938,swe,27,0.03389830508474576,eng+tur,2,"{""eng"": 3273, ""tur"": 469}",panel,Qwen3.5-4B,current,think,aime2026_tr,AIME2026-TR/5,57,Qwen3.5-4B|aime2026_tr|AIME2026-TR/5|g57,stop,1,0,1,0,1,1
319,6,14840,0,0.08194070080862534,0.9153638814016173,0.0026954177897574125,dan,20,0.003134796238244514,eng,1,"{""eng"": 3417}",panel,Qwen3.5-4B,current,think,aime2026_tr,AIME2026-TR/21,47,Qwen3.5-4B|aime2026_tr|AIME2026-TR/21|g47,stop,1,0,1,1,1,1
84,10,2718,0,0.38226637233259747,0.6085356880058866,0.00919793966151582,swe,25,0.03571428571428571,eng+tur,2,"{""tur"": 1414, ""eng"": 2632}",panel,Qwen3.5-4B,current,think,aime2026_tr,AIME2026-TR/1,32,Qwen3.5-4B|aime2026_tr|AIME2026-TR/1|g32,stop,1,0,1,0,1,1
166,5,7178,0,0.3120646419615492,0.6879353580384509,0.0,,0,0.018072289156626505,eng,1,"{""eng"": 3119}",panel,Qwen3.5-4B,current,think,aime2026_tr,AIME2026-TR/3,26,Qwen3.5-4B|aime2026_tr|AIME2026-TR/3|g26,stop,1,1,1,0,1,1
196,5,7093,0,0.12138728323699421,0.8718454814605949,0.006767235302410827,run,27,0.00510204081632653,eng,1,"{""eng"": 3023}",panel,Qwen3.5-4B,current,think,aime2026_tr,AIME2026-TR/13,21,Qwen3.5-4B|aime2026_tr|AIME2026-TR/13|g21,stop,1,1,1,1,1,1
156,2,7037,0,0.1780588318885889,0.8104305812135854,0.011510586897825779,deu,40,0.03205128205128205,eng,1,"{""eng"": 3379}",panel,Qwen3.5-4B,current,think,aime2026_tr,AIME2026-TR/22,22,Qwen3.5-4B|aime2026_tr|AIME2026-TR/22|g22,stop,1,1,1,1,1,0
129,2,4917,0,0.20398617042912345,0.7752694732560504,0.020744356314826115,ekk,49,0.007751937984496124,eng,1,"{""eng"": 2915}",panel,Qwen3.5-4B,current,think,aime2026_tr,AIME2026-TR/7,43,Qwen3.5-4B|aime2026_tr|AIME2026-TR/7|g43,stop,1,0,1,1,1,0
215,2,8096,0,0.16341403162055335,0.8304100790513834,0.006175889328063241,dan,50,0.013953488372093023,eng,1,"{""eng"": 3319}",panel,Qwen3.5-4B,current,think,aime2026_tr,AIME2026-TR/27,14,Qwen3.5-4B|aime2026_tr|AIME2026-TR/27|g14,stop,1,0,1,0,1,1
184,1,6490,0,0.13405238828967642,0.8659476117103235,0.0,,0,0.0,eng,1,"{""eng"": 3062}",panel,Qwen3.5-4B,current,think,aime2026_tr,AIME2026-TR/26,13,Qwen3.5-4B|aime2026_tr|AIME2026-TR/26|g13,stop,0,0,1,0,0,0
177,6,7225,0,0.1678892733564014,0.8321107266435986,0.0,,0,0.0,eng,1,"{""eng"": 3194}",panel,Qwen3.5-4B,current,think,aime2026_tr,AIME2026-TR/12,63,Qwen3.5-4B|aime2026_tr|AIME2026-TR/12|g63,stop,1,0,1,1,1,1
473,0,19291,0,0.0,0.9959566637292001,0.004043336270799855,nld,78,0.0021141649048625794,eng,1,"{""eng"": 3346}",panel,Qwen3.5-4B,current,think,aime2026_tr,AIME2026-TR/28,61,Qwen3.5-4B|aime2026_tr|AIME2026-TR/28|g61,stop,0,0,0,0,1,0
148,5,5216,0,0.24942484662576686,0.7394555214723927,0.01111963190184049,swe,34,0.02027027027027027,eng+tur,2,"{""eng"": 3039, ""tur"": 556}",panel,Qwen3.5-4B,current,think,aime2026_tr,AIME2026-TR/20,10,Qwen3.5-4B|aime2026_tr|AIME2026-TR/20|g10,stop,0,0,0,0,0,0
150,4,5635,0,0.1165927240461402,0.8777284826974268,0.005678793256433008,dan,32,0.013333333333333334,eng,1,"{""eng"": 2947}",panel,Qwen3.5-4B,current,think,aime2026_tr,AIME2026-TR/24,38,Qwen3.5-4B|aime2026_tr|AIME2026-TR/24|g38,stop,1,0,1,0,1,1
372,31,14456,0,0.2166574432761483,0.7780852241283895,0.005257332595462092,ind,28,0.01881720430107527,eng+tur,2,"{""eng"": 2943, ""tur"": 890}",panel,Qwen3.5-4B,current,think,aime2026_tr,AIME2026-TR/16,17,Qwen3.5-4B|aime2026_tr|AIME2026-TR/16|g17,stop,1,0,1,0,1,1
102,0,3963,0,0.1168306838253848,0.8831693161746151,0.0,,0,0.0,eng,1,"{""eng"": 3100}",panel,Qwen3.5-4B,current,think,aime2026_tr,AIME2026-TR/6,62,Qwen3.5-4B|aime2026_tr|AIME2026-TR/6|g62,stop,1,0,1,0,1,1
157,4,4898,0,0.16169865251122909,0.8295222539812168,0.008779093507554103,deu,22,0.006369426751592357,eng,1,"{""eng"": 2539}",panel,Qwen3.5-4B,current,think,aime2026_tr,AIME2026-TR/23,9,Qwen3.5-4B|aime2026_tr|AIME2026-TR/23|g9,stop,1,0,1,1,1,0
115,10,4261,0,0.2647265900023469,0.7305796761323633,0.004693733865289838,dan,20,0.017391304347826087,eng+tur,2,"{""eng"": 2971, ""tur"": 643}",panel,Qwen3.5-4B,current,think,aime2026_tr,AIME2026-TR/20,33,Qwen3.5-4B|aime2026_tr|AIME2026-TR/20|g33,stop,1,0,1,0,1,1
268,2,8558,0,0.01635896237438654,0.9780322505258238,0.00560878709978967,swe,27,0.0037313432835820895,eng,1,"{""eng"": 2891}",panel,Qwen3.5-4B,current,think,aime2026_tr,AIME2026-TR/18,37,Qwen3.5-4B|aime2026_tr|AIME2026-TR/18|g37,stop,1,0,1,1,1,1
128,2,4771,0,0.3364074617480612,0.6635925382519388,0.0,,0,0.0078125,eng,1,"{""eng"": 3124}",panel,Qwen3.5-4B,current,think,aime2026_tr,AIME2026-TR/6,59,Qwen3.5-4B|aime2026_tr|AIME2026-TR/6|g59,stop,1,0,1,0,1,1
227,7,7793,0,0.1629667650455537,0.8370332349544463,0.0,,0,0.0,eng,1,"{""eng"": 2936}",panel,Qwen3.5-4B,current,think,aime2026_tr,AIME2026-TR/19,24,Qwen3.5-4B|aime2026_tr|AIME2026-TR/19|g24,stop,1,0,1,0,1,1
193,3,7068,0,0.2782965478211658,0.7188737973967176,0.0028296547821165816,nya,20,0.0051813471502590676,eng,1,"{""eng"": 3151}",panel,Qwen3.5-4B,current,think,aime2026_tr,AIME2026-TR/4,51,Qwen3.5-4B|aime2026_tr|AIME2026-TR/4|g51,stop,1,0,1,0,0,0
171,2,5762,0,0.19871572370704615,0.7893092676154113,0.01197500867754252,fuv,27,0.017543859649122806,eng,1,"{""eng"": 2927}",panel,Qwen3.5-4B,current,think,aime2026_tr,AIME2026-TR/25,18,Qwen3.5-4B|aime2026_tr|AIME2026-TR/25|g18,stop,1,1,1,0,1,1
88,8,3069,0,0.45682632779406973,0.5350276963180189,0.008145975887911373,swe,25,0.022727272727272728,eng+tur,2,"{""tur"": 1492, ""eng"": 2616}",panel,Qwen3.5-4B,current,think,aime2026_tr,AIME2026-TR/1,1,Qwen3.5-4B|aime2026_tr|AIME2026-TR/1|g1,stop,1,1,1,0,1,1
155,8,5692,0,0.2645818692902319,0.7102951510892481,0.025122979620520028,wes,76,0.03225806451612903,eng,1,"{""eng"": 2424}",panel,Qwen3.5-4B,current,think,aime2026_tr,AIME2026-TR/2,34,Qwen3.5-4B|aime2026_tr|AIME2026-TR/2|g34,stop,1,0,1,0,1,0
193,5,7232,0,0.23672566371681417,0.7422566371681416,0.02101769911504425,ekk,89,0.010362694300518135,eng,1,"{""eng"": 3002}",panel,Qwen3.5-4B,current,think,aime2026_tr,AIME2026-TR/4,38,Qwen3.5-4B|aime2026_tr|AIME2026-TR/4|g38,stop,1,0,1,0,1,0
312,1,13618,0,0.07636951094140108,0.9204729035100602,0.003157585548538699,por,43,0.01282051282051282,eng,1,"{""eng"": 3052}",panel,Qwen3.5-4B,current,think,aime2026_tr,AIME2026-TR/21,20,Qwen3.5-4B|aime2026_tr|AIME2026-TR/21|g20,stop,1,0,1,1,1,1
199,6,8993,0,0.19226064717002112,0.8077393528299789,0.0,,0,0.010050251256281407,eng,1,"{""eng"": 3445}",panel,Qwen3.5-4B,current,think,aime2026_tr,AIME2026-TR/3,34,Qwen3.5-4B|aime2026_tr|AIME2026-TR/3|g34,stop,1,0,1,0,1,1
209,5,6876,0,0.13045375218150088,0.8552937754508435,0.014252472367655613,swe,31,0.014354066985645933,eng,1,"{""eng"": 3004}",panel,Qwen3.5-4B,current,think,aime2026_tr,AIME2026-TR/13,0,Qwen3.5-4B|aime2026_tr|AIME2026-TR/13|g0,stop,1,0,1,0,1,1
194,1,7097,0,0.13977737072002255,0.845145836268846,0.015076793011131464,nld,58,0.010309278350515464,eng,1,"{""eng"": 3167}",panel,Qwen3.5-4B,current,think,aime2026_tr,AIME2026-TR/22,51,Qwen3.5-4B|aime2026_tr|AIME2026-TR/22|g51,stop,1,1,1,1,1,1
237,2,8302,0,0.08010118043844856,0.9198988195615514,0.0,,0,0.0,eng,1,"{""eng"": 3072}",panel,Qwen3.5-4B,current,think,aime2026_tr,AIME2026-TR/26,31,Qwen3.5-4B|aime2026_tr|AIME2026-TR/26|g31,stop,1,0,1,0,1,0
153,5,5467,0,0.17047740991402963,0.8167184927748308,0.012804097311139564,swe,25,0.013071895424836602,eng,1,"{""eng"": 2988}",panel,Qwen3.5-4B,current,think,aime2026_tr,AIME2026-TR/12,33,Qwen3.5-4B|aime2026_tr|AIME2026-TR/12|g33,stop,1,0,1,1,1,1
142,7,4807,0,0.23965050967339296,0.7557728312877054,0.004576659038901602,dan,22,0.02112676056338028,eng,1,"{""eng"": 3280}",panel,Qwen3.5-4B,current,think,aime2026_tr,AIME2026-TR/20,13,Qwen3.5-4B|aime2026_tr|AIME2026-TR/20|g13,stop,1,0,1,0,0,0
224,0,7592,0,0.1332982086406744,0.8667017913593256,0.0,,0,0.008928571428571428,eng,1,"{""eng"": 3293}",panel,Qwen3.5-4B,current,think,tubitak_math2026,tubitak_math2026/9,36,Qwen3.5-4B|tubitak_math2026|tubitak_math2026/9|g36,stop,1,0,1,1,1,0
373,0,15092,0,0.10747415849456665,0.8850384309567983,0.007487410548635038,ces,50,0.005361930294906166,eng,1,"{""eng"": 3335}",panel,Qwen3.5-4B,current,think,tubitak_math2026,tubitak_math2026/28,38,Qwen3.5-4B|tubitak_math2026|tubitak_math2026/28|g38,stop,1,0,1,0,1,0
144,4,6211,0,0.2891643857671872,0.7074545161809692,0.0033810980518435034,slv,21,0.034722222222222224,eng,1,"{""eng"": 3535}",panel,Qwen3.5-4B,current,think,tubitak_math2026,tubitak_math2026/12,38,Qwen3.5-4B|tubitak_math2026|tubitak_math2026/12|g38,stop,1,0,1,0,1,1
150,6,5214,0,0.21135404679708478,0.7834675872650556,0.005178365937859608,slk,27,0.02,eng,1,"{""eng"": 3067}",panel,Qwen3.5-4B,current,think,tubitak_math2026,tubitak_math2026/4,0,Qwen3.5-4B|tubitak_math2026|tubitak_math2026/4|g0,stop,1,1,1,1,1,1
238,0,7406,0,0.041857953011072105,0.9492303537672158,0.008911693221712126,ekk,24,0.008403361344537815,eng,1,"{""eng"": 2838}",panel,Qwen3.5-4B,current,think,tubitak_math2026,tubitak_math2026/13,16,Qwen3.5-4B|tubitak_math2026|tubitak_math2026/13|g16,stop,0,0,0,1,0,0
277,5,9489,0,0.00516387395932132,0.9897776372642006,0.005058488776478028,slv,27,0.010830324909747292,eng,1,"{""eng"": 2711}",panel,Qwen3.5-4B,current,think,tubitak_math2026,tubitak_math2026/21,10,Qwen3.5-4B|tubitak_math2026|tubitak_math2026/21|g10,stop,0,0,0,0,0,0
129,1,4626,0,0.13899697362732383,0.8460873324686554,0.014915693904020753,fil,26,0.015503875968992248,eng,1,"{""eng"": 3073}",panel,Qwen3.5-4B,current,think,tubitak_math2026,tubitak_math2026/15,59,Qwen3.5-4B|tubitak_math2026|tubitak_math2026/15|g59,stop,1,0,1,0,1,1
324,5,13707,0,0.1834828919530167,0.8165171080469833,0.0,,0,0.006172839506172839,eng,1,"{""eng"": 3380}",panel,Qwen3.5-4B,current,think,tubitak_math2026,tubitak_math2026/20,63,Qwen3.5-4B|tubitak_math2026|tubitak_math2026/20|g63,stop,1,0,1,0,1,0
258,4,8294,0,0.062093079334458644,0.9379069206655414,0.0,,0,0.003875968992248062,eng,1,"{""eng"": 2887}",panel,Qwen3.5-4B,current,think,aime2026_tr,AIME2026-TR/18,6,Qwen3.5-4B|aime2026_tr|AIME2026-TR/18|g6,stop,0,0,0,0,1,0
375,0,13727,0,0.0,0.9877613462519123,0.01223865374808771,slv,54,0.016,eng,1,"{""eng"": 3244}",panel,Qwen3.5-4B,current,think,aime2026_tr,AIME2026-TR/29,6,Qwen3.5-4B|aime2026_tr|AIME2026-TR/29|g6,stop,1,1,1,1,0,0
165,3,6318,0,0.24881291547958215,0.7511870845204178,0.0,,0,0.0,eng,1,"{""eng"": 2924}",panel,Qwen3.5-4B,current,think,aime2026_tr,AIME2026-TR/6,3,Qwen3.5-4B|aime2026_tr|AIME2026-TR/6|g3,stop,1,0,1,0,1,1
110,9,3491,0,0.29017473503294183,0.7098252649670581,0.0,,0,0.02727272727272727,eng+tur,2,"{""eng"": 2983, ""tur"": 581}",panel,Qwen3.5-4B,current,think,aime2026_tr,AIME2026-TR/5,35,Qwen3.5-4B|aime2026_tr|AIME2026-TR/5|g35,stop,1,0,1,0,1,1
164,4,6649,0,0.18213265152654534,0.8035794856369379,0.01428786283651677,ekk,34,0.024390243902439025,eng,1,"{""eng"": 2774}",panel,Qwen3.5-4B,current,think,aime2026_tr,AIME2026-TR/4,52,Qwen3.5-4B|aime2026_tr|AIME2026-TR/4|g52,stop,1,0,1,0,0,1
354,4,15111,0,0.11150817285421216,0.8884918271457878,0.0,,0,0.00847457627118644,eng,1,"{""eng"": 3092}",panel,Qwen3.5-4B,current,think,aime2026_tr,AIME2026-TR/21,39,Qwen3.5-4B|aime2026_tr|AIME2026-TR/21|g39,stop,1,0,1,0,1,0
247,7,10864,0,0.1873159057437408,0.810659057437408,0.002025036818851252,ekk,22,0.016194331983805668,eng,1,"{""eng"": 3116}",panel,Qwen3.5-4B,current,think,aime2026_tr,AIME2026-TR/3,28,Qwen3.5-4B|aime2026_tr|AIME2026-TR/3|g28,stop,1,0,1,1,1,1
181,0,7334,0,0.20220889010089993,0.7823834196891192,0.015407690209980911,por,39,0.049723756906077346,eng,1,"{""eng"": 2982}",panel,Qwen3.5-4B,current,think,aime2026_tr,AIME2026-TR/7,20,Qwen3.5-4B|aime2026_tr|AIME2026-TR/7|g20,stop,1,0,1,0,1,1
237,4,8996,0,0.2020898176967541,0.793019119608715,0.004891062694530902,mlt,24,0.02109704641350211,eng,1,"{""eng"": 3444}",panel,Qwen3.5-4B,current,think,aime2026_tr,AIME2026-TR/27,52,Qwen3.5-4B|aime2026_tr|AIME2026-TR/27|g52,stop,1,0,1,0,1,1
239,1,8752,0,0.12797074954296161,0.8696297989031079,0.0023994515539305303,ita,21,0.008368200836820083,eng,1,"{""eng"": 3374}",panel,Qwen3.5-4B,current,think,aime2026_tr,AIME2026-TR/26,37,Qwen3.5-4B|aime2026_tr|AIME2026-TR/26|g37,stop,1,1,1,0,1,0
216,14,8845,0,0.11644997173544375,0.8807235726399095,0.002826455624646693,slv,25,0.004629629629629629,eng,1,"{""eng"": 3367}",panel,Qwen3.5-4B,current,think,aime2026_tr,AIME2026-TR/12,21,Qwen3.5-4B|aime2026_tr|AIME2026-TR/12|g21,stop,1,0,1,0,1,1
214,5,7898,0,0.12547480374778425,0.8660420359584705,0.008483160293745252,por,23,0.018691588785046728,eng,1,"{""eng"": 3497}",panel,Qwen3.5-4B,current,think,aime2026_tr,AIME2026-TR/14,53,Qwen3.5-4B|aime2026_tr|AIME2026-TR/14|g53,stop,1,0,1,0,1,0
139,2,4862,0,0.22624434389140272,0.7690250925545044,0.004730563554092966,uzn,23,0.0,eng,1,"{""eng"": 3044}",panel,Qwen3.5-4B,current,think,aime2026_tr,AIME2026-TR/24,11,Qwen3.5-4B|aime2026_tr|AIME2026-TR/24|g11,stop,1,0,1,1,1,1
317,19,11538,0,0.15115271277517767,0.8365401282717976,0.012307158953024788,ekk,49,0.03470031545741325,eng,1,"{""eng"": 3047}",panel,Qwen3.5-4B,current,think,aime2026_tr,AIME2026-TR/16,32,Qwen3.5-4B|aime2026_tr|AIME2026-TR/16|g32,stop,1,0,1,0,1,1
236,3,8126,0,0.14902781196160472,0.8330051685946345,0.01796701944376077,slv,43,0.00423728813559322,eng,1,"{""eng"": 2861}",panel,Qwen3.5-4B,current,think,aime2026_tr,AIME2026-TR/18,22,Qwen3.5-4B|aime2026_tr|AIME2026-TR/18|g22,stop,1,0,1,1,1,1
133,2,4998,0,0.2785114045618247,0.7174869947979192,0.004001600640256103,swe,20,0.007518796992481203,eng,1,"{""eng"": 3003}",panel,Qwen3.5-4B,current,think,aime2026_tr,AIME2026-TR/6,5,Qwen3.5-4B|aime2026_tr|AIME2026-TR/6|g5,stop,1,0,1,0,1,0
185,2,6894,0,0.22048157818392805,0.7434000580214679,0.036118363794604,nld,72,0.021621621621621623,eng,1,"{""eng"": 3048}",panel,Qwen3.5-4B,current,think,aime2026_tr,AIME2026-TR/4,20,Qwen3.5-4B|aime2026_tr|AIME2026-TR/4|g20,stop,1,0,1,1,1,0
324,1,14109,0,0.12630236019561983,0.8736976398043802,0.0,,0,0.009259259259259259,eng,1,"{""eng"": 3254}",panel,Qwen3.5-4B,current,think,aime2026_tr,AIME2026-TR/21,0,Qwen3.5-4B|aime2026_tr|AIME2026-TR/21|g0,stop,1,0,1,0,0,0
266,11,10501,0,0.025997524045329016,0.9740024759546709,0.0,,0,0.0,eng,1,"{""eng"": 3385}",panel,Qwen3.5-4B,current,think,aime2026_tr,AIME2026-TR/10,32,Qwen3.5-4B|aime2026_tr|AIME2026-TR/10|g32,stop,1,0,1,1,1,1
113,4,3867,0,0.26428756141711923,0.7116627876907163,0.02404965089216447,ekk,45,0.04424778761061947,eng,1,"{""eng"": 2905}",panel,Qwen3.5-4B,current,think,aime2026_tr,AIME2026-TR/25,35,Qwen3.5-4B|aime2026_tr|AIME2026-TR/25|g35,stop,1,0,1,0,0,1
90,19,3443,0,0.4237583502759222,0.5762416497240779,0.0,,0,0.0,eng+tur,2,"{""eng"": 2956, ""tur"": 746}",panel,Qwen3.5-4B,current,think,aime2026_tr,AIME2026-TR/1,16,Qwen3.5-4B|aime2026_tr|AIME2026-TR/1|g16,stop,1,0,1,0,1,1
159,7,7044,0,0.3090573537762635,0.6873935264054515,0.0035491198182850655,swe,25,0.006289308176100629,eng,1,"{""eng"": 3014}",panel,Qwen3.5-4B,current,think,aime2026_tr,AIME2026-TR/3,21,Qwen3.5-4B|aime2026_tr|AIME2026-TR/3|g21,stop,1,1,1,1,1,1
99,1,3737,0,0.33422531442333425,0.6593524217286594,0.006422263848006422,deu,24,0.020202020202020204,eng,1,"{""eng"": 2534}",panel,Qwen3.5-4B,current,think,aime2026_tr,AIME2026-TR/2,47,Qwen3.5-4B|aime2026_tr|AIME2026-TR/2|g47,stop,1,0,1,0,1,1
230,2,9551,0,0.19662862527484032,0.7737409695319862,0.02963040519317349,nld,134,0.02608695652173913,eng,1,"{""eng"": 3544}",panel,Qwen3.5-4B,current,think,aime2026_tr,AIME2026-TR/22,26,Qwen3.5-4B|aime2026_tr|AIME2026-TR/22|g26,stop,1,1,1,0,1,1
104,1,3973,0,0.0891014346841178,0.9058645859551976,0.005033979360684621,nya,20,0.009615384615384616,eng,1,"{""eng"": 2930}",panel,Qwen3.5-4B,current,think,tubitak_math2026,tubitak_math2026/30,20,Qwen3.5-4B|tubitak_math2026|tubitak_math2026/30|g20,stop,1,0,1,0,1,1
270,2,8954,0,0.11067679249497431,0.8809470627652446,0.008376144739781103,dan,48,0.003703703703703704,eng,1,"{""eng"": 3371}",panel,Qwen3.5-4B,current,think,tubitak_math2026,tubitak_math2026/9,55,Qwen3.5-4B|tubitak_math2026|tubitak_math2026/9|g55,stop,1,1,1,1,1,1
706,9,25325,0,0.22104639684106614,0.7773346495557749,0.0016189536031589338,tcz,21,0.0028328611898017,eng,1,"{""eng"": 3251}",panel,Qwen3.5-4B,current,think,tubitak_math2026,tubitak_math2026/28,63,Qwen3.5-4B|tubitak_math2026|tubitak_math2026/28|g63,stop,0,0,1,1,0,0
196,9,8681,0,0.2526206658219099,0.7336712360327151,0.013708098145374957,ekk,42,0.025510204081632654,eng,1,"{""eng"": 3741}",panel,Qwen3.5-4B,current,think,tubitak_math2026,tubitak_math2026/12,1,Qwen3.5-4B|tubitak_math2026|tubitak_math2026/12|g1,stop,1,0,1,1,0,0
165,7,5718,0,0.15320041972717732,0.8221406086044072,0.02465897166841553,lvs,51,0.03636363636363636,eng,1,"{""eng"": 2712}",panel,Qwen3.5-4B,current,think,tubitak_math2026,tubitak_math2026/4,57,Qwen3.5-4B|tubitak_math2026|tubitak_math2026/4|g57,stop,1,1,1,1,1,1
216,0,7829,0,0.10665474517818367,0.8849150593945587,0.008430195427257632,por,24,0.013888888888888888,eng,1,"{""eng"": 2719}",panel,Qwen3.5-4B,current,think,tubitak_math2026,tubitak_math2026/13,51,Qwen3.5-4B|tubitak_math2026|tubitak_math2026/13|g51,stop,1,1,1,1,1,0
197,0,6247,0,0.0,0.9923163118296783,0.007683688170321754,pol,26,0.01015228426395939,eng,1,"{""eng"": 3072}",panel,Qwen3.5-4B,current,think,tubitak_math2026,tubitak_math2026/21,44,Qwen3.5-4B|tubitak_math2026|tubitak_math2026/21|g44,stop,0,0,1,1,1,1
203,2,8123,0,0.19204727317493536,0.8079527268250646,0.0,,0,0.0,eng,1,"{""eng"": 3387}",panel,Qwen3.5-4B,current,think,tubitak_math2026,tubitak_math2026/15,61,Qwen3.5-4B|tubitak_math2026|tubitak_math2026/15|g61,stop,1,0,1,0,1,0
183,7,7647,0,0.1278932914868576,0.8667451288086832,0.005361579704459265,lvs,41,0.01092896174863388,eng,1,"{""eng"": 3212}",panel,Qwen3.5-4B,current,think,aime2026_tr,AIME2026-TR/22,18,Qwen3.5-4B|aime2026_tr|AIME2026-TR/22|g18,stop,1,0,1,0,1,1
594,20,24308,0,0.06775547144972849,0.9289534309692282,0.003291097581043278,szl,40,0.008417508417508417,eng,1,"{""eng"": 3617}",panel,Qwen3.5-4B,current,think,aime2026_tr,AIME2026-TR/17,55,Qwen3.5-4B|aime2026_tr|AIME2026-TR/17|g55,stop,0,0,0,0,0,0
419,0,16214,0,0.12365856667077833,0.8720858517330702,0.004255581596151474,dan,26,0.002386634844868735,eng,1,"{""eng"": 3103}",panel,Qwen3.5-4B,current,think,aime2026_tr,AIME2026-TR/28,0,Qwen3.5-4B|aime2026_tr|AIME2026-TR/28|g0,stop,1,0,1,0,1,1
120,2,3894,0,0.20287621982537238,0.7971237801746276,0.0,,0,0.0,eng,1,"{""eng"": 2895}",panel,Qwen3.5-4B,current,think,aime2026_tr,AIME2026-TR/24,8,Qwen3.5-4B|aime2026_tr|AIME2026-TR/24|g8,stop,1,0,1,0,1,0
305,8,11000,0,0.18563636363636363,0.7992727272727272,0.01509090909090909,fuv,54,0.03278688524590164,eng,1,"{""eng"": 3061}",panel,Qwen3.5-4B,current,think,aime2026_tr,AIME2026-TR/16,9,Qwen3.5-4B|aime2026_tr|AIME2026-TR/16|g9,stop,1,0,1,0,1,0
233,0,8220,0,0.12506082725060827,0.8720194647201946,0.00291970802919708,por,24,0.004291845493562232,eng,1,"{""eng"": 2934}",panel,Qwen3.5-4B,current,think,aime2026_tr,AIME2026-TR/18,8,Qwen3.5-4B|aime2026_tr|AIME2026-TR/18|g8,stop,1,0,1,0,1,1
133,10,4737,0,0.15305045387375976,0.8325944690732531,0.014355077052987122,ekk,44,0.03007518796992481,eng+tur,2,"{""eng"": 2846, ""tur"": 505}",panel,Qwen3.5-4B,current,think,aime2026_tr,AIME2026-TR/5,45,Qwen3.5-4B|aime2026_tr|AIME2026-TR/5|g45,stop,1,0,1,0,1,0
177,8,6080,0,0.22598684210526315,0.7625,0.011513157894736841,dan,41,0.011299435028248588,eng,1,"{""eng"": 2890}",panel,Qwen3.5-4B,current,think,aime2026_tr,AIME2026-TR/19,36,Qwen3.5-4B|aime2026_tr|AIME2026-TR/19|g36,stop,1,0,1,0,1,1
264,2,9364,0,0.04250320375907732,0.9192652712516018,0.0382315249893208,nld,244,0.01893939393939394,eng,1,"{""eng"": 3340}",panel,Qwen3.5-4B,current,think,tubitak_math2026,tubitak_math2026/1,59,Qwen3.5-4B|tubitak_math2026|tubitak_math2026/1|g59,stop,0,0,0,0,0,0
133,2,4574,0,0.22278093572365545,0.7728465238303455,0.004372540445999125,spa,20,0.06015037593984962,eng+tur,2,"{""eng"": 2882, ""tur"": 274}",panel,Qwen3.5-4B,current,think,tubitak_math2026,tubitak_math2026/17,45,Qwen3.5-4B|tubitak_math2026|tubitak_math2026/17|g45,stop,1,1,1,0,1,1
97,1,3209,0,0.15238392022436897,0.8027422873169212,0.04487379245870988,nld,99,0.041237113402061855,eng,1,"{""eng"": 2891}",panel,Qwen3.5-4B,current,think,tubitak_math2026,tubitak_math2026/5,21,Qwen3.5-4B|tubitak_math2026|tubitak_math2026/5|g21,stop,1,1,1,0,1,1
87,0,3001,0,0.3255581472842386,0.6611129623458847,0.013328890369876709,dan,20,0.034482758620689655,eng,1,"{""eng"": 3109}",panel,Qwen3.5-4B,current,think,tubitak_math2026,tubitak_math2026/11,37,Qwen3.5-4B|tubitak_math2026|tubitak_math2026/11|g37,stop,1,0,1,0,1,1
327,3,11807,0,0.09773862962649275,0.9022613703735073,0.0,,0,0.0030581039755351682,eng,1,"{""eng"": 3087}",panel,Qwen3.5-4B,current,think,tubitak_math2026,tubitak_math2026/16,27,Qwen3.5-4B|tubitak_math2026|tubitak_math2026/16|g27,stop,0,0,1,0,1,1
98,0,3312,0,0.13858695652173914,0.855072463768116,0.006340579710144928,lvs,21,0.030612244897959183,eng,1,"{""eng"": 2864}",panel,Qwen3.5-4B,current,think,tubitak_math2026,tubitak_math2026/31,33,Qwen3.5-4B|tubitak_math2026|tubitak_math2026/31|g33,stop,1,0,1,0,1,0
197,0,6570,0,0.13820395738203958,0.8569254185692542,0.004870624048706241,ekk,32,0.005076142131979695,eng,1,"{""eng"": 3200}",panel,Qwen3.5-4B,current,think,tubitak_math2026,tubitak_math2026/9,42,Qwen3.5-4B|tubitak_math2026|tubitak_math2026/9|g42,stop,1,1,1,1,1,1
405,4,15222,0,0.11457101563526474,0.8772171856523453,0.008211798712389962,nld,56,0.0049382716049382715,eng,1,"{""eng"": 3331}",panel,Qwen3.5-4B,current,think,tubitak_math2026,tubitak_math2026/28,0,Qwen3.5-4B|tubitak_math2026|tubitak_math2026/28|g0,stop,0,0,1,0,0,0
194,6,8864,0,0.2489846570397112,0.7486462093862816,0.00236913357400722,slv,21,0.010309278350515464,eng,1,"{""eng"": 3701}",panel,Qwen3.5-4B,current,think,tubitak_math2026,tubitak_math2026/12,18,Qwen3.5-4B|tubitak_math2026|tubitak_math2026/12|g18,stop,1,1,1,1,1,0
158,4,5190,0,0.22350674373795762,0.7543352601156069,0.022157996146435453,zne,28,0.03164556962025317,eng,1,"{""eng"": 2828}",panel,Qwen3.5-4B,current,think,tubitak_math2026,tubitak_math2026/4,24,Qwen3.5-4B|tubitak_math2026|tubitak_math2026/4|g24,stop,1,1,1,0,1,1
268,2,9328,0,0.13271869639794168,0.8604202401372213,0.00686106346483705,slv,41,0.011194029850746268,eng,1,"{""eng"": 2768}",panel,Qwen3.5-4B,current,think,tubitak_math2026,tubitak_math2026/13,33,Qwen3.5-4B|tubitak_math2026|tubitak_math2026/13|g33,stop,1,1,1,1,1,0
153,0,6771,0,0.2394033377639935,0.7542460493280165,0.006350612907989957,slv,22,0.013071895424836602,eng,1,"{""eng"": 3941}",panel,Qwen3.5-4B,current,think,tubitak_math2026,tubitak_math2026/15,52,Qwen3.5-4B|tubitak_math2026|tubitak_math2026/15|g52,stop,1,0,1,0,1,1
316,8,12867,0,0.21108261444004042,0.7809124115955545,0.008004973964405067,swe,31,0.00949367088607595,eng,1,"{""eng"": 3605}",panel,Qwen3.5-4B,current,think,tubitak_math2026,tubitak_math2026/20,56,Qwen3.5-4B|tubitak_math2026|tubitak_math2026/20|g56,stop,1,0,1,0,0,1
444,4,15969,0,0.007952908760723902,0.9613626401152232,0.030684451124052853,nld,387,0.02027027027027027,eng,1,"{""eng"": 3445}",panel,Qwen3.5-4B,current,think,tubitak_math2026,tubitak_math2026/1,31,Qwen3.5-4B|tubitak_math2026|tubitak_math2026/1|g31,stop,0,0,0,0,1,0
119,3,3720,0,0.21021505376344085,0.7637096774193548,0.0260752688172043,oci,42,0.0,eng,1,"{""eng"": 2921}",panel,Qwen3.5-4B,current,think,tubitak_math2026,tubitak_math2026/17,1,Qwen3.5-4B|tubitak_math2026|tubitak_math2026/17|g1,stop,1,0,1,0,1,1
121,0,4130,0,0.1774818401937046,0.7498789346246973,0.07263922518159806,nld,83,0.10743801652892562,eng,1,"{""eng"": 3149}",panel,Qwen3.5-4B,current,think,tubitak_math2026,tubitak_math2026/5,12,Qwen3.5-4B|tubitak_math2026|tubitak_math2026/5|g12,stop,1,0,1,1,1,1
322,6,12895,0,0.1413726250484684,0.8568437378829004,0.0017836370686312524,ekk,23,0.006211180124223602,eng,1,"{""eng"": 3521}",panel,Qwen3.5-4B,current,think,tubitak_math2026,tubitak_math2026/20,20,Qwen3.5-4B|tubitak_math2026|tubitak_math2026/20|g20,stop,1,0,1,0,1,0
253,6,9301,0,0.11686915385442426,0.8309859154929577,0.052144930652618,nld,452,0.02766798418972332,eng,1,"{""eng"": 3269}",panel,Qwen3.5-4B,current,think,tubitak_math2026,tubitak_math2026/1,21,Qwen3.5-4B|tubitak_math2026|tubitak_math2026/1|g21,stop,0,0,0,0,1,1
190,2,6622,0,0.19812745394140743,0.793566898218061,0.008305647840531562,vie,34,0.0,eng,1,"{""eng"": 2903}",panel,Qwen3.5-4B,current,think,tubitak_math2026,tubitak_math2026/17,15,Qwen3.5-4B|tubitak_math2026|tubitak_math2026/17|g15,stop,1,0,1,1,1,0
132,0,4560,0,0.17982456140350878,0.7589912280701754,0.06118421052631579,nld,135,0.05303030303030303,eng,1,"{""eng"": 3222}",panel,Qwen3.5-4B,current,think,tubitak_math2026,tubitak_math2026/5,15,Qwen3.5-4B|tubitak_math2026|tubitak_math2026/5|g15,stop,1,1,1,1,1,1
108,4,3497,0,0.24392336288247068,0.7446382613668859,0.01143837575064341,nld,20,0.018518518518518517,eng,1,"{""eng"": 2729}",panel,Qwen3.5-4B,current,think,tubitak_math2026,tubitak_math2026/11,26,Qwen3.5-4B|tubitak_math2026|tubitak_math2026/11|g26,stop,1,0,1,0,1,1
330,2,12106,0,0.019824880224681977,0.9751362960515447,0.005038823723773336,ekk,31,0.006060606060606061,eng,1,"{""eng"": 3057}",panel,Qwen3.5-4B,current,think,tubitak_math2026,tubitak_math2026/16,43,Qwen3.5-4B|tubitak_math2026|tubitak_math2026/16|g43,stop,0,0,1,1,1,1
92,0,2960,0,0.17229729729729729,0.8202702702702702,0.007432432432432433,fra,22,0.0,eng,1,"{""eng"": 2851}",panel,Qwen3.5-4B,current,think,tubitak_math2026,tubitak_math2026/31,55,Qwen3.5-4B|tubitak_math2026|tubitak_math2026/31|g55,stop,1,0,1,0,1,1
142,2,4777,0,0.1647477496336613,0.8289721582583212,0.006280092108017585,lit,30,0.007042253521126761,eng,1,"{""eng"": 2688}",panel,Qwen3.5-4B,current,think,tubitak_math2026,tubitak_math2026/30,7,Qwen3.5-4B|tubitak_math2026|tubitak_math2026/30|g7,stop,1,1,1,1,1,0
27,0,1189,0,0.3952901597981497,0.5424726661059714,0.06223717409587889,ind,41,0.07407407407407407,eng+por,2,"{""por"": 771, ""eng"": 981}",panel,Qwen3.5-4B,current,think,pt_exams_math,pt_exams_math/45,2,Qwen3.5-4B|pt_exams_math|pt_exams_math/45|g2,stop,1,0,1,0,1,1
74,3,2743,0,0.26649653663871675,0.7214728399562523,0.012030623405030989,ina,33,0.0,eng+por,2,"{""eng"": 2518, ""por"": 1094}",panel,Qwen3.5-4B,current,think,pt_exams_math,pt_exams_math/138,7,Qwen3.5-4B|pt_exams_math|pt_exams_math/138|g7,stop,1,0,1,0,1,1
116,7,4619,0,0.1835895215414592,0.7891318467200693,0.02727863173847153,nld,54,0.07758620689655173,eng+por,2,"{""eng"": 2999, ""por"": 850}",panel,Qwen3.5-4B,current,think,pt_exams_math,pt_exams_math/21,1,Qwen3.5-4B|pt_exams_math|pt_exams_math/21|g1,stop,1,0,1,0,1,1
60,3,2172,0,0.27486187845303867,0.7062615101289135,0.018876611418047883,ind,41,0.03333333333333333,eng+por,2,"{""por"": 1355, ""eng"": 1862}",panel,Qwen3.5-4B,current,think,pt_exams_math,pt_exams_math/65,2,Qwen3.5-4B|pt_exams_math|pt_exams_math/65|g2,stop,1,0,1,0,1,1
71,3,2832,0,0.4537429378531073,0.5225988700564972,0.02365819209039548,wes,34,0.028169014084507043,eng+por,2,"{""por"": 1814, ""eng"": 1883}",panel,Qwen3.5-4B,current,think,pt_exams_math,pt_exams_math/18,14,Qwen3.5-4B|pt_exams_math|pt_exams_math/18|g14,stop,1,0,1,0,1,1
73,8,3284,0,0.2238124238733252,0.7682704019488429,0.007917174177831911,pap,26,0.0410958904109589,eng+por,2,"{""eng"": 2925, ""por"": 1615}",panel,Qwen3.5-4B,current,think,pt_exams_math,pt_exams_math/17,10,Qwen3.5-4B|pt_exams_math|pt_exams_math/17|g10,stop,1,0,1,0,1,1
158,6,6543,0,0.38239339752407153,0.6095063426562739,0.008100259819654593,lvs,31,0.04430379746835443,eng+por,2,"{""eng"": 3177, ""por"": 1104}",panel,Qwen3.5-4B,current,think,pt_exams_math,pt_exams_math/118,13,Qwen3.5-4B|pt_exams_math|pt_exams_math/118|g13,stop,1,0,1,1,1,1
96,3,4277,0,0.430909516015899,0.5531914893617021,0.01589899462239888,bar,24,0.041666666666666664,eng+por,2,"{""eng"": 2978, ""por"": 1227}",panel,Qwen3.5-4B,current,think,pt_exams_math,pt_exams_math/126,15,Qwen3.5-4B|pt_exams_math|pt_exams_math/126|g15,stop,1,0,1,1,1,1
98,4,4116,0,0.2925170068027211,0.7074829931972789,0.0,,0,0.01020408163265306,eng+por,2,"{""eng"": 3174, ""por"": 931}",panel,Qwen3.5-4B,current,think,pt_exams_math,pt_exams_math/121,12,Qwen3.5-4B|pt_exams_math|pt_exams_math/121|g12,stop,1,1,1,0,1,1
54,2,1789,0,0.3923979877026272,0.5958636109558413,0.011738401341531582,lvs,21,0.037037037037037035,eng+por,2,"{""por"": 1234, ""eng"": 1482}",panel,Qwen3.5-4B,current,think,pt_exams_math,pt_exams_math/60,10,Qwen3.5-4B|pt_exams_math|pt_exams_math/60|g10,stop,1,0,1,0,1,1
396,8,16793,0,0.12189602810694933,0.8769129994640624,0.001190972428988269,ekk,20,0.007575757575757576,eng,1,"{""eng"": 3543}",panel,Qwen3.5-4B,current,think,pt_exams_math,pt_exams_math/56,0,Qwen3.5-4B|pt_exams_math|pt_exams_math/56|g0,stop,1,0,1,0,1,1
36,2,1801,0,0.29650194336479735,0.6923931149361466,0.01110494169905608,fin,20,0.0,eng+por,2,"{""eng"": 1487, ""por"": 763}",panel,Qwen3.5-4B,current,think,pt_exams_math,pt_exams_math/1,7,Qwen3.5-4B|pt_exams_math|pt_exams_math/1|g7,stop,1,0,1,0,1,1
156,5,7281,0,0.4015931877489356,0.5831616536190084,0.015245158632056036,deu,41,0.05128205128205128,eng+por,2,"{""eng"": 3141, ""por"": 1576}",panel,Qwen3.5-4B,current,think,pt_exams_math,pt_exams_math/5,8,Qwen3.5-4B|pt_exams_math|pt_exams_math/5|g8,stop,1,0,1,0,1,1
74,1,2686,0,0.3279970215934475,0.64668652271035,0.02531645569620253,deu,38,0.04054054054054054,eng+por,2,"{""eng"": 2459, ""por"": 1177}",panel,Qwen3.5-4B,current,think,pt_exams_math,pt_exams_math/44,10,Qwen3.5-4B|pt_exams_math|pt_exams_math/44|g10,stop,1,0,1,0,1,1
236,13,11783,0,0.18832215904268862,0.7941101587032166,0.01756768225409488,bar,67,0.05084745762711865,eng+por,2,"{""eng"": 3304, ""por"": 745}",panel,Qwen3.5-4B,current,think,pt_exams_math,pt_exams_math/31,10,Qwen3.5-4B|pt_exams_math|pt_exams_math/31|g10,stop,1,0,1,1,1,1
81,6,3527,0,0.25460731499858236,0.6946413382478027,0.05075134675361497,dan,71,0.08641975308641975,eng+por,2,"{""eng"": 3121, ""por"": 1328}",panel,Qwen3.5-4B,current,think,pt_exams_math,pt_exams_math/119,14,Qwen3.5-4B|pt_exams_math|pt_exams_math/119|g14,stop,1,0,1,0,1,1
56,0,2559,0,0.38335287221570924,0.5779601406799532,0.038686987104337635,mlt,28,0.07142857142857142,eng+por,2,"{""por"": 1528, ""eng"": 1816}",panel,Qwen3.5-4B,current,think,pt_exams_math,pt_exams_math/81,1,Qwen3.5-4B|pt_exams_math|pt_exams_math/81|g1,stop,1,0,1,0,1,1
70,1,2578,0,0.23273855702094648,0.7323506594259116,0.03491078355314197,deu,49,0.05714285714285714,eng+por,2,"{""eng"": 2542, ""por"": 1043}",panel,Qwen3.5-4B,current,think,pt_exams_math,pt_exams_math/160,4,Qwen3.5-4B|pt_exams_math|pt_exams_math/160|g4,stop,1,0,1,0,1,1
69,6,3003,0,0.26073926073926074,0.7162837162837162,0.022977022977022976,deu,36,0.08695652173913043,eng+por,2,"{""eng"": 2663, ""por"": 1434}",panel,Qwen3.5-4B,current,think,pt_exams_math,pt_exams_math/103,2,Qwen3.5-4B|pt_exams_math|pt_exams_math/103|g2,stop,1,0,1,0,1,1
41,2,1460,0,0.35,0.5993150684931506,0.050684931506849315,ind,41,0.0975609756097561,eng+por,2,"{""por"": 1136, ""eng"": 1176}",panel,Qwen3.5-4B,current,think,pt_exams_math,pt_exams_math/69,10,Qwen3.5-4B|pt_exams_math|pt_exams_math/69|g10,stop,1,0,1,0,1,1
240,5,10696,0,0.1637995512341062,0.825355272999252,0.010845175766641735,cat,40,0.029166666666666667,eng,1,"{""eng"": 3657}",panel,Qwen3.5-4B,current,think,pt_exams_math,pt_exams_math/108,15,Qwen3.5-4B|pt_exams_math|pt_exams_math/108|g15,stop,1,0,1,0,1,1
307,12,14736,0,0.20609391965255158,0.7870521172638436,0.006853963083604777,spa,57,0.02280130293159609,eng+por,2,"{""eng"": 4010, ""por"": 1075}",panel,Qwen3.5-4B,current,think,pt_exams_math,pt_exams_math/82,13,Qwen3.5-4B|pt_exams_math|pt_exams_math/82|g13,stop,1,0,1,0,1,0
159,2,5918,0,0.25092936802973975,0.7238932071645826,0.025177424805677594,lvs,54,0.05660377358490566,eng,1,"{""eng"": 3331}",panel,Qwen3.5-4B,current,think,pt_exams_math,pt_exams_math/33,1,Qwen3.5-4B|pt_exams_math|pt_exams_math/33|g1,stop,1,0,1,0,1,1
76,0,2923,0,0.24221690044474856,0.7468354430379747,0.01094765651727677,ekk,32,0.02631578947368421,eng+por,2,"{""eng"": 2726, ""por"": 1227}",panel,Qwen3.5-4B,current,think,pt_exams_math,pt_exams_math/26,0,Qwen3.5-4B|pt_exams_math|pt_exams_math/26|g0,stop,1,0,1,0,1,1
107,3,3620,0,0.35994475138121546,0.598342541436464,0.041712707182320445,ekk,79,0.06542056074766354,eng,1,"{""eng"": 3107}",panel,Qwen3.5-4B,current,think,pt_exams_math,pt_exams_math/140,5,Qwen3.5-4B|pt_exams_math|pt_exams_math/140|g5,stop,1,0,1,0,1,1
107,5,3588,0,0.2954292084726867,0.6675027870680045,0.03706800445930881,xav,36,0.07476635514018691,eng+por,2,"{""eng"": 3008, ""por"": 892}",panel,Qwen3.5-4B,current,think,pt_exams_math,pt_exams_math/104,7,Qwen3.5-4B|pt_exams_math|pt_exams_math/104|g7,stop,1,0,1,0,1,0
75,4,3232,0,0.26485148514851486,0.7289603960396039,0.006188118811881188,swe,20,0.02666666666666667,eng+por,2,"{""eng"": 2899, ""por"": 1250}",panel,Qwen3.5-4B,current,think,pt_exams_math,pt_exams_math/102,5,Qwen3.5-4B|pt_exams_math|pt_exams_math/102|g5,stop,1,0,1,0,1,1
113,3,4298,0,0.19613773848301536,0.7978129362494183,0.00604932526756631,ita,26,0.017699115044247787,eng,1,"{""eng"": 3517}",panel,Qwen3.5-4B,current,think,pt_exams_math,pt_exams_math/34,10,Qwen3.5-4B|pt_exams_math|pt_exams_math/34|g10,stop,1,0,1,0,1,1
37,0,1445,0,0.38200692041522494,0.5750865051903115,0.042906574394463666,fin,41,0.05405405405405406,eng+por,2,"{""por"": 830, ""eng"": 1180}",panel,Qwen3.5-4B,current,think,pt_exams_math,pt_exams_math/86,11,Qwen3.5-4B|pt_exams_math|pt_exams_math/86|g11,stop,1,0,1,0,1,1
164,9,6491,0,0.2206131566784779,0.7502696040671699,0.02911723925435218,fra,69,0.04878048780487805,eng,1,"{""eng"": 3224}",panel,Qwen3.5-4B,current,think,pt_exams_math,pt_exams_math/7,6,Qwen3.5-4B|pt_exams_math|pt_exams_math/7|g6,stop,1,0,1,1,1,1
136,2,4876,0,0.4296554552912223,0.5563986874487284,0.01394585726004922,ekk,48,0.022058823529411766,eng+por,2,"{""eng"": 3019, ""por"": 941}",panel,Qwen3.5-4B,current,think,pt_exams_math,pt_exams_math/153,3,Qwen3.5-4B|pt_exams_math|pt_exams_math/153|g3,stop,1,0,1,0,1,1
57,3,2150,0,0.3358139534883721,0.6641860465116279,0.0,,0,0.0,eng+por,2,"{""por"": 1382, ""eng"": 1547}",panel,Qwen3.5-4B,current,think,pt_exams_math,pt_exams_math/97,0,Qwen3.5-4B|pt_exams_math|pt_exams_math/97|g0,stop,1,0,1,0,1,1
276,19,12701,0,0.15014565782221873,0.8449728367845052,0.00488150539327612,lvs,22,0.043478260869565216,eng,1,"{""eng"": 3627}",panel,Qwen3.5-4B,current,think,pt_exams_math,pt_exams_math/75,4,Qwen3.5-4B|pt_exams_math|pt_exams_math/75|g4,stop,1,0,1,1,1,1
129,11,5804,0,0.19021364576154376,0.7896278428669883,0.020158511371467954,fra,53,0.023255813953488372,eng,1,"{""eng"": 3489}",panel,Qwen3.5-4B,current,think,pt_exams_math,pt_exams_math/99,12,Qwen3.5-4B|pt_exams_math|pt_exams_math/99|g12,stop,1,0,1,0,1,1
99,4,4329,0,0.3030723030723031,0.6770616770616771,0.019866019866019866,nld,44,0.050505050505050504,eng,1,"{""eng"": 3247}",panel,Qwen3.5-4B,current,think,pt_exams_math,pt_exams_math/77,9,Qwen3.5-4B|pt_exams_math|pt_exams_math/77|g9,stop,1,0,1,0,1,0
77,1,3602,0,0.279011660188784,0.6871182676290949,0.03387007218212104,hun,34,0.06493506493506493,eng+por,2,"{""eng"": 3141, ""por"": 1340}",panel,Qwen3.5-4B,current,think,pt_exams_math,pt_exams_math/71,13,Qwen3.5-4B|pt_exams_math|pt_exams_math/71|g13,stop,1,0,1,1,1,0
47,1,2055,0,0.3819951338199513,0.5854014598540146,0.03260340632603406,fin,45,0.0425531914893617,eng+por,2,"{""por"": 1147, ""eng"": 1339}",panel,Qwen3.5-4B,current,think,pt_exams_math,pt_exams_math/58,4,Qwen3.5-4B|pt_exams_math|pt_exams_math/58|g4,stop,1,0,1,0,1,0
125,6,6279,0,0.22025800286669853,0.7636566332218506,0.016085363911450868,dan,34,0.056,eng,1,"{""eng"": 3464}",panel,Qwen3.5-4B,current,think,pt_exams_math,pt_exams_math/113,7,Qwen3.5-4B|pt_exams_math|pt_exams_math/113|g7,stop,1,0,1,0,1,0
57,5,2260,0,0.3951327433628319,0.5725663716814159,0.032300884955752215,ekk,31,0.07017543859649122,eng+por,2,"{""por"": 1457, ""eng"": 1822}",panel,Qwen3.5-4B,current,think,pt_exams_math,pt_exams_math/59,4,Qwen3.5-4B|pt_exams_math|pt_exams_math/59|g4,stop,1,0,1,0,1,1
49,1,2080,0,0.41442307692307695,0.575,0.010576923076923078,slk,22,0.061224489795918366,eng+por,2,"{""por"": 1380, ""eng"": 1564}",panel,Qwen3.5-4B,current,think,pt_exams_math,pt_exams_math/14,7,Qwen3.5-4B|pt_exams_math|pt_exams_math/14|g7,stop,1,0,1,0,1,1
109,6,4631,0,0.3981861369034766,0.5929604836968257,0.00885337939969769,ind,41,0.027522935779816515,eng+por,2,"{""eng"": 2860, ""por"": 1463}",panel,Qwen3.5-4B,current,think,pt_exams_math,pt_exams_math/35,6,Qwen3.5-4B|pt_exams_math|pt_exams_math/35|g6,stop,1,0,1,0,1,1
139,12,5365,0,0.25498602050326186,0.7267474370922646,0.018266542404473438,fil,28,0.02877697841726619,eng,1,"{""eng"": 2984}",panel,Qwen3.5-4B,current,think,pt_exams_math,pt_exams_math/146,9,Qwen3.5-4B|pt_exams_math|pt_exams_math/146|g9,stop,1,0,1,0,1,0
86,1,3943,0,0.1559726096880548,0.8227238143545523,0.021303575957392847,deu,33,0.023255813953488372,eng,1,"{""eng"": 3610}",panel,Qwen3.5-4B,current,think,pt_exams_math,pt_exams_math/54,4,Qwen3.5-4B|pt_exams_math|pt_exams_math/54|g4,stop,1,0,1,0,1,1
53,0,2071,0,0.20280057943022695,0.7614678899082569,0.03573153066151617,ind,41,0.05660377358490566,eng+por,2,"{""eng"": 2224, ""por"": 832}",panel,Qwen3.5-4B,current,think,pt_exams_math,pt_exams_math/74,10,Qwen3.5-4B|pt_exams_math|pt_exams_math/74|g10,stop,1,0,1,0,1,1
92,4,3343,0,0.2500747831289261,0.7367633861800778,0.013161830690996112,tur,24,0.03260869565217391,eng,1,"{""eng"": 3177}",panel,Qwen3.5-4B,current,think,pt_exams_math,pt_exams_math/50,15,Qwen3.5-4B|pt_exams_math|pt_exams_math/50|g15,stop,1,0,1,1,1,1
79,9,3529,0,0.31510342873335223,0.6341739869651459,0.05072258430150184,slk,90,0.0759493670886076,eng+por,2,"{""eng"": 2836, ""por"": 1396}",panel,Qwen3.5-4B,current,think,pt_exams_math,pt_exams_math/79,14,Qwen3.5-4B|pt_exams_math|pt_exams_math/79|g14,stop,1,0,1,0,1,1
44,0,1481,0,0.4199864956110736,0.5584064821066846,0.02160702228224173,dan,32,0.06818181818181818,eng+por,2,"{""por"": 935, ""eng"": 1145}",panel,Qwen3.5-4B,current,think,pt_exams_math,pt_exams_math/159,8,Qwen3.5-4B|pt_exams_math|pt_exams_math/159|g8,stop,1,0,1,0,1,1
103,5,5229,0,0.26486899980875883,0.7158156435264869,0.019315356664754254,slv,30,0.04854368932038835,eng,1,"{""eng"": 3906}",panel,Qwen3.5-4B,current,think,pt_exams_math,pt_exams_math/107,5,Qwen3.5-4B|pt_exams_math|pt_exams_math/107|g5,stop,1,0,1,0,1,1
65,2,2862,0,0.33473095737246683,0.656533892382949,0.008735150244584208,spa,25,0.015384615384615385,eng+por,2,"{""eng"": 2376, ""por"": 1232}",panel,Qwen3.5-4B,current,think,pt_exams_math,pt_exams_math/70,13,Qwen3.5-4B|pt_exams_math|pt_exams_math/70|g13,stop,1,0,1,1,1,1
184,26,7364,0,0.24049429657794677,0.7485062466051059,0.010999456816947311,deu,48,0.043478260869565216,eng+por,2,"{""eng"": 3202, ""por"": 1369}",panel,Qwen3.5-4B,current,think,pt_exams_math,pt_exams_math/27,6,Qwen3.5-4B|pt_exams_math|pt_exams_math/27|g6,stop,1,0,1,0,1,1
46,0,1657,0,0.4302957151478576,0.5576342788171395,0.012070006035003017,lvs,20,0.0,eng+por,2,"{""por"": 992, ""eng"": 1390}",panel,Qwen3.5-4B,current,think,pt_exams_math,pt_exams_math/130,1,Qwen3.5-4B|pt_exams_math|pt_exams_math/130|g1,stop,1,0,1,0,1,1
60,2,2438,0,0.2969647251845775,0.694011484823626,0.009023789991796555,fin,22,0.016666666666666666,eng+por,2,"{""eng"": 2395, ""por"": 1196}",panel,Qwen3.5-4B,current,think,pt_exams_math,pt_exams_math/68,2,Qwen3.5-4B|pt_exams_math|pt_exams_math/68|g2,stop,1,0,1,0,1,0
130,1,5307,0,0.10646316186169211,0.8856227623892972,0.00791407574901074,swe,42,0.023076923076923078,eng,1,"{""eng"": 3748}",panel,Qwen3.5-4B,current,think,pt_exams_math,pt_exams_math/150,9,Qwen3.5-4B|pt_exams_math|pt_exams_math/150|g9,stop,1,0,1,0,1,1
84,0,3251,0,0.34943094432482313,0.6505690556751769,0.0,,0,0.047619047619047616,eng+por,2,"{""eng"": 2822, ""por"": 1447}",panel,Qwen3.5-4B,current,think,pt_exams_math,pt_exams_math/109,3,Qwen3.5-4B|pt_exams_math|pt_exams_math/109|g3,stop,1,0,1,0,1,1
168,6,6817,0,0.22238521343699574,0.7680798004987531,0.009534986064251136,lat,43,0.041666666666666664,eng+por,2,"{""eng"": 3401, ""por"": 1106}",panel,Qwen3.5-4B,current,think,pt_exams_math,pt_exams_math/111,1,Qwen3.5-4B|pt_exams_math|pt_exams_math/111|g1,stop,1,0,1,0,1,1
61,1,2637,0,0.27569207432688664,0.7243079256731134,0.0,,0,0.01639344262295082,eng+por,2,"{""eng"": 2424, ""por"": 1366}",panel,Qwen3.5-4B,current,think,pt_exams_math,pt_exams_math/36,2,Qwen3.5-4B|pt_exams_math|pt_exams_math/36|g2,stop,1,0,1,0,1,1
88,0,3169,0,0.3319659198485327,0.6500473335437046,0.017986746607762703,ekk,37,0.03409090909090909,eng,1,"{""eng"": 3039}",panel,Qwen3.5-4B,current,think,tubitak_math2026,tubitak_math2026/11,14,Qwen3.5-4B|tubitak_math2026|tubitak_math2026/11|g14,stop,1,0,1,0,1,1
274,1,9919,0,0.1315656820243976,0.8664179856840407,0.0020163322915616494,lvs,20,0.0036496350364963502,eng,1,"{""eng"": 3360}",panel,Qwen3.5-4B,current,think,tubitak_math2026,tubitak_math2026/16,22,Qwen3.5-4B|tubitak_math2026|tubitak_math2026/16|g22,stop,0,0,1,0,1,1
144,0,4961,0,0.0,1.0,0.0,,0,0.006944444444444444,eng,1,"{""eng"": 2798}",panel,Qwen3.5-4B,current,think,tubitak_math2026,tubitak_math2026/31,5,Qwen3.5-4B|tubitak_math2026|tubitak_math2026/31|g5,stop,1,1,1,1,1,1
123,0,4025,0,0.005714285714285714,0.9888198757763975,0.00546583850931677,dan,22,0.0,eng,1,"{""eng"": 2594}",panel,Qwen3.5-4B,current,think,tubitak_math2026,tubitak_math2026/30,31,Qwen3.5-4B|tubitak_math2026|tubitak_math2026/30|g31,stop,0,0,1,0,1,1
186,1,6792,0,0.1417844522968198,0.8514428739693758,0.006772673733804476,nld,23,0.005376344086021506,eng,1,"{""eng"": 3261}",panel,Qwen3.5-4B,current,think,tubitak_math2026,tubitak_math2026/9,34,Qwen3.5-4B|tubitak_math2026|tubitak_math2026/9|g34,stop,1,0,1,0,1,1
402,3,15198,0,0.11008027372022634,0.8807737860244769,0.009145940255296749,luo,46,0.009950248756218905,eng,1,"{""eng"": 3317}",panel,Qwen3.5-4B,current,think,tubitak_math2026,tubitak_math2026/28,23,Qwen3.5-4B|tubitak_math2026|tubitak_math2026/28|g23,stop,0,0,1,0,1,0
208,7,9804,0,0.32751937984496127,0.6668706650346797,0.005609955120359037,por,33,0.02403846153846154,eng,1,"{""eng"": 3611}",panel,Qwen3.5-4B,current,think,tubitak_math2026,tubitak_math2026/12,21,Qwen3.5-4B|tubitak_math2026|tubitak_math2026/12|g21,stop,1,0,1,1,1,1
218,11,9595,0,0.1968733715476811,0.7987493486190724,0.004377279833246483,swe,22,0.013761467889908258,eng,1,"{""eng"": 3567}",panel,Qwen3.5-4B,current,think,tubitak_math2026,tubitak_math2026/4,28,Qwen3.5-4B|tubitak_math2026|tubitak_math2026/4|g28,stop,1,0,1,0,1,1
99,10,3746,0,0.30352375867592096,0.6727175654030967,0.02375867592098238,deu,38,0.04040404040404041,eng+por,2,"{""eng"": 3048, ""por"": 989}",panel,Qwen3.5-4B,current,think,pt_exams_math,pt_exams_math/10,3,Qwen3.5-4B|pt_exams_math|pt_exams_math/10|g3,stop,1,0,1,0,1,1
133,3,5943,0,0.4120814403499916,0.5727746929160357,0.01514386673397274,deu,48,0.03759398496240601,eng,1,"{""eng"": 3349}",panel,Qwen3.5-4B,current,think,pt_exams_math,pt_exams_math/3,13,Qwen3.5-4B|pt_exams_math|pt_exams_math/3|g13,stop,1,0,1,1,1,1
232,8,10540,0,0.17580645161290323,0.8139468690702087,0.010246679316888045,slk,37,0.021551724137931036,eng,1,"{""eng"": 3399}",panel,Qwen3.5-4B,current,think,pt_exams_math,pt_exams_math/72,7,Qwen3.5-4B|pt_exams_math|pt_exams_math/72|g7,stop,1,0,1,1,1,1
66,2,2658,0,0.3649360421369451,0.6158765989465764,0.019187358916478554,deu,51,0.045454545454545456,eng+por,2,"{""por"": 1557, ""eng"": 1949}",panel,Qwen3.5-4B,current,think,pt_exams_math,pt_exams_math/142,9,Qwen3.5-4B|pt_exams_math|pt_exams_math/142|g9,stop,1,0,1,1,1,1
112,1,4273,0,0.29464076761057806,0.6732974490989937,0.03206178329042827,deu,37,0.026785714285714284,eng,1,"{""eng"": 3323}",panel,Qwen3.5-4B,current,think,pt_exams_math,pt_exams_math/87,14,Qwen3.5-4B|pt_exams_math|pt_exams_math/87|g14,stop,1,0,1,1,1,1
68,1,2697,0,0.5168705969595847,0.4757137560252132,0.007415647015202077,ltz,20,0.029411764705882353,por+eng,2,"{""por"": 2117, ""eng"": 1775}",panel,Qwen3.5-4B,current,think,pt_exams_math,pt_exams_math/28,4,Qwen3.5-4B|pt_exams_math|pt_exams_math/28|g4,stop,1,0,1,0,1,1
75,0,2588,0,0.2874806800618238,0.6831530139103554,0.02936630602782071,swe,33,0.05333333333333334,eng+por,2,"{""eng"": 2388, ""por"": 1188}",panel,Qwen3.5-4B,current,think,pt_exams_math,pt_exams_math/106,12,Qwen3.5-4B|pt_exams_math|pt_exams_math/106|g12,stop,1,0,1,0,1,1
63,2,2535,0,0.4165680473372781,0.5676528599605523,0.015779092702169626,lvs,40,0.031746031746031744,por+eng,2,"{""por"": 1763, ""eng"": 1672}",panel,Qwen3.5-4B,current,think,pt_exams_math,pt_exams_math/53,9,Qwen3.5-4B|pt_exams_math|pt_exams_math/53|g9,stop,1,0,1,0,1,1
228,1,8794,0,0.07152604048214692,0.9257448260177393,0.002729133500113714,fur,24,0.0,eng,1,"{""eng"": 2636}",panel,Qwen3.5-4B,current,think,tubitak_math2026,tubitak_math2026/13,23,Qwen3.5-4B|tubitak_math2026|tubitak_math2026/13|g23,stop,1,1,1,1,1,1
183,0,7145,0,0.20111966410076976,0.7988803358992302,0.0,,0,0.01092896174863388,eng,1,"{""eng"": 3293}",panel,Qwen3.5-4B,current,think,tubitak_math2026,tubitak_math2026/15,41,Qwen3.5-4B|tubitak_math2026|tubitak_math2026/15|g41,stop,1,0,1,0,1,1
412,9,17012,0,0.12267810956971549,0.8773218904302845,0.0,,0,0.0,eng,1,"{""eng"": 3512}",panel,Qwen3.5-4B,current,think,tubitak_math2026,tubitak_math2026/20,45,Qwen3.5-4B|tubitak_math2026|tubitak_math2026/20|g45,stop,1,0,1,0,1,0
471,14,21102,0,0.17396455312292675,0.7921997914889584,0.03383565538811487,nld,363,0.04246284501061571,eng,1,"{""eng"": 3060}",panel,Qwen3.5-4B,current,think,tubitak_math2026,tubitak_math2026/1,1,Qwen3.5-4B|tubitak_math2026|tubitak_math2026/1|g1,stop,0,0,0,0,0,0
163,0,5059,0,0.15852935362719905,0.8282269223166634,0.013243724056137577,por,42,0.018404907975460124,eng,1,"{""eng"": 3050}",panel,Qwen3.5-4B,current,think,tubitak_math2026,tubitak_math2026/17,8,Qwen3.5-4B|tubitak_math2026|tubitak_math2026/17|g8,stop,1,1,1,1,0,1
132,0,4297,0,0.23853851524319292,0.7177100302536653,0.043751454503141725,nld,89,0.08333333333333333,eng,1,"{""eng"": 3011}",panel,Qwen3.5-4B,current,think,tubitak_math2026,tubitak_math2026/5,61,Qwen3.5-4B|tubitak_math2026|tubitak_math2026/5|g61,stop,1,0,1,0,1,1
132,0,4677,0,0.1652768868933077,0.8293778062860808,0.005345306820611503,swe,25,0.007575757575757576,eng,1,"{""eng"": 3218}",panel,Qwen3.5-4B,current,think,tubitak_math2026,tubitak_math2026/11,18,Qwen3.5-4B|tubitak_math2026|tubitak_math2026/11|g18,stop,1,0,1,0,1,0
335,2,12583,0,0.0023046968131606137,0.9961058571087976,0.0015894460780418024,nld,20,0.005970149253731343,eng,1,"{""eng"": 3196}",panel,Qwen3.5-4B,current,think,tubitak_math2026,tubitak_math2026/16,60,Qwen3.5-4B|tubitak_math2026|tubitak_math2026/16|g60,stop,0,0,1,0,0,1
425,8,16347,0,0.16486205419954733,0.8268795497644827,0.008258396035969904,dan,35,0.011764705882352941,eng,1,"{""eng"": 3376}",panel,Qwen3.5-4B,current,think,tubitak_math2026,tubitak_math2026/20,8,Qwen3.5-4B|tubitak_math2026|tubitak_math2026/20|g8,stop,1,0,1,1,0,0
131,1,4059,0,0.10150283321015029,0.893569844789357,0.004927322000492732,fra,20,0.007633587786259542,eng,1,"{""eng"": 2563}",panel,Qwen3.5-4B,current,think,tubitak_math2026,tubitak_math2026/1,0,Qwen3.5-4B|tubitak_math2026|tubitak_math2026/1|g0,stop,1,1,1,1,1,1
136,3,4960,0,0.4804435483870968,0.5153225806451613,0.004233870967741936,epo,21,0.007352941176470588,eng,1,"{""eng"": 2564}",panel,Qwen3.5-4B,current,think,tubitak_math2026,tubitak_math2026/17,28,Qwen3.5-4B|tubitak_math2026|tubitak_math2026/17|g28,stop,1,1,1,1,0,1
142,1,5060,0,0.21067193675889329,0.7673913043478261,0.021936758893280634,nld,83,0.056338028169014086,eng,1,"{""eng"": 2998}",panel,Qwen3.5-4B,current,think,tubitak_math2026,tubitak_math2026/5,8,Qwen3.5-4B|tubitak_math2026|tubitak_math2026/5|g8,stop,1,0,1,1,0,1
330,0,11838,0,0.0,0.99341104916371,0.006588950836289914,ekk,31,0.00909090909090909,eng,1,"{""eng"": 3403}",panel,Qwen3.5-4B,current,think,tubitak_math2026,tubitak_math2026/16,21,Qwen3.5-4B|tubitak_math2026|tubitak_math2026/16|g21,stop,0,0,1,0,0,0
148,0,4680,0,0.0,0.9905982905982906,0.009401709401709401,por,22,0.033783783783783786,eng,1,"{""eng"": 3231}",panel,Qwen3.5-4B,current,think,tubitak_math2026,tubitak_math2026/31,0,Qwen3.5-4B|tubitak_math2026|tubitak_math2026/31|g0,stop,1,1,1,1,1,1
135,0,4404,0,0.0,1.0,0.0,,0,0.0,eng,1,"{""eng"": 2750}",panel,Qwen3.5-4B,current,think,tubitak_math2026,tubitak_math2026/30,42,Qwen3.5-4B|tubitak_math2026|tubitak_math2026/30|g42,stop,1,0,1,1,1,1
273,2,10621,0,0.008379625270690142,0.9867244138969965,0.004895960832313341,lvs,32,0.014652014652014652,eng,1,"{""eng"": 3372}",panel,Qwen3.5-4B,current,think,tubitak_math2026,tubitak_math2026/9,59,Qwen3.5-4B|tubitak_math2026|tubitak_math2026/9|g59,stop,0,0,1,0,1,1
127,1,3956,0,0.0,0.961577350859454,0.03842264914054601,deu,152,0.007874015748031496,eng,1,"{""eng"": 2797}",panel,Qwen3.5-4B,current,think,tubitak_math2026,tubitak_math2026/31,57,Qwen3.5-4B|tubitak_math2026|tubitak_math2026/31|g57,stop,1,0,1,0,1,1
117,1,3637,0,0.11190541655210338,0.8880945834478966,0.0,,0,0.0,eng,1,"{""eng"": 2599}",panel,Qwen3.5-4B,current,think,tubitak_math2026,tubitak_math2026/30,28,Qwen3.5-4B|tubitak_math2026|tubitak_math2026/30|g28,stop,1,0,1,1,0,1
213,0,7558,0,0.0980418100026462,0.897724265678751,0.004233924318602805,ekk,32,0.014084507042253521,eng,1,"{""eng"": 3346}",panel,Qwen3.5-4B,current,think,tubitak_math2026,tubitak_math2026/9,16,Qwen3.5-4B|tubitak_math2026|tubitak_math2026/9|g16,stop,1,0,1,0,1,0
391,4,15900,0,0.11930817610062894,0.8766037735849057,0.004088050314465409,dan,42,0.0076726342710997444,eng,1,"{""eng"": 3309}",panel,Qwen3.5-4B,current,think,tubitak_math2026,tubitak_math2026/28,52,Qwen3.5-4B|tubitak_math2026|tubitak_math2026/28|g52,stop,0,0,1,0,0,0
248,6,10814,0,0.2103754392454226,0.775846125393009,0.013778435361568338,slv,44,0.024193548387096774,eng,1,"{""eng"": 3711}",panel,Qwen3.5-4B,current,think,tubitak_math2026,tubitak_math2026/12,6,Qwen3.5-4B|tubitak_math2026|tubitak_math2026/12|g6,stop,1,0,1,1,1,0
118,9,4095,0,0.22173382173382172,0.7672771672771673,0.01098901098901099,ekk,23,0.00847457627118644,eng,1,"{""eng"": 2712}",panel,Qwen3.5-4B,current,think,tubitak_math2026,tubitak_math2026/4,18,Qwen3.5-4B|tubitak_math2026|tubitak_math2026/4|g18,stop,1,1,1,1,1,1
163,0,5260,0,0.06711026615969581,0.9328897338403042,0.0,,0,0.018404907975460124,eng,1,"{""eng"": 2425}",panel,Qwen3.5-4B,current,think,tubitak_math2026,tubitak_math2026/13,10,Qwen3.5-4B|tubitak_math2026|tubitak_math2026/13|g10,stop,1,0,1,0,0,0
144,1,5549,0,0.1378626779599928,0.8585330690214453,0.003604253018561903,slk,20,0.027777777777777776,eng,1,"{""eng"": 3505}",panel,Qwen3.5-4B,current,think,tubitak_math2026,tubitak_math2026/15,60,Qwen3.5-4B|tubitak_math2026|tubitak_math2026/15|g60,stop,1,0,1,0,0,0
60,0,2603,0,0.34767575873991546,0.6173645793315405,0.03495966192854399,deu,37,0.06666666666666667,eng+por,2,"{""eng"": 2038, ""por"": 1114}",panel,Qwen3.5-4B,current,think,pt_exams_math,pt_exams_math/90,15,Qwen3.5-4B|pt_exams_math|pt_exams_math/90|g15,stop,1,0,1,0,1,1
63,1,2576,0,0.22981366459627328,0.7701863354037267,0.0,,0,0.015873015873015872,eng+por,2,"{""eng"": 2512, ""por"": 1110}",panel,Qwen3.5-4B,current,think,pt_exams_math,pt_exams_math/101,12,Qwen3.5-4B|pt_exams_math|pt_exams_math/101|g12,stop,1,0,1,0,1,1
80,4,3693,0,0.3016517736257785,0.6983482263742214,0.0,,0,0.0125,eng+por,2,"{""eng"": 3206, ""por"": 831}",panel,Qwen3.5-4B,current,think,pt_exams_math,pt_exams_math/15,5,Qwen3.5-4B|pt_exams_math|pt_exams_math/15|g5,stop,1,0,1,0,1,1
90,6,3389,0,0.2260253762171732,0.7668928887577456,0.007081735025081145,nld,24,0.06666666666666667,eng+por,2,"{""eng"": 2989, ""por"": 1268}",panel,Qwen3.5-4B,current,think,pt_exams_math,pt_exams_math/62,15,Qwen3.5-4B|pt_exams_math|pt_exams_math/62|g15,stop,1,0,1,0,1,1
111,6,5179,0,0.3091330372658814,0.6763854025873721,0.014481560146746475,kin,27,0.07207207207207207,eng+por,2,"{""eng"": 3079, ""por"": 1168}",panel,Qwen3.5-4B,current,think,pt_exams_math,pt_exams_math/6,6,Qwen3.5-4B|pt_exams_math|pt_exams_math/6|g6,stop,1,0,1,1,1,1
104,7,4016,0,0.2836155378486056,0.7016932270916335,0.014691235059760957,cym,36,0.038461538461538464,eng,1,"{""eng"": 3063}",panel,Qwen3.5-4B,current,think,pt_exams_math,pt_exams_math/51,11,Qwen3.5-4B|pt_exams_math|pt_exams_math/51|g11,stop,1,0,1,0,1,0
226,4,9830,0,0.13886063072227875,0.8519837232960326,0.009155645981688708,nno,43,0.035398230088495575,eng,1,"{""eng"": 3333}",panel,Qwen3.5-4B,current,think,pt_exams_math,pt_exams_math/134,3,Qwen3.5-4B|pt_exams_math|pt_exams_math/134|g3,stop,1,0,1,1,1,1
222,6,10442,0,0.2506224861137713,0.743248419842942,0.0061290940432867265,ita,22,0.04504504504504504,eng+por,2,"{""eng"": 3369, ""por"": 1127}",panel,Qwen3.5-4B,current,think,pt_exams_math,pt_exams_math/128,1,Qwen3.5-4B|pt_exams_math|pt_exams_math/128|g1,stop,1,0,1,0,1,1
413,0,15549,0,0.9952408515017043,0.0,0.004759148498295711,swe,46,0.007263922518159807,eng,1,"{""eng"": 3520}",panel,Qwen3.5-9B,current,think,aime2026,AIME2026/7,7,Qwen3.5-9B|aime2026|AIME2026/7|g7,stop,1,0,1,1,1,1
697,0,27735,0,0.9989183342347214,0.0,0.001081665765278529,nno,30,0.0,eng,1,"{""eng"": 3571}",panel,Qwen3.5-9B,current,think,aime2026,AIME2026/17,2,Qwen3.5-9B|aime2026|AIME2026/17|g2,stop,1,0,1,1,1,0
492,0,16032,0,1.0,0.0,0.0,,0,0.0020325203252032522,eng,1,"{""eng"": 3669}",panel,Qwen3.5-9B,current,think,aime2026,AIME2026/9,11,Qwen3.5-9B|aime2026|AIME2026/9|g11,stop,1,1,1,0,1,1
491,0,17921,0,1.0,0.0,0.0,,0,0.0,eng,1,"{""eng"": 3198}",panel,Qwen3.5-9B,current,think,aime2026,AIME2026/26,28,Qwen3.5-9B|aime2026|AIME2026/26|g28,stop,0,0,1,0,1,0
400,0,13851,0,0.9925637138112772,0.0,0.007436286188722836,gom,66,0.005,eng,1,"{""eng"": 2966}",panel,Qwen3.5-9B,current,think,aime2026,AIME2026/29,21,Qwen3.5-9B|aime2026|AIME2026/29|g21,stop,1,1,1,0,0,1
305,0,11372,0,0.9933169187478016,0.0,0.006683081252198382,run,54,0.013114754098360656,eng,1,"{""eng"": 3449}",panel,Qwen3.5-9B,current,think,aime2026,AIME2026/16,43,Qwen3.5-9B|aime2026|AIME2026/16|g43,stop,1,0,1,0,1,1
479,0,20591,0,0.9987858773250449,0.0,0.0012141226749550775,wes,25,0.0020876826722338203,eng,1,"{""eng"": 3337}",panel,Qwen3.5-9B,current,think,aime2026,AIME2026/3,21,Qwen3.5-9B|aime2026|AIME2026/3|g21,stop,1,0,1,1,1,1
363,0,12471,0,1.0,0.0,0.0,,0,0.0,eng,1,"{""eng"": 2928}",panel,Qwen3.5-9B,current,think,aime2026,AIME2026/19,0,Qwen3.5-9B|aime2026|AIME2026/19|g0,stop,1,0,1,1,1,0
638,0,22018,0,0.9967299482241803,0.0,0.003270051775819784,nld,49,0.0,eng,1,"{""eng"": 2883}",panel,Qwen3.5-9B,current,think,aime2026,AIME2026/18,49,Qwen3.5-9B|aime2026|AIME2026/18|g49,stop,1,0,1,0,1,1
242,0,8641,0,0.9972225436870733,0.0,0.0027774563129267446,nld,24,0.0,eng,1,"{""eng"": 3205}",panel,Qwen3.5-9B,current,think,aime2026,AIME2026/6,11,Qwen3.5-9B|aime2026|AIME2026/6|g11,stop,1,0,1,0,1,1
412,0,14608,0,0.9986308871851041,0.0,0.0013691128148959474,fin,20,0.0024271844660194173,eng,1,"{""eng"": 3239}",panel,Qwen3.5-9B,current,think,aime2026,AIME2026/4,32,Qwen3.5-9B|aime2026|AIME2026/4|g32,stop,1,0,1,0,1,0
1060,0,38140,0,0.9945726271630834,0.0,0.0054273728369166226,wes,91,0.0009433962264150943,eng,1,"{""eng"": 3073}",panel,Qwen3.5-9B,current,think,aime2026,AIME2026/28,45,Qwen3.5-9B|aime2026|AIME2026/28|g45,stop,1,0,0,0,1,0
162,0,5929,0,0.9861696744813628,0.0,0.013830325518637207,lvs,38,0.037037037037037035,eng,1,"{""eng"": 2647}",panel,Qwen3.5-9B,current,think,aime2026,AIME2026/2,29,Qwen3.5-9B|aime2026|AIME2026/2|g29,stop,1,1,1,1,1,1
163,0,5972,0,0.9867716008037508,0.0,0.013228399196249163,fur,30,0.012269938650306749,eng,1,"{""eng"": 3318}",panel,Qwen3.5-9B,current,think,aime2026,AIME2026/20,38,Qwen3.5-9B|aime2026|AIME2026/20|g38,stop,1,1,1,1,1,1
328,0,10055,0,1.0,0.0,0.0,,0,0.0,eng,1,"{""eng"": 2942}",panel,Qwen3.5-9B,current,think,aime2026,AIME2026/24,5,Qwen3.5-9B|aime2026|AIME2026/24|g5,stop,1,1,1,0,1,1
471,0,19707,0,0.9942152534632364,0.0,0.005784746536763586,nld,72,0.0,eng,1,"{""eng"": 3701}",panel,Qwen3.5-9B,current,think,aime2026,AIME2026/22,14,Qwen3.5-9B|aime2026|AIME2026/22|g14,stop,1,1,1,0,1,1
132,0,4431,0,1.0,0.0,0.0,,0,0.007575757575757576,eng,1,"{""eng"": 3453}",panel,Qwen3.5-9B,current,think,aime2026,AIME2026/1,19,Qwen3.5-9B|aime2026|AIME2026/1|g19,stop,1,0,1,0,1,1
318,0,11537,0,0.9978330588541215,0.0,0.002166941145878478,pdc,25,0.0031446540880503146,eng,1,"{""eng"": 2682}",panel,Qwen3.5-9B,current,think,aime2026,AIME2026/2,47,Qwen3.5-9B|aime2026|AIME2026/2|g47,stop,1,0,1,1,1,1
214,0,6654,0,0.9963931469792606,0.0,0.0036068530207394047,pis,24,0.004672897196261682,eng,1,"{""eng"": 2496}",panel,Qwen3.5-9B,current,think,aime2026,AIME2026/24,14,Qwen3.5-9B|aime2026|AIME2026/24|g14,stop,1,1,1,0,1,1
332,0,12473,0,0.9847670969293675,0.0,0.015232903070632567,nld,138,0.015060240963855422,eng,1,"{""eng"": 3317}",panel,Qwen3.5-9B,current,think,aime2026,AIME2026/7,24,Qwen3.5-9B|aime2026|AIME2026/7|g24,stop,1,0,1,1,1,1
877,0,32778,0,0.9937152968454451,0.0,0.0062847031545548845,ind,86,0.009122006841505131,eng,1,"{""eng"": 3258}",panel,Qwen3.5-9B,current,think,aime2026,AIME2026/17,50,Qwen3.5-9B|aime2026|AIME2026/17|g50,stop,1,1,1,0,0,1
670,0,27715,0,0.9951289915208371,0.0,0.004871008479162909,nld,56,0.008955223880597015,eng,1,"{""eng"": 3116}",panel,Qwen3.5-9B,current,think,aime2026,AIME2026/21,62,Qwen3.5-9B|aime2026|AIME2026/21|g62,stop,1,0,1,1,1,1
282,0,10024,0,1.0,0.0,0.0,,0,0.0070921985815602835,eng,1,"{""eng"": 2938}",panel,Qwen3.5-9B,current,think,aime2026,AIME2026/14,5,Qwen3.5-9B|aime2026|AIME2026/14|g5,stop,1,1,1,1,1,1
470,0,15745,0,0.9918069228326453,0.0,0.008193077167354715,fuv,108,0.0,eng,1,"{""eng"": 2971}",panel,Qwen3.5-9B,current,think,aime2026,AIME2026/25,21,Qwen3.5-9B|aime2026|AIME2026/25|g21,stop,1,0,1,1,1,1
256,0,9283,0,0.9840568781643865,0.0,0.015943121835613486,plt,88,0.01171875,eng,1,"{""eng"": 3229}",panel,Qwen3.5-9B,current,think,aime2026,AIME2026/6,17,Qwen3.5-9B|aime2026|AIME2026/6|g17,stop,1,0,1,1,1,0
98,0,3726,0,0.9911433172302737,0.0,0.008856682769726247,deu,33,0.02040816326530612,eng,1,"{""eng"": 3340}",panel,Qwen3.5-9B,current,think,aime2026,AIME2026/1,26,Qwen3.5-9B|aime2026|AIME2026/1|g26,stop,1,0,1,1,1,1
259,0,9837,0,0.9883094439361594,0.0,0.011690556063840602,slv,63,0.015444015444015444,eng,1,"{""eng"": 2736}",panel,Qwen3.5-9B,current,think,aime2026,AIME2026/4,33,Qwen3.5-9B|aime2026|AIME2026/4|g33,stop,1,0,1,0,1,1
107,0,3585,0,0.9779637377963738,0.0,0.02203626220362622,dan,32,0.028037383177570093,eng,1,"{""eng"": 2353}",panel,Qwen3.5-9B,current,think,aime2026,AIME2026/2,45,Qwen3.5-9B|aime2026|AIME2026/2|g45,stop,1,0,1,0,1,1
228,0,8656,0,0.9972273567467652,0.0,0.0027726432532347504,run,24,0.0,eng,1,"{""eng"": 3148}",panel,Qwen3.5-9B,current,think,aime2026,AIME2026/20,44,Qwen3.5-9B|aime2026|AIME2026/20|g44,stop,1,1,1,1,1,0
259,0,8226,0,1.0,0.0,0.0,,0,0.003861003861003861,eng,1,"{""eng"": 2937}",panel,Qwen3.5-9B,current,think,aime2026,AIME2026/24,48,Qwen3.5-9B|aime2026|AIME2026/24|g48,stop,1,0,1,1,1,0
365,0,15617,0,0.9949414100019209,0.0,0.005058589998079017,wes,79,0.0,eng,1,"{""eng"": 3585}",panel,Qwen3.5-9B,current,think,aime2026,AIME2026/22,3,Qwen3.5-9B|aime2026|AIME2026/22|g3,stop,1,1,1,0,1,1
666,0,24566,0,0.9906374664169991,0.0,0.009362533583000895,ron,110,0.006006006006006006,eng,1,"{""eng"": 4006}",panel,Qwen3.5-9B,current,think,aime2026,AIME2026/10,13,Qwen3.5-9B|aime2026|AIME2026/10|g13,stop,0,0,1,0,0,1
677,0,23054,0,0.9871172030884011,0.0,0.012882796911598856,nld,131,0.0014771048744460858,eng,1,"{""eng"": 2854}",panel,Qwen3.5-9B,current,think,aime2026,AIME2026/29,60,Qwen3.5-9B|aime2026|AIME2026/29|g60,stop,1,1,1,0,1,1
269,0,10001,0,0.9951004899510049,0.0,0.004899510048995101,ekk,49,0.01486988847583643,eng,1,"{""eng"": 3116}",panel,Qwen3.5-9B,current,think,aime2026,AIME2026/16,34,Qwen3.5-9B|aime2026|AIME2026/16|g34,stop,1,1,1,0,1,1
709,0,30564,0,0.9978405967805261,0.0,0.0021594032194738907,spa,66,0.005641748942172073,eng,1,"{""eng"": 3220}",panel,Qwen3.5-9B,current,think,aime2026,AIME2026/3,35,Qwen3.5-9B|aime2026|AIME2026/3|g35,stop,1,1,1,1,1,1
359,0,12486,0,1.0,0.0,0.0,,0,0.0,eng,1,"{""eng"": 2927}",panel,Qwen3.5-9B,current,think,aime2026,AIME2026/19,22,Qwen3.5-9B|aime2026|AIME2026/19|g22,stop,1,1,1,1,1,1
434,0,16828,0,1.0,0.0,0.0,,0,0.0,eng,1,"{""eng"": 2931}",panel,Qwen3.5-9B,current,think,aime2026,AIME2026/12,61,Qwen3.5-9B|aime2026|AIME2026/12|g61,stop,1,1,1,1,1,1
136,0,4813,0,0.9948057344691461,0.0,0.005194265530853937,swe,25,0.014705882352941176,eng,1,"{""eng"": 3400}",panel,Qwen3.5-9B,current,think,aime2026,AIME2026/1,31,Qwen3.5-9B|aime2026|AIME2026/1|g31,stop,1,1,1,1,1,1
193,0,6949,0,0.9910778529284789,0.0,0.008922147071521083,slv,22,0.010362694300518135,eng,1,"{""eng"": 2711}",panel,Qwen3.5-9B,current,think,aime2026,AIME2026/4,58,Qwen3.5-9B|aime2026|AIME2026/4|g58,stop,1,0,1,0,1,1
1340,0,48943,0,0.9976503279324929,0.0,0.0023496720675071003,wes,32,0.0014925373134328358,eng,1,"{""eng"": 3484}",panel,Qwen3.5-9B,current,think,aime2026,AIME2026/28,51,Qwen3.5-9B|aime2026|AIME2026/28|g51,stop,1,0,1,0,1,1
274,0,9155,0,0.9970507919169852,0.0,0.002949208083014746,run,27,0.0036496350364963502,eng,1,"{""eng"": 3096}",panel,Qwen3.5-9B,current,think,aime2026,AIME2026/5,21,Qwen3.5-9B|aime2026|AIME2026/5|g21,stop,1,0,1,1,1,1
833,0,27093,0,0.995903000775108,0.0,0.004096999224892039,nld,49,0.003601440576230492,eng,1,"{""eng"": 2272}",panel,Qwen3.5-9B,current,think,aime2026,AIME2026/30,28,Qwen3.5-9B|aime2026|AIME2026/30|g28,stop,1,1,1,0,1,1
757,0,24108,0,0.9990874398539904,0.0,0.0009125601460096233,dan,22,0.002642007926023778,eng,1,"{""eng"": 3722}",panel,Qwen3.5-9B,current,think,aime2026,AIME2026/9,14,Qwen3.5-9B|aime2026|AIME2026/9|g14,stop,1,0,1,1,1,1
297,0,8885,0,0.976702307259426,0.0,0.023297692740574,run,58,0.006734006734006734,eng,1,"{""eng"": 2380}",panel,Qwen3.5-9B,current,think,aime2026,AIME2026/23,12,Qwen3.5-9B|aime2026|AIME2026/23|g12,stop,1,0,1,0,1,0
421,0,13985,0,0.9912048623525206,0.0,0.008795137647479443,kin,49,0.007125890736342043,eng,1,"{""eng"": 2909}",panel,Qwen3.5-9B,current,think,aime2026,AIME2026/25,51,Qwen3.5-9B|aime2026|AIME2026/25|g51,stop,1,1,1,0,1,1
781,0,29742,0,0.9962342814874589,0.0,0.0037657185125411874,nld,84,0.0038412291933418692,eng,1,"{""eng"": 2990}",panel,Qwen3.5-9B,current,think,aime2026,AIME2026/29,35,Qwen3.5-9B|aime2026|AIME2026/29|g35,stop,1,0,1,0,1,1
151,0,5441,0,0.9871347178827421,0.0,0.012865282117257857,ekk,70,0.026490066225165563,eng,1,"{""eng"": 3381}",panel,Qwen3.5-9B,current,think,aime2026,AIME2026/16,51,Qwen3.5-9B|aime2026|AIME2026/16|g51,stop,1,1,1,0,1,1
504,0,19458,0,0.9989721451331072,0.0,0.0010278548668927947,lat,20,0.0,eng,1,"{""eng"": 3290}",panel,Qwen3.5-9B,current,think,aime2026,AIME2026/12,43,Qwen3.5-9B|aime2026|AIME2026/12|g43,stop,1,0,1,1,1,1
285,0,10046,0,0.9658570575353375,0.0,0.034142942464662554,nld,321,0.007017543859649123,eng,1,"{""eng"": 2797}",panel,Qwen3.5-9B,current,think,aime2026,AIME2026/7,39,Qwen3.5-9B|aime2026|AIME2026/7|g39,stop,1,0,1,0,1,1
572,0,18433,0,0.9964737156187273,0.0,0.0035262843812727176,dan,23,0.0017482517482517483,eng,1,"{""eng"": 2653}",panel,Qwen3.5-9B,current,think,aime2026,AIME2026/30,16,Qwen3.5-9B|aime2026|AIME2026/30|g16,stop,1,1,1,0,1,0
363,0,12660,0,0.9984202211690363,0.0,0.001579778830963665,kjb,20,0.0027548209366391185,eng,1,"{""eng"": 2896}",panel,Qwen3.5-9B,current,think,aime2026,AIME2026/26,55,Qwen3.5-9B|aime2026|AIME2026/26|g55,stop,1,1,1,0,1,1
301,0,11002,0,0.9960007271405199,0.0,0.003999272859480095,ekk,22,0.006644518272425249,eng,1,"{""eng"": 3145}",panel,Qwen3.5-9B,current,think,aime2026,AIME2026/14,8,Qwen3.5-9B|aime2026|AIME2026/14|g8,stop,1,1,1,0,1,1
341,0,11950,0,1.0,0.0,0.0,,0,0.002932551319648094,eng,1,"{""eng"": 3164}",panel,Qwen3.5-9B,current,think,aime2026,AIME2026/27,45,Qwen3.5-9B|aime2026|AIME2026/27|g45,stop,1,0,1,0,1,1
624,0,19978,0,0.9953949344278706,0.0,0.004605065572129342,nld,50,0.0016025641025641025,eng,1,"{""eng"": 3008}",panel,Qwen3.5-9B,current,think,aime2026,AIME2026/29,28,Qwen3.5-9B|aime2026|AIME2026/29|g28,stop,1,0,1,0,1,1
189,0,7086,0,0.9930849562517641,0.0,0.0069150437482359585,kin,28,0.010582010582010581,eng,1,"{""eng"": 3304}",panel,Qwen3.5-9B,current,think,aime2026,AIME2026/16,40,Qwen3.5-9B|aime2026|AIME2026/16|g40,stop,1,0,1,1,1,0
464,0,20954,0,0.9956571537653909,0.0,0.004342846234609144,lat,34,0.01293103448275862,eng,1,"{""eng"": 3402}",panel,Qwen3.5-9B,current,think,aime2026,AIME2026/3,50,Qwen3.5-9B|aime2026|AIME2026/3|g50,stop,1,0,1,1,1,1
252,7,8766,0,0.10882956878850103,0.8853524982888432,0.005817932922655715,slk,28,0.003968253968253968,eng,1,"{""eng"": 3072}",panel,Qwen3.5-9B,current,think,aime2026_pt,AIME2026-PT/25,24,Qwen3.5-9B|aime2026_pt|AIME2026-PT/25|g24,stop,1,0,1,0,1,1
215,13,7564,0,0.12863564251718668,0.8642252776308831,0.007139079851930196,lvs,33,0.009302325581395349,eng,1,"{""eng"": 3135}",panel,Qwen3.5-9B,current,think,aime2026_pt,AIME2026-PT/14,4,Qwen3.5-9B|aime2026_pt|AIME2026-PT/14|g4,stop,1,0,1,0,1,1
152,6,4985,0,0.10672016048144434,0.8888665997993982,0.0044132397191574725,swe,22,0.0,eng,1,"{""eng"": 2849}",panel,Qwen3.5-9B,current,think,aime2026_pt,AIME2026-PT/24,41,Qwen3.5-9B|aime2026_pt|AIME2026-PT/24|g41,stop,1,0,1,1,1,0
187,4,6518,0,0.14697760049094816,0.8488800245474072,0.004142374961644676,slk,27,0.016042780748663103,eng,1,"{""eng"": 3033}",panel,Qwen3.5-9B,current,think,aime2026_pt,AIME2026-PT/27,19,Qwen3.5-9B|aime2026_pt|AIME2026-PT/27|g19,stop,1,0,1,0,1,1
117,4,3957,0,0.23932271923174123,0.749305029062421,0.011372251705837756,lvs,45,0.02564102564102564,eng,1,"{""eng"": 2844}",panel,Qwen3.5-9B,current,think,aime2026_pt,AIME2026-PT/2,7,Qwen3.5-9B|aime2026_pt|AIME2026-PT/2|g7,stop,1,0,1,0,1,1
201,3,7511,0,0.21808014911463186,0.7578218612701372,0.024097989615230995,nld,71,0.04477611940298507,eng,1,"{""eng"": 3068}",panel,Qwen3.5-9B,current,think,aime2026_pt,AIME2026-PT/4,45,Qwen3.5-9B|aime2026_pt|AIME2026-PT/4|g45,stop,1,0,1,1,1,1
322,7,10446,0,0.13000191460846258,0.8522879571127704,0.01771012827876699,ron,133,0.015527950310559006,eng,1,"{""eng"": 3019}",panel,Qwen3.5-9B,current,think,aime2026_pt,AIME2026-PT/18,58,Qwen3.5-9B|aime2026_pt|AIME2026-PT/18|g58,stop,1,0,1,0,1,0
271,5,9345,0,0.12520064205457465,0.8682718031032638,0.006527554842161584,spa,41,0.007380073800738007,eng,1,"{""eng"": 3321}",panel,Qwen3.5-9B,current,think,aime2026_pt,AIME2026-PT/26,17,Qwen3.5-9B|aime2026_pt|AIME2026-PT/26|g17,stop,1,0,1,0,1,0
728,0,26441,0,1.0,0.0,0.0,,0,0.0,eng,1,"{""eng"": 3378}",panel,Qwen3.5-9B,current,think,aime2026,AIME2026/9,59,Qwen3.5-9B|aime2026|AIME2026/9|g59,stop,1,1,1,1,0,1
318,0,11145,0,0.9947958725886048,0.0,0.0052041274113952445,cat,58,0.031446540880503145,eng,1,"{""eng"": 3215}",panel,Qwen3.5-9B,current,think,aime2026,AIME2026/14,19,Qwen3.5-9B|aime2026|AIME2026/14|g19,stop,1,1,1,0,1,1
522,0,17779,0,0.9922380336351876,0.0,0.007761966364812419,ekk,40,0.005747126436781609,eng,1,"{""eng"": 3142}",panel,Qwen3.5-9B,current,think,aime2026,AIME2026/25,63,Qwen3.5-9B|aime2026|AIME2026/25|g63,stop,1,1,1,1,1,1
259,0,10124,0,0.9914065586724615,0.0,0.008593441327538523,nld,44,0.011583011583011582,eng,1,"{""eng"": 3447}",panel,Qwen3.5-9B,current,think,aime2026,AIME2026/16,33,Qwen3.5-9B|aime2026|AIME2026/16|g33,stop,1,0,1,1,1,1
366,0,15881,0,0.9869655563251685,0.0,0.01303444367483156,lat,68,0.02185792349726776,eng,1,"{""eng"": 3522}",panel,Qwen3.5-9B,current,think,aime2026,AIME2026/3,15,Qwen3.5-9B|aime2026|AIME2026/3|g15,stop,1,1,1,1,1,1
415,0,13668,0,0.9984635645302897,0.0,0.0015364354697102723,nld,21,0.0,eng,1,"{""eng"": 2705}",panel,Qwen3.5-9B,current,think,aime2026,AIME2026/13,36,Qwen3.5-9B|aime2026|AIME2026/13|g36,stop,1,1,0,1,1,1
397,0,14106,0,0.9911385226144903,0.0,0.008861477385509712,nld,68,0.012594458438287154,eng,1,"{""eng"": 3012}",panel,Qwen3.5-9B,current,think,aime2026,AIME2026/4,12,Qwen3.5-9B|aime2026|AIME2026/4|g12,stop,1,0,1,0,1,1
1092,0,39288,0,0.9969201791895744,0.0,0.003079820810425575,wes,52,0.0018315018315018315,eng,1,"{""eng"": 2996}",panel,Qwen3.5-9B,current,think,aime2026,AIME2026/28,9,Qwen3.5-9B|aime2026|AIME2026/28|g9,stop,1,1,1,1,1,0
350,0,11019,0,0.9981849532625465,0.0,0.0018150467374534894,wes,20,0.0,eng,1,"{""eng"": 2819}",panel,Qwen3.5-9B,current,think,aime2026,AIME2026/13,13,Qwen3.5-9B|aime2026|AIME2026/13|g13,stop,1,1,1,0,1,1
388,0,12953,0,0.9979155408013588,0.0,0.0020844591986412414,wes,27,0.002577319587628866,eng,1,"{""eng"": 2763}",panel,Qwen3.5-9B,current,think,aime2026,AIME2026/19,51,Qwen3.5-9B|aime2026|AIME2026/19|g51,stop,0,0,1,0,1,1
459,0,17398,0,0.997470973675135,0.0,0.002529026324864927,wes,24,0.0,eng,1,"{""eng"": 3053}",panel,Qwen3.5-9B,current,think,aime2026,AIME2026/12,10,Qwen3.5-9B|aime2026|AIME2026/12|g10,stop,1,1,1,0,1,1
346,0,12866,0,1.0,0.0,0.0,,0,0.002890173410404624,eng,1,"{""eng"": 3274}",panel,Qwen3.5-9B,current,think,aime2026,AIME2026/6,35,Qwen3.5-9B|aime2026|AIME2026/6|g35,stop,1,0,1,0,1,1
131,0,4701,0,0.9946819825569028,0.0,0.005318017443097213,swe,25,0.015267175572519083,eng,1,"{""eng"": 3304}",panel,Qwen3.5-9B,current,think,aime2026,AIME2026/1,49,Qwen3.5-9B|aime2026|AIME2026/1|g49,stop,1,0,1,1,1,1
1529,0,58987,0,0.9991523556037771,0.0,0.0008476443962228966,wes,28,0.001962066710268149,eng,1,"{""eng"": 3420}",panel,Qwen3.5-9B,current,think,aime2026,AIME2026/28,16,Qwen3.5-9B|aime2026|AIME2026/28|g16,stop,1,0,1,0,1,0
279,0,9853,0,1.0,0.0,0.0,,0,0.0,eng,1,"{""eng"": 3210}",panel,Qwen3.5-9B,current,think,aime2026,AIME2026/20,36,Qwen3.5-9B|aime2026|AIME2026/20|g36,stop,1,1,1,1,1,1
606,0,19294,0,0.985591375557168,0.0,0.014408624442831969,nld,170,0.00825082508250825,eng,1,"{""eng"": 2638}",panel,Qwen3.5-9B,current,think,aime2026,AIME2026/30,35,Qwen3.5-9B|aime2026|AIME2026/30|g35,stop,1,0,1,0,1,0
253,10,8678,0,0.1672044249827149,0.8327955750172851,0.0,,0,0.0,eng,1,"{""eng"": 2633}",panel,Qwen3.5-9B,current,think,aime2026_pt,AIME2026-PT/19,26,Qwen3.5-9B|aime2026_pt|AIME2026-PT/19|g26,stop,1,0,1,0,1,0
377,1,13243,0,0.0018877897757305746,0.9932794683983992,0.004832741825870271,nld,44,0.005305039787798408,eng,1,"{""eng"": 3132}",panel,Qwen3.5-9B,current,think,aime2026_pt,AIME2026-PT/29,36,Qwen3.5-9B|aime2026_pt|AIME2026-PT/29|g36,stop,1,0,1,0,0,0
123,11,4380,0,0.34292237442922374,0.6317351598173516,0.025342465753424658,ita,36,0.04065040650406504,eng,1,"{""eng"": 3012}",panel,Qwen3.5-9B,current,think,aime2026_pt,AIME2026-PT/1,36,Qwen3.5-9B|aime2026_pt|AIME2026-PT/1|g36,stop,1,0,1,0,0,1
417,24,16399,0,0.10329898164522228,0.8937740106104031,0.002927007744374657,dan,26,0.007194244604316547,eng,1,"{""eng"": 3142}",panel,Qwen3.5-9B,current,think,aime2026_pt,AIME2026-PT/17,12,Qwen3.5-9B|aime2026_pt|AIME2026-PT/17|g12,stop,1,0,1,0,1,1
159,19,5796,0,0.13975155279503104,0.8473084886128365,0.012939958592132506,spa,53,0.012578616352201259,eng,1,"{""eng"": 3127}",panel,Qwen3.5-9B,current,think,aime2026_pt,AIME2026-PT/20,53,Qwen3.5-9B|aime2026_pt|AIME2026-PT/20|g53,stop,1,0,1,0,1,1
160,16,6074,0,0.1931182087586434,0.7787290088903523,0.02815278235100428,ekk,118,0.01875,eng,1,"{""eng"": 3075}",panel,Qwen3.5-9B,current,think,aime2026_pt,AIME2026-PT/16,18,Qwen3.5-9B|aime2026_pt|AIME2026-PT/16|g18,stop,1,0,1,0,1,0
222,1,8380,0,0.13257756563245823,0.8542959427207637,0.013126491646778043,slk,36,0.009009009009009009,eng,1,"{""eng"": 3525}",panel,Qwen3.5-9B,current,think,aime2026_pt,AIME2026-PT/14,44,Qwen3.5-9B|aime2026_pt|AIME2026-PT/14|g44,stop,1,0,1,1,1,1
203,4,6654,0,0.08881875563570785,0.908175533513676,0.003005710850616171,swe,20,0.0049261083743842365,eng,1,"{""eng"": 2896}",panel,Qwen3.5-9B,current,think,aime2026_pt,AIME2026-PT/24,44,Qwen3.5-9B|aime2026_pt|AIME2026-PT/24|g44,stop,1,0,1,0,1,0
371,0,12905,0,0.0,0.995350639287098,0.004649360712901976,cym,60,0.01078167115902965,eng,1,"{""eng"": 2734}",panel,Qwen3.5-9B,current,think,aime2026_pt,AIME2026-PT/29,17,Qwen3.5-9B|aime2026_pt|AIME2026-PT/29|g17,stop,1,0,1,0,1,0
95,8,3648,0,0.4706688596491228,0.5205592105263158,0.008771929824561403,swe,32,0.021052631578947368,eng+por,2,"{""eng"": 2987, ""por"": 842}",panel,Qwen3.5-9B,current,think,aime2026_pt,AIME2026-PT/1,7,Qwen3.5-9B|aime2026_pt|AIME2026-PT/1|g7,stop,1,0,1,1,1,1
366,14,14028,0,0.10058454519532364,0.8895779868833761,0.009837467921300257,fil,88,0.00546448087431694,eng+por,2,"{""eng"": 3134, ""por"": 1051}",panel,Qwen3.5-9B,current,think,aime2026_pt,AIME2026-PT/17,18,Qwen3.5-9B|aime2026_pt|AIME2026-PT/17|g18,stop,1,0,1,1,1,1
269,6,11595,0,0.06701164294954721,0.9329883570504528,0.0,,0,0.0037174721189591076,eng,1,"{""eng"": 3316}",panel,Qwen3.5-9B,current,think,aime2026_pt,AIME2026-PT/12,24,Qwen3.5-9B|aime2026_pt|AIME2026-PT/12|g24,stop,1,0,1,1,1,0
144,7,5657,0,0.24695068057274175,0.7086795121088917,0.04436980731836662,ekk,57,0.04861111111111111,eng,1,"{""eng"": 2997}",panel,Qwen3.5-9B,current,think,aime2026_pt,AIME2026-PT/16,47,Qwen3.5-9B|aime2026_pt|AIME2026-PT/16|g47,stop,1,0,1,0,1,1
286,10,10436,0,0.10109237255653507,0.8931582981985435,0.005749329244921426,cat,20,0.006993006993006993,eng,1,"{""eng"": 3571}",panel,Qwen3.5-9B,current,think,aime2026_pt,AIME2026-PT/14,55,Qwen3.5-9B|aime2026_pt|AIME2026-PT/14|g55,stop,1,0,1,1,0,1
115,2,3481,0,0.06434932490663603,0.935650675093364,0.0,,0,0.017391304347826087,eng,1,"{""eng"": 2617}",panel,Qwen3.5-9B,current,think,aime2026_pt,AIME2026-PT/23,2,Qwen3.5-9B|aime2026_pt|AIME2026-PT/23|g2,stop,1,0,1,0,1,1
218,1,7564,0,0.11938127974616605,0.8778424114225277,0.0027763088313061874,dan,21,0.0045871559633027525,eng,1,"{""eng"": 3343}",panel,Qwen3.5-9B,current,think,aime2026_pt,AIME2026-PT/27,3,Qwen3.5-9B|aime2026_pt|AIME2026-PT/27|g3,stop,1,0,1,0,1,1
169,2,6539,0,0.21073558648111332,0.753784982413213,0.03547943110567365,nld,139,0.029585798816568046,eng,1,"{""eng"": 3198}",panel,Qwen3.5-9B,current,think,aime2026_pt,AIME2026-PT/4,3,Qwen3.5-9B|aime2026_pt|AIME2026-PT/4|g3,stop,1,0,1,0,1,1
157,8,5636,0,0.1449609652235628,0.8550390347764372,0.0,,0,0.01910828025477707,eng,1,"{""eng"": 2938}",panel,Qwen3.5-9B,current,think,aime2026_pt,AIME2026-PT/5,18,Qwen3.5-9B|aime2026_pt|AIME2026-PT/5|g18,stop,1,0,1,0,1,1
203,13,9434,0,0.14384142463430147,0.8439686241255036,0.012189951240195038,spa,26,0.029556650246305417,eng,1,"{""eng"": 3348}",panel,Qwen3.5-9B,current,think,aime2026_pt,AIME2026-PT/3,2,Qwen3.5-9B|aime2026_pt|AIME2026-PT/3|g2,stop,1,0,1,1,1,1
189,3,6899,0,0.13190317437309754,0.8651978547615596,0.0028989708653428033,slk,20,0.005291005291005291,eng,1,"{""eng"": 3353}",panel,Qwen3.5-9B,current,think,aime2026_pt,AIME2026-PT/26,22,Qwen3.5-9B|aime2026_pt|AIME2026-PT/26|g22,stop,1,0,1,0,1,1
294,14,8715,0,0.10269650028686174,0.8948938611589214,0.0024096385542168677,spa,21,0.0,eng,1,"{""eng"": 2778}",panel,Qwen3.5-9B,current,think,aime2026_pt,AIME2026-PT/19,3,Qwen3.5-9B|aime2026_pt|AIME2026-PT/19|g3,stop,1,0,1,0,1,0
144,7,5153,0,0.1946438967591694,0.8012808072967204,0.004075295944110227,lvs,21,0.027777777777777776,eng,1,"{""eng"": 3095}",panel,Qwen3.5-9B,current,think,aime2026_pt,AIME2026-PT/6,17,Qwen3.5-9B|aime2026_pt|AIME2026-PT/6|g17,stop,1,0,1,0,1,1
692,36,25741,0,0.07097626354842469,0.9246727011382619,0.004351035313313391,fil,42,0.005780346820809248,eng,1,"{""eng"": 3023}",panel,Qwen3.5-9B,current,think,aime2026_pt,AIME2026-PT/17,52,Qwen3.5-9B|aime2026_pt|AIME2026-PT/17|g52,stop,0,0,0,0,0,0
279,4,10377,0,0.12306061482123928,0.8725065047701648,0.004432880408595933,ekk,46,0.014336917562724014,eng,1,"{""eng"": 3044}",panel,Qwen3.5-9B,current,think,aime2026_pt,AIME2026-PT/12,29,Qwen3.5-9B|aime2026_pt|AIME2026-PT/12|g29,stop,1,0,1,0,1,1
358,4,15863,0,0.07558469394187732,0.9198134022568241,0.0046019038012986195,slk,25,0.008379888268156424,eng,1,"{""eng"": 3244}",panel,Qwen3.5-9B,current,think,aime2026_pt,AIME2026-PT/21,8,Qwen3.5-9B|aime2026_pt|AIME2026-PT/21|g8,stop,1,0,1,0,1,1
259,12,12235,0,0.1409889660809154,0.8520637515324888,0.006947282386595832,bem,22,0.03088803088803089,eng,1,"{""eng"": 3349}",panel,Qwen3.5-9B,current,think,aime2026_pt,AIME2026-PT/3,23,Qwen3.5-9B|aime2026_pt|AIME2026-PT/3|g23,stop,1,1,1,0,1,1
294,4,10520,0,0.0841254752851711,0.9086501901140684,0.007224334600760456,ron,29,0.01020408163265306,eng,1,"{""eng"": 2983}",panel,Qwen3.5-9B,current,think,aime2026_pt,AIME2026-PT/18,43,Qwen3.5-9B|aime2026_pt|AIME2026-PT/18|g43,stop,1,0,1,0,1,1
236,0,7363,0,0.0,0.9940241749286975,0.0059758250713024584,lvs,22,0.00423728813559322,eng,1,"{""eng"": 2778}",panel,Qwen3.5-9B,current,think,aime2026_pt,AIME2026-PT/13,29,Qwen3.5-9B|aime2026_pt|AIME2026-PT/13|g29,stop,0,0,1,0,1,0
153,0,6010,0,0.15357737104825292,0.8429284525790349,0.0034941763727121466,ekk,21,0.006535947712418301,eng,1,"{""eng"": 3195}",panel,Qwen3.5-9B,current,think,aime2026_pt,AIME2026-PT/26,20,Qwen3.5-9B|aime2026_pt|AIME2026-PT/26|g20,stop,1,1,1,0,1,1
231,16,8461,0,0.041720836780522394,0.9498877201276444,0.008391443091833116,ron,29,0.012987012987012988,eng,1,"{""eng"": 3456}",panel,Qwen3.5-9B,current,think,aime2026_pt,AIME2026-PT/10,58,Qwen3.5-9B|aime2026_pt|AIME2026-PT/10|g58,stop,0,0,1,0,1,0
429,0,15728,0,0.0,0.9874745676500508,0.012525432349949135,xho,56,0.016317016317016316,eng,1,"{""eng"": 3133}",panel,Qwen3.5-9B,current,think,aime2026_pt,AIME2026-PT/28,61,Qwen3.5-9B|aime2026_pt|AIME2026-PT/28|g61,stop,1,1,1,1,1,1
167,3,6071,0,0.181518695437325,0.7802668423653434,0.03821446219733158,nld,156,0.029940119760479042,eng,1,"{""eng"": 3152}",panel,Qwen3.5-9B,current,think,aime2026_pt,AIME2026-PT/7,38,Qwen3.5-9B|aime2026_pt|AIME2026-PT/7|g38,stop,1,0,1,0,1,0
117,7,4134,0,0.17464925012094823,0.7960812772133526,0.02926947266569908,wes,53,0.017094017094017096,eng,1,"{""eng"": 3144}",panel,Qwen3.5-9B,current,think,aime2026_pt,AIME2026-PT/20,49,Qwen3.5-9B|aime2026_pt|AIME2026-PT/20|g49,stop,1,0,1,1,1,1
144,6,5720,0,0.33776223776223774,0.6538461538461539,0.008391608391608392,lvs,26,0.041666666666666664,eng,1,"{""eng"": 2938}",panel,Qwen3.5-9B,current,think,aime2026_pt,AIME2026-PT/16,1,Qwen3.5-9B|aime2026_pt|AIME2026-PT/16|g1,stop,1,0,1,1,1,1
214,9,7016,0,0.12428734321550741,0.8677309007981756,0.00798175598631699,lvs,29,0.02336448598130841,eng,1,"{""eng"": 2899}",panel,Qwen3.5-9B,current,think,aime2026_pt,AIME2026-PT/25,44,Qwen3.5-9B|aime2026_pt|AIME2026-PT/25|g44,stop,1,0,1,0,1,1
193,2,6721,0,0.10266329415265585,0.8973367058473442,0.0,,0,0.0051813471502590676,eng,1,"{""eng"": 3301}",panel,Qwen3.5-9B,current,think,aime2026_pt,AIME2026-PT/27,11,Qwen3.5-9B|aime2026_pt|AIME2026-PT/27|g11,stop,1,1,1,0,1,1
338,11,12018,0,0.10650690630720586,0.8915792977200865,0.0019137959727076053,fur,23,0.0,eng,1,"{""eng"": 3399}",panel,Qwen3.5-9B,current,think,aime2026_pt,AIME2026-PT/9,9,Qwen3.5-9B|aime2026_pt|AIME2026-PT/9|g9,stop,1,1,1,1,1,1
89,4,3245,0,0.2536209553158706,0.7340523882896764,0.012326656394453005,nld,40,0.02247191011235955,eng,1,"{""eng"": 3044}",panel,Qwen3.5-9B,current,think,aime2026_pt,AIME2026-PT/5,24,Qwen3.5-9B|aime2026_pt|AIME2026-PT/5|g24,stop,1,0,1,0,1,1
187,7,7919,0,0.10822073494128047,0.8763732794544766,0.01540598560424296,nld,95,0.0053475935828877,eng,1,"{""eng"": 3420}",panel,Qwen3.5-9B,current,think,aime2026_pt,AIME2026-PT/22,58,Qwen3.5-9B|aime2026_pt|AIME2026-PT/22|g58,stop,1,0,1,0,1,1
319,4,13292,0,0.08283177851339152,0.9136322600060186,0.0035359614805898286,slk,25,0.01567398119122257,eng,1,"{""eng"": 3129}",panel,Qwen3.5-9B,current,think,aime2026_pt,AIME2026-PT/21,42,Qwen3.5-9B|aime2026_pt|AIME2026-PT/21|g42,stop,1,0,1,0,1,1
270,18,12178,0,0.08720643783872557,0.9083593365084579,0.004434225652816554,lvs,29,0.025925925925925925,eng,1,"{""eng"": 3357}",panel,Qwen3.5-9B,current,think,aime2026_pt,AIME2026-PT/3,19,Qwen3.5-9B|aime2026_pt|AIME2026-PT/3|g19,stop,1,1,1,1,1,1
212,10,7286,0,0.17650288223991217,0.8119681581114466,0.01152895964864123,spa,40,0.0047169811320754715,eng,1,"{""eng"": 2798}",panel,Qwen3.5-9B,current,think,aime2026_pt,AIME2026-PT/19,56,Qwen3.5-9B|aime2026_pt|AIME2026-PT/19|g56,stop,1,1,1,0,1,0
468,2,17227,0,0.0,0.990422011957973,0.009577988042027051,nld,59,0.00641025641025641,eng,1,"{""eng"": 3397}",panel,Qwen3.5-9B,current,think,aime2026_pt,AIME2026-PT/28,42,Qwen3.5-9B|aime2026_pt|AIME2026-PT/28|g42,stop,1,0,1,0,1,0
167,3,6943,0,0.18695088578424313,0.7949013394786115,0.018147774737145326,nld,83,0.023952095808383235,eng,1,"{""eng"": 3130}",panel,Qwen3.5-9B,current,think,aime2026_pt,AIME2026-PT/7,49,Qwen3.5-9B|aime2026_pt|AIME2026-PT/7|g49,stop,1,0,1,0,1,0
100,12,4081,0,0.4158294535653026,0.5689781916197011,0.015192354814996324,spa,42,0.02,eng+por,2,"{""eng"": 2792, ""por"": 907}",panel,Qwen3.5-9B,current,think,aime2026_pt,AIME2026-PT/1,59,Qwen3.5-9B|aime2026_pt|AIME2026-PT/1|g59,stop,1,0,1,1,1,1
430,37,16981,0,0.12808432954478535,0.8693245391908604,0.0025911312643542785,ekk,24,0.004651162790697674,eng,1,"{""eng"": 3255}",panel,Qwen3.5-9B,current,think,aime2026_pt,AIME2026-PT/17,36,Qwen3.5-9B|aime2026_pt|AIME2026-PT/17|g36,stop,1,0,1,0,1,1
120,12,4305,0,0.2067363530778165,0.770267131242741,0.022996515679442508,spa,32,0.025,eng,1,"{""eng"": 3303}",panel,Qwen3.5-9B,current,think,aime2026_pt,AIME2026-PT/20,48,Qwen3.5-9B|aime2026_pt|AIME2026-PT/20|g48,stop,1,0,1,1,0,1
237,11,9110,0,0.10878155872667399,0.8826564215148189,0.008562019758507134,nld,31,0.02531645569620253,eng,1,"{""eng"": 3257}",panel,Qwen3.5-9B,current,think,aime2026_pt,AIME2026-PT/14,43,Qwen3.5-9B|aime2026_pt|AIME2026-PT/14|g43,stop,1,0,1,1,1,1
178,4,5756,0,0.2032661570535094,0.7894371091035441,0.007296733842946491,pap,22,0.011235955056179775,eng,1,"{""eng"": 2785}",panel,Qwen3.5-9B,current,think,aime2026_pt,AIME2026-PT/24,15,Qwen3.5-9B|aime2026_pt|AIME2026-PT/24|g15,stop,1,0,1,1,1,0
165,1,5843,0,0.14975183980831763,0.8456272462775971,0.00462091391408523,slk,27,0.012121212121212121,eng,1,"{""eng"": 3086}",panel,Qwen3.5-9B,current,think,aime2026_pt,AIME2026-PT/27,41,Qwen3.5-9B|aime2026_pt|AIME2026-PT/27|g41,stop,1,0,1,1,1,0
140,6,4842,0,0.14560099132589838,0.8327137546468402,0.02168525402726146,ast,29,0.007142857142857143,eng,1,"{""eng"": 2777}",panel,Qwen3.5-9B,current,think,aime2026_pt,AIME2026-PT/2,53,Qwen3.5-9B|aime2026_pt|AIME2026-PT/2|g53,stop,1,0,1,1,1,1
175,7,6653,0,0.21028107620622274,0.7825041334736209,0.00721479032015632,spa,25,0.005714285714285714,eng,1,"{""eng"": 3332}",panel,Qwen3.5-9B,current,think,aime2026_pt,AIME2026-PT/4,43,Qwen3.5-9B|aime2026_pt|AIME2026-PT/4|g43,stop,1,0,1,0,1,1
309,1,13979,0,0.04234923814292868,0.9539308963445168,0.0037198655125545463,wes,31,0.009708737864077669,eng,1,"{""eng"": 3828}",panel,Qwen3.5-9B,current,think,aime2026_pt,AIME2026-PT/22,40,Qwen3.5-9B|aime2026_pt|AIME2026-PT/22|g40,stop,1,0,1,1,1,0
184,14,8223,0,0.16879484373099843,0.8127204183388058,0.018484737930195793,ekk,52,0.04891304347826087,eng,1,"{""eng"": 3385}",panel,Qwen3.5-9B,current,think,aime2026_pt,AIME2026-PT/3,6,Qwen3.5-9B|aime2026_pt|AIME2026-PT/3|g6,stop,1,0,1,1,1,1
268,1,9910,0,0.08577194752774975,0.9118062563067608,0.0024217961654894047,slk,24,0.0,eng,1,"{""eng"": 3404}",panel,Qwen3.5-9B,current,think,aime2026_pt,AIME2026-PT/26,27,Qwen3.5-9B|aime2026_pt|AIME2026-PT/26|g27,stop,1,0,1,0,1,1
145,0,5518,0,0.1716201522290685,0.7807176513229431,0.0476621964479884,nld,154,0.027586206896551724,eng,1,"{""eng"": 3099}",panel,Qwen3.5-9B,current,think,aime2026_pt,AIME2026-PT/7,48,Qwen3.5-9B|aime2026_pt|AIME2026-PT/7|g48,stop,1,0,1,1,1,0
141,5,4912,0,0.15818403908794787,0.8318403908794788,0.009975570032573289,quh,26,0.02127659574468085,eng,1,"{""eng"": 3214}",panel,Qwen3.5-9B,current,think,aime2026_pt,AIME2026-PT/6,13,Qwen3.5-9B|aime2026_pt|AIME2026-PT/6|g13,stop,1,0,1,1,1,1
248,4,10589,0,0.13287373689677967,0.863348758145245,0.0037775049579752574,nld,20,0.012096774193548387,eng,1,"{""eng"": 3214}",panel,Qwen3.5-9B,current,think,aime2026_pt,AIME2026-PT/12,57,Qwen3.5-9B|aime2026_pt|AIME2026-PT/12|g57,stop,1,0,1,0,1,1
126,7,4561,0,0.261346196009647,0.7099320324490244,0.028721771541328656,wes,53,0.031746031746031744,eng,1,"{""eng"": 3104}",panel,Qwen3.5-9B,current,think,aime2026_pt,AIME2026-PT/20,4,Qwen3.5-9B|aime2026_pt|AIME2026-PT/20|g4,stop,1,0,1,0,1,1
119,7,4758,0,0.24001681378730558,0.7421185372005045,0.017864649012189995,kin,23,0.03361344537815126,eng,1,"{""eng"": 3271}",panel,Qwen3.5-9B,current,think,aime2026_pt,AIME2026-PT/16,17,Qwen3.5-9B|aime2026_pt|AIME2026-PT/16|g17,stop,1,0,1,0,1,0
210,8,7207,0,0.11849590675731927,0.8729013459136951,0.008602747328985708,kin,21,0.02857142857142857,eng,1,"{""eng"": 2974}",panel,Qwen3.5-9B,current,think,aime2026_pt,AIME2026-PT/25,28,Qwen3.5-9B|aime2026_pt|AIME2026-PT/25|g28,stop,1,0,1,0,1,1
187,4,6946,0,0.11215087820328247,0.8878491217967175,0.0,,0,0.0,eng,1,"{""eng"": 3008}",panel,Qwen3.5-9B,current,think,aime2026_pt,AIME2026-PT/24,62,Qwen3.5-9B|aime2026_pt|AIME2026-PT/24|g62,stop,1,0,1,0,1,1
132,0,4294,0,0.0,0.9888216115510013,0.011178388448998603,deu,48,0.022727272727272728,eng,1,"{""eng"": 3006}",panel,Qwen3.5-9B,current,think,aime2026_pt,AIME2026-PT/27,20,Qwen3.5-9B|aime2026_pt|AIME2026-PT/27|g20,stop,1,0,1,0,0,0
369,17,13929,0,0.15657979754469092,0.8359537655251633,0.007466436930145739,nld,48,0.013550135501355014,eng,1,"{""eng"": 3471}",panel,Qwen3.5-9B,current,think,aime2026_pt,AIME2026-PT/9,60,Qwen3.5-9B|aime2026_pt|AIME2026-PT/9|g60,stop,1,0,1,1,1,1
209,1,7590,0,0.11251646903820817,0.8815546772068511,0.005928853754940711,dan,25,0.014354066985645933,eng,1,"{""eng"": 3175}",panel,Qwen3.5-9B,current,think,aime2026_tr,AIME2026-TR/26,0,Qwen3.5-9B|aime2026_tr|AIME2026-TR/26|g0,stop,1,0,1,0,0,0
140,4,5420,0,0.17638376383763837,0.8084870848708487,0.015129151291512915,por,29,0.03571428571428571,eng,1,"{""eng"": 3234}",panel,Qwen3.5-9B,current,think,aime2026_tr,AIME2026-TR/14,52,Qwen3.5-9B|aime2026_tr|AIME2026-TR/14|g52,stop,1,0,1,1,1,1
262,11,8631,0,0.12524620553817634,0.8532035685320357,0.021550225929787975,fuv,108,0.019083969465648856,eng,1,"{""eng"": 3006}",panel,Qwen3.5-9B,current,think,aime2026_tr,AIME2026-TR/25,19,Qwen3.5-9B|aime2026_tr|AIME2026-TR/25|g19,stop,1,0,1,0,1,1
128,5,4416,0,0.21173007246376813,0.7882699275362319,0.0,,0,0.0234375,eng,1,"{""eng"": 2726}",panel,Qwen3.5-9B,current,think,aime2026_tr,AIME2026-TR/2,6,Qwen3.5-9B|aime2026_tr|AIME2026-TR/2|g6,stop,1,0,1,0,1,1
300,3,9715,0,0.10725681935151828,0.8811116829644879,0.011631497683993824,nld,67,0.016666666666666666,eng,1,"{""eng"": 2728}",panel,Qwen3.5-9B,current,think,aime2026_tr,AIME2026-TR/18,56,Qwen3.5-9B|aime2026_tr|AIME2026-TR/18|g56,stop,1,0,1,0,1,1
202,5,8676,0,0.17738589211618258,0.8169663439372983,0.005647763946519133,slk,27,0.0049504950495049506,eng,1,"{""eng"": 3401}",panel,Qwen3.5-9B,current,think,aime2026_tr,AIME2026-TR/22,39,Qwen3.5-9B|aime2026_tr|AIME2026-TR/22|g39,stop,1,1,1,1,1,1
114,2,4216,0,0.21869070208728653,0.7760910815939279,0.005218216318785579,swe,22,0.0,eng,1,"{""eng"": 3460}",panel,Qwen3.5-9B,current,think,aime2026_tr,AIME2026-TR/6,56,Qwen3.5-9B|aime2026_tr|AIME2026-TR/6|g56,stop,1,0,1,0,1,1
208,21,9393,0,0.2058980091557543,0.7892047269243053,0.0048972639199403815,ekk,24,0.04326923076923077,eng+tur,2,"{""eng"": 3043, ""tur"": 606}",panel,Qwen3.5-9B,current,think,aime2026_tr,AIME2026-TR/3,13,Qwen3.5-9B|aime2026_tr|AIME2026-TR/3|g13,stop,1,0,1,1,1,1
125,1,4858,0,0.3242074927953891,0.6282420749279539,0.04755043227665706,ekk,66,0.072,eng,1,"{""eng"": 3106}",panel,Qwen3.5-9B,current,think,aime2026_tr,AIME2026-TR/16,27,Qwen3.5-9B|aime2026_tr|AIME2026-TR/16|g27,stop,1,0,1,0,1,1
108,12,3849,0,0.2985190958690569,0.6625097427903351,0.03897116134060795,slv,57,0.037037037037037035,eng,1,"{""eng"": 3081}",panel,Qwen3.5-9B,current,think,aime2026_tr,AIME2026-TR/5,36,Qwen3.5-9B|aime2026_tr|AIME2026-TR/5|g36,stop,1,0,1,1,1,1
128,6,4325,0,0.1921387283236994,0.8078612716763006,0.0,,0,0.03125,eng,1,"{""eng"": 3261}",panel,Qwen3.5-9B,current,think,aime2026_tr,AIME2026-TR/20,19,Qwen3.5-9B|aime2026_tr|AIME2026-TR/20|g19,stop,1,0,1,0,1,0
164,0,5224,0,0.06584992343032159,0.9341500765696784,0.0,,0,0.012195121951219513,eng,1,"{""eng"": 3042}",panel,Qwen3.5-9B,current,think,aime2026_tr,AIME2026-TR/13,1,Qwen3.5-9B|aime2026_tr|AIME2026-TR/13|g1,stop,1,0,1,0,1,0
134,5,4772,0,0.2652975691533948,0.7305113160100587,0.004191114836546521,fra,20,0.007462686567164179,eng,1,"{""eng"": 2688}",panel,Qwen3.5-9B,current,think,aime2026_tr,AIME2026-TR/24,30,Qwen3.5-9B|aime2026_tr|AIME2026-TR/24|g30,stop,1,0,1,1,1,1
214,8,8854,0,0.08402981703185002,0.9089676982154958,0.007002484752654168,dan,32,0.02336448598130841,eng,1,"{""eng"": 3299}",panel,Qwen3.5-9B,current,think,aime2026_tr,AIME2026-TR/12,14,Qwen3.5-9B|aime2026_tr|AIME2026-TR/12|g14,stop,1,1,1,1,1,1
433,1,15281,0,0.11641908252077744,0.8755971467835875,0.007983770695635103,slv,58,0.009237875288683603,eng,1,"{""eng"": 3171}",panel,Qwen3.5-9B,current,think,aime2026_tr,AIME2026-TR/28,59,Qwen3.5-9B|aime2026_tr|AIME2026-TR/28|g59,stop,1,0,1,0,0,0
185,4,7272,0,0.17367986798679869,0.8132563256325632,0.013063806380638063,dan,28,0.02702702702702703,eng,1,"{""eng"": 3377}",panel,Qwen3.5-9B,current,think,aime2026_tr,AIME2026-TR/14,36,Qwen3.5-9B|aime2026_tr|AIME2026-TR/14|g36,stop,1,0,1,0,0,1
172,2,6240,0,0.16778846153846153,0.8177884615384615,0.014423076923076924,ces,35,0.029069767441860465,eng,1,"{""eng"": 2953}",panel,Qwen3.5-9B,current,think,aime2026_tr,AIME2026-TR/25,15,Qwen3.5-9B|aime2026_tr|AIME2026-TR/25|g15,stop,1,0,1,1,1,1
123,5,4907,0,0.3065009170572651,0.6843285102914204,0.009170572651314449,kin,25,0.016260162601626018,eng,1,"{""eng"": 2831}",panel,Qwen3.5-9B,current,think,aime2026_tr,AIME2026-TR/2,22,Qwen3.5-9B|aime2026_tr|AIME2026-TR/2|g22,stop,1,0,1,0,0,1
145,1,5776,0,0.22160664819944598,0.7531163434903048,0.02527700831024931,ekk,71,0.08275862068965517,eng,1,"{""eng"": 2992}",panel,Qwen3.5-9B,current,think,aime2026_tr,AIME2026-TR/7,37,Qwen3.5-9B|aime2026_tr|AIME2026-TR/7|g37,stop,1,0,1,0,1,0
197,2,7521,0,0.1719186278420423,0.8244914240127642,0.0035899481451934583,swe,27,0.01015228426395939,eng,1,"{""eng"": 3237}",panel,Qwen3.5-9B,current,think,aime2026_tr,AIME2026-TR/6,16,Qwen3.5-9B|aime2026_tr|AIME2026-TR/6|g16,stop,1,0,1,0,1,1
251,12,11823,0,0.22726888268628945,0.7678254250190307,0.004905692294679861,dan,38,0.027888446215139442,eng,1,"{""eng"": 3219}",panel,Qwen3.5-9B,current,think,aime2026_tr,AIME2026-TR/3,42,Qwen3.5-9B|aime2026_tr|AIME2026-TR/3|g42,stop,1,0,1,0,1,1
317,19,12058,0,0.19207165367390944,0.803035329241997,0.004893017084093548,arr,39,0.0031545741324921135,eng+tur,2,"{""eng"": 3326, ""tur"": 764}",panel,Qwen3.5-9B,current,think,aime2026_tr,AIME2026-TR/17,39,Qwen3.5-9B|aime2026_tr|AIME2026-TR/17|g39,stop,1,0,1,0,0,1
114,10,3629,0,0.16864149903554698,0.8195095067511711,0.011848994213281895,kin,22,0.017543859649122806,eng,1,"{""eng"": 2695}",panel,Qwen3.5-9B,current,think,aime2026_tr,AIME2026-TR/23,28,Qwen3.5-9B|aime2026_tr|AIME2026-TR/23|g28,stop,1,0,1,0,1,1
265,3,10472,0,0.16291061879297172,0.8308823529411765,0.006207028265851795,ekk,42,0.011320754716981131,eng,1,"{""eng"": 3453}",panel,Qwen3.5-9B,current,think,aime2026_tr,AIME2026-TR/9,50,Qwen3.5-9B|aime2026_tr|AIME2026-TR/9|g50,stop,1,0,1,1,1,1
131,4,4427,0,0.20962276936977636,0.7677885701377908,0.0225886604924328,swg,100,0.015267175572519083,eng,1,"{""eng"": 2183}",panel,Qwen3.5-9B,current,think,aime2026_tr,AIME2026-TR/24,28,Qwen3.5-9B|aime2026_tr|AIME2026-TR/24|g28,stop,1,0,1,0,1,0
163,1,6615,0,0.29402872260015117,0.7059712773998488,0.0,,0,0.012269938650306749,eng,1,"{""eng"": 3132}",panel,Qwen3.5-9B,current,think,aime2026_tr,AIME2026-TR/2,12,Qwen3.5-9B|aime2026_tr|AIME2026-TR/2|g12,stop,1,0,1,1,1,1
210,5,7270,0,0.18459422283356258,0.7894085281980743,0.025997248968363137,swe,60,0.02857142857142857,eng,1,"{""eng"": 2979}",panel,Qwen3.5-9B,current,think,aime2026_tr,AIME2026-TR/18,24,Qwen3.5-9B|aime2026_tr|AIME2026-TR/18|g24,stop,1,0,1,0,1,1
110,0,4969,0,0.31897766150130813,0.6655262628295432,0.015496075669148722,nld,77,0.03636363636363636,eng,1,"{""eng"": 2868}",panel,Qwen3.5-9B,current,think,aime2026_tr,AIME2026-TR/7,23,Qwen3.5-9B|aime2026_tr|AIME2026-TR/7|g23,stop,1,0,1,1,1,1
208,1,8248,0,0.08753637245392823,0.9095538312318138,0.002909796314258002,bcl,24,0.009615384615384616,eng,1,"{""eng"": 3165}",panel,Qwen3.5-9B,current,think,aime2026_tr,AIME2026-TR/27,13,Qwen3.5-9B|aime2026_tr|AIME2026-TR/27|g13,stop,1,0,1,1,0,0
109,2,4121,0,0.2751759281727736,0.7078379034214997,0.016986168405726764,lvs,48,0.027522935779816515,eng,1,"{""eng"": 3222}",panel,Qwen3.5-9B,current,think,aime2026_tr,AIME2026-TR/6,52,Qwen3.5-9B|aime2026_tr|AIME2026-TR/6|g52,stop,1,0,1,1,1,1
87,2,3005,0,0.37071547420965056,0.6046589018302828,0.024625623960066557,lvs,46,0.022988505747126436,eng+tur,2,"{""tur"": 1404, ""eng"": 2499}",panel,Qwen3.5-9B,current,think,aime2026_tr,AIME2026-TR/16,45,Qwen3.5-9B|aime2026_tr|AIME2026-TR/16|g45,stop,1,0,1,0,1,1
100,10,3439,0,0.20441988950276244,0.7955801104972375,0.0,,0,0.05,eng+tur,2,"{""eng"": 2929, ""tur"": 407}",panel,Qwen3.5-9B,current,think,aime2026_tr,AIME2026-TR/5,61,Qwen3.5-9B|aime2026_tr|AIME2026-TR/5|g61,stop,1,0,1,0,1,1
251,18,10335,0,0.08872762457668118,0.8994678277697146,0.011804547653604258,hif,63,0.01593625498007968,eng,1,"{""eng"": 3574}",panel,Qwen3.5-9B,current,think,aime2026_tr,AIME2026-TR/10,42,Qwen3.5-9B|aime2026_tr|AIME2026-TR/10|g42,stop,1,0,1,0,1,1
165,0,6342,0,0.2011983601387575,0.7923368022705771,0.006464837590665406,deu,21,0.01818181818181818,eng,1,"{""eng"": 3297}",panel,Qwen3.5-9B,current,think,aime2026_tr,AIME2026-TR/7,49,Qwen3.5-9B|aime2026_tr|AIME2026-TR/7|g49,stop,1,0,1,1,1,1
197,3,8965,0,0.20524261015058562,0.7872838817624094,0.00747350808700502,deu,46,0.015228426395939087,eng,1,"{""eng"": 3064}",panel,Qwen3.5-9B,current,think,aime2026_tr,AIME2026-TR/22,44,Qwen3.5-9B|aime2026_tr|AIME2026-TR/22|g44,stop,1,0,1,1,1,1
85,12,2946,0,0.42090970807875083,0.5790902919212492,0.0,,0,0.011764705882352941,eng+tur,2,"{""tur"": 1845, ""eng"": 2118}",panel,Qwen3.5-9B,current,think,aime2026_tr,AIME2026-TR/1,32,Qwen3.5-9B|aime2026_tr|AIME2026-TR/1|g32,stop,1,0,1,0,1,1
227,8,10450,0,0.24354066985645934,0.7466985645933014,0.009760765550239234,swe,78,0.02643171806167401,eng,1,"{""eng"": 3383}",panel,Qwen3.5-9B,current,think,aime2026_tr,AIME2026-TR/3,51,Qwen3.5-9B|aime2026_tr|AIME2026-TR/3|g51,stop,1,0,1,0,1,1
105,4,3503,0,0.36311732800456753,0.6194690265486725,0.01741364544675992,nld,40,0.02857142857142857,eng,1,"{""eng"": 2876}",panel,Qwen3.5-9B,current,think,aime2026_tr,AIME2026-TR/5,4,Qwen3.5-9B|aime2026_tr|AIME2026-TR/5|g4,stop,1,0,1,1,1,0
148,11,5052,0,0.17715756136183688,0.8184877276326208,0.00435471100554236,nld,22,0.006756756756756757,eng,1,"{""eng"": 3128}",panel,Qwen3.5-9B,current,think,aime2026_tr,AIME2026-TR/20,15,Qwen3.5-9B|aime2026_tr|AIME2026-TR/20|g15,stop,1,0,1,0,0,1
353,21,13760,0,0.1879360465116279,0.8054505813953489,0.006613372093023256,slv,25,0.0084985835694051,eng+tur,2,"{""eng"": 2991, ""tur"": 690}",panel,Qwen3.5-9B,current,think,aime2026_tr,AIME2026-TR/17,6,Qwen3.5-9B|aime2026_tr|AIME2026-TR/17|g6,stop,1,0,1,0,1,0
214,0,7730,0,0.12250970245795602,0.8742561448900388,0.003234152652005175,lat,25,0.004672897196261682,eng,1,"{""eng"": 3183}",panel,Qwen3.5-9B,current,think,aime2026_tr,AIME2026-TR/27,51,Qwen3.5-9B|aime2026_tr|AIME2026-TR/27|g51,stop,1,1,1,0,1,1
165,10,6341,0,0.14492982179466962,0.8511275824002523,0.003942595805078063,ekk,25,0.024242424242424242,eng,1,"{""eng"": 3276}",panel,Qwen3.5-9B,current,think,aime2026_tr,AIME2026-TR/22,49,Qwen3.5-9B|aime2026_tr|AIME2026-TR/22|g49,stop,1,0,1,0,1,0
139,1,5464,0,0.2075402635431918,0.7873352855051244,0.005124450951683748,lvs,28,0.007194244604316547,eng,1,"{""eng"": 3075}",panel,Qwen3.5-9B,current,think,aime2026_tr,AIME2026-TR/6,4,Qwen3.5-9B|aime2026_tr|AIME2026-TR/6|g4,stop,1,1,1,0,1,0
346,2,14107,0,0.08130715247749344,0.9124548096689586,0.006238037853547884,por,44,0.02023121387283237,eng,1,"{""eng"": 3127}",panel,Qwen3.5-9B,current,think,aime2026_tr,AIME2026-TR/21,42,Qwen3.5-9B|aime2026_tr|AIME2026-TR/21|g42,stop,1,0,1,0,1,1
303,0,10509,0,0.0,0.9758302407460272,0.024169759253972786,nld,129,0.0231023102310231,eng,1,"{""eng"": 2869}",panel,Qwen3.5-9B,current,think,aime2026_tr,AIME2026-TR/29,11,Qwen3.5-9B|aime2026_tr|AIME2026-TR/29|g11,stop,1,0,1,0,1,0
110,1,4053,0,0.32321736984949423,0.6464347396989885,0.030347890451517395,lvs,48,0.03636363636363636,eng,1,"{""eng"": 3319}",panel,Qwen3.5-9B,current,think,aime2026_tr,AIME2026-TR/16,18,Qwen3.5-9B|aime2026_tr|AIME2026-TR/16|g18,stop,1,0,1,0,1,1
91,7,3016,0,0.28945623342175064,0.6942970822281167,0.016246684350132625,nld,25,0.03296703296703297,eng+tur,2,"{""eng"": 3024, ""tur"": 431}",panel,Qwen3.5-9B,current,think,aime2026_tr,AIME2026-TR/5,24,Qwen3.5-9B|aime2026_tr|AIME2026-TR/5|g24,stop,1,0,1,1,1,1
119,12,4006,0,0.25711432850723914,0.7373939091362955,0.0054917623564653024,dan,22,0.008403361344537815,eng+tur,2,"{""eng"": 2934, ""tur"": 555}",panel,Qwen3.5-9B,current,think,aime2026_tr,AIME2026-TR/20,48,Qwen3.5-9B|aime2026_tr|AIME2026-TR/20|g48,stop,1,0,1,0,1,1
183,3,5956,0,0.12122229684351914,0.8715580926796508,0.007219610476830087,nld,23,0.01639344262295082,eng,1,"{""eng"": 2933}",panel,Qwen3.5-9B,current,think,aime2026_tr,AIME2026-TR/13,6,Qwen3.5-9B|aime2026_tr|AIME2026-TR/13|g6,stop,1,1,1,0,1,1
166,4,5402,0,0.1660496112550907,0.8121066271751203,0.021843761569788966,ekk,98,0.012048192771084338,eng,1,"{""eng"": 2499}",panel,Qwen3.5-9B,current,think,aime2026_tr,AIME2026-TR/19,19,Qwen3.5-9B|aime2026_tr|AIME2026-TR/19|g19,stop,1,0,1,1,1,0
115,5,3917,0,0.29027316824100075,0.690579525146796,0.019147306612203218,run,28,0.034782608695652174,eng,1,"{""eng"": 2699}",panel,Qwen3.5-9B,current,think,aime2026_tr,AIME2026-TR/23,49,Qwen3.5-9B|aime2026_tr|AIME2026-TR/23|g49,stop,1,1,1,0,1,1
210,6,9631,0,0.10019727961790052,0.894818814245665,0.00498390613643443,pol,25,0.014285714285714285,eng,1,"{""eng"": 3477}",panel,Qwen3.5-9B,current,think,aime2026_tr,AIME2026-TR/12,19,Qwen3.5-9B|aime2026_tr|AIME2026-TR/12|g19,stop,1,1,1,0,1,0
213,4,8222,0,0.14704451471661395,0.852955485283386,0.0,,0,0.0,eng,1,"{""eng"": 3358}",panel,Qwen3.5-9B,current,think,aime2026_tr,AIME2026-TR/26,30,Qwen3.5-9B|aime2026_tr|AIME2026-TR/26|g30,stop,1,0,1,0,1,0
219,8,7729,0,0.13132358649243112,0.8554793634364083,0.013197050071160564,kin,48,0.0136986301369863,eng,1,"{""eng"": 3068}",panel,Qwen3.5-9B,current,think,aime2026_tr,AIME2026-TR/25,28,Qwen3.5-9B|aime2026_tr|AIME2026-TR/25|g28,stop,1,1,1,0,1,1
196,5,7524,0,0.24853801169590642,0.7387028176501861,0.012759170653907496,nld,46,0.02040816326530612,eng,1,"{""eng"": 2959}",panel,Qwen3.5-9B,current,think,aime2026_tr,AIME2026-TR/4,49,Qwen3.5-9B|aime2026_tr|AIME2026-TR/4|g49,stop,1,0,1,0,1,1
198,3,6441,0,0.18599596335972676,0.8046887129327744,0.009315323707498836,bar,39,0.025252525252525252,eng,1,"{""eng"": 2767}",panel,Qwen3.5-9B,current,think,aime2026_tr,AIME2026-TR/18,35,Qwen3.5-9B|aime2026_tr|AIME2026-TR/18|g35,stop,1,0,1,0,1,1
131,8,4620,0,0.17965367965367965,0.816017316017316,0.004329004329004329,lvs,20,0.007633587786259542,eng,1,"{""eng"": 2529}",panel,Qwen3.5-9B,current,think,aime2026_tr,AIME2026-TR/19,50,Qwen3.5-9B|aime2026_tr|AIME2026-TR/19|g50,stop,1,0,1,0,1,0
421,3,16160,0,0.12153465346534653,0.874319306930693,0.004146039603960396,ekk,41,0.004750593824228029,eng,1,"{""eng"": 3140}",panel,Qwen3.5-9B,current,think,aime2026_tr,AIME2026-TR/28,2,Qwen3.5-9B|aime2026_tr|AIME2026-TR/28|g2,stop,1,1,1,1,1,1
156,1,5974,0,0.17325075326414463,0.8083361232005356,0.01841312353531972,slk,36,0.038461538461538464,eng,1,"{""eng"": 3393}",panel,Qwen3.5-9B,current,think,aime2026_tr,AIME2026-TR/14,15,Qwen3.5-9B|aime2026_tr|AIME2026-TR/14|g15,stop,1,0,1,1,1,1
192,5,6624,0,0.1408514492753623,0.8591485507246377,0.0,,0,0.010416666666666666,eng,1,"{""eng"": 2940}",panel,Qwen3.5-9B,current,think,aime2026_tr,AIME2026-TR/25,47,Qwen3.5-9B|aime2026_tr|AIME2026-TR/25|g47,stop,1,0,1,1,1,0
151,1,5676,0,0.21529245947850598,0.7626849894291755,0.022022551092318533,lvs,34,0.046357615894039736,eng,1,"{""eng"": 3031}",panel,Qwen3.5-9B,current,think,aime2026_tr,AIME2026-TR/4,57,Qwen3.5-9B|aime2026_tr|AIME2026-TR/4|g57,stop,1,0,1,0,1,0
147,5,5271,0,0.28419654714475434,0.6981597419844432,0.017643710870802503,lmo,40,0.006802721088435374,eng,1,"{""eng"": 2609}",panel,Qwen3.5-9B,current,think,aime2026_tr,AIME2026-TR/2,36,Qwen3.5-9B|aime2026_tr|AIME2026-TR/2|g36,stop,1,0,1,0,1,1
304,20,11278,0,0.06437311580067388,0.9079624046816811,0.02766447951764497,ron,178,0.013157894736842105,eng+tur,2,"{""eng"": 3258, ""tur"": 767}",panel,Qwen3.5-9B,current,think,aime2026_tr,AIME2026-TR/10,24,Qwen3.5-9B|aime2026_tr|AIME2026-TR/10|g24,stop,1,0,1,0,1,0
126,1,5337,0,0.21435263256511147,0.7567922053588159,0.0288551620760727,ekk,66,0.05555555555555555,eng,1,"{""eng"": 3124}",panel,Qwen3.5-9B,current,think,aime2026_tr,AIME2026-TR/7,32,Qwen3.5-9B|aime2026_tr|AIME2026-TR/7|g32,stop,1,0,1,0,1,0
349,14,14001,0,0.14391829155060354,0.8560817084493965,0.0,,0,0.0,eng+tur,2,"{""eng"": 3404, ""tur"": 818}",panel,Qwen3.5-9B,current,think,aime2026_tr,AIME2026-TR/17,12,Qwen3.5-9B|aime2026_tr|AIME2026-TR/17|g12,stop,1,1,1,1,0,0
174,2,5533,0,0.1279595156334719,0.8583047171516356,0.013735767214892463,pis,30,0.005747126436781609,eng,1,"{""eng"": 2655}",panel,Qwen3.5-9B,current,think,aime2026_tr,AIME2026-TR/13,15,Qwen3.5-9B|aime2026_tr|AIME2026-TR/13|g15,stop,1,0,1,0,1,1
123,9,4136,0,0.2736943907156673,0.7209864603481625,0.005319148936170213,ekk,22,0.016260162601626018,eng,1,"{""eng"": 2604}",panel,Qwen3.5-9B,current,think,aime2026_tr,AIME2026-TR/19,24,Qwen3.5-9B|aime2026_tr|AIME2026-TR/19|g24,stop,1,0,1,0,1,1
328,23,11593,0,0.16665229017510566,0.8314500129388424,0.001897696886051928,nld,22,0.003048780487804878,eng,1,"{""eng"": 3437}",panel,Qwen3.5-9B,current,think,aime2026_tr,AIME2026-TR/9,42,Qwen3.5-9B|aime2026_tr|AIME2026-TR/9|g42,stop,1,1,1,0,1,1
359,8,13357,0,0.2019165980384817,0.7945646477502433,0.003518754211274987,fra,27,0.005571030640668524,eng,1,"{""eng"": 3524}",panel,Qwen3.5-9B,current,think,aime2026_tr,AIME2026-TR/26,38,Qwen3.5-9B|aime2026_tr|AIME2026-TR/26|g38,stop,0,0,1,1,1,0
157,2,5787,0,0.20943494038361846,0.7829618109555901,0.007603248660791429,cat,22,0.03184713375796178,eng,1,"{""eng"": 3235}",panel,Qwen3.5-9B,current,think,aime2026_tr,AIME2026-TR/14,48,Qwen3.5-9B|aime2026_tr|AIME2026-TR/14|g48,stop,1,0,1,1,1,0
216,8,7629,0,0.15598374623148512,0.8331367151658147,0.010879538602700222,ekk,63,0.013888888888888888,eng,1,"{""eng"": 3071}",panel,Qwen3.5-9B,current,think,aime2026_tr,AIME2026-TR/25,44,Qwen3.5-9B|aime2026_tr|AIME2026-TR/25|g44,stop,1,0,1,0,1,1
282,3,10396,0,0.059926894959599845,0.9226625625240477,0.017410542516352445,hif,69,0.01773049645390071,eng,1,"{""eng"": 3386}",panel,Qwen3.5-9B,current,think,aime2026_tr,AIME2026-TR/10,27,Qwen3.5-9B|aime2026_tr|AIME2026-TR/10|g27,stop,1,0,1,0,1,1
364,5,15180,0,0.19301712779973648,0.803425559947299,0.0035573122529644267,swe,31,0.005494505494505495,eng,1,"{""eng"": 3539}",panel,Qwen3.5-9B,current,think,tubitak_math2026,tubitak_math2026/20,42,Qwen3.5-9B|tubitak_math2026|tubitak_math2026/20|g42,stop,1,0,1,1,1,0
247,0,8981,0,0.06992539806257655,0.9229484467208552,0.0071261552165683105,mlt,23,0.016194331983805668,eng,1,"{""eng"": 2752}",panel,Qwen3.5-9B,current,think,tubitak_math2026,tubitak_math2026/13,38,Qwen3.5-9B|tubitak_math2026|tubitak_math2026/13|g38,stop,1,1,1,0,1,0
200,1,6952,0,0.14758342922899884,0.8483889528193326,0.004027617951668585,ekk,28,0.01,eng,1,"{""eng"": 3260}",panel,Qwen3.5-9B,current,think,tubitak_math2026,tubitak_math2026/9,55,Qwen3.5-9B|tubitak_math2026|tubitak_math2026/9|g55,stop,1,0,1,0,1,1
93,1,3157,0,0.18403547671840353,0.8159645232815964,0.0,,0,0.010752688172043012,eng,1,"{""eng"": 2941}",panel,Qwen3.5-9B,current,think,tubitak_math2026,tubitak_math2026/31,49,Qwen3.5-9B|tubitak_math2026|tubitak_math2026/31|g49,stop,1,0,1,0,1,1
96,0,3561,0,0.3089019938219601,0.6849199663016007,0.006178039876439202,deu,22,0.0,eng,1,"{""eng"": 3101}",panel,Qwen3.5-9B,current,think,tubitak_math2026,tubitak_math2026/11,9,Qwen3.5-9B|tubitak_math2026|tubitak_math2026/11|g9,stop,1,0,1,1,1,1
325,3,13001,0,0.1260672255980309,0.8670871471425275,0.006845627259441581,wes,33,0.003076923076923077,eng,1,"{""eng"": 3422}",panel,Qwen3.5-9B,current,think,tubitak_math2026,tubitak_math2026/16,25,Qwen3.5-9B|tubitak_math2026|tubitak_math2026/16|g25,stop,0,0,1,0,1,0
140,0,6091,0,0.22311607289443441,0.7690034477097357,0.007880479395829913,ces,26,0.014285714285714285,eng,1,"{""eng"": 3484}",panel,Qwen3.5-9B,current,think,tubitak_math2026,tubitak_math2026/15,1,Qwen3.5-9B|tubitak_math2026|tubitak_math2026/15|g1,stop,1,0,1,0,1,1
143,2,4600,0,0.2076086956521739,0.7823913043478261,0.01,nld,26,0.03496503496503497,eng,1,"{""eng"": 2834}",panel,Qwen3.5-9B,current,think,tubitak_math2026,tubitak_math2026/1,7,Qwen3.5-9B|tubitak_math2026|tubitak_math2026/1|g7,stop,1,1,1,0,1,1
344,1,11785,21,0.08604157827747136,0.9025880356385235,0.01137038608400509,deu,66,0.011627906976744186,eng,1,"{""eng"": 3307}",panel,Qwen3.5-9B,current,think,tubitak_math2026,tubitak_math2026/9,62,Qwen3.5-9B|tubitak_math2026|tubitak_math2026/9|g62,stop,1,1,1,1,1,1
95,1,3163,0,0.2510275055327221,0.7423332279481505,0.006639266519127411,dan,21,0.0,eng,1,"{""eng"": 2950}",panel,Qwen3.5-9B,current,think,tubitak_math2026,tubitak_math2026/31,53,Qwen3.5-9B|tubitak_math2026|tubitak_math2026/31|g53,stop,1,1,1,1,0,1
98,0,3279,0,0.2674595913388228,0.6941140591643794,0.0384263494967978,fur,67,0.04081632653061224,eng,1,"{""eng"": 2855}",panel,Qwen3.5-9B,current,think,tubitak_math2026,tubitak_math2026/11,21,Qwen3.5-9B|tubitak_math2026|tubitak_math2026/11|g21,stop,1,0,1,0,1,1
286,2,10876,0,0.15226186097830086,0.8427730783376242,0.004965060684075028,ekk,28,0.006993006993006993,eng,1,"{""eng"": 3313}",panel,Qwen3.5-9B,current,think,tubitak_math2026,tubitak_math2026/16,26,Qwen3.5-9B|tubitak_math2026|tubitak_math2026/16|g26,stop,0,0,1,0,0,0
194,0,7395,0,0.14306964164976335,0.8569303583502367,0.0,,0,0.005154639175257732,eng,1,"{""eng"": 3708}",panel,Qwen3.5-9B,current,think,tubitak_math2026,tubitak_math2026/15,32,Qwen3.5-9B|tubitak_math2026|tubitak_math2026/15|g32,stop,1,0,1,0,1,0
207,4,6814,0,0.18065746991488113,0.805987672439096,0.013354857646022894,fin,25,0.014492753623188406,eng,1,"{""eng"": 2750}",panel,Qwen3.5-9B,current,think,tubitak_math2026,tubitak_math2026/1,9,Qwen3.5-9B|tubitak_math2026|tubitak_math2026/1|g9,stop,1,1,1,0,1,1
118,0,4230,0,0.21347517730496454,0.7411347517730497,0.04539007092198582,kiu,120,0.07627118644067797,eng,1,"{""eng"": 3039}",panel,Qwen3.5-9B,current,think,tubitak_math2026,tubitak_math2026/5,54,Qwen3.5-9B|tubitak_math2026|tubitak_math2026/5|g54,stop,1,0,1,0,0,1
227,13,8089,0,0.10396835208307578,0.889355915440722,0.00667573247620225,nld,54,0.00881057268722467,eng+tur,2,"{""eng"": 2790, ""tur"": 365}",panel,Qwen3.5-9B,current,think,tubitak_math2026,tubitak_math2026/29,17,Qwen3.5-9B|tubitak_math2026|tubitak_math2026/29|g17,stop,1,1,1,1,1,1
154,2,4882,0,0.14113068414584187,0.8500614502253175,0.008807865628840639,deu,22,0.045454545454545456,eng,1,"{""eng"": 2544}",panel,Qwen3.5-9B,current,think,tubitak_math2026,tubitak_math2026/21,3,Qwen3.5-9B|tubitak_math2026|tubitak_math2026/21|g3,stop,0,1,1,1,1,1
148,2,6494,0,0.3264551894056052,0.6700030797659378,0.0035417308284570372,ekk,23,0.02027027027027027,eng,1,"{""eng"": 3766}",panel,Qwen3.5-9B,current,think,tubitak_math2026,tubitak_math2026/12,20,Qwen3.5-9B|tubitak_math2026|tubitak_math2026/12|g20,stop,1,0,1,0,1,0
106,1,3501,0,0.27392173664667235,0.7260782633533276,0.0,,0,0.0,eng,1,"{""eng"": 2893}",panel,Qwen3.5-9B,current,think,tubitak_math2026,tubitak_math2026/17,7,Qwen3.5-9B|tubitak_math2026|tubitak_math2026/17|g7,stop,1,0,1,0,1,0
108,0,3643,0,0.2533626132308537,0.7466373867691463,0.0,,0,0.037037037037037035,eng,1,"{""eng"": 2555}",panel,Qwen3.5-9B,current,think,tubitak_math2026,tubitak_math2026/30,30,Qwen3.5-9B|tubitak_math2026|tubitak_math2026/30|g30,stop,1,0,1,1,1,0
148,9,5699,0,0.26180031584488506,0.7334620108791016,0.004737673276013336,dan,27,0.006756756756756757,eng,1,"{""eng"": 2889}",panel,Qwen3.5-9B,current,think,tubitak_math2026,tubitak_math2026/4,28,Qwen3.5-9B|tubitak_math2026|tubitak_math2026/4|g28,stop,1,0,1,0,1,0
431,2,17056,0,0.09099437148217636,0.8997420262664165,0.009263602251407129,wes,50,0.009280742459396751,eng,1,"{""eng"": 3454}",panel,Qwen3.5-9B,current,think,tubitak_math2026,tubitak_math2026/28,49,Qwen3.5-9B|tubitak_math2026|tubitak_math2026/28|g49,stop,0,0,1,0,1,0
237,3,10110,0,0.27398615232443124,0.7228486646884273,0.003165182987141444,fur,32,0.012658227848101266,eng,1,"{""eng"": 3813}",panel,Qwen3.5-9B,current,think,tubitak_math2026,tubitak_math2026/20,54,Qwen3.5-9B|tubitak_math2026|tubitak_math2026/20|g54,stop,1,0,1,1,1,1
168,0,5375,0,0.022325581395348838,0.9776744186046512,0.0,,0,0.0,eng,1,"{""eng"": 2810}",panel,Qwen3.5-9B,current,think,tubitak_math2026,tubitak_math2026/13,48,Qwen3.5-9B|tubitak_math2026|tubitak_math2026/13|g48,stop,1,0,1,0,1,0
113,1,3501,0,0.07969151670951156,0.913167666381034,0.007140816909454442,dan,25,0.035398230088495575,eng,1,"{""eng"": 3087}",panel,Qwen3.5-9B,current,think,tubitak_math2026,tubitak_math2026/31,21,Qwen3.5-9B|tubitak_math2026|tubitak_math2026/31|g21,stop,1,0,1,0,1,1
120,2,3867,0,0.30152573054047066,0.6870959400051719,0.011378329454357383,dan,44,0.0,eng,1,"{""eng"": 3105}",panel,Qwen3.5-9B,current,think,tubitak_math2026,tubitak_math2026/11,19,Qwen3.5-9B|tubitak_math2026|tubitak_math2026/11|g19,stop,1,0,1,0,1,1
275,2,11374,0,0.10189906804993845,0.8949358185334975,0.0031651134165640933,kin,36,0.01090909090909091,eng,1,"{""eng"": 3532}",panel,Qwen3.5-9B,current,think,tubitak_math2026,tubitak_math2026/16,59,Qwen3.5-9B|tubitak_math2026|tubitak_math2026/16|g59,stop,1,0,1,0,0,0
168,0,7485,0,0.19091516366065464,0.8061456245824983,0.0029392117568470275,slv,22,0.005952380952380952,eng,1,"{""eng"": 3788}",panel,Qwen3.5-9B,current,think,tubitak_math2026,tubitak_math2026/15,31,Qwen3.5-9B|tubitak_math2026|tubitak_math2026/15|g31,stop,1,0,1,0,1,1
176,1,5861,0,0.2646306091110732,0.7172837399761133,0.018085650912813514,fil,49,0.022727272727272728,eng,1,"{""eng"": 2736}",panel,Qwen3.5-9B,current,think,tubitak_math2026,tubitak_math2026/1,48,Qwen3.5-9B|tubitak_math2026|tubitak_math2026/1|g48,stop,1,0,1,0,1,1
144,0,5082,0,0.15879574970484062,0.803030303030303,0.03817394726485636,nld,46,0.08333333333333333,eng,1,"{""eng"": 3252}",panel,Qwen3.5-9B,current,think,tubitak_math2026,tubitak_math2026/5,53,Qwen3.5-9B|tubitak_math2026|tubitak_math2026/5|g53,stop,1,0,1,0,1,1
136,1,4146,0,0.0974433188615533,0.9025566811384467,0.0,,0,0.007352941176470588,eng,1,"{""eng"": 2810}",panel,Qwen3.5-9B,current,think,tubitak_math2026,tubitak_math2026/21,44,Qwen3.5-9B|tubitak_math2026|tubitak_math2026/21|g44,stop,1,0,1,0,0,0
211,13,9127,0,0.24794565574668564,0.7490960885285417,0.0029582557247726524,nld,27,0.009478672985781991,eng,1,"{""eng"": 3756}",panel,Qwen3.5-9B,current,think,tubitak_math2026,tubitak_math2026/12,49,Qwen3.5-9B|tubitak_math2026|tubitak_math2026/12|g49,stop,1,0,1,1,1,1
212,9,9178,0,0.26116801045979515,0.7278274133798213,0.011004576160383526,swe,31,0.0330188679245283,eng,1,"{""eng"": 3359}",panel,Qwen3.5-9B,current,think,tubitak_math2026,tubitak_math2026/12,48,Qwen3.5-9B|tubitak_math2026|tubitak_math2026/12|g48,stop,1,0,1,1,1,1
188,2,5990,0,0.11836393989983306,0.8741235392320534,0.007512520868113523,deu,24,0.010638297872340425,eng,1,"{""eng"": 3012}",panel,Qwen3.5-9B,current,think,tubitak_math2026,tubitak_math2026/17,44,Qwen3.5-9B|tubitak_math2026|tubitak_math2026/17|g44,stop,1,0,1,1,1,0
106,1,3326,0,0.11395069152134696,0.8800360793746241,0.006013229104028864,nya,20,0.009433962264150943,eng,1,"{""eng"": 2456}",panel,Qwen3.5-9B,current,think,tubitak_math2026,tubitak_math2026/30,27,Qwen3.5-9B|tubitak_math2026|tubitak_math2026/30|g27,stop,1,0,1,0,1,0
153,10,5807,0,0.20509729636645427,0.7909419665920441,0.003960737041501636,ekk,23,0.013071895424836602,eng,1,"{""eng"": 2899}",panel,Qwen3.5-9B,current,think,tubitak_math2026,tubitak_math2026/4,6,Qwen3.5-9B|tubitak_math2026|tubitak_math2026/4|g6,stop,1,0,1,1,1,1
359,1,13264,0,0.003468033775633293,0.9910283474065139,0.005503618817852835,ces,26,0.011142061281337047,eng,1,"{""eng"": 3227}",panel,Qwen3.5-9B,current,think,tubitak_math2026,tubitak_math2026/28,3,Qwen3.5-9B|tubitak_math2026|tubitak_math2026/28|g3,stop,0,0,1,0,1,0
263,5,11353,0,0.21254294019201972,0.7819078657623536,0.005549194045626707,swe,22,0.015209125475285171,eng,1,"{""eng"": 3661}",panel,Qwen3.5-9B,current,think,tubitak_math2026,tubitak_math2026/20,8,Qwen3.5-9B|tubitak_math2026|tubitak_math2026/20|g8,stop,1,0,1,0,1,0
116,0,3657,0,0.13508340169537872,0.8515176374077112,0.013398960896910036,ekk,27,0.017241379310344827,eng,1,"{""eng"": 2511}",panel,Qwen3.5-9B,current,think,tubitak_math2026,tubitak_math2026/13,26,Qwen3.5-9B|tubitak_math2026|tubitak_math2026/13|g26,stop,1,0,1,0,1,0
263,1,8768,0,0.1238594890510949,0.8710082116788321,0.0051322992700729925,lvs,23,0.0076045627376425855,eng,1,"{""eng"": 3518}",panel,Qwen3.5-9B,current,think,tubitak_math2026,tubitak_math2026/9,60,Qwen3.5-9B|tubitak_math2026|tubitak_math2026/9|g60,stop,1,1,1,0,0,1
240,1,8584,0,0.0728098788443616,0.9192684063373718,0.007921714818266543,slk,27,0.004166666666666667,eng,1,"{""eng"": 3134}",panel,Qwen3.5-9B,current,think,tubitak_math2026,tubitak_math2026/17,20,Qwen3.5-9B|tubitak_math2026|tubitak_math2026/17|g20,stop,0,0,1,1,0,0
124,1,4246,0,0.18535091851154029,0.8085256712199718,0.006123410268487989,dan,26,0.008064516129032258,eng,1,"{""eng"": 2723}",panel,Qwen3.5-9B,current,think,tubitak_math2026,tubitak_math2026/30,53,Qwen3.5-9B|tubitak_math2026|tubitak_math2026/30|g53,stop,1,0,1,0,1,1
149,10,5719,0,0.17957684909949292,0.8071341143556566,0.013289036544850499,mlt,32,0.026845637583892617,eng,1,"{""eng"": 3003}",panel,Qwen3.5-9B,current,think,tubitak_math2026,tubitak_math2026/4,23,Qwen3.5-9B|tubitak_math2026|tubitak_math2026/4|g23,stop,1,0,1,0,0,1
372,5,13958,0,0.10194870325261499,0.8930362516119787,0.0050150451354062184,ces,26,0.013440860215053764,eng,1,"{""eng"": 3349}",panel,Qwen3.5-9B,current,think,tubitak_math2026,tubitak_math2026/28,58,Qwen3.5-9B|tubitak_math2026|tubitak_math2026/28|g58,stop,0,0,1,0,0,1
257,4,11597,0,0.19194619298094334,0.7972751573682849,0.010778649650771752,fur,53,0.01556420233463035,eng,1,"{""eng"": 3602}",panel,Qwen3.5-9B,current,think,tubitak_math2026,tubitak_math2026/20,32,Qwen3.5-9B|tubitak_math2026|tubitak_math2026/20|g32,stop,1,0,1,0,1,0
151,0,4783,0,0.14279740748484215,0.8484214927869538,0.008781099728204057,deu,42,0.013245033112582781,eng,1,"{""eng"": 2627}",panel,Qwen3.5-9B,current,think,tubitak_math2026,tubitak_math2026/13,41,Qwen3.5-9B|tubitak_math2026|tubitak_math2026/13|g41,stop,1,0,1,0,1,0
253,0,9124,0,0.131521262604121,0.8535729943007453,0.014905743095133712,nld,54,0.011857707509881422,eng,1,"{""eng"": 3440}",panel,Qwen3.5-9B,current,think,tubitak_math2026,tubitak_math2026/9,15,Qwen3.5-9B|tubitak_math2026|tubitak_math2026/9|g15,stop,1,1,1,1,1,0
125,0,3916,0,0.0,0.9836567926455567,0.01634320735444331,nld,23,0.0,eng,1,"{""eng"": 3024}",panel,Qwen3.5-9B,current,think,tubitak_math2026,tubitak_math2026/31,23,Qwen3.5-9B|tubitak_math2026|tubitak_math2026/31|g23,stop,1,0,1,0,0,1
309,1,11582,0,0.10594025211535141,0.8849076152650664,0.00915213261958211,wes,56,0.003236245954692557,eng,1,"{""eng"": 3248}",panel,Qwen3.5-9B,current,think,tubitak_math2026,tubitak_math2026/16,11,Qwen3.5-9B|tubitak_math2026|tubitak_math2026/16|g11,stop,0,0,1,0,0,1
137,0,4676,0,0.17964071856287425,0.8056030795551754,0.014756201881950384,nld,46,0.021897810218978103,eng,1,"{""eng"": 3284}",panel,Qwen3.5-9B,current,think,tubitak_math2026,tubitak_math2026/15,49,Qwen3.5-9B|tubitak_math2026|tubitak_math2026/15|g49,stop,1,0,1,0,1,0
175,2,5669,0,0.2399012171458811,0.7364614570470982,0.02363732580702064,fil,70,0.017142857142857144,eng,1,"{""eng"": 2727}",panel,Qwen3.5-9B,current,think,tubitak_math2026,tubitak_math2026/1,55,Qwen3.5-9B|tubitak_math2026|tubitak_math2026/1|g55,stop,1,1,1,1,1,1
137,0,4174,0,0.12098706276952563,0.8418782942022042,0.03713464302827024,nld,109,0.043795620437956206,eng,1,"{""eng"": 2843}",panel,Qwen3.5-9B,current,think,tubitak_math2026,tubitak_math2026/5,35,Qwen3.5-9B|tubitak_math2026|tubitak_math2026/5|g35,stop,1,0,1,0,0,1
166,1,5409,0,0.07801811795156222,0.9182843409132927,0.0036975411351451285,por,20,0.0,eng,1,"{""eng"": 2851}",panel,Qwen3.5-9B,current,think,tubitak_math2026,tubitak_math2026/21,56,Qwen3.5-9B|tubitak_math2026|tubitak_math2026/21|g56,stop,0,1,1,0,0,0
155,4,6449,0,0.3203597456970073,0.6725073654830206,0.007132888819972089,lit,46,0.03870967741935484,eng,1,"{""eng"": 3662}",panel,Qwen3.5-9B,current,think,tubitak_math2026,tubitak_math2026/12,46,Qwen3.5-9B|tubitak_math2026|tubitak_math2026/12|g46,stop,1,0,1,1,1,1
132,3,4353,0,0.15161957270847692,0.8286239375143579,0.019756489777165175,por,42,0.045454545454545456,eng,1,"{""eng"": 3012}",panel,Qwen3.5-9B,current,think,tubitak_math2026,tubitak_math2026/17,16,Qwen3.5-9B|tubitak_math2026|tubitak_math2026/17|g16,stop,1,0,1,0,1,1
146,8,5863,0,0.25140712945590993,0.7419409858434248,0.0066518847006651885,kiu,39,0.00684931506849315,eng,1,"{""eng"": 2988}",panel,Qwen3.5-9B,current,think,tubitak_math2026,tubitak_math2026/4,55,Qwen3.5-9B|tubitak_math2026|tubitak_math2026/4|g55,stop,1,0,1,0,1,0
402,21,15439,0,0.10551201502687999,0.8900835546343675,0.0044044303387525095,hun,25,0.004975124378109453,eng,1,"{""eng"": 3443}",panel,Qwen3.5-9B,current,think,tubitak_math2026,tubitak_math2026/28,34,Qwen3.5-9B|tubitak_math2026|tubitak_math2026/28|g34,stop,0,0,1,0,1,0
276,6,12488,0,0.26097053171044204,0.7347053171044202,0.0043241511851377324,ita,30,0.010869565217391304,eng,1,"{""eng"": 3495}",panel,Qwen3.5-9B,current,think,tubitak_math2026,tubitak_math2026/20,53,Qwen3.5-9B|tubitak_math2026|tubitak_math2026/20|g53,stop,1,0,1,0,1,0
171,0,5632,0,0.08611505681818182,0.9096235795454546,0.004261363636363636,por,24,0.023391812865497075,eng,1,"{""eng"": 2657}",panel,Qwen3.5-9B,current,think,tubitak_math2026,tubitak_math2026/13,24,Qwen3.5-9B|tubitak_math2026|tubitak_math2026/13|g24,stop,1,0,1,0,1,0
164,1,6000,0,0.189,0.802,0.009,lvs,32,0.018292682926829267,eng,1,"{""eng"": 3222}",panel,Qwen3.5-9B,current,think,tubitak_math2026,tubitak_math2026/9,44,Qwen3.5-9B|tubitak_math2026|tubitak_math2026/9|g44,stop,1,1,1,1,1,1
134,0,4125,0,0.13503030303030303,0.8649696969696969,0.0,,0,0.007462686567164179,eng,1,"{""eng"": 3019}",panel,Qwen3.5-9B,current,think,tubitak_math2026,tubitak_math2026/31,56,Qwen3.5-9B|tubitak_math2026|tubitak_math2026/31|g56,stop,1,1,1,1,1,1
102,0,3718,0,0.40693921463152233,0.5871436256051641,0.005917159763313609,dan,22,0.0392156862745098,eng,1,"{""eng"": 3050}",panel,Qwen3.5-9B,current,think,tubitak_math2026,tubitak_math2026/11,40,Qwen3.5-9B|tubitak_math2026|tubitak_math2026/11|g40,stop,1,0,1,0,1,1
362,2,14161,0,0.07993785749593955,0.918649812866323,0.0014123296377374478,por,20,0.0027624309392265192,eng,1,"{""eng"": 3106}",panel,Qwen3.5-9B,current,think,tubitak_math2026,tubitak_math2026/16,47,Qwen3.5-9B|tubitak_math2026|tubitak_math2026/16|g47,stop,0,0,1,0,1,0
131,0,5078,0,0.2660496258369437,0.7241039779440724,0.009846396218983852,ita,27,0.03816793893129771,eng,1,"{""eng"": 3266}",panel,Qwen3.5-9B,current,think,tubitak_math2026,tubitak_math2026/15,43,Qwen3.5-9B|tubitak_math2026|tubitak_math2026/15|g43,stop,1,0,1,0,1,1
83,11,3315,0,0.32518853695324285,0.6603318250377074,0.014479638009049774,lvs,48,0.04819277108433735,eng+por,2,"{""eng"": 2654, ""por"": 1418}",panel,Qwen3.5-9B,current,think,pt_exams_math,pt_exams_math/10,14,Qwen3.5-9B|pt_exams_math|pt_exams_math/10|g14,stop,1,0,1,0,1,0
164,8,8363,0,0.18354657419586273,0.8061700346765515,0.010283391127585794,lvs,38,0.054878048780487805,eng,1,"{""eng"": 3345}",panel,Qwen3.5-9B,current,think,pt_exams_math,pt_exams_math/133,6,Qwen3.5-9B|pt_exams_math|pt_exams_math/133|g6,stop,1,1,1,0,1,1
46,3,1952,0,0.29405737704918034,0.7059426229508197,0.0,,0,0.08695652173913043,eng+por,2,"{""eng"": 1705, ""por"": 898}",panel,Qwen3.5-9B,current,think,pt_exams_math,pt_exams_math/75,7,Qwen3.5-9B|pt_exams_math|pt_exams_math/75|g7,stop,1,0,1,0,1,1
187,9,7474,0,0.29756489162429756,0.675943270002676,0.026491838373026492,fra,83,0.0748663101604278,eng+por,2,"{""eng"": 3588, ""por"": 962}",panel,Qwen3.5-9B,current,think,pt_exams_math,pt_exams_math/5,3,Qwen3.5-9B|pt_exams_math|pt_exams_math/5|g3,stop,1,0,1,1,1,1
64,2,2456,0,0.34324104234527686,0.6567589576547231,0.0,,0,0.03125,eng+por,2,"{""por"": 1588, ""eng"": 1924}",panel,Qwen3.5-9B,current,think,pt_exams_math,pt_exams_math/121,14,Qwen3.5-9B|pt_exams_math|pt_exams_math/121|g14,stop,1,0,1,0,1,1
39,0,1498,0,0.38384512683578104,0.540720961281709,0.07543391188251002,spa,41,0.07692307692307693,eng+por,2,"{""por"": 918, ""eng"": 1045}",panel,Qwen3.5-9B,current,think,pt_exams_math,pt_exams_math/69,7,Qwen3.5-9B|pt_exams_math|pt_exams_math/69|g7,stop,1,0,1,0,1,0
96,7,4262,0,0.21374941342092915,0.7761614265603003,0.01008916001877053,slv,22,0.0625,eng,1,"{""eng"": 3581}",panel,Qwen3.5-9B,current,think,pt_exams_math,pt_exams_math/119,12,Qwen3.5-9B|pt_exams_math|pt_exams_math/119|g12,stop,1,0,1,0,1,1
37,1,1408,0,0.4453125,0.4914772727272727,0.06321022727272728,kea,48,0.08108108108108109,por+eng,2,"{""por"": 978, ""eng"": 930}",panel,Qwen3.5-9B,current,think,pt_exams_math,pt_exams_math/19,0,Qwen3.5-9B|pt_exams_math|pt_exams_math/19|g0,stop,1,0,1,0,1,0
84,1,4151,0,0.1691158756926042,0.8166706817634305,0.01421344254396531,deu,38,0.047619047619047616,eng,1,"{""eng"": 3875}",panel,Qwen3.5-9B,current,think,pt_exams_math,pt_exams_math/47,4,Qwen3.5-9B|pt_exams_math|pt_exams_math/47|g4,stop,1,0,1,0,1,1
62,0,2209,0,0.2272521502942508,0.7727478497057492,0.0,,0,0.03225806451612903,eng+por,2,"{""eng"": 2151, ""por"": 886}",panel,Qwen3.5-9B,current,think,pt_exams_math,pt_exams_math/60,6,Qwen3.5-9B|pt_exams_math|pt_exams_math/60|g6,stop,1,0,1,0,1,1
69,2,2450,0,0.3093877551020408,0.6526530612244898,0.037959183673469385,deu,42,0.043478260869565216,eng+por,2,"{""eng"": 2261, ""por"": 1081}",panel,Qwen3.5-9B,current,think,pt_exams_math,pt_exams_math/112,7,Qwen3.5-9B|pt_exams_math|pt_exams_math/112|g7,stop,1,0,1,0,1,1
175,14,6304,0,0.24698604060913706,0.7092322335025381,0.04378172588832487,fra,123,0.05142857142857143,eng,1,"{""eng"": 3104}",panel,Qwen3.5-9B,current,think,pt_exams_math,pt_exams_math/7,11,Qwen3.5-9B|pt_exams_math|pt_exams_math/7|g11,stop,1,0,1,0,1,1
47,0,1655,0,0.42235649546827797,0.5335347432024169,0.044108761329305135,swe,33,0.10638297872340426,eng+por,2,"{""por"": 1080, ""eng"": 1086}",panel,Qwen3.5-9B,current,think,pt_exams_math,pt_exams_math/106,14,Qwen3.5-9B|pt_exams_math|pt_exams_math/106|g14,stop,1,0,1,0,1,1
141,5,5573,0,0.307374842993002,0.6770141754889647,0.015610981518033374,ekk,46,0.02127659574468085,eng,1,"{""eng"": 3480}",panel,Qwen3.5-9B,current,think,pt_exams_math,pt_exams_math/89,10,Qwen3.5-9B|pt_exams_math|pt_exams_math/89|g10,stop,1,0,1,1,1,1
238,17,10537,0,0.15051722501660814,0.8330644395938123,0.016418335389579576,ekk,57,0.03361344537815126,eng,1,"{""eng"": 3646}",panel,Qwen3.5-9B,current,think,pt_exams_math,pt_exams_math/141,2,Qwen3.5-9B|pt_exams_math|pt_exams_math/141|g2,stop,1,0,1,0,1,1
67,3,2702,0,0.18615840118430793,0.7897853441894893,0.024056254626202814,ind,41,0.029850746268656716,eng+por,2,"{""eng"": 2613, ""por"": 978}",panel,Qwen3.5-9B,current,think,pt_exams_math,pt_exams_math/68,4,Qwen3.5-9B|pt_exams_math|pt_exams_math/68|g4,stop,1,0,1,0,1,0
113,2,4991,0,0.2594670406732118,0.7317170907633741,0.008815868563414146,ces,44,0.02654867256637168,eng,1,"{""eng"": 3157}",panel,Qwen3.5-9B,current,think,pt_exams_math,pt_exams_math/146,8,Qwen3.5-9B|pt_exams_math|pt_exams_math/146|g8,stop,1,1,1,1,1,0
205,13,8797,0,0.2772536091849494,0.715243833124929,0.0075025576901216326,ind,41,0.03414634146341464,eng,1,"{""eng"": 3386}",panel,Qwen3.5-9B,current,think,pt_exams_math,pt_exams_math/156,15,Qwen3.5-9B|pt_exams_math|pt_exams_math/156|g15,stop,1,0,1,1,1,1
42,0,1753,0,0.38163148887621223,0.5892755276668569,0.029092983456930975,deu,26,0.11904761904761904,eng+por,2,"{""por"": 1076, ""eng"": 1229}",panel,Qwen3.5-9B,current,think,pt_exams_math,pt_exams_math/32,13,Qwen3.5-9B|pt_exams_math|pt_exams_math/32|g13,stop,1,0,1,0,1,1
173,1,8618,0,0.17614295660245996,0.8128336040844744,0.011023439313065677,fra,25,0.028901734104046242,eng,1,"{""eng"": 3285}",panel,Qwen3.5-9B,current,think,pt_exams_math,pt_exams_math/134,5,Qwen3.5-9B|pt_exams_math|pt_exams_math/134|g5,stop,1,0,1,0,1,1
73,2,3005,0,0.2286189683860233,0.7407653910149751,0.030615640599001664,spa,27,0.0684931506849315,eng+por,2,"{""eng"": 2989, ""por"": 1207}",panel,Qwen3.5-9B,current,think,pt_exams_math,pt_exams_math/36,7,Qwen3.5-9B|pt_exams_math|pt_exams_math/36|g7,stop,1,0,1,1,1,1
123,3,5469,0,0.21631011153775828,0.7493143170597916,0.03437557140245017,lit,62,0.08943089430894309,eng,1,"{""eng"": 3798}",panel,Qwen3.5-9B,current,think,pt_exams_math,pt_exams_math/71,3,Qwen3.5-9B|pt_exams_math|pt_exams_math/71|g3,stop,1,0,1,0,1,0
63,2,2503,0,0.3148222133439872,0.6667998401917699,0.018377946464242907,ekk,46,0.07936507936507936,eng+por,2,"{""por"": 1528, ""eng"": 2072}",panel,Qwen3.5-9B,current,think,pt_exams_math,pt_exams_math/125,6,Qwen3.5-9B|pt_exams_math|pt_exams_math/125|g6,stop,1,0,1,0,1,0
155,11,6830,0,0.16764275256222547,0.8289897510980966,0.0033674963396778915,dan,23,0.012903225806451613,eng,1,"{""eng"": 3706}",panel,Qwen3.5-9B,current,think,pt_exams_math,pt_exams_math/152,2,Qwen3.5-9B|pt_exams_math|pt_exams_math/152|g2,stop,1,0,1,0,1,1
74,2,2980,0,0.31845637583892616,0.6359060402684564,0.04563758389261745,deu,73,0.08108108108108109,eng+por,2,"{""por"": 1480, ""eng"": 2194}",panel,Qwen3.5-9B,current,think,pt_exams_math,pt_exams_math/103,1,Qwen3.5-9B|pt_exams_math|pt_exams_math/103|g1,stop,1,0,1,1,1,1
76,8,3359,0,0.2828222685323013,0.6990175647514141,0.01816016671628461,deu,41,0.05263157894736842,eng+por,2,"{""eng"": 2802, ""por"": 1673}",panel,Qwen3.5-9B,current,think,pt_exams_math,pt_exams_math/27,8,Qwen3.5-9B|pt_exams_math|pt_exams_math/27|g8,stop,1,0,1,0,1,1
114,4,5818,0,0.16895840495015468,0.8162598831213476,0.014781711928497766,nob,44,0.03508771929824561,eng,1,"{""eng"": 3601}",panel,Qwen3.5-9B,current,think,pt_exams_math,pt_exams_math/77,1,Qwen3.5-9B|pt_exams_math|pt_exams_math/77|g1,stop,1,0,1,0,0,1
73,0,2839,0,0.37477985206058473,0.6252201479394153,0.0,,0,0.0410958904109589,eng+por,2,"{""eng"": 2812, ""por"": 1473}",panel,Qwen3.5-9B,current,think,pt_exams_math,pt_exams_math/44,12,Qwen3.5-9B|pt_exams_math|pt_exams_math/44|g12,stop,1,0,1,1,1,1
170,7,6581,0,0.28278377146330347,0.7018690168667375,0.015347211669958973,fil,48,0.029411764705882353,eng,1,"{""eng"": 3318}",panel,Qwen3.5-9B,current,think,pt_exams_math,pt_exams_math/53,2,Qwen3.5-9B|pt_exams_math|pt_exams_math/53|g2,stop,1,0,1,1,1,1
104,0,4051,0,0.2557393236237966,0.7166131819303876,0.027647494445815848,hun,38,0.07692307692307693,eng,1,"{""eng"": 3467}",panel,Qwen3.5-9B,current,think,pt_exams_math,pt_exams_math/109,2,Qwen3.5-9B|pt_exams_math|pt_exams_math/109|g2,stop,1,0,1,0,1,1
28,1,1051,0,0.29686013320647003,0.582302568981922,0.120837297811608,ind,41,0.25,eng+por,2,"{""por"": 644, ""eng"": 844}",panel,Qwen3.5-9B,current,think,pt_exams_math,pt_exams_math/1,12,Qwen3.5-9B|pt_exams_math|pt_exams_math/1|g12,stop,1,0,1,0,1,0
63,1,2098,0,0.36701620591039086,0.5662535748331744,0.0667302192564347,swe,61,0.047619047619047616,eng+por,2,"{""por"": 1310, ""eng"": 1797}",panel,Qwen3.5-9B,current,think,pt_exams_math,pt_exams_math/110,12,Qwen3.5-9B|pt_exams_math|pt_exams_math/110|g12,stop,1,0,1,0,1,0
49,5,2203,0,0.3731275533363595,0.6268724466636405,0.0,,0,0.061224489795918366,eng+por,2,"{""por"": 1328, ""eng"": 1553}",panel,Qwen3.5-9B,current,think,pt_exams_math,pt_exams_math/9,1,Qwen3.5-9B|pt_exams_math|pt_exams_math/9|g1,stop,1,0,1,0,1,1
91,4,3690,0,0.45907859078590785,0.5260162601626016,0.014905149051490514,ekk,31,0.04395604395604396,eng+por,2,"{""por"": 2060, ""eng"": 2329}",panel,Qwen3.5-9B,current,think,pt_exams_math,pt_exams_math/35,9,Qwen3.5-9B|pt_exams_math|pt_exams_math/35|g9,stop,1,0,1,0,1,1
79,4,2791,0,0.2748118953780007,0.6900752418487998,0.03511286277319957,ces,29,0.02531645569620253,eng+por,2,"{""eng"": 2659, ""por"": 1308}",panel,Qwen3.5-9B,current,think,pt_exams_math,pt_exams_math/55,3,Qwen3.5-9B|pt_exams_math|pt_exams_math/55|g3,stop,1,0,1,1,1,1
44,0,1694,0,0.4332939787485242,0.5088547815820543,0.05785123966942149,ind,41,0.13636363636363635,eng+por,2,"{""por"": 1207, ""eng"": 1250}",panel,Qwen3.5-9B,current,think,pt_exams_math,pt_exams_math/45,15,Qwen3.5-9B|pt_exams_math|pt_exams_math/45|g15,stop,1,0,1,0,1,1
107,9,4512,0,0.3690159574468085,0.6141400709219859,0.016843971631205674,swe,30,0.04672897196261682,eng+por,2,"{""eng"": 2874, ""por"": 1329}",panel,Qwen3.5-9B,current,think,pt_exams_math,pt_exams_math/99,9,Qwen3.5-9B|pt_exams_math|pt_exams_math/99|g9,stop,1,0,1,0,1,1
227,10,9698,0,0.2565477418024335,0.7228294493710044,0.02062280882656218,deu,70,0.030837004405286344,eng,1,"{""eng"": 3386}",panel,Qwen3.5-9B,current,think,pt_exams_math,pt_exams_math/3,0,Qwen3.5-9B|pt_exams_math|pt_exams_math/3|g0,stop,1,0,1,0,0,1
135,9,6768,0,0.18543144208037826,0.7814716312056738,0.03309692671394799,fra,88,0.06666666666666667,eng,1,"{""eng"": 3556}",panel,Qwen3.5-9B,current,think,pt_exams_math,pt_exams_math/113,14,Qwen3.5-9B|pt_exams_math|pt_exams_math/113|g14,stop,1,0,1,0,1,1
355,2,17089,0,0.1276259582187372,0.869682251740886,0.0026917900403768506,bem,25,0.005633802816901409,eng,1,"{""eng"": 3650}",panel,Qwen3.5-9B,current,think,pt_exams_math,pt_exams_math/56,7,Qwen3.5-9B|pt_exams_math|pt_exams_math/56|g7,stop,1,0,1,0,1,1
32,0,1331,0,0.3230653643876784,0.6769346356123216,0.0,,0,0.03125,eng+por,2,"{""eng"": 1149, ""por"": 623}",panel,Qwen3.5-9B,current,think,pt_exams_math,pt_exams_math/63,10,Qwen3.5-9B|pt_exams_math|pt_exams_math/63|g10,stop,1,0,1,0,1,1
86,1,3813,0,0.14057172829792813,0.8523472331497508,0.007081038552321007,ekk,27,0.03488372093023256,eng,1,"{""eng"": 3653}",panel,Qwen3.5-9B,current,think,pt_exams_math,pt_exams_math/54,8,Qwen3.5-9B|pt_exams_math|pt_exams_math/54|g8,stop,1,0,1,0,1,1
94,1,3872,0,0.2409607438016529,0.7590392561983471,0.0,,0,0.06382978723404255,eng+por,2,"{""eng"": 3208, ""por"": 1079}",panel,Qwen3.5-9B,current,think,pt_exams_math,pt_exams_math/52,2,Qwen3.5-9B|pt_exams_math|pt_exams_math/52|g2,stop,1,0,1,0,1,0
87,1,3823,0,0.35364896678001567,0.6272560816113,0.01909495160868428,deu,48,0.04597701149425287,eng+por,2,"{""eng"": 3283, ""por"": 1266}",panel,Qwen3.5-9B,current,think,pt_exams_math,pt_exams_math/26,10,Qwen3.5-9B|pt_exams_math|pt_exams_math/26|g10,stop,1,0,1,0,1,1
84,2,4345,0,0.30609896432681244,0.6939010356731876,0.0,,0,0.03571428571428571,eng+por,2,"{""eng"": 3615, ""por"": 1340}",panel,Qwen3.5-9B,current,think,pt_exams_math,pt_exams_math/107,0,Qwen3.5-9B|pt_exams_math|pt_exams_math/107|g0,stop,1,0,1,0,1,1
63,2,2422,0,0.4083402146985962,0.5916597853014038,0.0,,0,0.031746031746031744,eng+por,2,"{""por"": 1433, ""eng"": 1891}",panel,Qwen3.5-9B,current,think,pt_exams_math,pt_exams_math/97,14,Qwen3.5-9B|pt_exams_math|pt_exams_math/97|g14,stop,1,0,1,0,1,1
78,3,2536,0,0.27917981072555204,0.7046529968454258,0.016167192429022082,ind,41,0.05128205128205128,eng+por,2,"{""eng"": 2517, ""por"": 1248}",panel,Qwen3.5-9B,current,think,pt_exams_math,pt_exams_math/65,11,Qwen3.5-9B|pt_exams_math|pt_exams_math/65|g11,stop,1,0,1,1,1,1
117,3,4406,0,0.2598729005901044,0.7203812982296868,0.019745801180208807,dan,55,0.03418803418803419,eng,1,"{""eng"": 3206}",panel,Qwen3.5-9B,current,think,pt_exams_math,pt_exams_math/50,14,Qwen3.5-9B|pt_exams_math|pt_exams_math/50|g14,stop,1,0,1,1,1,1
58,1,2151,0,0.21338912133891214,0.7773128777312878,0.009298000929800094,nya,20,0.05172413793103448,eng+por,2,"{""eng"": 2255, ""por"": 739}",panel,Qwen3.5-9B,current,think,pt_exams_math,pt_exams_math/130,13,Qwen3.5-9B|pt_exams_math|pt_exams_math/130|g13,stop,1,0,1,1,1,1
74,0,2463,0,0.3451075923670321,0.6459602111246447,0.008932196508323184,dan,22,0.013513513513513514,eng+por,2,"{""eng"": 2290, ""por"": 1297}",panel,Qwen3.5-9B,current,think,pt_exams_math,pt_exams_math/160,1,Qwen3.5-9B|pt_exams_math|pt_exams_math/160|g1,stop,1,0,1,0,1,1
155,10,6552,0,0.2538156288156288,0.7367216117216118,0.009462759462759462,fra,32,0.03870967741935484,eng+por,2,"{""eng"": 3202, ""por"": 995}",panel,Qwen3.5-9B,current,think,pt_exams_math,pt_exams_math/118,11,Qwen3.5-9B|pt_exams_math|pt_exams_math/118|g11,stop,1,0,1,1,1,1
120,9,5514,0,0.3021400072542619,0.6771853463910047,0.020674646354733407,deu,49,0.08333333333333333,eng+por,2,"{""eng"": 3218, ""por"": 832}",panel,Qwen3.5-9B,current,think,pt_exams_math,pt_exams_math/31,13,Qwen3.5-9B|pt_exams_math|pt_exams_math/31|g13,stop,1,0,1,1,1,1
55,3,2517,0,0.3130711164084227,0.6503774334525229,0.03655145013905443,deu,51,0.01818181818181818,eng+por,2,"{""por"": 1644, ""eng"": 2158}",panel,Qwen3.5-9B,current,think,pt_exams_math,pt_exams_math/15,12,Qwen3.5-9B|pt_exams_math|pt_exams_math/15|g12,stop,1,0,1,0,1,1
104,1,4557,0,0.3138029405310511,0.6684222075927145,0.017774851876234364,slk,27,0.038461538461538464,eng,1,"{""eng"": 3489}",panel,Qwen3.5-9B,current,think,pt_exams_math,pt_exams_math/90,10,Qwen3.5-9B|pt_exams_math|pt_exams_math/90|g10,stop,1,0,1,1,1,1
46,0,1738,0,0.32163406214039125,0.6668584579976985,0.011507479861910242,fin,20,0.06521739130434782,eng+por,2,"{""por"": 910, ""eng"": 1255}",panel,Qwen3.5-9B,current,think,pt_exams_math,pt_exams_math/155,15,Qwen3.5-9B|pt_exams_math|pt_exams_math/155|g15,stop,1,0,1,0,1,0
31,0,1124,0,0.2713523131672598,0.7286476868327402,0.0,,0,0.0967741935483871,eng+por,2,"{""eng"": 1084, ""por"": 476}",panel,Qwen3.5-9B,current,think,pt_exams_math,pt_exams_math/86,0,Qwen3.5-9B|pt_exams_math|pt_exams_math/86|g0,stop,1,0,1,0,1,1
48,3,1709,0,0.3627852545348157,0.6243417203042715,0.012873025160912814,slv,22,0.020833333333333332,eng+por,2,"{""eng"": 1529, ""por"": 881}",panel,Qwen3.5-9B,current,think,pt_exams_math,pt_exams_math/138,6,Qwen3.5-9B|pt_exams_math|pt_exams_math/138|g6,stop,1,0,1,0,1,1
40,0,1592,0,0.38944723618090454,0.550251256281407,0.06030150753768844,swe,64,0.175,eng+por,2,"{""por"": 923, ""eng"": 1062}",panel,Qwen3.5-9B,current,think,pt_exams_math,pt_exams_math/159,8,Qwen3.5-9B|pt_exams_math|pt_exams_math/159|g8,stop,1,0,1,0,1,1
100,7,4261,0,0.37362121567707113,0.6160525698192912,0.010326214503637644,dan,44,0.05,eng+por,2,"{""eng"": 3073, ""por"": 1003}",panel,Qwen3.5-9B,current,think,pt_exams_math,pt_exams_math/24,14,Qwen3.5-9B|pt_exams_math|pt_exams_math/24|g14,stop,1,0,1,0,1,1
106,2,4642,0,0.3302455838000862,0.6697544161999138,0.0,,0,0.02830188679245283,eng,1,"{""eng"": 3410}",panel,Qwen3.5-9B,current,think,pt_exams_math,pt_exams_math/126,13,Qwen3.5-9B|pt_exams_math|pt_exams_math/126|g13,stop,1,0,1,1,1,1
89,8,3264,0,0.23590686274509803,0.7368259803921569,0.0272671568627451,deu,43,0.07865168539325842,eng,1,"{""eng"": 3239}",panel,Qwen3.5-9B,current,think,pt_exams_math,pt_exams_math/59,4,Qwen3.5-9B|pt_exams_math|pt_exams_math/59|g4,stop,1,0,1,0,1,1
57,0,2091,0,0.3366810138689622,0.6307986609277858,0.032520325203252036,ekk,35,0.03508771929824561,eng+por,2,"{""por"": 1108, ""eng"": 1495}",panel,Qwen3.5-9B,current,think,pt_exams_math,pt_exams_math/79,8,Qwen3.5-9B|pt_exams_math|pt_exams_math/79|g8,stop,1,0,1,0,1,0
89,7,3784,0,0.35676532769556024,0.6292283298097252,0.014006342494714588,fra,53,0.033707865168539325,eng+por,2,"{""por"": 1782, ""eng"": 2530}",panel,Qwen3.5-9B,current,think,pt_exams_math,pt_exams_math/30,11,Qwen3.5-9B|pt_exams_math|pt_exams_math/30|g11,stop,1,0,1,0,1,1
144,9,5953,0,0.16714261716781456,0.8289937846463967,0.003863598185788678,spa,23,0.05555555555555555,eng,1,"{""eng"": 3299}",panel,Qwen3.5-9B,current,think,pt_exams_math,pt_exams_math/21,8,Qwen3.5-9B|pt_exams_math|pt_exams_math/21|g8,stop,1,0,1,0,1,0
170,0,5331,0,0.21815794410054398,0.7261301819546051,0.05571187394485087,kiu,97,0.06470588235294118,eng,1,"{""eng"": 2666}",panel,Qwen3.5-9B,current,think,tubitak_math2026,tubitak_math2026/1,41,Qwen3.5-9B|tubitak_math2026|tubitak_math2026/1|g41,stop,1,0,1,0,1,1
118,0,4151,0,0.22958323295591423,0.7154902433148639,0.054926523729221875,slv,72,0.1016949152542373,eng,1,"{""eng"": 3265}",panel,Qwen3.5-9B,current,think,tubitak_math2026,tubitak_math2026/5,8,Qwen3.5-9B|tubitak_math2026|tubitak_math2026/5|g8,stop,1,0,1,0,1,1
115,2,3695,0,0.15615696887686062,0.8251691474966171,0.018673883626522326,swe,25,0.043478260869565216,eng,1,"{""eng"": 2653}",panel,Qwen3.5-9B,current,think,tubitak_math2026,tubitak_math2026/21,20,Qwen3.5-9B|tubitak_math2026|tubitak_math2026/21|g20,stop,1,1,1,1,1,0
171,7,6984,0,0.35924971363115693,0.6288659793814433,0.01188430698739977,deu,41,0.029239766081871343,eng,1,"{""eng"": 3537}",panel,Qwen3.5-9B,current,think,tubitak_math2026,tubitak_math2026/12,36,Qwen3.5-9B|tubitak_math2026|tubitak_math2026/12|g36,stop,1,0,1,1,1,1
175,3,5594,0,0.173936360386128,0.811405076868073,0.01465856274579907,qxn,32,0.022857142857142857,eng,1,"{""eng"": 2918}",panel,Qwen3.5-9B,current,think,tubitak_math2026,tubitak_math2026/17,39,Qwen3.5-9B|tubitak_math2026|tubitak_math2026/17|g39,stop,1,1,1,0,1,0
106,0,3631,0,0.2194987606719912,0.7656293032222529,0.01487193610575599,dan,54,0.009433962264150943,eng,1,"{""eng"": 2570}",panel,Qwen3.5-9B,current,think,tubitak_math2026,tubitak_math2026/30,0,Qwen3.5-9B|tubitak_math2026|tubitak_math2026/30|g0,stop,0,0,0,0,1,0
297,2,12802,0,0.17177003593188564,0.8190126542727699,0.009217309795344478,ces,26,0.006734006734006734,eng,1,"{""eng"": 3350}",panel,Qwen3.5-9B,current,think,tubitak_math2026,tubitak_math2026/28,39,Qwen3.5-9B|tubitak_math2026|tubitak_math2026/28|g39,stop,0,0,1,1,1,1
197,10,8797,0,0.28691599408889396,0.7002387177446857,0.01284528816642037,ita,56,0.015228426395939087,eng,1,"{""eng"": 3562}",panel,Qwen3.5-9B,current,think,tubitak_math2026,tubitak_math2026/20,37,Qwen3.5-9B|tubitak_math2026|tubitak_math2026/20|g37,stop,1,0,1,1,1,1
229,13,10852,0,0.20420199041651307,0.7937707335053447,0.002027276078142278,nah,22,0.021834061135371178,eng+por,2,"{""eng"": 3348, ""por"": 1074}",panel,Qwen3.5-9B,current,think,pt_exams_math,pt_exams_math/128,12,Qwen3.5-9B|pt_exams_math|pt_exams_math/128|g12,stop,1,0,1,0,1,0
74,2,3243,0,0.2695035460992908,0.7200123342584027,0.010484119642306507,dan,34,0.02702702702702703,eng,1,"{""eng"": 3177}",panel,Qwen3.5-9B,current,think,pt_exams_math,pt_exams_math/101,11,Qwen3.5-9B|pt_exams_math|pt_exams_math/101|g11,stop,1,0,1,0,1,1
132,2,5068,0,0.2904498816101026,0.6919889502762431,0.0175611681136543,gla,27,0.08333333333333333,eng,1,"{""eng"": 3486}",panel,Qwen3.5-9B,current,think,pt_exams_math,pt_exams_math/88,6,Qwen3.5-9B|pt_exams_math|pt_exams_math/88|g6,stop,1,0,1,0,1,1
92,2,4137,0,0.2436548223350254,0.7386995407299976,0.017645636934977036,deu,32,0.043478260869565216,eng+por,2,"{""eng"": 3454, ""por"": 1044}",panel,Qwen3.5-9B,current,think,pt_exams_math,pt_exams_math/87,8,Qwen3.5-9B|pt_exams_math|pt_exams_math/87|g8,stop,1,0,1,0,1,0
89,8,3478,0,0.2518688901667625,0.742093156986774,0.0060379528464634845,ekk,21,0.06741573033707865,eng+por,2,"{""eng"": 3040, ""por"": 782}",panel,Qwen3.5-9B,current,think,pt_exams_math,pt_exams_math/151,8,Qwen3.5-9B|pt_exams_math|pt_exams_math/151|g8,stop,1,0,1,0,1,1
196,9,9336,0,0.20769065981148244,0.7512853470437018,0.041023993144815765,wes,81,0.030612244897959183,eng,1,"{""eng"": 3603}",panel,Qwen3.5-9B,current,think,pt_exams_math,pt_exams_math/147,1,Qwen3.5-9B|pt_exams_math|pt_exams_math/147|g1,stop,1,0,1,0,1,1
88,2,2924,0,0.2612859097127223,0.7082763337893296,0.030437756497948016,dan,42,0.06818181818181818,eng+por,2,"{""eng"": 2710, ""por"": 1060}",panel,Qwen3.5-9B,current,think,pt_exams_math,pt_exams_math/48,11,Qwen3.5-9B|pt_exams_math|pt_exams_math/48|g11,stop,1,0,1,0,1,1
68,0,2461,0,0.32954083705810644,0.6371393742381146,0.033319788703778955,gom,32,0.029411764705882353,eng+por,2,"{""eng"": 2387, ""por"": 1094}",panel,Qwen3.5-9B,current,think,pt_exams_math,pt_exams_math/28,1,Qwen3.5-9B|pt_exams_math|pt_exams_math/28|g1,stop,1,0,1,0,1,1
