judge_short,model,benchmark,condition,solution_id,correct_maj
Qwen3.6,Qwen3.5-4B,aime2026,boxed_only,Qwen3.5-4B|aime2026|AIME2026/1|g15,0
Qwen3.6,Qwen3.5-4B,aime2026,boxed_only,Qwen3.5-4B|aime2026|AIME2026/1|g28,0
Qwen3.6,Qwen3.5-4B,aime2026,boxed_only,Qwen3.5-4B|aime2026|AIME2026/1|g42,1
Qwen3.6,Qwen3.5-4B,aime2026,boxed_only,Qwen3.5-4B|aime2026|AIME2026/10|g18,0
Qwen3.6,Qwen3.5-4B,aime2026,boxed_only,Qwen3.5-4B|aime2026|AIME2026/10|g2,1
Qwen3.6,Qwen3.5-4B,aime2026,boxed_only,Qwen3.5-4B|aime2026|AIME2026/12|g30,1
Qwen3.6,Qwen3.5-4B,aime2026,boxed_only,Qwen3.5-4B|aime2026|AIME2026/12|g54,1
Qwen3.6,Qwen3.5-4B,aime2026,boxed_only,Qwen3.5-4B|aime2026|AIME2026/13|g21,1
Qwen3.6,Qwen3.5-4B,aime2026,boxed_only,Qwen3.5-4B|aime2026|AIME2026/13|g44,0
Qwen3.6,Qwen3.5-4B,aime2026,boxed_only,Qwen3.5-4B|aime2026|AIME2026/13|g51,1
Qwen3.6,Qwen3.5-4B,aime2026,boxed_only,Qwen3.5-4B|aime2026|AIME2026/14|g30,0
Qwen3.6,Qwen3.5-4B,aime2026,boxed_only,Qwen3.5-4B|aime2026|AIME2026/14|g48,1
Qwen3.6,Qwen3.5-4B,aime2026,boxed_only,Qwen3.5-4B|aime2026|AIME2026/14|g63,1
Qwen3.6,Qwen3.5-4B,aime2026,boxed_only,Qwen3.5-4B|aime2026|AIME2026/16|g49,1
Qwen3.6,Qwen3.5-4B,aime2026,boxed_only,Qwen3.5-4B|aime2026|AIME2026/18|g22,1
Qwen3.6,Qwen3.5-4B,aime2026,boxed_only,Qwen3.5-4B|aime2026|AIME2026/18|g23,0
Qwen3.6,Qwen3.5-4B,aime2026,boxed_only,Qwen3.5-4B|aime2026|AIME2026/18|g62,1
Qwen3.6,Qwen3.5-4B,aime2026,boxed_only,Qwen3.5-4B|aime2026|AIME2026/19|g26,0
Qwen3.6,Qwen3.5-4B,aime2026,boxed_only,Qwen3.5-4B|aime2026|AIME2026/19|g54,0
Qwen3.6,Qwen3.5-4B,aime2026,boxed_only,Qwen3.5-4B|aime2026|AIME2026/2|g20,0
Qwen3.6,Qwen3.5-4B,aime2026,boxed_only,Qwen3.5-4B|aime2026|AIME2026/2|g26,1
Qwen3.6,Qwen3.5-4B,aime2026,boxed_only,Qwen3.5-4B|aime2026|AIME2026/2|g59,1
Qwen3.6,Qwen3.5-4B,aime2026,boxed_only,Qwen3.5-4B|aime2026|AIME2026/20|g18,1
Qwen3.6,Qwen3.5-4B,aime2026,boxed_only,Qwen3.5-4B|aime2026|AIME2026/20|g21,1
Qwen3.6,Qwen3.5-4B,aime2026,boxed_only,Qwen3.5-4B|aime2026|AIME2026/20|g34,1
Qwen3.6,Qwen3.5-4B,aime2026,boxed_only,Qwen3.5-4B|aime2026|AIME2026/20|g53,1
Qwen3.6,Qwen3.5-4B,aime2026,boxed_only,Qwen3.5-4B|aime2026|AIME2026/21|g0,0
Qwen3.6,Qwen3.5-4B,aime2026,boxed_only,Qwen3.5-4B|aime2026|AIME2026/21|g11,0
Qwen3.6,Qwen3.5-4B,aime2026,boxed_only,Qwen3.5-4B|aime2026|AIME2026/21|g38,0
Qwen3.6,Qwen3.5-4B,aime2026,boxed_only,Qwen3.5-4B|aime2026|AIME2026/21|g52,1
Qwen3.6,Qwen3.5-4B,aime2026,boxed_only,Qwen3.5-4B|aime2026|AIME2026/22|g18,0
Qwen3.6,Qwen3.5-4B,aime2026,boxed_only,Qwen3.5-4B|aime2026|AIME2026/22|g22,1
Qwen3.6,Qwen3.5-4B,aime2026,boxed_only,Qwen3.5-4B|aime2026|AIME2026/22|g31,1
Qwen3.6,Qwen3.5-4B,aime2026,boxed_only,Qwen3.5-4B|aime2026|AIME2026/24|g19,1
Qwen3.6,Qwen3.5-4B,aime2026,boxed_only,Qwen3.5-4B|aime2026|AIME2026/24|g20,0
Qwen3.6,Qwen3.5-4B,aime2026,boxed_only,Qwen3.5-4B|aime2026|AIME2026/24|g24,1
Qwen3.6,Qwen3.5-4B,aime2026,boxed_only,Qwen3.5-4B|aime2026|AIME2026/24|g46,1
Qwen3.6,Qwen3.5-4B,aime2026,boxed_only,Qwen3.5-4B|aime2026|AIME2026/25|g14,1
Qwen3.6,Qwen3.5-4B,aime2026,boxed_only,Qwen3.5-4B|aime2026|AIME2026/25|g26,0
Qwen3.6,Qwen3.5-4B,aime2026,boxed_only,Qwen3.5-4B|aime2026|AIME2026/25|g30,0
Qwen3.6,Qwen3.5-4B,aime2026,boxed_only,Qwen3.5-4B|aime2026|AIME2026/25|g44,1
Qwen3.6,Qwen3.5-4B,aime2026,boxed_only,Qwen3.5-4B|aime2026|AIME2026/26|g14,0
Qwen3.6,Qwen3.5-4B,aime2026,boxed_only,Qwen3.5-4B|aime2026|AIME2026/26|g30,1
Qwen3.6,Qwen3.5-4B,aime2026,boxed_only,Qwen3.5-4B|aime2026|AIME2026/26|g49,0
Qwen3.6,Qwen3.5-4B,aime2026,boxed_only,Qwen3.5-4B|aime2026|AIME2026/26|g58,1
Qwen3.6,Qwen3.5-4B,aime2026,boxed_only,Qwen3.5-4B|aime2026|AIME2026/27|g2,1
Qwen3.6,Qwen3.5-4B,aime2026,boxed_only,Qwen3.5-4B|aime2026|AIME2026/27|g35,1
Qwen3.6,Qwen3.5-4B,aime2026,boxed_only,Qwen3.5-4B|aime2026|AIME2026/27|g55,1
Qwen3.6,Qwen3.5-4B,aime2026,boxed_only,Qwen3.5-4B|aime2026|AIME2026/28|g29,0
Qwen3.6,Qwen3.5-4B,aime2026,boxed_only,Qwen3.5-4B|aime2026|AIME2026/28|g45,0
Qwen3.6,Qwen3.5-4B,aime2026,boxed_only,Qwen3.5-4B|aime2026|AIME2026/28|g52,0
Qwen3.6,Qwen3.5-4B,aime2026,boxed_only,Qwen3.5-4B|aime2026|AIME2026/29|g29,1
Qwen3.6,Qwen3.5-4B,aime2026,boxed_only,Qwen3.5-4B|aime2026|AIME2026/29|g50,0
Qwen3.6,Qwen3.5-4B,aime2026,boxed_only,Qwen3.5-4B|aime2026|AIME2026/29|g59,1
Qwen3.6,Qwen3.5-4B,aime2026,boxed_only,Qwen3.5-4B|aime2026|AIME2026/3|g13,1
Qwen3.6,Qwen3.5-4B,aime2026,boxed_only,Qwen3.5-4B|aime2026|AIME2026/30|g4,0
Qwen3.6,Qwen3.5-4B,aime2026,boxed_only,Qwen3.5-4B|aime2026|AIME2026/30|g50,0
Qwen3.6,Qwen3.5-4B,aime2026,boxed_only,Qwen3.5-4B|aime2026|AIME2026/4|g12,0
Qwen3.6,Qwen3.5-4B,aime2026,boxed_only,Qwen3.5-4B|aime2026|AIME2026/4|g32,1
Qwen3.6,Qwen3.5-4B,aime2026,boxed_only,Qwen3.5-4B|aime2026|AIME2026/4|g7,0
Qwen3.6,Qwen3.5-4B,aime2026,boxed_only,Qwen3.5-4B|aime2026|AIME2026/5|g22,1
Qwen3.6,Qwen3.5-4B,aime2026,boxed_only,Qwen3.5-4B|aime2026|AIME2026/5|g35,1
Qwen3.6,Qwen3.5-4B,aime2026,boxed_only,Qwen3.5-4B|aime2026|AIME2026/5|g5,0
Qwen3.6,Qwen3.5-4B,aime2026,boxed_only,Qwen3.5-4B|aime2026|AIME2026/6|g49,1
Qwen3.6,Qwen3.5-4B,aime2026,boxed_only,Qwen3.5-4B|aime2026|AIME2026/6|g52,1
Qwen3.6,Qwen3.5-4B,aime2026,boxed_only,Qwen3.5-4B|aime2026|AIME2026/6|g56,1
Qwen3.6,Qwen3.5-4B,aime2026,boxed_only,Qwen3.5-4B|aime2026|AIME2026/7|g25,0
Qwen3.6,Qwen3.5-4B,aime2026,boxed_only,Qwen3.5-4B|aime2026|AIME2026/7|g3,1
Qwen3.6,Qwen3.5-4B,aime2026,boxed_only,Qwen3.5-4B|aime2026|AIME2026/7|g45,1
Qwen3.6,Qwen3.5-4B,aime2026,boxed_only,Qwen3.5-4B|aime2026|AIME2026/7|g60,1
Qwen3.6,Qwen3.5-4B,aime2026,boxed_only,Qwen3.5-4B|aime2026|AIME2026/9|g31,0
Qwen3.6,Qwen3.5-4B,aime2026,boxed_only,Qwen3.5-4B|aime2026|AIME2026/9|g49,0
Qwen3.6,Qwen3.5-4B,aime2026,clean,Qwen3.5-4B|aime2026|AIME2026/1|g15,1
Qwen3.6,Qwen3.5-4B,aime2026,clean,Qwen3.5-4B|aime2026|AIME2026/1|g28,1
Qwen3.6,Qwen3.5-4B,aime2026,clean,Qwen3.5-4B|aime2026|AIME2026/1|g42,1
Qwen3.6,Qwen3.5-4B,aime2026,clean,Qwen3.5-4B|aime2026|AIME2026/10|g18,1
Qwen3.6,Qwen3.5-4B,aime2026,clean,Qwen3.5-4B|aime2026|AIME2026/10|g2,1
Qwen3.6,Qwen3.5-4B,aime2026,clean,Qwen3.5-4B|aime2026|AIME2026/12|g30,1
Qwen3.6,Qwen3.5-4B,aime2026,clean,Qwen3.5-4B|aime2026|AIME2026/12|g54,1
Qwen3.6,Qwen3.5-4B,aime2026,clean,Qwen3.5-4B|aime2026|AIME2026/13|g21,1
Qwen3.6,Qwen3.5-4B,aime2026,clean,Qwen3.5-4B|aime2026|AIME2026/13|g44,1
Qwen3.6,Qwen3.5-4B,aime2026,clean,Qwen3.5-4B|aime2026|AIME2026/13|g51,1
Qwen3.6,Qwen3.5-4B,aime2026,clean,Qwen3.5-4B|aime2026|AIME2026/14|g30,1
Qwen3.6,Qwen3.5-4B,aime2026,clean,Qwen3.5-4B|aime2026|AIME2026/14|g48,1
Qwen3.6,Qwen3.5-4B,aime2026,clean,Qwen3.5-4B|aime2026|AIME2026/14|g63,1
Qwen3.6,Qwen3.5-4B,aime2026,clean,Qwen3.5-4B|aime2026|AIME2026/16|g49,1
Qwen3.6,Qwen3.5-4B,aime2026,clean,Qwen3.5-4B|aime2026|AIME2026/18|g22,1
Qwen3.6,Qwen3.5-4B,aime2026,clean,Qwen3.5-4B|aime2026|AIME2026/18|g23,1
Qwen3.6,Qwen3.5-4B,aime2026,clean,Qwen3.5-4B|aime2026|AIME2026/18|g62,1
Qwen3.6,Qwen3.5-4B,aime2026,clean,Qwen3.5-4B|aime2026|AIME2026/19|g26,1
Qwen3.6,Qwen3.5-4B,aime2026,clean,Qwen3.5-4B|aime2026|AIME2026/19|g54,1
Qwen3.6,Qwen3.5-4B,aime2026,clean,Qwen3.5-4B|aime2026|AIME2026/2|g20,1
Qwen3.6,Qwen3.5-4B,aime2026,clean,Qwen3.5-4B|aime2026|AIME2026/2|g26,1
Qwen3.6,Qwen3.5-4B,aime2026,clean,Qwen3.5-4B|aime2026|AIME2026/2|g59,1
Qwen3.6,Qwen3.5-4B,aime2026,clean,Qwen3.5-4B|aime2026|AIME2026/20|g18,1
Qwen3.6,Qwen3.5-4B,aime2026,clean,Qwen3.5-4B|aime2026|AIME2026/20|g21,1
Qwen3.6,Qwen3.5-4B,aime2026,clean,Qwen3.5-4B|aime2026|AIME2026/20|g34,1
Qwen3.6,Qwen3.5-4B,aime2026,clean,Qwen3.5-4B|aime2026|AIME2026/20|g53,1
Qwen3.6,Qwen3.5-4B,aime2026,clean,Qwen3.5-4B|aime2026|AIME2026/21|g0,1
Qwen3.6,Qwen3.5-4B,aime2026,clean,Qwen3.5-4B|aime2026|AIME2026/21|g11,1
Qwen3.6,Qwen3.5-4B,aime2026,clean,Qwen3.5-4B|aime2026|AIME2026/21|g38,1
Qwen3.6,Qwen3.5-4B,aime2026,clean,Qwen3.5-4B|aime2026|AIME2026/21|g52,1
Qwen3.6,Qwen3.5-4B,aime2026,clean,Qwen3.5-4B|aime2026|AIME2026/22|g18,1
Qwen3.6,Qwen3.5-4B,aime2026,clean,Qwen3.5-4B|aime2026|AIME2026/22|g22,1
Qwen3.6,Qwen3.5-4B,aime2026,clean,Qwen3.5-4B|aime2026|AIME2026/22|g31,1
Qwen3.6,Qwen3.5-4B,aime2026,clean,Qwen3.5-4B|aime2026|AIME2026/24|g19,1
Qwen3.6,Qwen3.5-4B,aime2026,clean,Qwen3.5-4B|aime2026|AIME2026/24|g20,1
Qwen3.6,Qwen3.5-4B,aime2026,clean,Qwen3.5-4B|aime2026|AIME2026/24|g24,1
Qwen3.6,Qwen3.5-4B,aime2026,clean,Qwen3.5-4B|aime2026|AIME2026/24|g46,1
Qwen3.6,Qwen3.5-4B,aime2026,clean,Qwen3.5-4B|aime2026|AIME2026/25|g14,1
Qwen3.6,Qwen3.5-4B,aime2026,clean,Qwen3.5-4B|aime2026|AIME2026/25|g26,1
Qwen3.6,Qwen3.5-4B,aime2026,clean,Qwen3.5-4B|aime2026|AIME2026/25|g30,1
Qwen3.6,Qwen3.5-4B,aime2026,clean,Qwen3.5-4B|aime2026|AIME2026/25|g44,1
Qwen3.6,Qwen3.5-4B,aime2026,clean,Qwen3.5-4B|aime2026|AIME2026/26|g14,1
Qwen3.6,Qwen3.5-4B,aime2026,clean,Qwen3.5-4B|aime2026|AIME2026/26|g30,1
Qwen3.6,Qwen3.5-4B,aime2026,clean,Qwen3.5-4B|aime2026|AIME2026/26|g49,1
Qwen3.6,Qwen3.5-4B,aime2026,clean,Qwen3.5-4B|aime2026|AIME2026/26|g58,1
Qwen3.6,Qwen3.5-4B,aime2026,clean,Qwen3.5-4B|aime2026|AIME2026/27|g2,1
Qwen3.6,Qwen3.5-4B,aime2026,clean,Qwen3.5-4B|aime2026|AIME2026/27|g35,1
Qwen3.6,Qwen3.5-4B,aime2026,clean,Qwen3.5-4B|aime2026|AIME2026/27|g55,1
Qwen3.6,Qwen3.5-4B,aime2026,clean,Qwen3.5-4B|aime2026|AIME2026/28|g29,1
Qwen3.6,Qwen3.5-4B,aime2026,clean,Qwen3.5-4B|aime2026|AIME2026/28|g45,1
Qwen3.6,Qwen3.5-4B,aime2026,clean,Qwen3.5-4B|aime2026|AIME2026/28|g52,1
Qwen3.6,Qwen3.5-4B,aime2026,clean,Qwen3.5-4B|aime2026|AIME2026/29|g29,1
Qwen3.6,Qwen3.5-4B,aime2026,clean,Qwen3.5-4B|aime2026|AIME2026/29|g50,1
Qwen3.6,Qwen3.5-4B,aime2026,clean,Qwen3.5-4B|aime2026|AIME2026/29|g59,1
Qwen3.6,Qwen3.5-4B,aime2026,clean,Qwen3.5-4B|aime2026|AIME2026/3|g13,1
Qwen3.6,Qwen3.5-4B,aime2026,clean,Qwen3.5-4B|aime2026|AIME2026/30|g4,1
Qwen3.6,Qwen3.5-4B,aime2026,clean,Qwen3.5-4B|aime2026|AIME2026/30|g50,1
Qwen3.6,Qwen3.5-4B,aime2026,clean,Qwen3.5-4B|aime2026|AIME2026/4|g12,0
Qwen3.6,Qwen3.5-4B,aime2026,clean,Qwen3.5-4B|aime2026|AIME2026/4|g32,1
Qwen3.6,Qwen3.5-4B,aime2026,clean,Qwen3.5-4B|aime2026|AIME2026/4|g7,1
Qwen3.6,Qwen3.5-4B,aime2026,clean,Qwen3.5-4B|aime2026|AIME2026/5|g22,1
Qwen3.6,Qwen3.5-4B,aime2026,clean,Qwen3.5-4B|aime2026|AIME2026/5|g35,1
Qwen3.6,Qwen3.5-4B,aime2026,clean,Qwen3.5-4B|aime2026|AIME2026/5|g5,1
Qwen3.6,Qwen3.5-4B,aime2026,clean,Qwen3.5-4B|aime2026|AIME2026/6|g49,1
Qwen3.6,Qwen3.5-4B,aime2026,clean,Qwen3.5-4B|aime2026|AIME2026/6|g52,1
Qwen3.6,Qwen3.5-4B,aime2026,clean,Qwen3.5-4B|aime2026|AIME2026/6|g56,1
Qwen3.6,Qwen3.5-4B,aime2026,clean,Qwen3.5-4B|aime2026|AIME2026/7|g25,1
Qwen3.6,Qwen3.5-4B,aime2026,clean,Qwen3.5-4B|aime2026|AIME2026/7|g3,1
Qwen3.6,Qwen3.5-4B,aime2026,clean,Qwen3.5-4B|aime2026|AIME2026/7|g45,1
Qwen3.6,Qwen3.5-4B,aime2026,clean,Qwen3.5-4B|aime2026|AIME2026/7|g60,1
Qwen3.6,Qwen3.5-4B,aime2026,clean,Qwen3.5-4B|aime2026|AIME2026/9|g31,1
Qwen3.6,Qwen3.5-4B,aime2026,clean,Qwen3.5-4B|aime2026|AIME2026/9|g49,1
Qwen3.6,Qwen3.5-4B,aime2026,consistent_error,Qwen3.5-4B|aime2026|AIME2026/1|g15,1
Qwen3.6,Qwen3.5-4B,aime2026,consistent_error,Qwen3.5-4B|aime2026|AIME2026/1|g28,1
Qwen3.6,Qwen3.5-4B,aime2026,consistent_error,Qwen3.5-4B|aime2026|AIME2026/1|g42,1
Qwen3.6,Qwen3.5-4B,aime2026,consistent_error,Qwen3.5-4B|aime2026|AIME2026/10|g18,1
Qwen3.6,Qwen3.5-4B,aime2026,consistent_error,Qwen3.5-4B|aime2026|AIME2026/10|g2,0
Qwen3.6,Qwen3.5-4B,aime2026,consistent_error,Qwen3.5-4B|aime2026|AIME2026/12|g30,0
Qwen3.6,Qwen3.5-4B,aime2026,consistent_error,Qwen3.5-4B|aime2026|AIME2026/12|g54,0
Qwen3.6,Qwen3.5-4B,aime2026,consistent_error,Qwen3.5-4B|aime2026|AIME2026/13|g21,1
Qwen3.6,Qwen3.5-4B,aime2026,consistent_error,Qwen3.5-4B|aime2026|AIME2026/13|g44,0
Qwen3.6,Qwen3.5-4B,aime2026,consistent_error,Qwen3.5-4B|aime2026|AIME2026/13|g51,0
Qwen3.6,Qwen3.5-4B,aime2026,consistent_error,Qwen3.5-4B|aime2026|AIME2026/14|g30,1
Qwen3.6,Qwen3.5-4B,aime2026,consistent_error,Qwen3.5-4B|aime2026|AIME2026/14|g48,0
Qwen3.6,Qwen3.5-4B,aime2026,consistent_error,Qwen3.5-4B|aime2026|AIME2026/14|g63,0
Qwen3.6,Qwen3.5-4B,aime2026,consistent_error,Qwen3.5-4B|aime2026|AIME2026/16|g49,1
Qwen3.6,Qwen3.5-4B,aime2026,consistent_error,Qwen3.5-4B|aime2026|AIME2026/18|g22,1
Qwen3.6,Qwen3.5-4B,aime2026,consistent_error,Qwen3.5-4B|aime2026|AIME2026/18|g23,1
Qwen3.6,Qwen3.5-4B,aime2026,consistent_error,Qwen3.5-4B|aime2026|AIME2026/18|g62,0
Qwen3.6,Qwen3.5-4B,aime2026,consistent_error,Qwen3.5-4B|aime2026|AIME2026/19|g26,1
Qwen3.6,Qwen3.5-4B,aime2026,consistent_error,Qwen3.5-4B|aime2026|AIME2026/19|g54,1
Qwen3.6,Qwen3.5-4B,aime2026,consistent_error,Qwen3.5-4B|aime2026|AIME2026/2|g20,0
Qwen3.6,Qwen3.5-4B,aime2026,consistent_error,Qwen3.5-4B|aime2026|AIME2026/2|g26,0
Qwen3.6,Qwen3.5-4B,aime2026,consistent_error,Qwen3.5-4B|aime2026|AIME2026/2|g59,1
Qwen3.6,Qwen3.5-4B,aime2026,consistent_error,Qwen3.5-4B|aime2026|AIME2026/20|g18,0
Qwen3.6,Qwen3.5-4B,aime2026,consistent_error,Qwen3.5-4B|aime2026|AIME2026/20|g21,0
Qwen3.6,Qwen3.5-4B,aime2026,consistent_error,Qwen3.5-4B|aime2026|AIME2026/20|g34,0
Qwen3.6,Qwen3.5-4B,aime2026,consistent_error,Qwen3.5-4B|aime2026|AIME2026/20|g53,0
Qwen3.6,Qwen3.5-4B,aime2026,consistent_error,Qwen3.5-4B|aime2026|AIME2026/21|g0,1
Qwen3.6,Qwen3.5-4B,aime2026,consistent_error,Qwen3.5-4B|aime2026|AIME2026/21|g11,1
Qwen3.6,Qwen3.5-4B,aime2026,consistent_error,Qwen3.5-4B|aime2026|AIME2026/21|g38,1
Qwen3.6,Qwen3.5-4B,aime2026,consistent_error,Qwen3.5-4B|aime2026|AIME2026/21|g52,1
Qwen3.6,Qwen3.5-4B,aime2026,consistent_error,Qwen3.5-4B|aime2026|AIME2026/22|g18,1
Qwen3.6,Qwen3.5-4B,aime2026,consistent_error,Qwen3.5-4B|aime2026|AIME2026/22|g22,1
Qwen3.6,Qwen3.5-4B,aime2026,consistent_error,Qwen3.5-4B|aime2026|AIME2026/22|g31,1
Qwen3.6,Qwen3.5-4B,aime2026,consistent_error,Qwen3.5-4B|aime2026|AIME2026/24|g19,1
Qwen3.6,Qwen3.5-4B,aime2026,consistent_error,Qwen3.5-4B|aime2026|AIME2026/24|g20,1
Qwen3.6,Qwen3.5-4B,aime2026,consistent_error,Qwen3.5-4B|aime2026|AIME2026/24|g24,1
Qwen3.6,Qwen3.5-4B,aime2026,consistent_error,Qwen3.5-4B|aime2026|AIME2026/24|g46,1
Qwen3.6,Qwen3.5-4B,aime2026,consistent_error,Qwen3.5-4B|aime2026|AIME2026/25|g14,1
Qwen3.6,Qwen3.5-4B,aime2026,consistent_error,Qwen3.5-4B|aime2026|AIME2026/25|g26,1
Qwen3.6,Qwen3.5-4B,aime2026,consistent_error,Qwen3.5-4B|aime2026|AIME2026/25|g30,1
Qwen3.6,Qwen3.5-4B,aime2026,consistent_error,Qwen3.5-4B|aime2026|AIME2026/25|g44,0
Qwen3.6,Qwen3.5-4B,aime2026,consistent_error,Qwen3.5-4B|aime2026|AIME2026/26|g14,1
Qwen3.6,Qwen3.5-4B,aime2026,consistent_error,Qwen3.5-4B|aime2026|AIME2026/26|g30,0
Qwen3.6,Qwen3.5-4B,aime2026,consistent_error,Qwen3.5-4B|aime2026|AIME2026/26|g49,1
Qwen3.6,Qwen3.5-4B,aime2026,consistent_error,Qwen3.5-4B|aime2026|AIME2026/26|g58,1
Qwen3.6,Qwen3.5-4B,aime2026,consistent_error,Qwen3.5-4B|aime2026|AIME2026/27|g2,1
Qwen3.6,Qwen3.5-4B,aime2026,consistent_error,Qwen3.5-4B|aime2026|AIME2026/27|g35,1
Qwen3.6,Qwen3.5-4B,aime2026,consistent_error,Qwen3.5-4B|aime2026|AIME2026/27|g55,1
Qwen3.6,Qwen3.5-4B,aime2026,consistent_error,Qwen3.5-4B|aime2026|AIME2026/28|g29,1
Qwen3.6,Qwen3.5-4B,aime2026,consistent_error,Qwen3.5-4B|aime2026|AIME2026/28|g45,1
Qwen3.6,Qwen3.5-4B,aime2026,consistent_error,Qwen3.5-4B|aime2026|AIME2026/28|g52,0
Qwen3.6,Qwen3.5-4B,aime2026,consistent_error,Qwen3.5-4B|aime2026|AIME2026/29|g29,1
Qwen3.6,Qwen3.5-4B,aime2026,consistent_error,Qwen3.5-4B|aime2026|AIME2026/29|g50,0
Qwen3.6,Qwen3.5-4B,aime2026,consistent_error,Qwen3.5-4B|aime2026|AIME2026/29|g59,0
Qwen3.6,Qwen3.5-4B,aime2026,consistent_error,Qwen3.5-4B|aime2026|AIME2026/3|g13,0
Qwen3.6,Qwen3.5-4B,aime2026,consistent_error,Qwen3.5-4B|aime2026|AIME2026/30|g4,1
Qwen3.6,Qwen3.5-4B,aime2026,consistent_error,Qwen3.5-4B|aime2026|AIME2026/30|g50,0
Qwen3.6,Qwen3.5-4B,aime2026,consistent_error,Qwen3.5-4B|aime2026|AIME2026/4|g12,0
Qwen3.6,Qwen3.5-4B,aime2026,consistent_error,Qwen3.5-4B|aime2026|AIME2026/4|g32,1
Qwen3.6,Qwen3.5-4B,aime2026,consistent_error,Qwen3.5-4B|aime2026|AIME2026/4|g7,1
Qwen3.6,Qwen3.5-4B,aime2026,consistent_error,Qwen3.5-4B|aime2026|AIME2026/5|g22,1
Qwen3.6,Qwen3.5-4B,aime2026,consistent_error,Qwen3.5-4B|aime2026|AIME2026/5|g35,1
Qwen3.6,Qwen3.5-4B,aime2026,consistent_error,Qwen3.5-4B|aime2026|AIME2026/5|g5,1
Qwen3.6,Qwen3.5-4B,aime2026,consistent_error,Qwen3.5-4B|aime2026|AIME2026/6|g49,0
Qwen3.6,Qwen3.5-4B,aime2026,consistent_error,Qwen3.5-4B|aime2026|AIME2026/6|g52,1
Qwen3.6,Qwen3.5-4B,aime2026,consistent_error,Qwen3.5-4B|aime2026|AIME2026/6|g56,1
Qwen3.6,Qwen3.5-4B,aime2026,consistent_error,Qwen3.5-4B|aime2026|AIME2026/7|g25,1
Qwen3.6,Qwen3.5-4B,aime2026,consistent_error,Qwen3.5-4B|aime2026|AIME2026/7|g3,1
Qwen3.6,Qwen3.5-4B,aime2026,consistent_error,Qwen3.5-4B|aime2026|AIME2026/7|g45,1
Qwen3.6,Qwen3.5-4B,aime2026,consistent_error,Qwen3.5-4B|aime2026|AIME2026/7|g60,0
Qwen3.6,Qwen3.5-4B,aime2026,consistent_error,Qwen3.5-4B|aime2026|AIME2026/9|g31,0
Qwen3.6,Qwen3.5-4B,aime2026,consistent_error,Qwen3.5-4B|aime2026|AIME2026/9|g49,0
Qwen3.6,Qwen3.5-4B,aime2026,intermediate_error,Qwen3.5-4B|aime2026|AIME2026/1|g15,1
Qwen3.6,Qwen3.5-4B,aime2026,intermediate_error,Qwen3.5-4B|aime2026|AIME2026/1|g28,1
Qwen3.6,Qwen3.5-4B,aime2026,intermediate_error,Qwen3.5-4B|aime2026|AIME2026/1|g42,1
Qwen3.6,Qwen3.5-4B,aime2026,intermediate_error,Qwen3.5-4B|aime2026|AIME2026/10|g18,1
Qwen3.6,Qwen3.5-4B,aime2026,intermediate_error,Qwen3.5-4B|aime2026|AIME2026/10|g2,1
Qwen3.6,Qwen3.5-4B,aime2026,intermediate_error,Qwen3.5-4B|aime2026|AIME2026/12|g30,1
Qwen3.6,Qwen3.5-4B,aime2026,intermediate_error,Qwen3.5-4B|aime2026|AIME2026/12|g54,1
Qwen3.6,Qwen3.5-4B,aime2026,intermediate_error,Qwen3.5-4B|aime2026|AIME2026/13|g21,1
Qwen3.6,Qwen3.5-4B,aime2026,intermediate_error,Qwen3.5-4B|aime2026|AIME2026/13|g44,1
Qwen3.6,Qwen3.5-4B,aime2026,intermediate_error,Qwen3.5-4B|aime2026|AIME2026/13|g51,1
Qwen3.6,Qwen3.5-4B,aime2026,intermediate_error,Qwen3.5-4B|aime2026|AIME2026/14|g30,1
Qwen3.6,Qwen3.5-4B,aime2026,intermediate_error,Qwen3.5-4B|aime2026|AIME2026/14|g48,1
Qwen3.6,Qwen3.5-4B,aime2026,intermediate_error,Qwen3.5-4B|aime2026|AIME2026/14|g63,1
Qwen3.6,Qwen3.5-4B,aime2026,intermediate_error,Qwen3.5-4B|aime2026|AIME2026/16|g49,1
Qwen3.6,Qwen3.5-4B,aime2026,intermediate_error,Qwen3.5-4B|aime2026|AIME2026/18|g22,1
Qwen3.6,Qwen3.5-4B,aime2026,intermediate_error,Qwen3.5-4B|aime2026|AIME2026/18|g23,1
Qwen3.6,Qwen3.5-4B,aime2026,intermediate_error,Qwen3.5-4B|aime2026|AIME2026/18|g62,1
Qwen3.6,Qwen3.5-4B,aime2026,intermediate_error,Qwen3.5-4B|aime2026|AIME2026/19|g26,1
Qwen3.6,Qwen3.5-4B,aime2026,intermediate_error,Qwen3.5-4B|aime2026|AIME2026/19|g54,1
Qwen3.6,Qwen3.5-4B,aime2026,intermediate_error,Qwen3.5-4B|aime2026|AIME2026/2|g20,1
Qwen3.6,Qwen3.5-4B,aime2026,intermediate_error,Qwen3.5-4B|aime2026|AIME2026/2|g26,1
Qwen3.6,Qwen3.5-4B,aime2026,intermediate_error,Qwen3.5-4B|aime2026|AIME2026/2|g59,1
Qwen3.6,Qwen3.5-4B,aime2026,intermediate_error,Qwen3.5-4B|aime2026|AIME2026/20|g18,1
Qwen3.6,Qwen3.5-4B,aime2026,intermediate_error,Qwen3.5-4B|aime2026|AIME2026/20|g21,1
Qwen3.6,Qwen3.5-4B,aime2026,intermediate_error,Qwen3.5-4B|aime2026|AIME2026/20|g34,1
Qwen3.6,Qwen3.5-4B,aime2026,intermediate_error,Qwen3.5-4B|aime2026|AIME2026/20|g53,1
Qwen3.6,Qwen3.5-4B,aime2026,intermediate_error,Qwen3.5-4B|aime2026|AIME2026/21|g0,1
Qwen3.6,Qwen3.5-4B,aime2026,intermediate_error,Qwen3.5-4B|aime2026|AIME2026/21|g11,1
Qwen3.6,Qwen3.5-4B,aime2026,intermediate_error,Qwen3.5-4B|aime2026|AIME2026/21|g38,1
Qwen3.6,Qwen3.5-4B,aime2026,intermediate_error,Qwen3.5-4B|aime2026|AIME2026/21|g52,1
Qwen3.6,Qwen3.5-4B,aime2026,intermediate_error,Qwen3.5-4B|aime2026|AIME2026/22|g18,1
Qwen3.6,Qwen3.5-4B,aime2026,intermediate_error,Qwen3.5-4B|aime2026|AIME2026/22|g22,1
Qwen3.6,Qwen3.5-4B,aime2026,intermediate_error,Qwen3.5-4B|aime2026|AIME2026/22|g31,1
Qwen3.6,Qwen3.5-4B,aime2026,intermediate_error,Qwen3.5-4B|aime2026|AIME2026/24|g19,1
Qwen3.6,Qwen3.5-4B,aime2026,intermediate_error,Qwen3.5-4B|aime2026|AIME2026/24|g20,1
Qwen3.6,Qwen3.5-4B,aime2026,intermediate_error,Qwen3.5-4B|aime2026|AIME2026/24|g24,1
Qwen3.6,Qwen3.5-4B,aime2026,intermediate_error,Qwen3.5-4B|aime2026|AIME2026/24|g46,1
Qwen3.6,Qwen3.5-4B,aime2026,intermediate_error,Qwen3.5-4B|aime2026|AIME2026/25|g14,1
Qwen3.6,Qwen3.5-4B,aime2026,intermediate_error,Qwen3.5-4B|aime2026|AIME2026/25|g26,1
Qwen3.6,Qwen3.5-4B,aime2026,intermediate_error,Qwen3.5-4B|aime2026|AIME2026/25|g30,1
Qwen3.6,Qwen3.5-4B,aime2026,intermediate_error,Qwen3.5-4B|aime2026|AIME2026/25|g44,1
Qwen3.6,Qwen3.5-4B,aime2026,intermediate_error,Qwen3.5-4B|aime2026|AIME2026/26|g14,1
Qwen3.6,Qwen3.5-4B,aime2026,intermediate_error,Qwen3.5-4B|aime2026|AIME2026/26|g30,1
Qwen3.6,Qwen3.5-4B,aime2026,intermediate_error,Qwen3.5-4B|aime2026|AIME2026/26|g49,1
Qwen3.6,Qwen3.5-4B,aime2026,intermediate_error,Qwen3.5-4B|aime2026|AIME2026/26|g58,1
Qwen3.6,Qwen3.5-4B,aime2026,intermediate_error,Qwen3.5-4B|aime2026|AIME2026/27|g2,1
Qwen3.6,Qwen3.5-4B,aime2026,intermediate_error,Qwen3.5-4B|aime2026|AIME2026/27|g35,1
Qwen3.6,Qwen3.5-4B,aime2026,intermediate_error,Qwen3.5-4B|aime2026|AIME2026/27|g55,1
Qwen3.6,Qwen3.5-4B,aime2026,intermediate_error,Qwen3.5-4B|aime2026|AIME2026/28|g29,1
Qwen3.6,Qwen3.5-4B,aime2026,intermediate_error,Qwen3.5-4B|aime2026|AIME2026/28|g45,1
Qwen3.6,Qwen3.5-4B,aime2026,intermediate_error,Qwen3.5-4B|aime2026|AIME2026/28|g52,1
Qwen3.6,Qwen3.5-4B,aime2026,intermediate_error,Qwen3.5-4B|aime2026|AIME2026/29|g29,1
Qwen3.6,Qwen3.5-4B,aime2026,intermediate_error,Qwen3.5-4B|aime2026|AIME2026/29|g50,1
Qwen3.6,Qwen3.5-4B,aime2026,intermediate_error,Qwen3.5-4B|aime2026|AIME2026/29|g59,1
Qwen3.6,Qwen3.5-4B,aime2026,intermediate_error,Qwen3.5-4B|aime2026|AIME2026/3|g13,1
Qwen3.6,Qwen3.5-4B,aime2026,intermediate_error,Qwen3.5-4B|aime2026|AIME2026/30|g4,1
Qwen3.6,Qwen3.5-4B,aime2026,intermediate_error,Qwen3.5-4B|aime2026|AIME2026/30|g50,1
Qwen3.6,Qwen3.5-4B,aime2026,intermediate_error,Qwen3.5-4B|aime2026|AIME2026/4|g12,1
Qwen3.6,Qwen3.5-4B,aime2026,intermediate_error,Qwen3.5-4B|aime2026|AIME2026/4|g32,1
Qwen3.6,Qwen3.5-4B,aime2026,intermediate_error,Qwen3.5-4B|aime2026|AIME2026/4|g7,1
Qwen3.6,Qwen3.5-4B,aime2026,intermediate_error,Qwen3.5-4B|aime2026|AIME2026/5|g22,1
Qwen3.6,Qwen3.5-4B,aime2026,intermediate_error,Qwen3.5-4B|aime2026|AIME2026/5|g35,1
Qwen3.6,Qwen3.5-4B,aime2026,intermediate_error,Qwen3.5-4B|aime2026|AIME2026/5|g5,1
Qwen3.6,Qwen3.5-4B,aime2026,intermediate_error,Qwen3.5-4B|aime2026|AIME2026/6|g49,1
Qwen3.6,Qwen3.5-4B,aime2026,intermediate_error,Qwen3.5-4B|aime2026|AIME2026/6|g52,1
Qwen3.6,Qwen3.5-4B,aime2026,intermediate_error,Qwen3.5-4B|aime2026|AIME2026/6|g56,1
Qwen3.6,Qwen3.5-4B,aime2026,intermediate_error,Qwen3.5-4B|aime2026|AIME2026/7|g25,1
Qwen3.6,Qwen3.5-4B,aime2026,intermediate_error,Qwen3.5-4B|aime2026|AIME2026/7|g3,1
Qwen3.6,Qwen3.5-4B,aime2026,intermediate_error,Qwen3.5-4B|aime2026|AIME2026/7|g45,1
Qwen3.6,Qwen3.5-4B,aime2026,intermediate_error,Qwen3.5-4B|aime2026|AIME2026/7|g60,1
Qwen3.6,Qwen3.5-4B,aime2026,intermediate_error,Qwen3.5-4B|aime2026|AIME2026/9|g31,1
Qwen3.6,Qwen3.5-4B,aime2026,intermediate_error,Qwen3.5-4B|aime2026|AIME2026/9|g49,1
Qwen3.6,Qwen3.5-4B,aime2026,truncated,Qwen3.5-4B|aime2026|AIME2026/1|g15,1
Qwen3.6,Qwen3.5-4B,aime2026,truncated,Qwen3.5-4B|aime2026|AIME2026/1|g28,1
Qwen3.6,Qwen3.5-4B,aime2026,truncated,Qwen3.5-4B|aime2026|AIME2026/1|g42,1
Qwen3.6,Qwen3.5-4B,aime2026,truncated,Qwen3.5-4B|aime2026|AIME2026/10|g18,0
Qwen3.6,Qwen3.5-4B,aime2026,truncated,Qwen3.5-4B|aime2026|AIME2026/10|g2,1
Qwen3.6,Qwen3.5-4B,aime2026,truncated,Qwen3.5-4B|aime2026|AIME2026/12|g30,1
Qwen3.6,Qwen3.5-4B,aime2026,truncated,Qwen3.5-4B|aime2026|AIME2026/12|g54,1
Qwen3.6,Qwen3.5-4B,aime2026,truncated,Qwen3.5-4B|aime2026|AIME2026/13|g21,1
Qwen3.6,Qwen3.5-4B,aime2026,truncated,Qwen3.5-4B|aime2026|AIME2026/13|g44,1
Qwen3.6,Qwen3.5-4B,aime2026,truncated,Qwen3.5-4B|aime2026|AIME2026/13|g51,1
Qwen3.6,Qwen3.5-4B,aime2026,truncated,Qwen3.5-4B|aime2026|AIME2026/14|g30,1
Qwen3.6,Qwen3.5-4B,aime2026,truncated,Qwen3.5-4B|aime2026|AIME2026/14|g48,0
Qwen3.6,Qwen3.5-4B,aime2026,truncated,Qwen3.5-4B|aime2026|AIME2026/14|g63,1
Qwen3.6,Qwen3.5-4B,aime2026,truncated,Qwen3.5-4B|aime2026|AIME2026/16|g49,1
Qwen3.6,Qwen3.5-4B,aime2026,truncated,Qwen3.5-4B|aime2026|AIME2026/18|g22,1
Qwen3.6,Qwen3.5-4B,aime2026,truncated,Qwen3.5-4B|aime2026|AIME2026/18|g23,1
Qwen3.6,Qwen3.5-4B,aime2026,truncated,Qwen3.5-4B|aime2026|AIME2026/18|g62,1
Qwen3.6,Qwen3.5-4B,aime2026,truncated,Qwen3.5-4B|aime2026|AIME2026/19|g26,1
Qwen3.6,Qwen3.5-4B,aime2026,truncated,Qwen3.5-4B|aime2026|AIME2026/19|g54,1
Qwen3.6,Qwen3.5-4B,aime2026,truncated,Qwen3.5-4B|aime2026|AIME2026/2|g20,1
Qwen3.6,Qwen3.5-4B,aime2026,truncated,Qwen3.5-4B|aime2026|AIME2026/2|g26,1
Qwen3.6,Qwen3.5-4B,aime2026,truncated,Qwen3.5-4B|aime2026|AIME2026/2|g59,1
Qwen3.6,Qwen3.5-4B,aime2026,truncated,Qwen3.5-4B|aime2026|AIME2026/20|g18,1
Qwen3.6,Qwen3.5-4B,aime2026,truncated,Qwen3.5-4B|aime2026|AIME2026/20|g21,1
Qwen3.6,Qwen3.5-4B,aime2026,truncated,Qwen3.5-4B|aime2026|AIME2026/20|g34,1
Qwen3.6,Qwen3.5-4B,aime2026,truncated,Qwen3.5-4B|aime2026|AIME2026/20|g53,1
Qwen3.6,Qwen3.5-4B,aime2026,truncated,Qwen3.5-4B|aime2026|AIME2026/21|g0,1
Qwen3.6,Qwen3.5-4B,aime2026,truncated,Qwen3.5-4B|aime2026|AIME2026/21|g11,1
Qwen3.6,Qwen3.5-4B,aime2026,truncated,Qwen3.5-4B|aime2026|AIME2026/21|g38,1
Qwen3.6,Qwen3.5-4B,aime2026,truncated,Qwen3.5-4B|aime2026|AIME2026/21|g52,1
Qwen3.6,Qwen3.5-4B,aime2026,truncated,Qwen3.5-4B|aime2026|AIME2026/22|g18,1
Qwen3.6,Qwen3.5-4B,aime2026,truncated,Qwen3.5-4B|aime2026|AIME2026/22|g22,1
Qwen3.6,Qwen3.5-4B,aime2026,truncated,Qwen3.5-4B|aime2026|AIME2026/22|g31,1
Qwen3.6,Qwen3.5-4B,aime2026,truncated,Qwen3.5-4B|aime2026|AIME2026/24|g19,1
Qwen3.6,Qwen3.5-4B,aime2026,truncated,Qwen3.5-4B|aime2026|AIME2026/24|g20,1
Qwen3.6,Qwen3.5-4B,aime2026,truncated,Qwen3.5-4B|aime2026|AIME2026/24|g24,1
Qwen3.6,Qwen3.5-4B,aime2026,truncated,Qwen3.5-4B|aime2026|AIME2026/24|g46,1
Qwen3.6,Qwen3.5-4B,aime2026,truncated,Qwen3.5-4B|aime2026|AIME2026/25|g14,1
Qwen3.6,Qwen3.5-4B,aime2026,truncated,Qwen3.5-4B|aime2026|AIME2026/25|g26,1
Qwen3.6,Qwen3.5-4B,aime2026,truncated,Qwen3.5-4B|aime2026|AIME2026/25|g30,1
Qwen3.6,Qwen3.5-4B,aime2026,truncated,Qwen3.5-4B|aime2026|AIME2026/25|g44,1
Qwen3.6,Qwen3.5-4B,aime2026,truncated,Qwen3.5-4B|aime2026|AIME2026/26|g14,1
Qwen3.6,Qwen3.5-4B,aime2026,truncated,Qwen3.5-4B|aime2026|AIME2026/26|g30,1
Qwen3.6,Qwen3.5-4B,aime2026,truncated,Qwen3.5-4B|aime2026|AIME2026/26|g49,1
Qwen3.6,Qwen3.5-4B,aime2026,truncated,Qwen3.5-4B|aime2026|AIME2026/26|g58,1
Qwen3.6,Qwen3.5-4B,aime2026,truncated,Qwen3.5-4B|aime2026|AIME2026/27|g2,1
Qwen3.6,Qwen3.5-4B,aime2026,truncated,Qwen3.5-4B|aime2026|AIME2026/27|g35,1
Qwen3.6,Qwen3.5-4B,aime2026,truncated,Qwen3.5-4B|aime2026|AIME2026/27|g55,1
Qwen3.6,Qwen3.5-4B,aime2026,truncated,Qwen3.5-4B|aime2026|AIME2026/28|g29,1
Qwen3.6,Qwen3.5-4B,aime2026,truncated,Qwen3.5-4B|aime2026|AIME2026/28|g45,1
Qwen3.6,Qwen3.5-4B,aime2026,truncated,Qwen3.5-4B|aime2026|AIME2026/28|g52,0
Qwen3.6,Qwen3.5-4B,aime2026,truncated,Qwen3.5-4B|aime2026|AIME2026/29|g29,0
Qwen3.6,Qwen3.5-4B,aime2026,truncated,Qwen3.5-4B|aime2026|AIME2026/29|g50,0
Qwen3.6,Qwen3.5-4B,aime2026,truncated,Qwen3.5-4B|aime2026|AIME2026/29|g59,1
Qwen3.6,Qwen3.5-4B,aime2026,truncated,Qwen3.5-4B|aime2026|AIME2026/3|g13,1
Qwen3.6,Qwen3.5-4B,aime2026,truncated,Qwen3.5-4B|aime2026|AIME2026/30|g4,1
Qwen3.6,Qwen3.5-4B,aime2026,truncated,Qwen3.5-4B|aime2026|AIME2026/30|g50,1
Qwen3.6,Qwen3.5-4B,aime2026,truncated,Qwen3.5-4B|aime2026|AIME2026/4|g12,1
Qwen3.6,Qwen3.5-4B,aime2026,truncated,Qwen3.5-4B|aime2026|AIME2026/4|g32,1
Qwen3.6,Qwen3.5-4B,aime2026,truncated,Qwen3.5-4B|aime2026|AIME2026/4|g7,1
Qwen3.6,Qwen3.5-4B,aime2026,truncated,Qwen3.5-4B|aime2026|AIME2026/5|g22,1
Qwen3.6,Qwen3.5-4B,aime2026,truncated,Qwen3.5-4B|aime2026|AIME2026/5|g35,1
Qwen3.6,Qwen3.5-4B,aime2026,truncated,Qwen3.5-4B|aime2026|AIME2026/5|g5,1
Qwen3.6,Qwen3.5-4B,aime2026,truncated,Qwen3.5-4B|aime2026|AIME2026/6|g49,1
Qwen3.6,Qwen3.5-4B,aime2026,truncated,Qwen3.5-4B|aime2026|AIME2026/6|g52,1
Qwen3.6,Qwen3.5-4B,aime2026,truncated,Qwen3.5-4B|aime2026|AIME2026/6|g56,1
Qwen3.6,Qwen3.5-4B,aime2026,truncated,Qwen3.5-4B|aime2026|AIME2026/7|g25,1
Qwen3.6,Qwen3.5-4B,aime2026,truncated,Qwen3.5-4B|aime2026|AIME2026/7|g3,1
Qwen3.6,Qwen3.5-4B,aime2026,truncated,Qwen3.5-4B|aime2026|AIME2026/7|g45,1
Qwen3.6,Qwen3.5-4B,aime2026,truncated,Qwen3.5-4B|aime2026|AIME2026/7|g60,1
Qwen3.6,Qwen3.5-4B,aime2026,truncated,Qwen3.5-4B|aime2026|AIME2026/9|g31,1
Qwen3.6,Qwen3.5-4B,aime2026,truncated,Qwen3.5-4B|aime2026|AIME2026/9|g49,1
Qwen3.6,Qwen3.5-4B,aime2026_pt,boxed_only,Qwen3.5-4B|aime2026_pt|AIME2026-PT/1|g33,0
Qwen3.6,Qwen3.5-4B,aime2026_pt,boxed_only,Qwen3.5-4B|aime2026_pt|AIME2026-PT/1|g42,1
Qwen3.6,Qwen3.5-4B,aime2026_pt,boxed_only,Qwen3.5-4B|aime2026_pt|AIME2026-PT/1|g58,0
Qwen3.6,Qwen3.5-4B,aime2026_pt,boxed_only,Qwen3.5-4B|aime2026_pt|AIME2026-PT/10|g45,0
Qwen3.6,Qwen3.5-4B,aime2026_pt,boxed_only,Qwen3.5-4B|aime2026_pt|AIME2026-PT/12|g23,1
Qwen3.6,Qwen3.5-4B,aime2026_pt,boxed_only,Qwen3.5-4B|aime2026_pt|AIME2026-PT/12|g4,1
Qwen3.6,Qwen3.5-4B,aime2026_pt,boxed_only,Qwen3.5-4B|aime2026_pt|AIME2026-PT/13|g29,0
Qwen3.6,Qwen3.5-4B,aime2026_pt,boxed_only,Qwen3.5-4B|aime2026_pt|AIME2026-PT/13|g40,0
Qwen3.6,Qwen3.5-4B,aime2026_pt,boxed_only,Qwen3.5-4B|aime2026_pt|AIME2026-PT/14|g13,0
Qwen3.6,Qwen3.5-4B,aime2026_pt,boxed_only,Qwen3.5-4B|aime2026_pt|AIME2026-PT/14|g15,1
Qwen3.6,Qwen3.5-4B,aime2026_pt,boxed_only,Qwen3.5-4B|aime2026_pt|AIME2026-PT/14|g9,0
Qwen3.6,Qwen3.5-4B,aime2026_pt,boxed_only,Qwen3.5-4B|aime2026_pt|AIME2026-PT/16|g12,1
Qwen3.6,Qwen3.5-4B,aime2026_pt,boxed_only,Qwen3.5-4B|aime2026_pt|AIME2026-PT/16|g43,0
Qwen3.6,Qwen3.5-4B,aime2026_pt,boxed_only,Qwen3.5-4B|aime2026_pt|AIME2026-PT/17|g41,0
Qwen3.6,Qwen3.5-4B,aime2026_pt,boxed_only,Qwen3.5-4B|aime2026_pt|AIME2026-PT/17|g54,1
Qwen3.6,Qwen3.5-4B,aime2026_pt,boxed_only,Qwen3.5-4B|aime2026_pt|AIME2026-PT/18|g26,0
Qwen3.6,Qwen3.5-4B,aime2026_pt,boxed_only,Qwen3.5-4B|aime2026_pt|AIME2026-PT/18|g40,0
Qwen3.6,Qwen3.5-4B,aime2026_pt,boxed_only,Qwen3.5-4B|aime2026_pt|AIME2026-PT/18|g47,0
Qwen3.6,Qwen3.5-4B,aime2026_pt,boxed_only,Qwen3.5-4B|aime2026_pt|AIME2026-PT/19|g45,0
Qwen3.6,Qwen3.5-4B,aime2026_pt,boxed_only,Qwen3.5-4B|aime2026_pt|AIME2026-PT/19|g46,0
Qwen3.6,Qwen3.5-4B,aime2026_pt,boxed_only,Qwen3.5-4B|aime2026_pt|AIME2026-PT/19|g53,0
Qwen3.6,Qwen3.5-4B,aime2026_pt,boxed_only,Qwen3.5-4B|aime2026_pt|AIME2026-PT/19|g54,0
Qwen3.6,Qwen3.5-4B,aime2026_pt,boxed_only,Qwen3.5-4B|aime2026_pt|AIME2026-PT/2|g17,0
Qwen3.6,Qwen3.5-4B,aime2026_pt,boxed_only,Qwen3.5-4B|aime2026_pt|AIME2026-PT/2|g25,0
Qwen3.6,Qwen3.5-4B,aime2026_pt,boxed_only,Qwen3.5-4B|aime2026_pt|AIME2026-PT/2|g55,0
Qwen3.6,Qwen3.5-4B,aime2026_pt,boxed_only,Qwen3.5-4B|aime2026_pt|AIME2026-PT/20|g21,1
Qwen3.6,Qwen3.5-4B,aime2026_pt,boxed_only,Qwen3.5-4B|aime2026_pt|AIME2026-PT/20|g22,1
Qwen3.6,Qwen3.5-4B,aime2026_pt,boxed_only,Qwen3.5-4B|aime2026_pt|AIME2026-PT/22|g42,0
Qwen3.6,Qwen3.5-4B,aime2026_pt,boxed_only,Qwen3.5-4B|aime2026_pt|AIME2026-PT/22|g55,1
Qwen3.6,Qwen3.5-4B,aime2026_pt,boxed_only,Qwen3.5-4B|aime2026_pt|AIME2026-PT/22|g57,0
Qwen3.6,Qwen3.5-4B,aime2026_pt,boxed_only,Qwen3.5-4B|aime2026_pt|AIME2026-PT/23|g20,0
Qwen3.6,Qwen3.5-4B,aime2026_pt,boxed_only,Qwen3.5-4B|aime2026_pt|AIME2026-PT/24|g11,0
Qwen3.6,Qwen3.5-4B,aime2026_pt,boxed_only,Qwen3.5-4B|aime2026_pt|AIME2026-PT/24|g22,1
Qwen3.6,Qwen3.5-4B,aime2026_pt,boxed_only,Qwen3.5-4B|aime2026_pt|AIME2026-PT/24|g63,1
Qwen3.6,Qwen3.5-4B,aime2026_pt,boxed_only,Qwen3.5-4B|aime2026_pt|AIME2026-PT/25|g17,1
Qwen3.6,Qwen3.5-4B,aime2026_pt,boxed_only,Qwen3.5-4B|aime2026_pt|AIME2026-PT/25|g18,0
Qwen3.6,Qwen3.5-4B,aime2026_pt,boxed_only,Qwen3.5-4B|aime2026_pt|AIME2026-PT/25|g37,0
Qwen3.6,Qwen3.5-4B,aime2026_pt,boxed_only,Qwen3.5-4B|aime2026_pt|AIME2026-PT/25|g6,0
Qwen3.6,Qwen3.5-4B,aime2026_pt,boxed_only,Qwen3.5-4B|aime2026_pt|AIME2026-PT/25|g9,1
Qwen3.6,Qwen3.5-4B,aime2026_pt,boxed_only,Qwen3.5-4B|aime2026_pt|AIME2026-PT/26|g1,0
Qwen3.6,Qwen3.5-4B,aime2026_pt,boxed_only,Qwen3.5-4B|aime2026_pt|AIME2026-PT/26|g35,0
Qwen3.6,Qwen3.5-4B,aime2026_pt,boxed_only,Qwen3.5-4B|aime2026_pt|AIME2026-PT/27|g35,1
Qwen3.6,Qwen3.5-4B,aime2026_pt,boxed_only,Qwen3.5-4B|aime2026_pt|AIME2026-PT/27|g9,0
Qwen3.6,Qwen3.5-4B,aime2026_pt,boxed_only,Qwen3.5-4B|aime2026_pt|AIME2026-PT/28|g32,0
Qwen3.6,Qwen3.5-4B,aime2026_pt,boxed_only,Qwen3.5-4B|aime2026_pt|AIME2026-PT/28|g4,0
Qwen3.6,Qwen3.5-4B,aime2026_pt,boxed_only,Qwen3.5-4B|aime2026_pt|AIME2026-PT/28|g42,0
Qwen3.6,Qwen3.5-4B,aime2026_pt,boxed_only,Qwen3.5-4B|aime2026_pt|AIME2026-PT/28|g43,0
Qwen3.6,Qwen3.5-4B,aime2026_pt,boxed_only,Qwen3.5-4B|aime2026_pt|AIME2026-PT/28|g46,0
Qwen3.6,Qwen3.5-4B,aime2026_pt,boxed_only,Qwen3.5-4B|aime2026_pt|AIME2026-PT/29|g17,0
Qwen3.6,Qwen3.5-4B,aime2026_pt,boxed_only,Qwen3.5-4B|aime2026_pt|AIME2026-PT/3|g23,1
Qwen3.6,Qwen3.5-4B,aime2026_pt,boxed_only,Qwen3.5-4B|aime2026_pt|AIME2026-PT/3|g34,1
Qwen3.6,Qwen3.5-4B,aime2026_pt,boxed_only,Qwen3.5-4B|aime2026_pt|AIME2026-PT/3|g42,0
Qwen3.6,Qwen3.5-4B,aime2026_pt,boxed_only,Qwen3.5-4B|aime2026_pt|AIME2026-PT/3|g46,1
Qwen3.6,Qwen3.5-4B,aime2026_pt,boxed_only,Qwen3.5-4B|aime2026_pt|AIME2026-PT/4|g21,0
Qwen3.6,Qwen3.5-4B,aime2026_pt,boxed_only,Qwen3.5-4B|aime2026_pt|AIME2026-PT/4|g22,0
Qwen3.6,Qwen3.5-4B,aime2026_pt,boxed_only,Qwen3.5-4B|aime2026_pt|AIME2026-PT/4|g4,0
Qwen3.6,Qwen3.5-4B,aime2026_pt,boxed_only,Qwen3.5-4B|aime2026_pt|AIME2026-PT/4|g58,0
Qwen3.6,Qwen3.5-4B,aime2026_pt,boxed_only,Qwen3.5-4B|aime2026_pt|AIME2026-PT/5|g11,0
Qwen3.6,Qwen3.5-4B,aime2026_pt,boxed_only,Qwen3.5-4B|aime2026_pt|AIME2026-PT/5|g15,1
Qwen3.6,Qwen3.5-4B,aime2026_pt,boxed_only,Qwen3.5-4B|aime2026_pt|AIME2026-PT/6|g0,0
Qwen3.6,Qwen3.5-4B,aime2026_pt,boxed_only,Qwen3.5-4B|aime2026_pt|AIME2026-PT/6|g1,1
Qwen3.6,Qwen3.5-4B,aime2026_pt,boxed_only,Qwen3.5-4B|aime2026_pt|AIME2026-PT/6|g57,0
Qwen3.6,Qwen3.5-4B,aime2026_pt,boxed_only,Qwen3.5-4B|aime2026_pt|AIME2026-PT/6|g60,1
Qwen3.6,Qwen3.5-4B,aime2026_pt,boxed_only,Qwen3.5-4B|aime2026_pt|AIME2026-PT/7|g11,0
Qwen3.6,Qwen3.5-4B,aime2026_pt,boxed_only,Qwen3.5-4B|aime2026_pt|AIME2026-PT/7|g13,0
Qwen3.6,Qwen3.5-4B,aime2026_pt,boxed_only,Qwen3.5-4B|aime2026_pt|AIME2026-PT/7|g19,0
Qwen3.6,Qwen3.5-4B,aime2026_pt,boxed_only,Qwen3.5-4B|aime2026_pt|AIME2026-PT/7|g21,0
Qwen3.6,Qwen3.5-4B,aime2026_pt,boxed_only,Qwen3.5-4B|aime2026_pt|AIME2026-PT/7|g28,1
Qwen3.6,Qwen3.5-4B,aime2026_pt,boxed_only,Qwen3.5-4B|aime2026_pt|AIME2026-PT/7|g58,1
Qwen3.6,Qwen3.5-4B,aime2026_pt,boxed_only,Qwen3.5-4B|aime2026_pt|AIME2026-PT/9|g14,1
Qwen3.6,Qwen3.5-4B,aime2026_pt,boxed_only,Qwen3.5-4B|aime2026_pt|AIME2026-PT/9|g51,0
Qwen3.6,Qwen3.5-4B,aime2026_pt,boxed_only,Qwen3.5-4B|aime2026_pt|AIME2026-PT/9|g63,1
Qwen3.6,Qwen3.5-4B,aime2026_pt,clean,Qwen3.5-4B|aime2026_pt|AIME2026-PT/1|g33,1
Qwen3.6,Qwen3.5-4B,aime2026_pt,clean,Qwen3.5-4B|aime2026_pt|AIME2026-PT/1|g42,1
Qwen3.6,Qwen3.5-4B,aime2026_pt,clean,Qwen3.5-4B|aime2026_pt|AIME2026-PT/1|g58,1
Qwen3.6,Qwen3.5-4B,aime2026_pt,clean,Qwen3.5-4B|aime2026_pt|AIME2026-PT/10|g45,1
Qwen3.6,Qwen3.5-4B,aime2026_pt,clean,Qwen3.5-4B|aime2026_pt|AIME2026-PT/12|g23,1
Qwen3.6,Qwen3.5-4B,aime2026_pt,clean,Qwen3.5-4B|aime2026_pt|AIME2026-PT/12|g4,1
Qwen3.6,Qwen3.5-4B,aime2026_pt,clean,Qwen3.5-4B|aime2026_pt|AIME2026-PT/13|g29,1
Qwen3.6,Qwen3.5-4B,aime2026_pt,clean,Qwen3.5-4B|aime2026_pt|AIME2026-PT/13|g40,1
Qwen3.6,Qwen3.5-4B,aime2026_pt,clean,Qwen3.5-4B|aime2026_pt|AIME2026-PT/14|g13,1
Qwen3.6,Qwen3.5-4B,aime2026_pt,clean,Qwen3.5-4B|aime2026_pt|AIME2026-PT/14|g15,1
Qwen3.6,Qwen3.5-4B,aime2026_pt,clean,Qwen3.5-4B|aime2026_pt|AIME2026-PT/14|g9,1
Qwen3.6,Qwen3.5-4B,aime2026_pt,clean,Qwen3.5-4B|aime2026_pt|AIME2026-PT/16|g12,1
Qwen3.6,Qwen3.5-4B,aime2026_pt,clean,Qwen3.5-4B|aime2026_pt|AIME2026-PT/16|g43,1
Qwen3.6,Qwen3.5-4B,aime2026_pt,clean,Qwen3.5-4B|aime2026_pt|AIME2026-PT/17|g41,1
Qwen3.6,Qwen3.5-4B,aime2026_pt,clean,Qwen3.5-4B|aime2026_pt|AIME2026-PT/17|g54,1
Qwen3.6,Qwen3.5-4B,aime2026_pt,clean,Qwen3.5-4B|aime2026_pt|AIME2026-PT/18|g26,1
Qwen3.6,Qwen3.5-4B,aime2026_pt,clean,Qwen3.5-4B|aime2026_pt|AIME2026-PT/18|g40,1
Qwen3.6,Qwen3.5-4B,aime2026_pt,clean,Qwen3.5-4B|aime2026_pt|AIME2026-PT/18|g47,1
Qwen3.6,Qwen3.5-4B,aime2026_pt,clean,Qwen3.5-4B|aime2026_pt|AIME2026-PT/19|g45,1
Qwen3.6,Qwen3.5-4B,aime2026_pt,clean,Qwen3.5-4B|aime2026_pt|AIME2026-PT/19|g46,1
Qwen3.6,Qwen3.5-4B,aime2026_pt,clean,Qwen3.5-4B|aime2026_pt|AIME2026-PT/19|g53,1
Qwen3.6,Qwen3.5-4B,aime2026_pt,clean,Qwen3.5-4B|aime2026_pt|AIME2026-PT/19|g54,1
Qwen3.6,Qwen3.5-4B,aime2026_pt,clean,Qwen3.5-4B|aime2026_pt|AIME2026-PT/2|g17,1
Qwen3.6,Qwen3.5-4B,aime2026_pt,clean,Qwen3.5-4B|aime2026_pt|AIME2026-PT/2|g25,1
Qwen3.6,Qwen3.5-4B,aime2026_pt,clean,Qwen3.5-4B|aime2026_pt|AIME2026-PT/2|g55,1
Qwen3.6,Qwen3.5-4B,aime2026_pt,clean,Qwen3.5-4B|aime2026_pt|AIME2026-PT/20|g21,1
Qwen3.6,Qwen3.5-4B,aime2026_pt,clean,Qwen3.5-4B|aime2026_pt|AIME2026-PT/20|g22,1
Qwen3.6,Qwen3.5-4B,aime2026_pt,clean,Qwen3.5-4B|aime2026_pt|AIME2026-PT/22|g42,1
Qwen3.6,Qwen3.5-4B,aime2026_pt,clean,Qwen3.5-4B|aime2026_pt|AIME2026-PT/22|g55,1
Qwen3.6,Qwen3.5-4B,aime2026_pt,clean,Qwen3.5-4B|aime2026_pt|AIME2026-PT/22|g57,1
Qwen3.6,Qwen3.5-4B,aime2026_pt,clean,Qwen3.5-4B|aime2026_pt|AIME2026-PT/23|g20,1
Qwen3.6,Qwen3.5-4B,aime2026_pt,clean,Qwen3.5-4B|aime2026_pt|AIME2026-PT/24|g11,1
Qwen3.6,Qwen3.5-4B,aime2026_pt,clean,Qwen3.5-4B|aime2026_pt|AIME2026-PT/24|g22,1
Qwen3.6,Qwen3.5-4B,aime2026_pt,clean,Qwen3.5-4B|aime2026_pt|AIME2026-PT/24|g63,1
Qwen3.6,Qwen3.5-4B,aime2026_pt,clean,Qwen3.5-4B|aime2026_pt|AIME2026-PT/25|g17,1
Qwen3.6,Qwen3.5-4B,aime2026_pt,clean,Qwen3.5-4B|aime2026_pt|AIME2026-PT/25|g18,1
Qwen3.6,Qwen3.5-4B,aime2026_pt,clean,Qwen3.5-4B|aime2026_pt|AIME2026-PT/25|g37,1
Qwen3.6,Qwen3.5-4B,aime2026_pt,clean,Qwen3.5-4B|aime2026_pt|AIME2026-PT/25|g6,1
Qwen3.6,Qwen3.5-4B,aime2026_pt,clean,Qwen3.5-4B|aime2026_pt|AIME2026-PT/25|g9,1
Qwen3.6,Qwen3.5-4B,aime2026_pt,clean,Qwen3.5-4B|aime2026_pt|AIME2026-PT/26|g1,1
Qwen3.6,Qwen3.5-4B,aime2026_pt,clean,Qwen3.5-4B|aime2026_pt|AIME2026-PT/26|g35,1
Qwen3.6,Qwen3.5-4B,aime2026_pt,clean,Qwen3.5-4B|aime2026_pt|AIME2026-PT/27|g35,1
Qwen3.6,Qwen3.5-4B,aime2026_pt,clean,Qwen3.5-4B|aime2026_pt|AIME2026-PT/27|g9,1
Qwen3.6,Qwen3.5-4B,aime2026_pt,clean,Qwen3.5-4B|aime2026_pt|AIME2026-PT/28|g32,1
Qwen3.6,Qwen3.5-4B,aime2026_pt,clean,Qwen3.5-4B|aime2026_pt|AIME2026-PT/28|g4,1
Qwen3.6,Qwen3.5-4B,aime2026_pt,clean,Qwen3.5-4B|aime2026_pt|AIME2026-PT/28|g42,1
Qwen3.6,Qwen3.5-4B,aime2026_pt,clean,Qwen3.5-4B|aime2026_pt|AIME2026-PT/28|g43,1
Qwen3.6,Qwen3.5-4B,aime2026_pt,clean,Qwen3.5-4B|aime2026_pt|AIME2026-PT/28|g46,1
Qwen3.6,Qwen3.5-4B,aime2026_pt,clean,Qwen3.5-4B|aime2026_pt|AIME2026-PT/29|g17,1
Qwen3.6,Qwen3.5-4B,aime2026_pt,clean,Qwen3.5-4B|aime2026_pt|AIME2026-PT/3|g23,1
Qwen3.6,Qwen3.5-4B,aime2026_pt,clean,Qwen3.5-4B|aime2026_pt|AIME2026-PT/3|g34,1
Qwen3.6,Qwen3.5-4B,aime2026_pt,clean,Qwen3.5-4B|aime2026_pt|AIME2026-PT/3|g42,1
Qwen3.6,Qwen3.5-4B,aime2026_pt,clean,Qwen3.5-4B|aime2026_pt|AIME2026-PT/3|g46,1
Qwen3.6,Qwen3.5-4B,aime2026_pt,clean,Qwen3.5-4B|aime2026_pt|AIME2026-PT/4|g21,1
Qwen3.6,Qwen3.5-4B,aime2026_pt,clean,Qwen3.5-4B|aime2026_pt|AIME2026-PT/4|g22,1
Qwen3.6,Qwen3.5-4B,aime2026_pt,clean,Qwen3.5-4B|aime2026_pt|AIME2026-PT/4|g4,1
Qwen3.6,Qwen3.5-4B,aime2026_pt,clean,Qwen3.5-4B|aime2026_pt|AIME2026-PT/4|g58,1
Qwen3.6,Qwen3.5-4B,aime2026_pt,clean,Qwen3.5-4B|aime2026_pt|AIME2026-PT/5|g11,1
Qwen3.6,Qwen3.5-4B,aime2026_pt,clean,Qwen3.5-4B|aime2026_pt|AIME2026-PT/5|g15,1
Qwen3.6,Qwen3.5-4B,aime2026_pt,clean,Qwen3.5-4B|aime2026_pt|AIME2026-PT/6|g0,1
Qwen3.6,Qwen3.5-4B,aime2026_pt,clean,Qwen3.5-4B|aime2026_pt|AIME2026-PT/6|g1,1
Qwen3.6,Qwen3.5-4B,aime2026_pt,clean,Qwen3.5-4B|aime2026_pt|AIME2026-PT/6|g57,1
Qwen3.6,Qwen3.5-4B,aime2026_pt,clean,Qwen3.5-4B|aime2026_pt|AIME2026-PT/6|g60,1
Qwen3.6,Qwen3.5-4B,aime2026_pt,clean,Qwen3.5-4B|aime2026_pt|AIME2026-PT/7|g11,1
Qwen3.6,Qwen3.5-4B,aime2026_pt,clean,Qwen3.5-4B|aime2026_pt|AIME2026-PT/7|g13,1
Qwen3.6,Qwen3.5-4B,aime2026_pt,clean,Qwen3.5-4B|aime2026_pt|AIME2026-PT/7|g19,1
Qwen3.6,Qwen3.5-4B,aime2026_pt,clean,Qwen3.5-4B|aime2026_pt|AIME2026-PT/7|g21,1
Qwen3.6,Qwen3.5-4B,aime2026_pt,clean,Qwen3.5-4B|aime2026_pt|AIME2026-PT/7|g28,1
Qwen3.6,Qwen3.5-4B,aime2026_pt,clean,Qwen3.5-4B|aime2026_pt|AIME2026-PT/7|g58,1
Qwen3.6,Qwen3.5-4B,aime2026_pt,clean,Qwen3.5-4B|aime2026_pt|AIME2026-PT/9|g14,1
Qwen3.6,Qwen3.5-4B,aime2026_pt,clean,Qwen3.5-4B|aime2026_pt|AIME2026-PT/9|g51,1
Qwen3.6,Qwen3.5-4B,aime2026_pt,clean,Qwen3.5-4B|aime2026_pt|AIME2026-PT/9|g63,1
Qwen3.6,Qwen3.5-4B,aime2026_pt,consistent_error,Qwen3.5-4B|aime2026_pt|AIME2026-PT/1|g33,0
Qwen3.6,Qwen3.5-4B,aime2026_pt,consistent_error,Qwen3.5-4B|aime2026_pt|AIME2026-PT/1|g42,1
Qwen3.6,Qwen3.5-4B,aime2026_pt,consistent_error,Qwen3.5-4B|aime2026_pt|AIME2026-PT/1|g58,1
Qwen3.6,Qwen3.5-4B,aime2026_pt,consistent_error,Qwen3.5-4B|aime2026_pt|AIME2026-PT/10|g45,0
Qwen3.6,Qwen3.5-4B,aime2026_pt,consistent_error,Qwen3.5-4B|aime2026_pt|AIME2026-PT/12|g23,1
Qwen3.6,Qwen3.5-4B,aime2026_pt,consistent_error,Qwen3.5-4B|aime2026_pt|AIME2026-PT/12|g4,1
Qwen3.6,Qwen3.5-4B,aime2026_pt,consistent_error,Qwen3.5-4B|aime2026_pt|AIME2026-PT/13|g29,1
Qwen3.6,Qwen3.5-4B,aime2026_pt,consistent_error,Qwen3.5-4B|aime2026_pt|AIME2026-PT/13|g40,1
Qwen3.6,Qwen3.5-4B,aime2026_pt,consistent_error,Qwen3.5-4B|aime2026_pt|AIME2026-PT/14|g13,1
Qwen3.6,Qwen3.5-4B,aime2026_pt,consistent_error,Qwen3.5-4B|aime2026_pt|AIME2026-PT/14|g15,0
Qwen3.6,Qwen3.5-4B,aime2026_pt,consistent_error,Qwen3.5-4B|aime2026_pt|AIME2026-PT/14|g9,1
Qwen3.6,Qwen3.5-4B,aime2026_pt,consistent_error,Qwen3.5-4B|aime2026_pt|AIME2026-PT/16|g12,1
Qwen3.6,Qwen3.5-4B,aime2026_pt,consistent_error,Qwen3.5-4B|aime2026_pt|AIME2026-PT/16|g43,0
Qwen3.6,Qwen3.5-4B,aime2026_pt,consistent_error,Qwen3.5-4B|aime2026_pt|AIME2026-PT/17|g41,1
Qwen3.6,Qwen3.5-4B,aime2026_pt,consistent_error,Qwen3.5-4B|aime2026_pt|AIME2026-PT/17|g54,1
Qwen3.6,Qwen3.5-4B,aime2026_pt,consistent_error,Qwen3.5-4B|aime2026_pt|AIME2026-PT/18|g26,0
Qwen3.6,Qwen3.5-4B,aime2026_pt,consistent_error,Qwen3.5-4B|aime2026_pt|AIME2026-PT/18|g40,0
Qwen3.6,Qwen3.5-4B,aime2026_pt,consistent_error,Qwen3.5-4B|aime2026_pt|AIME2026-PT/18|g47,1
Qwen3.6,Qwen3.5-4B,aime2026_pt,consistent_error,Qwen3.5-4B|aime2026_pt|AIME2026-PT/19|g45,1
Qwen3.6,Qwen3.5-4B,aime2026_pt,consistent_error,Qwen3.5-4B|aime2026_pt|AIME2026-PT/19|g46,1
Qwen3.6,Qwen3.5-4B,aime2026_pt,consistent_error,Qwen3.5-4B|aime2026_pt|AIME2026-PT/19|g53,1
Qwen3.6,Qwen3.5-4B,aime2026_pt,consistent_error,Qwen3.5-4B|aime2026_pt|AIME2026-PT/19|g54,1
Qwen3.6,Qwen3.5-4B,aime2026_pt,consistent_error,Qwen3.5-4B|aime2026_pt|AIME2026-PT/2|g17,0
Qwen3.6,Qwen3.5-4B,aime2026_pt,consistent_error,Qwen3.5-4B|aime2026_pt|AIME2026-PT/2|g25,1
Qwen3.6,Qwen3.5-4B,aime2026_pt,consistent_error,Qwen3.5-4B|aime2026_pt|AIME2026-PT/2|g55,1
Qwen3.6,Qwen3.5-4B,aime2026_pt,consistent_error,Qwen3.5-4B|aime2026_pt|AIME2026-PT/20|g21,0
Qwen3.6,Qwen3.5-4B,aime2026_pt,consistent_error,Qwen3.5-4B|aime2026_pt|AIME2026-PT/20|g22,1
Qwen3.6,Qwen3.5-4B,aime2026_pt,consistent_error,Qwen3.5-4B|aime2026_pt|AIME2026-PT/22|g42,0
Qwen3.6,Qwen3.5-4B,aime2026_pt,consistent_error,Qwen3.5-4B|aime2026_pt|AIME2026-PT/22|g55,1
Qwen3.6,Qwen3.5-4B,aime2026_pt,consistent_error,Qwen3.5-4B|aime2026_pt|AIME2026-PT/22|g57,1
Qwen3.6,Qwen3.5-4B,aime2026_pt,consistent_error,Qwen3.5-4B|aime2026_pt|AIME2026-PT/23|g20,1
Qwen3.6,Qwen3.5-4B,aime2026_pt,consistent_error,Qwen3.5-4B|aime2026_pt|AIME2026-PT/24|g11,1
Qwen3.6,Qwen3.5-4B,aime2026_pt,consistent_error,Qwen3.5-4B|aime2026_pt|AIME2026-PT/24|g22,1
Qwen3.6,Qwen3.5-4B,aime2026_pt,consistent_error,Qwen3.5-4B|aime2026_pt|AIME2026-PT/24|g63,1
Qwen3.6,Qwen3.5-4B,aime2026_pt,consistent_error,Qwen3.5-4B|aime2026_pt|AIME2026-PT/25|g17,1
Qwen3.6,Qwen3.5-4B,aime2026_pt,consistent_error,Qwen3.5-4B|aime2026_pt|AIME2026-PT/25|g18,1
Qwen3.6,Qwen3.5-4B,aime2026_pt,consistent_error,Qwen3.5-4B|aime2026_pt|AIME2026-PT/25|g37,1
Qwen3.6,Qwen3.5-4B,aime2026_pt,consistent_error,Qwen3.5-4B|aime2026_pt|AIME2026-PT/25|g6,0
Qwen3.6,Qwen3.5-4B,aime2026_pt,consistent_error,Qwen3.5-4B|aime2026_pt|AIME2026-PT/25|g9,0
Qwen3.6,Qwen3.5-4B,aime2026_pt,consistent_error,Qwen3.5-4B|aime2026_pt|AIME2026-PT/26|g1,0
Qwen3.6,Qwen3.5-4B,aime2026_pt,consistent_error,Qwen3.5-4B|aime2026_pt|AIME2026-PT/26|g35,0
Qwen3.6,Qwen3.5-4B,aime2026_pt,consistent_error,Qwen3.5-4B|aime2026_pt|AIME2026-PT/27|g35,1
Qwen3.6,Qwen3.5-4B,aime2026_pt,consistent_error,Qwen3.5-4B|aime2026_pt|AIME2026-PT/27|g9,1
Qwen3.6,Qwen3.5-4B,aime2026_pt,consistent_error,Qwen3.5-4B|aime2026_pt|AIME2026-PT/28|g32,1
Qwen3.6,Qwen3.5-4B,aime2026_pt,consistent_error,Qwen3.5-4B|aime2026_pt|AIME2026-PT/28|g4,0
Qwen3.6,Qwen3.5-4B,aime2026_pt,consistent_error,Qwen3.5-4B|aime2026_pt|AIME2026-PT/28|g42,1
Qwen3.6,Qwen3.5-4B,aime2026_pt,consistent_error,Qwen3.5-4B|aime2026_pt|AIME2026-PT/28|g43,0
Qwen3.6,Qwen3.5-4B,aime2026_pt,consistent_error,Qwen3.5-4B|aime2026_pt|AIME2026-PT/28|g46,1
Qwen3.6,Qwen3.5-4B,aime2026_pt,consistent_error,Qwen3.5-4B|aime2026_pt|AIME2026-PT/29|g17,0
Qwen3.6,Qwen3.5-4B,aime2026_pt,consistent_error,Qwen3.5-4B|aime2026_pt|AIME2026-PT/3|g23,0
Qwen3.6,Qwen3.5-4B,aime2026_pt,consistent_error,Qwen3.5-4B|aime2026_pt|AIME2026-PT/3|g34,0
Qwen3.6,Qwen3.5-4B,aime2026_pt,consistent_error,Qwen3.5-4B|aime2026_pt|AIME2026-PT/3|g42,1
Qwen3.6,Qwen3.5-4B,aime2026_pt,consistent_error,Qwen3.5-4B|aime2026_pt|AIME2026-PT/3|g46,0
Qwen3.6,Qwen3.5-4B,aime2026_pt,consistent_error,Qwen3.5-4B|aime2026_pt|AIME2026-PT/4|g21,1
Qwen3.6,Qwen3.5-4B,aime2026_pt,consistent_error,Qwen3.5-4B|aime2026_pt|AIME2026-PT/4|g22,1
Qwen3.6,Qwen3.5-4B,aime2026_pt,consistent_error,Qwen3.5-4B|aime2026_pt|AIME2026-PT/4|g4,1
Qwen3.6,Qwen3.5-4B,aime2026_pt,consistent_error,Qwen3.5-4B|aime2026_pt|AIME2026-PT/4|g58,1
Qwen3.6,Qwen3.5-4B,aime2026_pt,consistent_error,Qwen3.5-4B|aime2026_pt|AIME2026-PT/5|g11,1
Qwen3.6,Qwen3.5-4B,aime2026_pt,consistent_error,Qwen3.5-4B|aime2026_pt|AIME2026-PT/5|g15,0
Qwen3.6,Qwen3.5-4B,aime2026_pt,consistent_error,Qwen3.5-4B|aime2026_pt|AIME2026-PT/6|g0,0
Qwen3.6,Qwen3.5-4B,aime2026_pt,consistent_error,Qwen3.5-4B|aime2026_pt|AIME2026-PT/6|g1,1
Qwen3.6,Qwen3.5-4B,aime2026_pt,consistent_error,Qwen3.5-4B|aime2026_pt|AIME2026-PT/6|g57,0
Qwen3.6,Qwen3.5-4B,aime2026_pt,consistent_error,Qwen3.5-4B|aime2026_pt|AIME2026-PT/6|g60,0
Qwen3.6,Qwen3.5-4B,aime2026_pt,consistent_error,Qwen3.5-4B|aime2026_pt|AIME2026-PT/7|g11,1
Qwen3.6,Qwen3.5-4B,aime2026_pt,consistent_error,Qwen3.5-4B|aime2026_pt|AIME2026-PT/7|g13,1
Qwen3.6,Qwen3.5-4B,aime2026_pt,consistent_error,Qwen3.5-4B|aime2026_pt|AIME2026-PT/7|g19,1
Qwen3.6,Qwen3.5-4B,aime2026_pt,consistent_error,Qwen3.5-4B|aime2026_pt|AIME2026-PT/7|g21,1
Qwen3.6,Qwen3.5-4B,aime2026_pt,consistent_error,Qwen3.5-4B|aime2026_pt|AIME2026-PT/7|g28,1
Qwen3.6,Qwen3.5-4B,aime2026_pt,consistent_error,Qwen3.5-4B|aime2026_pt|AIME2026-PT/7|g58,0
Qwen3.6,Qwen3.5-4B,aime2026_pt,consistent_error,Qwen3.5-4B|aime2026_pt|AIME2026-PT/9|g14,1
Qwen3.6,Qwen3.5-4B,aime2026_pt,consistent_error,Qwen3.5-4B|aime2026_pt|AIME2026-PT/9|g51,1
Qwen3.6,Qwen3.5-4B,aime2026_pt,consistent_error,Qwen3.5-4B|aime2026_pt|AIME2026-PT/9|g63,1
Qwen3.6,Qwen3.5-4B,aime2026_pt,intermediate_error,Qwen3.5-4B|aime2026_pt|AIME2026-PT/1|g33,1
Qwen3.6,Qwen3.5-4B,aime2026_pt,intermediate_error,Qwen3.5-4B|aime2026_pt|AIME2026-PT/1|g42,1
Qwen3.6,Qwen3.5-4B,aime2026_pt,intermediate_error,Qwen3.5-4B|aime2026_pt|AIME2026-PT/1|g58,1
Qwen3.6,Qwen3.5-4B,aime2026_pt,intermediate_error,Qwen3.5-4B|aime2026_pt|AIME2026-PT/10|g45,1
Qwen3.6,Qwen3.5-4B,aime2026_pt,intermediate_error,Qwen3.5-4B|aime2026_pt|AIME2026-PT/12|g23,1
Qwen3.6,Qwen3.5-4B,aime2026_pt,intermediate_error,Qwen3.5-4B|aime2026_pt|AIME2026-PT/12|g4,1
Qwen3.6,Qwen3.5-4B,aime2026_pt,intermediate_error,Qwen3.5-4B|aime2026_pt|AIME2026-PT/13|g29,1
Qwen3.6,Qwen3.5-4B,aime2026_pt,intermediate_error,Qwen3.5-4B|aime2026_pt|AIME2026-PT/13|g40,1
Qwen3.6,Qwen3.5-4B,aime2026_pt,intermediate_error,Qwen3.5-4B|aime2026_pt|AIME2026-PT/14|g13,1
Qwen3.6,Qwen3.5-4B,aime2026_pt,intermediate_error,Qwen3.5-4B|aime2026_pt|AIME2026-PT/14|g15,1
Qwen3.6,Qwen3.5-4B,aime2026_pt,intermediate_error,Qwen3.5-4B|aime2026_pt|AIME2026-PT/14|g9,1
Qwen3.6,Qwen3.5-4B,aime2026_pt,intermediate_error,Qwen3.5-4B|aime2026_pt|AIME2026-PT/16|g12,1
Qwen3.6,Qwen3.5-4B,aime2026_pt,intermediate_error,Qwen3.5-4B|aime2026_pt|AIME2026-PT/16|g43,1
Qwen3.6,Qwen3.5-4B,aime2026_pt,intermediate_error,Qwen3.5-4B|aime2026_pt|AIME2026-PT/17|g41,1
Qwen3.6,Qwen3.5-4B,aime2026_pt,intermediate_error,Qwen3.5-4B|aime2026_pt|AIME2026-PT/17|g54,1
Qwen3.6,Qwen3.5-4B,aime2026_pt,intermediate_error,Qwen3.5-4B|aime2026_pt|AIME2026-PT/18|g26,1
Qwen3.6,Qwen3.5-4B,aime2026_pt,intermediate_error,Qwen3.5-4B|aime2026_pt|AIME2026-PT/18|g40,1
Qwen3.6,Qwen3.5-4B,aime2026_pt,intermediate_error,Qwen3.5-4B|aime2026_pt|AIME2026-PT/18|g47,1
Qwen3.6,Qwen3.5-4B,aime2026_pt,intermediate_error,Qwen3.5-4B|aime2026_pt|AIME2026-PT/19|g45,1
Qwen3.6,Qwen3.5-4B,aime2026_pt,intermediate_error,Qwen3.5-4B|aime2026_pt|AIME2026-PT/19|g46,1
Qwen3.6,Qwen3.5-4B,aime2026_pt,intermediate_error,Qwen3.5-4B|aime2026_pt|AIME2026-PT/19|g53,1
Qwen3.6,Qwen3.5-4B,aime2026_pt,intermediate_error,Qwen3.5-4B|aime2026_pt|AIME2026-PT/19|g54,1
Qwen3.6,Qwen3.5-4B,aime2026_pt,intermediate_error,Qwen3.5-4B|aime2026_pt|AIME2026-PT/2|g17,1
Qwen3.6,Qwen3.5-4B,aime2026_pt,intermediate_error,Qwen3.5-4B|aime2026_pt|AIME2026-PT/2|g25,1
Qwen3.6,Qwen3.5-4B,aime2026_pt,intermediate_error,Qwen3.5-4B|aime2026_pt|AIME2026-PT/2|g55,1
Qwen3.6,Qwen3.5-4B,aime2026_pt,intermediate_error,Qwen3.5-4B|aime2026_pt|AIME2026-PT/20|g21,1
Qwen3.6,Qwen3.5-4B,aime2026_pt,intermediate_error,Qwen3.5-4B|aime2026_pt|AIME2026-PT/20|g22,1
Qwen3.6,Qwen3.5-4B,aime2026_pt,intermediate_error,Qwen3.5-4B|aime2026_pt|AIME2026-PT/22|g42,1
Qwen3.6,Qwen3.5-4B,aime2026_pt,intermediate_error,Qwen3.5-4B|aime2026_pt|AIME2026-PT/22|g55,1
Qwen3.6,Qwen3.5-4B,aime2026_pt,intermediate_error,Qwen3.5-4B|aime2026_pt|AIME2026-PT/22|g57,1
Qwen3.6,Qwen3.5-4B,aime2026_pt,intermediate_error,Qwen3.5-4B|aime2026_pt|AIME2026-PT/23|g20,1
Qwen3.6,Qwen3.5-4B,aime2026_pt,intermediate_error,Qwen3.5-4B|aime2026_pt|AIME2026-PT/24|g11,1
Qwen3.6,Qwen3.5-4B,aime2026_pt,intermediate_error,Qwen3.5-4B|aime2026_pt|AIME2026-PT/24|g22,1
Qwen3.6,Qwen3.5-4B,aime2026_pt,intermediate_error,Qwen3.5-4B|aime2026_pt|AIME2026-PT/24|g63,1
Qwen3.6,Qwen3.5-4B,aime2026_pt,intermediate_error,Qwen3.5-4B|aime2026_pt|AIME2026-PT/25|g17,1
Qwen3.6,Qwen3.5-4B,aime2026_pt,intermediate_error,Qwen3.5-4B|aime2026_pt|AIME2026-PT/25|g18,1
Qwen3.6,Qwen3.5-4B,aime2026_pt,intermediate_error,Qwen3.5-4B|aime2026_pt|AIME2026-PT/25|g37,1
Qwen3.6,Qwen3.5-4B,aime2026_pt,intermediate_error,Qwen3.5-4B|aime2026_pt|AIME2026-PT/25|g6,1
Qwen3.6,Qwen3.5-4B,aime2026_pt,intermediate_error,Qwen3.5-4B|aime2026_pt|AIME2026-PT/25|g9,1
Qwen3.6,Qwen3.5-4B,aime2026_pt,intermediate_error,Qwen3.5-4B|aime2026_pt|AIME2026-PT/26|g1,1
Qwen3.6,Qwen3.5-4B,aime2026_pt,intermediate_error,Qwen3.5-4B|aime2026_pt|AIME2026-PT/26|g35,1
Qwen3.6,Qwen3.5-4B,aime2026_pt,intermediate_error,Qwen3.5-4B|aime2026_pt|AIME2026-PT/27|g35,1
Qwen3.6,Qwen3.5-4B,aime2026_pt,intermediate_error,Qwen3.5-4B|aime2026_pt|AIME2026-PT/27|g9,1
Qwen3.6,Qwen3.5-4B,aime2026_pt,intermediate_error,Qwen3.5-4B|aime2026_pt|AIME2026-PT/28|g32,1
Qwen3.6,Qwen3.5-4B,aime2026_pt,intermediate_error,Qwen3.5-4B|aime2026_pt|AIME2026-PT/28|g4,1
Qwen3.6,Qwen3.5-4B,aime2026_pt,intermediate_error,Qwen3.5-4B|aime2026_pt|AIME2026-PT/28|g42,1
Qwen3.6,Qwen3.5-4B,aime2026_pt,intermediate_error,Qwen3.5-4B|aime2026_pt|AIME2026-PT/28|g43,1
Qwen3.6,Qwen3.5-4B,aime2026_pt,intermediate_error,Qwen3.5-4B|aime2026_pt|AIME2026-PT/28|g46,1
Qwen3.6,Qwen3.5-4B,aime2026_pt,intermediate_error,Qwen3.5-4B|aime2026_pt|AIME2026-PT/29|g17,1
Qwen3.6,Qwen3.5-4B,aime2026_pt,intermediate_error,Qwen3.5-4B|aime2026_pt|AIME2026-PT/3|g23,1
Qwen3.6,Qwen3.5-4B,aime2026_pt,intermediate_error,Qwen3.5-4B|aime2026_pt|AIME2026-PT/3|g34,1
Qwen3.6,Qwen3.5-4B,aime2026_pt,intermediate_error,Qwen3.5-4B|aime2026_pt|AIME2026-PT/3|g42,1
Qwen3.6,Qwen3.5-4B,aime2026_pt,intermediate_error,Qwen3.5-4B|aime2026_pt|AIME2026-PT/3|g46,1
Qwen3.6,Qwen3.5-4B,aime2026_pt,intermediate_error,Qwen3.5-4B|aime2026_pt|AIME2026-PT/4|g21,1
Qwen3.6,Qwen3.5-4B,aime2026_pt,intermediate_error,Qwen3.5-4B|aime2026_pt|AIME2026-PT/4|g22,1
Qwen3.6,Qwen3.5-4B,aime2026_pt,intermediate_error,Qwen3.5-4B|aime2026_pt|AIME2026-PT/4|g4,1
Qwen3.6,Qwen3.5-4B,aime2026_pt,intermediate_error,Qwen3.5-4B|aime2026_pt|AIME2026-PT/4|g58,1
Qwen3.6,Qwen3.5-4B,aime2026_pt,intermediate_error,Qwen3.5-4B|aime2026_pt|AIME2026-PT/5|g11,1
Qwen3.6,Qwen3.5-4B,aime2026_pt,intermediate_error,Qwen3.5-4B|aime2026_pt|AIME2026-PT/5|g15,1
Qwen3.6,Qwen3.5-4B,aime2026_pt,intermediate_error,Qwen3.5-4B|aime2026_pt|AIME2026-PT/6|g0,1
Qwen3.6,Qwen3.5-4B,aime2026_pt,intermediate_error,Qwen3.5-4B|aime2026_pt|AIME2026-PT/6|g1,1
Qwen3.6,Qwen3.5-4B,aime2026_pt,intermediate_error,Qwen3.5-4B|aime2026_pt|AIME2026-PT/6|g57,1
Qwen3.6,Qwen3.5-4B,aime2026_pt,intermediate_error,Qwen3.5-4B|aime2026_pt|AIME2026-PT/6|g60,1
Qwen3.6,Qwen3.5-4B,aime2026_pt,intermediate_error,Qwen3.5-4B|aime2026_pt|AIME2026-PT/7|g11,1
Qwen3.6,Qwen3.5-4B,aime2026_pt,intermediate_error,Qwen3.5-4B|aime2026_pt|AIME2026-PT/7|g13,1
Qwen3.6,Qwen3.5-4B,aime2026_pt,intermediate_error,Qwen3.5-4B|aime2026_pt|AIME2026-PT/7|g19,1
Qwen3.6,Qwen3.5-4B,aime2026_pt,intermediate_error,Qwen3.5-4B|aime2026_pt|AIME2026-PT/7|g21,1
Qwen3.6,Qwen3.5-4B,aime2026_pt,intermediate_error,Qwen3.5-4B|aime2026_pt|AIME2026-PT/7|g28,1
Qwen3.6,Qwen3.5-4B,aime2026_pt,intermediate_error,Qwen3.5-4B|aime2026_pt|AIME2026-PT/7|g58,1
Qwen3.6,Qwen3.5-4B,aime2026_pt,intermediate_error,Qwen3.5-4B|aime2026_pt|AIME2026-PT/9|g14,1
Qwen3.6,Qwen3.5-4B,aime2026_pt,intermediate_error,Qwen3.5-4B|aime2026_pt|AIME2026-PT/9|g51,1
Qwen3.6,Qwen3.5-4B,aime2026_pt,intermediate_error,Qwen3.5-4B|aime2026_pt|AIME2026-PT/9|g63,1
Qwen3.6,Qwen3.5-4B,aime2026_pt,truncated,Qwen3.5-4B|aime2026_pt|AIME2026-PT/1|g33,1
Qwen3.6,Qwen3.5-4B,aime2026_pt,truncated,Qwen3.5-4B|aime2026_pt|AIME2026-PT/1|g42,1
Qwen3.6,Qwen3.5-4B,aime2026_pt,truncated,Qwen3.5-4B|aime2026_pt|AIME2026-PT/1|g58,1
Qwen3.6,Qwen3.5-4B,aime2026_pt,truncated,Qwen3.5-4B|aime2026_pt|AIME2026-PT/10|g45,1
Qwen3.6,Qwen3.5-4B,aime2026_pt,truncated,Qwen3.5-4B|aime2026_pt|AIME2026-PT/12|g23,1
Qwen3.6,Qwen3.5-4B,aime2026_pt,truncated,Qwen3.5-4B|aime2026_pt|AIME2026-PT/12|g4,1
Qwen3.6,Qwen3.5-4B,aime2026_pt,truncated,Qwen3.5-4B|aime2026_pt|AIME2026-PT/13|g29,1
Qwen3.6,Qwen3.5-4B,aime2026_pt,truncated,Qwen3.5-4B|aime2026_pt|AIME2026-PT/13|g40,1
Qwen3.6,Qwen3.5-4B,aime2026_pt,truncated,Qwen3.5-4B|aime2026_pt|AIME2026-PT/14|g13,1
Qwen3.6,Qwen3.5-4B,aime2026_pt,truncated,Qwen3.5-4B|aime2026_pt|AIME2026-PT/14|g15,1
Qwen3.6,Qwen3.5-4B,aime2026_pt,truncated,Qwen3.5-4B|aime2026_pt|AIME2026-PT/14|g9,1
Qwen3.6,Qwen3.5-4B,aime2026_pt,truncated,Qwen3.5-4B|aime2026_pt|AIME2026-PT/16|g12,1
Qwen3.6,Qwen3.5-4B,aime2026_pt,truncated,Qwen3.5-4B|aime2026_pt|AIME2026-PT/16|g43,1
Qwen3.6,Qwen3.5-4B,aime2026_pt,truncated,Qwen3.5-4B|aime2026_pt|AIME2026-PT/17|g41,0
Qwen3.6,Qwen3.5-4B,aime2026_pt,truncated,Qwen3.5-4B|aime2026_pt|AIME2026-PT/17|g54,0
Qwen3.6,Qwen3.5-4B,aime2026_pt,truncated,Qwen3.5-4B|aime2026_pt|AIME2026-PT/18|g26,0
Qwen3.6,Qwen3.5-4B,aime2026_pt,truncated,Qwen3.5-4B|aime2026_pt|AIME2026-PT/18|g40,1
Qwen3.6,Qwen3.5-4B,aime2026_pt,truncated,Qwen3.5-4B|aime2026_pt|AIME2026-PT/18|g47,1
Qwen3.6,Qwen3.5-4B,aime2026_pt,truncated,Qwen3.5-4B|aime2026_pt|AIME2026-PT/19|g45,1
Qwen3.6,Qwen3.5-4B,aime2026_pt,truncated,Qwen3.5-4B|aime2026_pt|AIME2026-PT/19|g46,1
Qwen3.6,Qwen3.5-4B,aime2026_pt,truncated,Qwen3.5-4B|aime2026_pt|AIME2026-PT/19|g53,1
Qwen3.6,Qwen3.5-4B,aime2026_pt,truncated,Qwen3.5-4B|aime2026_pt|AIME2026-PT/19|g54,1
Qwen3.6,Qwen3.5-4B,aime2026_pt,truncated,Qwen3.5-4B|aime2026_pt|AIME2026-PT/2|g17,1
Qwen3.6,Qwen3.5-4B,aime2026_pt,truncated,Qwen3.5-4B|aime2026_pt|AIME2026-PT/2|g25,1
Qwen3.6,Qwen3.5-4B,aime2026_pt,truncated,Qwen3.5-4B|aime2026_pt|AIME2026-PT/2|g55,1
Qwen3.6,Qwen3.5-4B,aime2026_pt,truncated,Qwen3.5-4B|aime2026_pt|AIME2026-PT/20|g21,1
Qwen3.6,Qwen3.5-4B,aime2026_pt,truncated,Qwen3.5-4B|aime2026_pt|AIME2026-PT/20|g22,1
Qwen3.6,Qwen3.5-4B,aime2026_pt,truncated,Qwen3.5-4B|aime2026_pt|AIME2026-PT/22|g42,1
Qwen3.6,Qwen3.5-4B,aime2026_pt,truncated,Qwen3.5-4B|aime2026_pt|AIME2026-PT/22|g55,1
Qwen3.6,Qwen3.5-4B,aime2026_pt,truncated,Qwen3.5-4B|aime2026_pt|AIME2026-PT/22|g57,1
Qwen3.6,Qwen3.5-4B,aime2026_pt,truncated,Qwen3.5-4B|aime2026_pt|AIME2026-PT/23|g20,1
Qwen3.6,Qwen3.5-4B,aime2026_pt,truncated,Qwen3.5-4B|aime2026_pt|AIME2026-PT/24|g11,1
Qwen3.6,Qwen3.5-4B,aime2026_pt,truncated,Qwen3.5-4B|aime2026_pt|AIME2026-PT/24|g22,1
Qwen3.6,Qwen3.5-4B,aime2026_pt,truncated,Qwen3.5-4B|aime2026_pt|AIME2026-PT/24|g63,1
Qwen3.6,Qwen3.5-4B,aime2026_pt,truncated,Qwen3.5-4B|aime2026_pt|AIME2026-PT/25|g17,1
Qwen3.6,Qwen3.5-4B,aime2026_pt,truncated,Qwen3.5-4B|aime2026_pt|AIME2026-PT/25|g18,1
Qwen3.6,Qwen3.5-4B,aime2026_pt,truncated,Qwen3.5-4B|aime2026_pt|AIME2026-PT/25|g37,1
Qwen3.6,Qwen3.5-4B,aime2026_pt,truncated,Qwen3.5-4B|aime2026_pt|AIME2026-PT/25|g6,1
Qwen3.6,Qwen3.5-4B,aime2026_pt,truncated,Qwen3.5-4B|aime2026_pt|AIME2026-PT/25|g9,1
Qwen3.6,Qwen3.5-4B,aime2026_pt,truncated,Qwen3.5-4B|aime2026_pt|AIME2026-PT/26|g1,1
Qwen3.6,Qwen3.5-4B,aime2026_pt,truncated,Qwen3.5-4B|aime2026_pt|AIME2026-PT/26|g35,1
Qwen3.6,Qwen3.5-4B,aime2026_pt,truncated,Qwen3.5-4B|aime2026_pt|AIME2026-PT/27|g35,1
Qwen3.6,Qwen3.5-4B,aime2026_pt,truncated,Qwen3.5-4B|aime2026_pt|AIME2026-PT/27|g9,1
Qwen3.6,Qwen3.5-4B,aime2026_pt,truncated,Qwen3.5-4B|aime2026_pt|AIME2026-PT/28|g32,0
Qwen3.6,Qwen3.5-4B,aime2026_pt,truncated,Qwen3.5-4B|aime2026_pt|AIME2026-PT/28|g4,1
Qwen3.6,Qwen3.5-4B,aime2026_pt,truncated,Qwen3.5-4B|aime2026_pt|AIME2026-PT/28|g42,1
Qwen3.6,Qwen3.5-4B,aime2026_pt,truncated,Qwen3.5-4B|aime2026_pt|AIME2026-PT/28|g43,0
Qwen3.6,Qwen3.5-4B,aime2026_pt,truncated,Qwen3.5-4B|aime2026_pt|AIME2026-PT/28|g46,1
Qwen3.6,Qwen3.5-4B,aime2026_pt,truncated,Qwen3.5-4B|aime2026_pt|AIME2026-PT/29|g17,0
Qwen3.6,Qwen3.5-4B,aime2026_pt,truncated,Qwen3.5-4B|aime2026_pt|AIME2026-PT/3|g23,1
Qwen3.6,Qwen3.5-4B,aime2026_pt,truncated,Qwen3.5-4B|aime2026_pt|AIME2026-PT/3|g34,1
Qwen3.6,Qwen3.5-4B,aime2026_pt,truncated,Qwen3.5-4B|aime2026_pt|AIME2026-PT/3|g42,1
Qwen3.6,Qwen3.5-4B,aime2026_pt,truncated,Qwen3.5-4B|aime2026_pt|AIME2026-PT/3|g46,1
Qwen3.6,Qwen3.5-4B,aime2026_pt,truncated,Qwen3.5-4B|aime2026_pt|AIME2026-PT/4|g21,1
Qwen3.6,Qwen3.5-4B,aime2026_pt,truncated,Qwen3.5-4B|aime2026_pt|AIME2026-PT/4|g22,1
Qwen3.6,Qwen3.5-4B,aime2026_pt,truncated,Qwen3.5-4B|aime2026_pt|AIME2026-PT/4|g4,1
Qwen3.6,Qwen3.5-4B,aime2026_pt,truncated,Qwen3.5-4B|aime2026_pt|AIME2026-PT/4|g58,1
Qwen3.6,Qwen3.5-4B,aime2026_pt,truncated,Qwen3.5-4B|aime2026_pt|AIME2026-PT/5|g11,1
Qwen3.6,Qwen3.5-4B,aime2026_pt,truncated,Qwen3.5-4B|aime2026_pt|AIME2026-PT/5|g15,1
Qwen3.6,Qwen3.5-4B,aime2026_pt,truncated,Qwen3.5-4B|aime2026_pt|AIME2026-PT/6|g0,1
Qwen3.6,Qwen3.5-4B,aime2026_pt,truncated,Qwen3.5-4B|aime2026_pt|AIME2026-PT/6|g1,1
Qwen3.6,Qwen3.5-4B,aime2026_pt,truncated,Qwen3.5-4B|aime2026_pt|AIME2026-PT/6|g57,1
Qwen3.6,Qwen3.5-4B,aime2026_pt,truncated,Qwen3.5-4B|aime2026_pt|AIME2026-PT/6|g60,1
Qwen3.6,Qwen3.5-4B,aime2026_pt,truncated,Qwen3.5-4B|aime2026_pt|AIME2026-PT/7|g11,1
Qwen3.6,Qwen3.5-4B,aime2026_pt,truncated,Qwen3.5-4B|aime2026_pt|AIME2026-PT/7|g13,1
Qwen3.6,Qwen3.5-4B,aime2026_pt,truncated,Qwen3.5-4B|aime2026_pt|AIME2026-PT/7|g19,1
Qwen3.6,Qwen3.5-4B,aime2026_pt,truncated,Qwen3.5-4B|aime2026_pt|AIME2026-PT/7|g21,1
Qwen3.6,Qwen3.5-4B,aime2026_pt,truncated,Qwen3.5-4B|aime2026_pt|AIME2026-PT/7|g28,1
Qwen3.6,Qwen3.5-4B,aime2026_pt,truncated,Qwen3.5-4B|aime2026_pt|AIME2026-PT/7|g58,1
Qwen3.6,Qwen3.5-4B,aime2026_pt,truncated,Qwen3.5-4B|aime2026_pt|AIME2026-PT/9|g14,1
Qwen3.6,Qwen3.5-4B,aime2026_pt,truncated,Qwen3.5-4B|aime2026_pt|AIME2026-PT/9|g51,0
Qwen3.6,Qwen3.5-4B,aime2026_pt,truncated,Qwen3.5-4B|aime2026_pt|AIME2026-PT/9|g63,0
Qwen3.6,Qwen3.5-4B,aime2026_tr,boxed_only,Qwen3.5-4B|aime2026_tr|AIME2026-TR/1|g1,0
Qwen3.6,Qwen3.5-4B,aime2026_tr,boxed_only,Qwen3.5-4B|aime2026_tr|AIME2026-TR/1|g16,0
Qwen3.6,Qwen3.5-4B,aime2026_tr,boxed_only,Qwen3.5-4B|aime2026_tr|AIME2026-TR/1|g32,0
Qwen3.6,Qwen3.5-4B,aime2026_tr,boxed_only,Qwen3.5-4B|aime2026_tr|AIME2026-TR/10|g32,1
Qwen3.6,Qwen3.5-4B,aime2026_tr,boxed_only,Qwen3.5-4B|aime2026_tr|AIME2026-TR/10|g44,1
Qwen3.6,Qwen3.5-4B,aime2026_tr,boxed_only,Qwen3.5-4B|aime2026_tr|AIME2026-TR/12|g21,0
Qwen3.6,Qwen3.5-4B,aime2026_tr,boxed_only,Qwen3.5-4B|aime2026_tr|AIME2026-TR/12|g33,1
Qwen3.6,Qwen3.5-4B,aime2026_tr,boxed_only,Qwen3.5-4B|aime2026_tr|AIME2026-TR/12|g63,1
Qwen3.6,Qwen3.5-4B,aime2026_tr,boxed_only,Qwen3.5-4B|aime2026_tr|AIME2026-TR/13|g0,0
Qwen3.6,Qwen3.5-4B,aime2026_tr,boxed_only,Qwen3.5-4B|aime2026_tr|AIME2026-TR/13|g21,1
Qwen3.6,Qwen3.5-4B,aime2026_tr,boxed_only,Qwen3.5-4B|aime2026_tr|AIME2026-TR/14|g53,0
Qwen3.6,Qwen3.5-4B,aime2026_tr,boxed_only,Qwen3.5-4B|aime2026_tr|AIME2026-TR/16|g17,0
Qwen3.6,Qwen3.5-4B,aime2026_tr,boxed_only,Qwen3.5-4B|aime2026_tr|AIME2026-TR/16|g32,0
Qwen3.6,Qwen3.5-4B,aime2026_tr,boxed_only,Qwen3.5-4B|aime2026_tr|AIME2026-TR/16|g9,0
Qwen3.6,Qwen3.5-4B,aime2026_tr,boxed_only,Qwen3.5-4B|aime2026_tr|AIME2026-TR/17|g55,0
Qwen3.6,Qwen3.5-4B,aime2026_tr,boxed_only,Qwen3.5-4B|aime2026_tr|AIME2026-TR/18|g22,1
Qwen3.6,Qwen3.5-4B,aime2026_tr,boxed_only,Qwen3.5-4B|aime2026_tr|AIME2026-TR/18|g37,1
Qwen3.6,Qwen3.5-4B,aime2026_tr,boxed_only,Qwen3.5-4B|aime2026_tr|AIME2026-TR/18|g6,0
Qwen3.6,Qwen3.5-4B,aime2026_tr,boxed_only,Qwen3.5-4B|aime2026_tr|AIME2026-TR/18|g8,0
Qwen3.6,Qwen3.5-4B,aime2026_tr,boxed_only,Qwen3.5-4B|aime2026_tr|AIME2026-TR/18|g9,0
Qwen3.6,Qwen3.5-4B,aime2026_tr,boxed_only,Qwen3.5-4B|aime2026_tr|AIME2026-TR/19|g24,0
Qwen3.6,Qwen3.5-4B,aime2026_tr,boxed_only,Qwen3.5-4B|aime2026_tr|AIME2026-TR/19|g36,0
Qwen3.6,Qwen3.5-4B,aime2026_tr,boxed_only,Qwen3.5-4B|aime2026_tr|AIME2026-TR/19|g54,0
Qwen3.6,Qwen3.5-4B,aime2026_tr,boxed_only,Qwen3.5-4B|aime2026_tr|AIME2026-TR/2|g34,0
Qwen3.6,Qwen3.5-4B,aime2026_tr,boxed_only,Qwen3.5-4B|aime2026_tr|AIME2026-TR/2|g38,0
Qwen3.6,Qwen3.5-4B,aime2026_tr,boxed_only,Qwen3.5-4B|aime2026_tr|AIME2026-TR/2|g47,0
Qwen3.6,Qwen3.5-4B,aime2026_tr,boxed_only,Qwen3.5-4B|aime2026_tr|AIME2026-TR/20|g10,0
Qwen3.6,Qwen3.5-4B,aime2026_tr,boxed_only,Qwen3.5-4B|aime2026_tr|AIME2026-TR/20|g13,0
Qwen3.6,Qwen3.5-4B,aime2026_tr,boxed_only,Qwen3.5-4B|aime2026_tr|AIME2026-TR/20|g33,0
Qwen3.6,Qwen3.5-4B,aime2026_tr,boxed_only,Qwen3.5-4B|aime2026_tr|AIME2026-TR/21|g0,0
Qwen3.6,Qwen3.5-4B,aime2026_tr,boxed_only,Qwen3.5-4B|aime2026_tr|AIME2026-TR/21|g20,1
Qwen3.6,Qwen3.5-4B,aime2026_tr,boxed_only,Qwen3.5-4B|aime2026_tr|AIME2026-TR/21|g39,0
Qwen3.6,Qwen3.5-4B,aime2026_tr,boxed_only,Qwen3.5-4B|aime2026_tr|AIME2026-TR/21|g47,1
Qwen3.6,Qwen3.5-4B,aime2026_tr,boxed_only,Qwen3.5-4B|aime2026_tr|AIME2026-TR/22|g18,0
Qwen3.6,Qwen3.5-4B,aime2026_tr,boxed_only,Qwen3.5-4B|aime2026_tr|AIME2026-TR/22|g22,1
Qwen3.6,Qwen3.5-4B,aime2026_tr,boxed_only,Qwen3.5-4B|aime2026_tr|AIME2026-TR/22|g26,0
Qwen3.6,Qwen3.5-4B,aime2026_tr,boxed_only,Qwen3.5-4B|aime2026_tr|AIME2026-TR/22|g51,1
Qwen3.6,Qwen3.5-4B,aime2026_tr,boxed_only,Qwen3.5-4B|aime2026_tr|AIME2026-TR/23|g9,1
Qwen3.6,Qwen3.5-4B,aime2026_tr,boxed_only,Qwen3.5-4B|aime2026_tr|AIME2026-TR/24|g11,1
Qwen3.6,Qwen3.5-4B,aime2026_tr,boxed_only,Qwen3.5-4B|aime2026_tr|AIME2026-TR/24|g22,0
Qwen3.6,Qwen3.5-4B,aime2026_tr,boxed_only,Qwen3.5-4B|aime2026_tr|AIME2026-TR/24|g38,0
Qwen3.6,Qwen3.5-4B,aime2026_tr,boxed_only,Qwen3.5-4B|aime2026_tr|AIME2026-TR/24|g8,0
Qwen3.6,Qwen3.5-4B,aime2026_tr,boxed_only,Qwen3.5-4B|aime2026_tr|AIME2026-TR/25|g18,0
Qwen3.6,Qwen3.5-4B,aime2026_tr,boxed_only,Qwen3.5-4B|aime2026_tr|AIME2026-TR/25|g35,0
Qwen3.6,Qwen3.5-4B,aime2026_tr,boxed_only,Qwen3.5-4B|aime2026_tr|AIME2026-TR/26|g13,0
Qwen3.6,Qwen3.5-4B,aime2026_tr,boxed_only,Qwen3.5-4B|aime2026_tr|AIME2026-TR/26|g31,0
Qwen3.6,Qwen3.5-4B,aime2026_tr,boxed_only,Qwen3.5-4B|aime2026_tr|AIME2026-TR/26|g37,0
Qwen3.6,Qwen3.5-4B,aime2026_tr,boxed_only,Qwen3.5-4B|aime2026_tr|AIME2026-TR/27|g14,0
Qwen3.6,Qwen3.5-4B,aime2026_tr,boxed_only,Qwen3.5-4B|aime2026_tr|AIME2026-TR/27|g52,0
Qwen3.6,Qwen3.5-4B,aime2026_tr,boxed_only,Qwen3.5-4B|aime2026_tr|AIME2026-TR/28|g0,0
Qwen3.6,Qwen3.5-4B,aime2026_tr,boxed_only,Qwen3.5-4B|aime2026_tr|AIME2026-TR/28|g61,0
Qwen3.6,Qwen3.5-4B,aime2026_tr,boxed_only,Qwen3.5-4B|aime2026_tr|AIME2026-TR/29|g6,1
Qwen3.6,Qwen3.5-4B,aime2026_tr,boxed_only,Qwen3.5-4B|aime2026_tr|AIME2026-TR/3|g21,1
Qwen3.6,Qwen3.5-4B,aime2026_tr,boxed_only,Qwen3.5-4B|aime2026_tr|AIME2026-TR/3|g26,0
Qwen3.6,Qwen3.5-4B,aime2026_tr,boxed_only,Qwen3.5-4B|aime2026_tr|AIME2026-TR/3|g28,1
Qwen3.6,Qwen3.5-4B,aime2026_tr,boxed_only,Qwen3.5-4B|aime2026_tr|AIME2026-TR/3|g34,0
Qwen3.6,Qwen3.5-4B,aime2026_tr,boxed_only,Qwen3.5-4B|aime2026_tr|AIME2026-TR/4|g20,1
Qwen3.6,Qwen3.5-4B,aime2026_tr,boxed_only,Qwen3.5-4B|aime2026_tr|AIME2026-TR/4|g38,0
Qwen3.6,Qwen3.5-4B,aime2026_tr,boxed_only,Qwen3.5-4B|aime2026_tr|AIME2026-TR/4|g47,1
Qwen3.6,Qwen3.5-4B,aime2026_tr,boxed_only,Qwen3.5-4B|aime2026_tr|AIME2026-TR/4|g51,0
Qwen3.6,Qwen3.5-4B,aime2026_tr,boxed_only,Qwen3.5-4B|aime2026_tr|AIME2026-TR/4|g52,0
Qwen3.6,Qwen3.5-4B,aime2026_tr,boxed_only,Qwen3.5-4B|aime2026_tr|AIME2026-TR/5|g35,0
Qwen3.6,Qwen3.5-4B,aime2026_tr,boxed_only,Qwen3.5-4B|aime2026_tr|AIME2026-TR/5|g45,0
Qwen3.6,Qwen3.5-4B,aime2026_tr,boxed_only,Qwen3.5-4B|aime2026_tr|AIME2026-TR/5|g5,1
Qwen3.6,Qwen3.5-4B,aime2026_tr,boxed_only,Qwen3.5-4B|aime2026_tr|AIME2026-TR/5|g57,0
Qwen3.6,Qwen3.5-4B,aime2026_tr,boxed_only,Qwen3.5-4B|aime2026_tr|AIME2026-TR/6|g3,0
Qwen3.6,Qwen3.5-4B,aime2026_tr,boxed_only,Qwen3.5-4B|aime2026_tr|AIME2026-TR/6|g5,0
Qwen3.6,Qwen3.5-4B,aime2026_tr,boxed_only,Qwen3.5-4B|aime2026_tr|AIME2026-TR/6|g59,0
Qwen3.6,Qwen3.5-4B,aime2026_tr,boxed_only,Qwen3.5-4B|aime2026_tr|AIME2026-TR/6|g62,0
Qwen3.6,Qwen3.5-4B,aime2026_tr,boxed_only,Qwen3.5-4B|aime2026_tr|AIME2026-TR/7|g20,0
Qwen3.6,Qwen3.5-4B,aime2026_tr,boxed_only,Qwen3.5-4B|aime2026_tr|AIME2026-TR/7|g43,1
Qwen3.6,Qwen3.5-4B,aime2026_tr,boxed_only,Qwen3.5-4B|aime2026_tr|AIME2026-TR/9|g37,0
Qwen3.6,Qwen3.5-4B,aime2026_tr,clean,Qwen3.5-4B|aime2026_tr|AIME2026-TR/1|g1,1
Qwen3.6,Qwen3.5-4B,aime2026_tr,clean,Qwen3.5-4B|aime2026_tr|AIME2026-TR/1|g16,1
Qwen3.6,Qwen3.5-4B,aime2026_tr,clean,Qwen3.5-4B|aime2026_tr|AIME2026-TR/1|g32,1
Qwen3.6,Qwen3.5-4B,aime2026_tr,clean,Qwen3.5-4B|aime2026_tr|AIME2026-TR/10|g32,1
Qwen3.6,Qwen3.5-4B,aime2026_tr,clean,Qwen3.5-4B|aime2026_tr|AIME2026-TR/10|g44,1
Qwen3.6,Qwen3.5-4B,aime2026_tr,clean,Qwen3.5-4B|aime2026_tr|AIME2026-TR/12|g21,1
Qwen3.6,Qwen3.5-4B,aime2026_tr,clean,Qwen3.5-4B|aime2026_tr|AIME2026-TR/12|g33,1
Qwen3.6,Qwen3.5-4B,aime2026_tr,clean,Qwen3.5-4B|aime2026_tr|AIME2026-TR/12|g63,1
Qwen3.6,Qwen3.5-4B,aime2026_tr,clean,Qwen3.5-4B|aime2026_tr|AIME2026-TR/13|g0,1
Qwen3.6,Qwen3.5-4B,aime2026_tr,clean,Qwen3.5-4B|aime2026_tr|AIME2026-TR/13|g21,1
Qwen3.6,Qwen3.5-4B,aime2026_tr,clean,Qwen3.5-4B|aime2026_tr|AIME2026-TR/14|g53,1
Qwen3.6,Qwen3.5-4B,aime2026_tr,clean,Qwen3.5-4B|aime2026_tr|AIME2026-TR/16|g17,1
Qwen3.6,Qwen3.5-4B,aime2026_tr,clean,Qwen3.5-4B|aime2026_tr|AIME2026-TR/16|g32,1
Qwen3.6,Qwen3.5-4B,aime2026_tr,clean,Qwen3.5-4B|aime2026_tr|AIME2026-TR/16|g9,1
Qwen3.6,Qwen3.5-4B,aime2026_tr,clean,Qwen3.5-4B|aime2026_tr|AIME2026-TR/17|g55,0
Qwen3.6,Qwen3.5-4B,aime2026_tr,clean,Qwen3.5-4B|aime2026_tr|AIME2026-TR/18|g22,1
Qwen3.6,Qwen3.5-4B,aime2026_tr,clean,Qwen3.5-4B|aime2026_tr|AIME2026-TR/18|g37,1
Qwen3.6,Qwen3.5-4B,aime2026_tr,clean,Qwen3.5-4B|aime2026_tr|AIME2026-TR/18|g6,0
Qwen3.6,Qwen3.5-4B,aime2026_tr,clean,Qwen3.5-4B|aime2026_tr|AIME2026-TR/18|g8,1
Qwen3.6,Qwen3.5-4B,aime2026_tr,clean,Qwen3.5-4B|aime2026_tr|AIME2026-TR/18|g9,1
Qwen3.6,Qwen3.5-4B,aime2026_tr,clean,Qwen3.5-4B|aime2026_tr|AIME2026-TR/19|g24,1
Qwen3.6,Qwen3.5-4B,aime2026_tr,clean,Qwen3.5-4B|aime2026_tr|AIME2026-TR/19|g36,1
Qwen3.6,Qwen3.5-4B,aime2026_tr,clean,Qwen3.5-4B|aime2026_tr|AIME2026-TR/19|g54,1
Qwen3.6,Qwen3.5-4B,aime2026_tr,clean,Qwen3.5-4B|aime2026_tr|AIME2026-TR/2|g34,1
Qwen3.6,Qwen3.5-4B,aime2026_tr,clean,Qwen3.5-4B|aime2026_tr|AIME2026-TR/2|g38,1
Qwen3.6,Qwen3.5-4B,aime2026_tr,clean,Qwen3.5-4B|aime2026_tr|AIME2026-TR/2|g47,1
Qwen3.6,Qwen3.5-4B,aime2026_tr,clean,Qwen3.5-4B|aime2026_tr|AIME2026-TR/20|g10,0
Qwen3.6,Qwen3.5-4B,aime2026_tr,clean,Qwen3.5-4B|aime2026_tr|AIME2026-TR/20|g13,1
Qwen3.6,Qwen3.5-4B,aime2026_tr,clean,Qwen3.5-4B|aime2026_tr|AIME2026-TR/20|g33,1
Qwen3.6,Qwen3.5-4B,aime2026_tr,clean,Qwen3.5-4B|aime2026_tr|AIME2026-TR/21|g0,1
Qwen3.6,Qwen3.5-4B,aime2026_tr,clean,Qwen3.5-4B|aime2026_tr|AIME2026-TR/21|g20,1
Qwen3.6,Qwen3.5-4B,aime2026_tr,clean,Qwen3.5-4B|aime2026_tr|AIME2026-TR/21|g39,1
Qwen3.6,Qwen3.5-4B,aime2026_tr,clean,Qwen3.5-4B|aime2026_tr|AIME2026-TR/21|g47,1
Qwen3.6,Qwen3.5-4B,aime2026_tr,clean,Qwen3.5-4B|aime2026_tr|AIME2026-TR/22|g18,1
Qwen3.6,Qwen3.5-4B,aime2026_tr,clean,Qwen3.5-4B|aime2026_tr|AIME2026-TR/22|g22,1
Qwen3.6,Qwen3.5-4B,aime2026_tr,clean,Qwen3.5-4B|aime2026_tr|AIME2026-TR/22|g26,1
Qwen3.6,Qwen3.5-4B,aime2026_tr,clean,Qwen3.5-4B|aime2026_tr|AIME2026-TR/22|g51,1
Qwen3.6,Qwen3.5-4B,aime2026_tr,clean,Qwen3.5-4B|aime2026_tr|AIME2026-TR/23|g9,1
Qwen3.6,Qwen3.5-4B,aime2026_tr,clean,Qwen3.5-4B|aime2026_tr|AIME2026-TR/24|g11,1
Qwen3.6,Qwen3.5-4B,aime2026_tr,clean,Qwen3.5-4B|aime2026_tr|AIME2026-TR/24|g22,1
Qwen3.6,Qwen3.5-4B,aime2026_tr,clean,Qwen3.5-4B|aime2026_tr|AIME2026-TR/24|g38,1
Qwen3.6,Qwen3.5-4B,aime2026_tr,clean,Qwen3.5-4B|aime2026_tr|AIME2026-TR/24|g8,1
Qwen3.6,Qwen3.5-4B,aime2026_tr,clean,Qwen3.5-4B|aime2026_tr|AIME2026-TR/25|g18,1
Qwen3.6,Qwen3.5-4B,aime2026_tr,clean,Qwen3.5-4B|aime2026_tr|AIME2026-TR/25|g35,1
Qwen3.6,Qwen3.5-4B,aime2026_tr,clean,Qwen3.5-4B|aime2026_tr|AIME2026-TR/26|g13,1
Qwen3.6,Qwen3.5-4B,aime2026_tr,clean,Qwen3.5-4B|aime2026_tr|AIME2026-TR/26|g31,1
Qwen3.6,Qwen3.5-4B,aime2026_tr,clean,Qwen3.5-4B|aime2026_tr|AIME2026-TR/26|g37,1
Qwen3.6,Qwen3.5-4B,aime2026_tr,clean,Qwen3.5-4B|aime2026_tr|AIME2026-TR/27|g14,1
Qwen3.6,Qwen3.5-4B,aime2026_tr,clean,Qwen3.5-4B|aime2026_tr|AIME2026-TR/27|g52,1
Qwen3.6,Qwen3.5-4B,aime2026_tr,clean,Qwen3.5-4B|aime2026_tr|AIME2026-TR/28|g0,1
Qwen3.6,Qwen3.5-4B,aime2026_tr,clean,Qwen3.5-4B|aime2026_tr|AIME2026-TR/28|g61,0
Qwen3.6,Qwen3.5-4B,aime2026_tr,clean,Qwen3.5-4B|aime2026_tr|AIME2026-TR/29|g6,1
Qwen3.6,Qwen3.5-4B,aime2026_tr,clean,Qwen3.5-4B|aime2026_tr|AIME2026-TR/3|g21,1
Qwen3.6,Qwen3.5-4B,aime2026_tr,clean,Qwen3.5-4B|aime2026_tr|AIME2026-TR/3|g26,1
Qwen3.6,Qwen3.5-4B,aime2026_tr,clean,Qwen3.5-4B|aime2026_tr|AIME2026-TR/3|g28,1
Qwen3.6,Qwen3.5-4B,aime2026_tr,clean,Qwen3.5-4B|aime2026_tr|AIME2026-TR/3|g34,1
Qwen3.6,Qwen3.5-4B,aime2026_tr,clean,Qwen3.5-4B|aime2026_tr|AIME2026-TR/4|g20,1
Qwen3.6,Qwen3.5-4B,aime2026_tr,clean,Qwen3.5-4B|aime2026_tr|AIME2026-TR/4|g38,1
Qwen3.6,Qwen3.5-4B,aime2026_tr,clean,Qwen3.5-4B|aime2026_tr|AIME2026-TR/4|g47,1
Qwen3.6,Qwen3.5-4B,aime2026_tr,clean,Qwen3.5-4B|aime2026_tr|AIME2026-TR/4|g51,1
Qwen3.6,Qwen3.5-4B,aime2026_tr,clean,Qwen3.5-4B|aime2026_tr|AIME2026-TR/4|g52,1
Qwen3.6,Qwen3.5-4B,aime2026_tr,clean,Qwen3.5-4B|aime2026_tr|AIME2026-TR/5|g35,1
Qwen3.6,Qwen3.5-4B,aime2026_tr,clean,Qwen3.5-4B|aime2026_tr|AIME2026-TR/5|g45,1
Qwen3.6,Qwen3.5-4B,aime2026_tr,clean,Qwen3.5-4B|aime2026_tr|AIME2026-TR/5|g5,1
Qwen3.6,Qwen3.5-4B,aime2026_tr,clean,Qwen3.5-4B|aime2026_tr|AIME2026-TR/5|g57,1
Qwen3.6,Qwen3.5-4B,aime2026_tr,clean,Qwen3.5-4B|aime2026_tr|AIME2026-TR/6|g3,1
Qwen3.6,Qwen3.5-4B,aime2026_tr,clean,Qwen3.5-4B|aime2026_tr|AIME2026-TR/6|g5,1
Qwen3.6,Qwen3.5-4B,aime2026_tr,clean,Qwen3.5-4B|aime2026_tr|AIME2026-TR/6|g59,1
Qwen3.6,Qwen3.5-4B,aime2026_tr,clean,Qwen3.5-4B|aime2026_tr|AIME2026-TR/6|g62,1
Qwen3.6,Qwen3.5-4B,aime2026_tr,clean,Qwen3.5-4B|aime2026_tr|AIME2026-TR/7|g20,1
Qwen3.6,Qwen3.5-4B,aime2026_tr,clean,Qwen3.5-4B|aime2026_tr|AIME2026-TR/7|g43,1
Qwen3.6,Qwen3.5-4B,aime2026_tr,clean,Qwen3.5-4B|aime2026_tr|AIME2026-TR/9|g37,0
Qwen3.6,Qwen3.5-4B,aime2026_tr,consistent_error,Qwen3.5-4B|aime2026_tr|AIME2026-TR/1|g1,1
Qwen3.6,Qwen3.5-4B,aime2026_tr,consistent_error,Qwen3.5-4B|aime2026_tr|AIME2026-TR/1|g16,1
Qwen3.6,Qwen3.5-4B,aime2026_tr,consistent_error,Qwen3.5-4B|aime2026_tr|AIME2026-TR/1|g32,0
Qwen3.6,Qwen3.5-4B,aime2026_tr,consistent_error,Qwen3.5-4B|aime2026_tr|AIME2026-TR/10|g32,1
Qwen3.6,Qwen3.5-4B,aime2026_tr,consistent_error,Qwen3.5-4B|aime2026_tr|AIME2026-TR/10|g44,0
Qwen3.6,Qwen3.5-4B,aime2026_tr,consistent_error,Qwen3.5-4B|aime2026_tr|AIME2026-TR/12|g21,1
Qwen3.6,Qwen3.5-4B,aime2026_tr,consistent_error,Qwen3.5-4B|aime2026_tr|AIME2026-TR/12|g33,0
Qwen3.6,Qwen3.5-4B,aime2026_tr,consistent_error,Qwen3.5-4B|aime2026_tr|AIME2026-TR/12|g63,0
Qwen3.6,Qwen3.5-4B,aime2026_tr,consistent_error,Qwen3.5-4B|aime2026_tr|AIME2026-TR/13|g0,1
Qwen3.6,Qwen3.5-4B,aime2026_tr,consistent_error,Qwen3.5-4B|aime2026_tr|AIME2026-TR/13|g21,1
Qwen3.6,Qwen3.5-4B,aime2026_tr,consistent_error,Qwen3.5-4B|aime2026_tr|AIME2026-TR/14|g53,1
Qwen3.6,Qwen3.5-4B,aime2026_tr,consistent_error,Qwen3.5-4B|aime2026_tr|AIME2026-TR/16|g17,0
Qwen3.6,Qwen3.5-4B,aime2026_tr,consistent_error,Qwen3.5-4B|aime2026_tr|AIME2026-TR/16|g32,0
Qwen3.6,Qwen3.5-4B,aime2026_tr,consistent_error,Qwen3.5-4B|aime2026_tr|AIME2026-TR/16|g9,1
Qwen3.6,Qwen3.5-4B,aime2026_tr,consistent_error,Qwen3.5-4B|aime2026_tr|AIME2026-TR/17|g55,0
Qwen3.6,Qwen3.5-4B,aime2026_tr,consistent_error,Qwen3.5-4B|aime2026_tr|AIME2026-TR/18|g22,1
Qwen3.6,Qwen3.5-4B,aime2026_tr,consistent_error,Qwen3.5-4B|aime2026_tr|AIME2026-TR/18|g37,1
Qwen3.6,Qwen3.5-4B,aime2026_tr,consistent_error,Qwen3.5-4B|aime2026_tr|AIME2026-TR/18|g6,0
Qwen3.6,Qwen3.5-4B,aime2026_tr,consistent_error,Qwen3.5-4B|aime2026_tr|AIME2026-TR/18|g8,0
Qwen3.6,Qwen3.5-4B,aime2026_tr,consistent_error,Qwen3.5-4B|aime2026_tr|AIME2026-TR/18|g9,1
Qwen3.6,Qwen3.5-4B,aime2026_tr,consistent_error,Qwen3.5-4B|aime2026_tr|AIME2026-TR/19|g24,0
Qwen3.6,Qwen3.5-4B,aime2026_tr,consistent_error,Qwen3.5-4B|aime2026_tr|AIME2026-TR/19|g36,1
Qwen3.6,Qwen3.5-4B,aime2026_tr,consistent_error,Qwen3.5-4B|aime2026_tr|AIME2026-TR/19|g54,1
Qwen3.6,Qwen3.5-4B,aime2026_tr,consistent_error,Qwen3.5-4B|aime2026_tr|AIME2026-TR/2|g34,1
Qwen3.6,Qwen3.5-4B,aime2026_tr,consistent_error,Qwen3.5-4B|aime2026_tr|AIME2026-TR/2|g38,0
Qwen3.6,Qwen3.5-4B,aime2026_tr,consistent_error,Qwen3.5-4B|aime2026_tr|AIME2026-TR/2|g47,1
Qwen3.6,Qwen3.5-4B,aime2026_tr,consistent_error,Qwen3.5-4B|aime2026_tr|AIME2026-TR/20|g10,0
Qwen3.6,Qwen3.5-4B,aime2026_tr,consistent_error,Qwen3.5-4B|aime2026_tr|AIME2026-TR/20|g13,1
Qwen3.6,Qwen3.5-4B,aime2026_tr,consistent_error,Qwen3.5-4B|aime2026_tr|AIME2026-TR/20|g33,1
Qwen3.6,Qwen3.5-4B,aime2026_tr,consistent_error,Qwen3.5-4B|aime2026_tr|AIME2026-TR/21|g0,1
Qwen3.6,Qwen3.5-4B,aime2026_tr,consistent_error,Qwen3.5-4B|aime2026_tr|AIME2026-TR/21|g20,1
Qwen3.6,Qwen3.5-4B,aime2026_tr,consistent_error,Qwen3.5-4B|aime2026_tr|AIME2026-TR/21|g39,1
Qwen3.6,Qwen3.5-4B,aime2026_tr,consistent_error,Qwen3.5-4B|aime2026_tr|AIME2026-TR/21|g47,1
Qwen3.6,Qwen3.5-4B,aime2026_tr,consistent_error,Qwen3.5-4B|aime2026_tr|AIME2026-TR/22|g18,1
Qwen3.6,Qwen3.5-4B,aime2026_tr,consistent_error,Qwen3.5-4B|aime2026_tr|AIME2026-TR/22|g22,1
Qwen3.6,Qwen3.5-4B,aime2026_tr,consistent_error,Qwen3.5-4B|aime2026_tr|AIME2026-TR/22|g26,1
Qwen3.6,Qwen3.5-4B,aime2026_tr,consistent_error,Qwen3.5-4B|aime2026_tr|AIME2026-TR/22|g51,1
Qwen3.6,Qwen3.5-4B,aime2026_tr,consistent_error,Qwen3.5-4B|aime2026_tr|AIME2026-TR/23|g9,1
Qwen3.6,Qwen3.5-4B,aime2026_tr,consistent_error,Qwen3.5-4B|aime2026_tr|AIME2026-TR/24|g11,1
Qwen3.6,Qwen3.5-4B,aime2026_tr,consistent_error,Qwen3.5-4B|aime2026_tr|AIME2026-TR/24|g22,0
Qwen3.6,Qwen3.5-4B,aime2026_tr,consistent_error,Qwen3.5-4B|aime2026_tr|AIME2026-TR/24|g38,1
Qwen3.6,Qwen3.5-4B,aime2026_tr,consistent_error,Qwen3.5-4B|aime2026_tr|AIME2026-TR/24|g8,1
Qwen3.6,Qwen3.5-4B,aime2026_tr,consistent_error,Qwen3.5-4B|aime2026_tr|AIME2026-TR/25|g18,1
Qwen3.6,Qwen3.5-4B,aime2026_tr,consistent_error,Qwen3.5-4B|aime2026_tr|AIME2026-TR/25|g35,0
Qwen3.6,Qwen3.5-4B,aime2026_tr,consistent_error,Qwen3.5-4B|aime2026_tr|AIME2026-TR/26|g13,1
Qwen3.6,Qwen3.5-4B,aime2026_tr,consistent_error,Qwen3.5-4B|aime2026_tr|AIME2026-TR/26|g31,0
Qwen3.6,Qwen3.5-4B,aime2026_tr,consistent_error,Qwen3.5-4B|aime2026_tr|AIME2026-TR/26|g37,1
Qwen3.6,Qwen3.5-4B,aime2026_tr,consistent_error,Qwen3.5-4B|aime2026_tr|AIME2026-TR/27|g14,1
Qwen3.6,Qwen3.5-4B,aime2026_tr,consistent_error,Qwen3.5-4B|aime2026_tr|AIME2026-TR/27|g52,1
Qwen3.6,Qwen3.5-4B,aime2026_tr,consistent_error,Qwen3.5-4B|aime2026_tr|AIME2026-TR/28|g0,1
Qwen3.6,Qwen3.5-4B,aime2026_tr,consistent_error,Qwen3.5-4B|aime2026_tr|AIME2026-TR/28|g61,0
Qwen3.6,Qwen3.5-4B,aime2026_tr,consistent_error,Qwen3.5-4B|aime2026_tr|AIME2026-TR/29|g6,1
Qwen3.6,Qwen3.5-4B,aime2026_tr,consistent_error,Qwen3.5-4B|aime2026_tr|AIME2026-TR/3|g21,0
Qwen3.6,Qwen3.5-4B,aime2026_tr,consistent_error,Qwen3.5-4B|aime2026_tr|AIME2026-TR/3|g26,1
Qwen3.6,Qwen3.5-4B,aime2026_tr,consistent_error,Qwen3.5-4B|aime2026_tr|AIME2026-TR/3|g28,0
Qwen3.6,Qwen3.5-4B,aime2026_tr,consistent_error,Qwen3.5-4B|aime2026_tr|AIME2026-TR/3|g34,1
Qwen3.6,Qwen3.5-4B,aime2026_tr,consistent_error,Qwen3.5-4B|aime2026_tr|AIME2026-TR/4|g20,1
Qwen3.6,Qwen3.5-4B,aime2026_tr,consistent_error,Qwen3.5-4B|aime2026_tr|AIME2026-TR/4|g38,1
Qwen3.6,Qwen3.5-4B,aime2026_tr,consistent_error,Qwen3.5-4B|aime2026_tr|AIME2026-TR/4|g47,1
Qwen3.6,Qwen3.5-4B,aime2026_tr,consistent_error,Qwen3.5-4B|aime2026_tr|AIME2026-TR/4|g51,0
Qwen3.6,Qwen3.5-4B,aime2026_tr,consistent_error,Qwen3.5-4B|aime2026_tr|AIME2026-TR/4|g52,0
Qwen3.6,Qwen3.5-4B,aime2026_tr,consistent_error,Qwen3.5-4B|aime2026_tr|AIME2026-TR/5|g35,1
Qwen3.6,Qwen3.5-4B,aime2026_tr,consistent_error,Qwen3.5-4B|aime2026_tr|AIME2026-TR/5|g45,1
Qwen3.6,Qwen3.5-4B,aime2026_tr,consistent_error,Qwen3.5-4B|aime2026_tr|AIME2026-TR/5|g5,1
Qwen3.6,Qwen3.5-4B,aime2026_tr,consistent_error,Qwen3.5-4B|aime2026_tr|AIME2026-TR/5|g57,0
Qwen3.6,Qwen3.5-4B,aime2026_tr,consistent_error,Qwen3.5-4B|aime2026_tr|AIME2026-TR/6|g3,1
Qwen3.6,Qwen3.5-4B,aime2026_tr,consistent_error,Qwen3.5-4B|aime2026_tr|AIME2026-TR/6|g5,1
Qwen3.6,Qwen3.5-4B,aime2026_tr,consistent_error,Qwen3.5-4B|aime2026_tr|AIME2026-TR/6|g59,0
Qwen3.6,Qwen3.5-4B,aime2026_tr,consistent_error,Qwen3.5-4B|aime2026_tr|AIME2026-TR/6|g62,0
Qwen3.6,Qwen3.5-4B,aime2026_tr,consistent_error,Qwen3.5-4B|aime2026_tr|AIME2026-TR/7|g20,1
Qwen3.6,Qwen3.5-4B,aime2026_tr,consistent_error,Qwen3.5-4B|aime2026_tr|AIME2026-TR/7|g43,0
Qwen3.6,Qwen3.5-4B,aime2026_tr,consistent_error,Qwen3.5-4B|aime2026_tr|AIME2026-TR/9|g37,0
Qwen3.6,Qwen3.5-4B,aime2026_tr,intermediate_error,Qwen3.5-4B|aime2026_tr|AIME2026-TR/1|g1,1
Qwen3.6,Qwen3.5-4B,aime2026_tr,intermediate_error,Qwen3.5-4B|aime2026_tr|AIME2026-TR/1|g16,1
Qwen3.6,Qwen3.5-4B,aime2026_tr,intermediate_error,Qwen3.5-4B|aime2026_tr|AIME2026-TR/1|g32,1
Qwen3.6,Qwen3.5-4B,aime2026_tr,intermediate_error,Qwen3.5-4B|aime2026_tr|AIME2026-TR/10|g32,1
Qwen3.6,Qwen3.5-4B,aime2026_tr,intermediate_error,Qwen3.5-4B|aime2026_tr|AIME2026-TR/10|g44,1
Qwen3.6,Qwen3.5-4B,aime2026_tr,intermediate_error,Qwen3.5-4B|aime2026_tr|AIME2026-TR/12|g21,1
Qwen3.6,Qwen3.5-4B,aime2026_tr,intermediate_error,Qwen3.5-4B|aime2026_tr|AIME2026-TR/12|g33,1
Qwen3.6,Qwen3.5-4B,aime2026_tr,intermediate_error,Qwen3.5-4B|aime2026_tr|AIME2026-TR/12|g63,1
Qwen3.6,Qwen3.5-4B,aime2026_tr,intermediate_error,Qwen3.5-4B|aime2026_tr|AIME2026-TR/13|g0,1
Qwen3.6,Qwen3.5-4B,aime2026_tr,intermediate_error,Qwen3.5-4B|aime2026_tr|AIME2026-TR/13|g21,1
Qwen3.6,Qwen3.5-4B,aime2026_tr,intermediate_error,Qwen3.5-4B|aime2026_tr|AIME2026-TR/14|g53,1
Qwen3.6,Qwen3.5-4B,aime2026_tr,intermediate_error,Qwen3.5-4B|aime2026_tr|AIME2026-TR/16|g17,1
Qwen3.6,Qwen3.5-4B,aime2026_tr,intermediate_error,Qwen3.5-4B|aime2026_tr|AIME2026-TR/16|g32,1
Qwen3.6,Qwen3.5-4B,aime2026_tr,intermediate_error,Qwen3.5-4B|aime2026_tr|AIME2026-TR/16|g9,1
Qwen3.6,Qwen3.5-4B,aime2026_tr,intermediate_error,Qwen3.5-4B|aime2026_tr|AIME2026-TR/17|g55,0
Qwen3.6,Qwen3.5-4B,aime2026_tr,intermediate_error,Qwen3.5-4B|aime2026_tr|AIME2026-TR/18|g22,1
Qwen3.6,Qwen3.5-4B,aime2026_tr,intermediate_error,Qwen3.5-4B|aime2026_tr|AIME2026-TR/18|g37,0
Qwen3.6,Qwen3.5-4B,aime2026_tr,intermediate_error,Qwen3.5-4B|aime2026_tr|AIME2026-TR/18|g6,0
Qwen3.6,Qwen3.5-4B,aime2026_tr,intermediate_error,Qwen3.5-4B|aime2026_tr|AIME2026-TR/18|g8,1
Qwen3.6,Qwen3.5-4B,aime2026_tr,intermediate_error,Qwen3.5-4B|aime2026_tr|AIME2026-TR/18|g9,1
Qwen3.6,Qwen3.5-4B,aime2026_tr,intermediate_error,Qwen3.5-4B|aime2026_tr|AIME2026-TR/19|g24,1
Qwen3.6,Qwen3.5-4B,aime2026_tr,intermediate_error,Qwen3.5-4B|aime2026_tr|AIME2026-TR/19|g36,1
Qwen3.6,Qwen3.5-4B,aime2026_tr,intermediate_error,Qwen3.5-4B|aime2026_tr|AIME2026-TR/19|g54,1
Qwen3.6,Qwen3.5-4B,aime2026_tr,intermediate_error,Qwen3.5-4B|aime2026_tr|AIME2026-TR/2|g34,1
Qwen3.6,Qwen3.5-4B,aime2026_tr,intermediate_error,Qwen3.5-4B|aime2026_tr|AIME2026-TR/2|g38,1
Qwen3.6,Qwen3.5-4B,aime2026_tr,intermediate_error,Qwen3.5-4B|aime2026_tr|AIME2026-TR/2|g47,1
Qwen3.6,Qwen3.5-4B,aime2026_tr,intermediate_error,Qwen3.5-4B|aime2026_tr|AIME2026-TR/20|g10,0
Qwen3.6,Qwen3.5-4B,aime2026_tr,intermediate_error,Qwen3.5-4B|aime2026_tr|AIME2026-TR/20|g13,1
Qwen3.6,Qwen3.5-4B,aime2026_tr,intermediate_error,Qwen3.5-4B|aime2026_tr|AIME2026-TR/20|g33,1
Qwen3.6,Qwen3.5-4B,aime2026_tr,intermediate_error,Qwen3.5-4B|aime2026_tr|AIME2026-TR/21|g0,1
Qwen3.6,Qwen3.5-4B,aime2026_tr,intermediate_error,Qwen3.5-4B|aime2026_tr|AIME2026-TR/21|g20,1
Qwen3.6,Qwen3.5-4B,aime2026_tr,intermediate_error,Qwen3.5-4B|aime2026_tr|AIME2026-TR/21|g39,1
Qwen3.6,Qwen3.5-4B,aime2026_tr,intermediate_error,Qwen3.5-4B|aime2026_tr|AIME2026-TR/21|g47,1
Qwen3.6,Qwen3.5-4B,aime2026_tr,intermediate_error,Qwen3.5-4B|aime2026_tr|AIME2026-TR/22|g18,1
Qwen3.6,Qwen3.5-4B,aime2026_tr,intermediate_error,Qwen3.5-4B|aime2026_tr|AIME2026-TR/22|g22,1
Qwen3.6,Qwen3.5-4B,aime2026_tr,intermediate_error,Qwen3.5-4B|aime2026_tr|AIME2026-TR/22|g26,1
Qwen3.6,Qwen3.5-4B,aime2026_tr,intermediate_error,Qwen3.5-4B|aime2026_tr|AIME2026-TR/22|g51,1
Qwen3.6,Qwen3.5-4B,aime2026_tr,intermediate_error,Qwen3.5-4B|aime2026_tr|AIME2026-TR/23|g9,1
Qwen3.6,Qwen3.5-4B,aime2026_tr,intermediate_error,Qwen3.5-4B|aime2026_tr|AIME2026-TR/24|g11,1
Qwen3.6,Qwen3.5-4B,aime2026_tr,intermediate_error,Qwen3.5-4B|aime2026_tr|AIME2026-TR/24|g22,1
Qwen3.6,Qwen3.5-4B,aime2026_tr,intermediate_error,Qwen3.5-4B|aime2026_tr|AIME2026-TR/24|g38,1
Qwen3.6,Qwen3.5-4B,aime2026_tr,intermediate_error,Qwen3.5-4B|aime2026_tr|AIME2026-TR/24|g8,1
Qwen3.6,Qwen3.5-4B,aime2026_tr,intermediate_error,Qwen3.5-4B|aime2026_tr|AIME2026-TR/25|g18,1
Qwen3.6,Qwen3.5-4B,aime2026_tr,intermediate_error,Qwen3.5-4B|aime2026_tr|AIME2026-TR/25|g35,1
Qwen3.6,Qwen3.5-4B,aime2026_tr,intermediate_error,Qwen3.5-4B|aime2026_tr|AIME2026-TR/26|g13,1
Qwen3.6,Qwen3.5-4B,aime2026_tr,intermediate_error,Qwen3.5-4B|aime2026_tr|AIME2026-TR/26|g31,1
Qwen3.6,Qwen3.5-4B,aime2026_tr,intermediate_error,Qwen3.5-4B|aime2026_tr|AIME2026-TR/26|g37,1
Qwen3.6,Qwen3.5-4B,aime2026_tr,intermediate_error,Qwen3.5-4B|aime2026_tr|AIME2026-TR/27|g14,1
Qwen3.6,Qwen3.5-4B,aime2026_tr,intermediate_error,Qwen3.5-4B|aime2026_tr|AIME2026-TR/27|g52,1
Qwen3.6,Qwen3.5-4B,aime2026_tr,intermediate_error,Qwen3.5-4B|aime2026_tr|AIME2026-TR/28|g0,1
Qwen3.6,Qwen3.5-4B,aime2026_tr,intermediate_error,Qwen3.5-4B|aime2026_tr|AIME2026-TR/28|g61,1
Qwen3.6,Qwen3.5-4B,aime2026_tr,intermediate_error,Qwen3.5-4B|aime2026_tr|AIME2026-TR/29|g6,1
Qwen3.6,Qwen3.5-4B,aime2026_tr,intermediate_error,Qwen3.5-4B|aime2026_tr|AIME2026-TR/3|g21,1
Qwen3.6,Qwen3.5-4B,aime2026_tr,intermediate_error,Qwen3.5-4B|aime2026_tr|AIME2026-TR/3|g26,1
Qwen3.6,Qwen3.5-4B,aime2026_tr,intermediate_error,Qwen3.5-4B|aime2026_tr|AIME2026-TR/3|g28,1
Qwen3.6,Qwen3.5-4B,aime2026_tr,intermediate_error,Qwen3.5-4B|aime2026_tr|AIME2026-TR/3|g34,1
Qwen3.6,Qwen3.5-4B,aime2026_tr,intermediate_error,Qwen3.5-4B|aime2026_tr|AIME2026-TR/4|g20,1
Qwen3.6,Qwen3.5-4B,aime2026_tr,intermediate_error,Qwen3.5-4B|aime2026_tr|AIME2026-TR/4|g38,1
Qwen3.6,Qwen3.5-4B,aime2026_tr,intermediate_error,Qwen3.5-4B|aime2026_tr|AIME2026-TR/4|g47,1
Qwen3.6,Qwen3.5-4B,aime2026_tr,intermediate_error,Qwen3.5-4B|aime2026_tr|AIME2026-TR/4|g51,1
Qwen3.6,Qwen3.5-4B,aime2026_tr,intermediate_error,Qwen3.5-4B|aime2026_tr|AIME2026-TR/4|g52,1
Qwen3.6,Qwen3.5-4B,aime2026_tr,intermediate_error,Qwen3.5-4B|aime2026_tr|AIME2026-TR/5|g35,1
Qwen3.6,Qwen3.5-4B,aime2026_tr,intermediate_error,Qwen3.5-4B|aime2026_tr|AIME2026-TR/5|g45,1
Qwen3.6,Qwen3.5-4B,aime2026_tr,intermediate_error,Qwen3.5-4B|aime2026_tr|AIME2026-TR/5|g5,1
Qwen3.6,Qwen3.5-4B,aime2026_tr,intermediate_error,Qwen3.5-4B|aime2026_tr|AIME2026-TR/5|g57,1
Qwen3.6,Qwen3.5-4B,aime2026_tr,intermediate_error,Qwen3.5-4B|aime2026_tr|AIME2026-TR/6|g3,1
Qwen3.6,Qwen3.5-4B,aime2026_tr,intermediate_error,Qwen3.5-4B|aime2026_tr|AIME2026-TR/6|g5,1
Qwen3.6,Qwen3.5-4B,aime2026_tr,intermediate_error,Qwen3.5-4B|aime2026_tr|AIME2026-TR/6|g59,1
Qwen3.6,Qwen3.5-4B,aime2026_tr,intermediate_error,Qwen3.5-4B|aime2026_tr|AIME2026-TR/6|g62,1
Qwen3.6,Qwen3.5-4B,aime2026_tr,intermediate_error,Qwen3.5-4B|aime2026_tr|AIME2026-TR/7|g20,1
Qwen3.6,Qwen3.5-4B,aime2026_tr,intermediate_error,Qwen3.5-4B|aime2026_tr|AIME2026-TR/7|g43,1
Qwen3.6,Qwen3.5-4B,aime2026_tr,intermediate_error,Qwen3.5-4B|aime2026_tr|AIME2026-TR/9|g37,0
Qwen3.6,Qwen3.5-4B,aime2026_tr,truncated,Qwen3.5-4B|aime2026_tr|AIME2026-TR/1|g1,1
Qwen3.6,Qwen3.5-4B,aime2026_tr,truncated,Qwen3.5-4B|aime2026_tr|AIME2026-TR/1|g16,1
Qwen3.6,Qwen3.5-4B,aime2026_tr,truncated,Qwen3.5-4B|aime2026_tr|AIME2026-TR/1|g32,1
Qwen3.6,Qwen3.5-4B,aime2026_tr,truncated,Qwen3.5-4B|aime2026_tr|AIME2026-TR/10|g32,1
Qwen3.6,Qwen3.5-4B,aime2026_tr,truncated,Qwen3.5-4B|aime2026_tr|AIME2026-TR/10|g44,1
Qwen3.6,Qwen3.5-4B,aime2026_tr,truncated,Qwen3.5-4B|aime2026_tr|AIME2026-TR/12|g21,1
Qwen3.6,Qwen3.5-4B,aime2026_tr,truncated,Qwen3.5-4B|aime2026_tr|AIME2026-TR/12|g33,1
Qwen3.6,Qwen3.5-4B,aime2026_tr,truncated,Qwen3.5-4B|aime2026_tr|AIME2026-TR/12|g63,1
Qwen3.6,Qwen3.5-4B,aime2026_tr,truncated,Qwen3.5-4B|aime2026_tr|AIME2026-TR/13|g0,1
Qwen3.6,Qwen3.5-4B,aime2026_tr,truncated,Qwen3.5-4B|aime2026_tr|AIME2026-TR/13|g21,1
Qwen3.6,Qwen3.5-4B,aime2026_tr,truncated,Qwen3.5-4B|aime2026_tr|AIME2026-TR/14|g53,0
Qwen3.6,Qwen3.5-4B,aime2026_tr,truncated,Qwen3.5-4B|aime2026_tr|AIME2026-TR/16|g17,0
Qwen3.6,Qwen3.5-4B,aime2026_tr,truncated,Qwen3.5-4B|aime2026_tr|AIME2026-TR/16|g32,0
Qwen3.6,Qwen3.5-4B,aime2026_tr,truncated,Qwen3.5-4B|aime2026_tr|AIME2026-TR/16|g9,1
Qwen3.6,Qwen3.5-4B,aime2026_tr,truncated,Qwen3.5-4B|aime2026_tr|AIME2026-TR/17|g55,0
Qwen3.6,Qwen3.5-4B,aime2026_tr,truncated,Qwen3.5-4B|aime2026_tr|AIME2026-TR/18|g22,1
Qwen3.6,Qwen3.5-4B,aime2026_tr,truncated,Qwen3.5-4B|aime2026_tr|AIME2026-TR/18|g37,1
Qwen3.6,Qwen3.5-4B,aime2026_tr,truncated,Qwen3.5-4B|aime2026_tr|AIME2026-TR/18|g6,0
Qwen3.6,Qwen3.5-4B,aime2026_tr,truncated,Qwen3.5-4B|aime2026_tr|AIME2026-TR/18|g8,1
Qwen3.6,Qwen3.5-4B,aime2026_tr,truncated,Qwen3.5-4B|aime2026_tr|AIME2026-TR/18|g9,1
Qwen3.6,Qwen3.5-4B,aime2026_tr,truncated,Qwen3.5-4B|aime2026_tr|AIME2026-TR/19|g24,1
Qwen3.6,Qwen3.5-4B,aime2026_tr,truncated,Qwen3.5-4B|aime2026_tr|AIME2026-TR/19|g36,1
Qwen3.6,Qwen3.5-4B,aime2026_tr,truncated,Qwen3.5-4B|aime2026_tr|AIME2026-TR/19|g54,1
Qwen3.6,Qwen3.5-4B,aime2026_tr,truncated,Qwen3.5-4B|aime2026_tr|AIME2026-TR/2|g34,1
Qwen3.6,Qwen3.5-4B,aime2026_tr,truncated,Qwen3.5-4B|aime2026_tr|AIME2026-TR/2|g38,1
Qwen3.6,Qwen3.5-4B,aime2026_tr,truncated,Qwen3.5-4B|aime2026_tr|AIME2026-TR/2|g47,1
Qwen3.6,Qwen3.5-4B,aime2026_tr,truncated,Qwen3.5-4B|aime2026_tr|AIME2026-TR/20|g10,0
Qwen3.6,Qwen3.5-4B,aime2026_tr,truncated,Qwen3.5-4B|aime2026_tr|AIME2026-TR/20|g13,1
Qwen3.6,Qwen3.5-4B,aime2026_tr,truncated,Qwen3.5-4B|aime2026_tr|AIME2026-TR/20|g33,1
Qwen3.6,Qwen3.5-4B,aime2026_tr,truncated,Qwen3.5-4B|aime2026_tr|AIME2026-TR/21|g0,1
Qwen3.6,Qwen3.5-4B,aime2026_tr,truncated,Qwen3.5-4B|aime2026_tr|AIME2026-TR/21|g20,1
Qwen3.6,Qwen3.5-4B,aime2026_tr,truncated,Qwen3.5-4B|aime2026_tr|AIME2026-TR/21|g39,1
Qwen3.6,Qwen3.5-4B,aime2026_tr,truncated,Qwen3.5-4B|aime2026_tr|AIME2026-TR/21|g47,1
Qwen3.6,Qwen3.5-4B,aime2026_tr,truncated,Qwen3.5-4B|aime2026_tr|AIME2026-TR/22|g18,1
Qwen3.6,Qwen3.5-4B,aime2026_tr,truncated,Qwen3.5-4B|aime2026_tr|AIME2026-TR/22|g22,1
Qwen3.6,Qwen3.5-4B,aime2026_tr,truncated,Qwen3.5-4B|aime2026_tr|AIME2026-TR/22|g26,1
Qwen3.6,Qwen3.5-4B,aime2026_tr,truncated,Qwen3.5-4B|aime2026_tr|AIME2026-TR/22|g51,1
Qwen3.6,Qwen3.5-4B,aime2026_tr,truncated,Qwen3.5-4B|aime2026_tr|AIME2026-TR/23|g9,0
Qwen3.6,Qwen3.5-4B,aime2026_tr,truncated,Qwen3.5-4B|aime2026_tr|AIME2026-TR/24|g11,1
Qwen3.6,Qwen3.5-4B,aime2026_tr,truncated,Qwen3.5-4B|aime2026_tr|AIME2026-TR/24|g22,1
Qwen3.6,Qwen3.5-4B,aime2026_tr,truncated,Qwen3.5-4B|aime2026_tr|AIME2026-TR/24|g38,1
Qwen3.6,Qwen3.5-4B,aime2026_tr,truncated,Qwen3.5-4B|aime2026_tr|AIME2026-TR/24|g8,1
Qwen3.6,Qwen3.5-4B,aime2026_tr,truncated,Qwen3.5-4B|aime2026_tr|AIME2026-TR/25|g18,1
Qwen3.6,Qwen3.5-4B,aime2026_tr,truncated,Qwen3.5-4B|aime2026_tr|AIME2026-TR/25|g35,1
Qwen3.6,Qwen3.5-4B,aime2026_tr,truncated,Qwen3.5-4B|aime2026_tr|AIME2026-TR/26|g13,1
Qwen3.6,Qwen3.5-4B,aime2026_tr,truncated,Qwen3.5-4B|aime2026_tr|AIME2026-TR/26|g31,1
Qwen3.6,Qwen3.5-4B,aime2026_tr,truncated,Qwen3.5-4B|aime2026_tr|AIME2026-TR/26|g37,1
Qwen3.6,Qwen3.5-4B,aime2026_tr,truncated,Qwen3.5-4B|aime2026_tr|AIME2026-TR/27|g14,1
Qwen3.6,Qwen3.5-4B,aime2026_tr,truncated,Qwen3.5-4B|aime2026_tr|AIME2026-TR/27|g52,1
Qwen3.6,Qwen3.5-4B,aime2026_tr,truncated,Qwen3.5-4B|aime2026_tr|AIME2026-TR/28|g0,1
Qwen3.6,Qwen3.5-4B,aime2026_tr,truncated,Qwen3.5-4B|aime2026_tr|AIME2026-TR/28|g61,0
Qwen3.6,Qwen3.5-4B,aime2026_tr,truncated,Qwen3.5-4B|aime2026_tr|AIME2026-TR/29|g6,0
Qwen3.6,Qwen3.5-4B,aime2026_tr,truncated,Qwen3.5-4B|aime2026_tr|AIME2026-TR/3|g21,1
Qwen3.6,Qwen3.5-4B,aime2026_tr,truncated,Qwen3.5-4B|aime2026_tr|AIME2026-TR/3|g26,1
Qwen3.6,Qwen3.5-4B,aime2026_tr,truncated,Qwen3.5-4B|aime2026_tr|AIME2026-TR/3|g28,1
Qwen3.6,Qwen3.5-4B,aime2026_tr,truncated,Qwen3.5-4B|aime2026_tr|AIME2026-TR/3|g34,1
Qwen3.6,Qwen3.5-4B,aime2026_tr,truncated,Qwen3.5-4B|aime2026_tr|AIME2026-TR/4|g20,1
Qwen3.6,Qwen3.5-4B,aime2026_tr,truncated,Qwen3.5-4B|aime2026_tr|AIME2026-TR/4|g38,1
Qwen3.6,Qwen3.5-4B,aime2026_tr,truncated,Qwen3.5-4B|aime2026_tr|AIME2026-TR/4|g47,1
Qwen3.6,Qwen3.5-4B,aime2026_tr,truncated,Qwen3.5-4B|aime2026_tr|AIME2026-TR/4|g51,1
Qwen3.6,Qwen3.5-4B,aime2026_tr,truncated,Qwen3.5-4B|aime2026_tr|AIME2026-TR/4|g52,1
Qwen3.6,Qwen3.5-4B,aime2026_tr,truncated,Qwen3.5-4B|aime2026_tr|AIME2026-TR/5|g35,1
Qwen3.6,Qwen3.5-4B,aime2026_tr,truncated,Qwen3.5-4B|aime2026_tr|AIME2026-TR/5|g45,1
Qwen3.6,Qwen3.5-4B,aime2026_tr,truncated,Qwen3.5-4B|aime2026_tr|AIME2026-TR/5|g5,1
Qwen3.6,Qwen3.5-4B,aime2026_tr,truncated,Qwen3.5-4B|aime2026_tr|AIME2026-TR/5|g57,1
Qwen3.6,Qwen3.5-4B,aime2026_tr,truncated,Qwen3.5-4B|aime2026_tr|AIME2026-TR/6|g3,1
Qwen3.6,Qwen3.5-4B,aime2026_tr,truncated,Qwen3.5-4B|aime2026_tr|AIME2026-TR/6|g5,1
Qwen3.6,Qwen3.5-4B,aime2026_tr,truncated,Qwen3.5-4B|aime2026_tr|AIME2026-TR/6|g59,1
Qwen3.6,Qwen3.5-4B,aime2026_tr,truncated,Qwen3.5-4B|aime2026_tr|AIME2026-TR/6|g62,1
Qwen3.6,Qwen3.5-4B,aime2026_tr,truncated,Qwen3.5-4B|aime2026_tr|AIME2026-TR/7|g20,1
Qwen3.6,Qwen3.5-4B,aime2026_tr,truncated,Qwen3.5-4B|aime2026_tr|AIME2026-TR/7|g43,1
Qwen3.6,Qwen3.5-4B,aime2026_tr,truncated,Qwen3.5-4B|aime2026_tr|AIME2026-TR/9|g37,1
Qwen3.6,Qwen3.5-4B,pt_exams_math,boxed_only,Qwen3.5-4B|pt_exams_math|pt_exams_math/1|g7,0
Qwen3.6,Qwen3.5-4B,pt_exams_math,boxed_only,Qwen3.5-4B|pt_exams_math|pt_exams_math/10|g3,0
Qwen3.6,Qwen3.5-4B,pt_exams_math,boxed_only,Qwen3.5-4B|pt_exams_math|pt_exams_math/101|g12,0
Qwen3.6,Qwen3.5-4B,pt_exams_math,boxed_only,Qwen3.5-4B|pt_exams_math|pt_exams_math/102|g5,0
Qwen3.6,Qwen3.5-4B,pt_exams_math,boxed_only,Qwen3.5-4B|pt_exams_math|pt_exams_math/103|g2,0
Qwen3.6,Qwen3.5-4B,pt_exams_math,boxed_only,Qwen3.5-4B|pt_exams_math|pt_exams_math/104|g7,0
Qwen3.6,Qwen3.5-4B,pt_exams_math,boxed_only,Qwen3.5-4B|pt_exams_math|pt_exams_math/106|g12,0
Qwen3.6,Qwen3.5-4B,pt_exams_math,boxed_only,Qwen3.5-4B|pt_exams_math|pt_exams_math/107|g5,0
Qwen3.6,Qwen3.5-4B,pt_exams_math,boxed_only,Qwen3.5-4B|pt_exams_math|pt_exams_math/108|g15,0
Qwen3.6,Qwen3.5-4B,pt_exams_math,boxed_only,Qwen3.5-4B|pt_exams_math|pt_exams_math/109|g3,0
Qwen3.6,Qwen3.5-4B,pt_exams_math,boxed_only,Qwen3.5-4B|pt_exams_math|pt_exams_math/111|g1,0
Qwen3.6,Qwen3.5-4B,pt_exams_math,boxed_only,Qwen3.5-4B|pt_exams_math|pt_exams_math/113|g7,0
Qwen3.6,Qwen3.5-4B,pt_exams_math,boxed_only,Qwen3.5-4B|pt_exams_math|pt_exams_math/118|g13,1
Qwen3.6,Qwen3.5-4B,pt_exams_math,boxed_only,Qwen3.5-4B|pt_exams_math|pt_exams_math/119|g14,0
Qwen3.6,Qwen3.5-4B,pt_exams_math,boxed_only,Qwen3.5-4B|pt_exams_math|pt_exams_math/121|g12,0
Qwen3.6,Qwen3.5-4B,pt_exams_math,boxed_only,Qwen3.5-4B|pt_exams_math|pt_exams_math/126|g15,1
Qwen3.6,Qwen3.5-4B,pt_exams_math,boxed_only,Qwen3.5-4B|pt_exams_math|pt_exams_math/128|g1,0
Qwen3.6,Qwen3.5-4B,pt_exams_math,boxed_only,Qwen3.5-4B|pt_exams_math|pt_exams_math/130|g1,0
Qwen3.6,Qwen3.5-4B,pt_exams_math,boxed_only,Qwen3.5-4B|pt_exams_math|pt_exams_math/134|g3,1
Qwen3.6,Qwen3.5-4B,pt_exams_math,boxed_only,Qwen3.5-4B|pt_exams_math|pt_exams_math/138|g7,0
Qwen3.6,Qwen3.5-4B,pt_exams_math,boxed_only,Qwen3.5-4B|pt_exams_math|pt_exams_math/14|g7,0
Qwen3.6,Qwen3.5-4B,pt_exams_math,boxed_only,Qwen3.5-4B|pt_exams_math|pt_exams_math/140|g5,0
Qwen3.6,Qwen3.5-4B,pt_exams_math,boxed_only,Qwen3.5-4B|pt_exams_math|pt_exams_math/142|g9,1
Qwen3.6,Qwen3.5-4B,pt_exams_math,boxed_only,Qwen3.5-4B|pt_exams_math|pt_exams_math/146|g9,0
Qwen3.6,Qwen3.5-4B,pt_exams_math,boxed_only,Qwen3.5-4B|pt_exams_math|pt_exams_math/15|g5,0
Qwen3.6,Qwen3.5-4B,pt_exams_math,boxed_only,Qwen3.5-4B|pt_exams_math|pt_exams_math/150|g9,0
Qwen3.6,Qwen3.5-4B,pt_exams_math,boxed_only,Qwen3.5-4B|pt_exams_math|pt_exams_math/153|g3,0
Qwen3.6,Qwen3.5-4B,pt_exams_math,boxed_only,Qwen3.5-4B|pt_exams_math|pt_exams_math/159|g8,0
Qwen3.6,Qwen3.5-4B,pt_exams_math,boxed_only,Qwen3.5-4B|pt_exams_math|pt_exams_math/160|g4,0
Qwen3.6,Qwen3.5-4B,pt_exams_math,boxed_only,Qwen3.5-4B|pt_exams_math|pt_exams_math/17|g10,0
Qwen3.6,Qwen3.5-4B,pt_exams_math,boxed_only,Qwen3.5-4B|pt_exams_math|pt_exams_math/18|g14,0
Qwen3.6,Qwen3.5-4B,pt_exams_math,boxed_only,Qwen3.5-4B|pt_exams_math|pt_exams_math/21|g1,0
Qwen3.6,Qwen3.5-4B,pt_exams_math,boxed_only,Qwen3.5-4B|pt_exams_math|pt_exams_math/26|g0,0
Qwen3.6,Qwen3.5-4B,pt_exams_math,boxed_only,Qwen3.5-4B|pt_exams_math|pt_exams_math/27|g6,0
Qwen3.6,Qwen3.5-4B,pt_exams_math,boxed_only,Qwen3.5-4B|pt_exams_math|pt_exams_math/28|g4,0
Qwen3.6,Qwen3.5-4B,pt_exams_math,boxed_only,Qwen3.5-4B|pt_exams_math|pt_exams_math/3|g13,1
Qwen3.6,Qwen3.5-4B,pt_exams_math,boxed_only,Qwen3.5-4B|pt_exams_math|pt_exams_math/31|g10,1
Qwen3.6,Qwen3.5-4B,pt_exams_math,boxed_only,Qwen3.5-4B|pt_exams_math|pt_exams_math/33|g1,0
Qwen3.6,Qwen3.5-4B,pt_exams_math,boxed_only,Qwen3.5-4B|pt_exams_math|pt_exams_math/34|g10,0
Qwen3.6,Qwen3.5-4B,pt_exams_math,boxed_only,Qwen3.5-4B|pt_exams_math|pt_exams_math/35|g6,0
Qwen3.6,Qwen3.5-4B,pt_exams_math,boxed_only,Qwen3.5-4B|pt_exams_math|pt_exams_math/36|g2,0
Qwen3.6,Qwen3.5-4B,pt_exams_math,boxed_only,Qwen3.5-4B|pt_exams_math|pt_exams_math/44|g10,0
Qwen3.6,Qwen3.5-4B,pt_exams_math,boxed_only,Qwen3.5-4B|pt_exams_math|pt_exams_math/45|g2,0
Qwen3.6,Qwen3.5-4B,pt_exams_math,boxed_only,Qwen3.5-4B|pt_exams_math|pt_exams_math/5|g8,0
Qwen3.6,Qwen3.5-4B,pt_exams_math,boxed_only,Qwen3.5-4B|pt_exams_math|pt_exams_math/50|g15,1
Qwen3.6,Qwen3.5-4B,pt_exams_math,boxed_only,Qwen3.5-4B|pt_exams_math|pt_exams_math/51|g11,0
Qwen3.6,Qwen3.5-4B,pt_exams_math,boxed_only,Qwen3.5-4B|pt_exams_math|pt_exams_math/53|g9,0
Qwen3.6,Qwen3.5-4B,pt_exams_math,boxed_only,Qwen3.5-4B|pt_exams_math|pt_exams_math/54|g4,0
Qwen3.6,Qwen3.5-4B,pt_exams_math,boxed_only,Qwen3.5-4B|pt_exams_math|pt_exams_math/56|g0,0
Qwen3.6,Qwen3.5-4B,pt_exams_math,boxed_only,Qwen3.5-4B|pt_exams_math|pt_exams_math/58|g4,0
Qwen3.6,Qwen3.5-4B,pt_exams_math,boxed_only,Qwen3.5-4B|pt_exams_math|pt_exams_math/59|g4,0
Qwen3.6,Qwen3.5-4B,pt_exams_math,boxed_only,Qwen3.5-4B|pt_exams_math|pt_exams_math/6|g6,1
Qwen3.6,Qwen3.5-4B,pt_exams_math,boxed_only,Qwen3.5-4B|pt_exams_math|pt_exams_math/60|g10,0
Qwen3.6,Qwen3.5-4B,pt_exams_math,boxed_only,Qwen3.5-4B|pt_exams_math|pt_exams_math/62|g15,0
Qwen3.6,Qwen3.5-4B,pt_exams_math,boxed_only,Qwen3.5-4B|pt_exams_math|pt_exams_math/65|g2,0
Qwen3.6,Qwen3.5-4B,pt_exams_math,boxed_only,Qwen3.5-4B|pt_exams_math|pt_exams_math/68|g2,0
Qwen3.6,Qwen3.5-4B,pt_exams_math,boxed_only,Qwen3.5-4B|pt_exams_math|pt_exams_math/69|g10,0
Qwen3.6,Qwen3.5-4B,pt_exams_math,boxed_only,Qwen3.5-4B|pt_exams_math|pt_exams_math/7|g6,1
Qwen3.6,Qwen3.5-4B,pt_exams_math,boxed_only,Qwen3.5-4B|pt_exams_math|pt_exams_math/70|g13,1
Qwen3.6,Qwen3.5-4B,pt_exams_math,boxed_only,Qwen3.5-4B|pt_exams_math|pt_exams_math/71|g13,1
Qwen3.6,Qwen3.5-4B,pt_exams_math,boxed_only,Qwen3.5-4B|pt_exams_math|pt_exams_math/72|g7,1
Qwen3.6,Qwen3.5-4B,pt_exams_math,boxed_only,Qwen3.5-4B|pt_exams_math|pt_exams_math/74|g10,0
Qwen3.6,Qwen3.5-4B,pt_exams_math,boxed_only,Qwen3.5-4B|pt_exams_math|pt_exams_math/75|g4,1
Qwen3.6,Qwen3.5-4B,pt_exams_math,boxed_only,Qwen3.5-4B|pt_exams_math|pt_exams_math/77|g9,0
Qwen3.6,Qwen3.5-4B,pt_exams_math,boxed_only,Qwen3.5-4B|pt_exams_math|pt_exams_math/79|g14,0
Qwen3.6,Qwen3.5-4B,pt_exams_math,boxed_only,Qwen3.5-4B|pt_exams_math|pt_exams_math/81|g1,0
Qwen3.6,Qwen3.5-4B,pt_exams_math,boxed_only,Qwen3.5-4B|pt_exams_math|pt_exams_math/82|g13,0
Qwen3.6,Qwen3.5-4B,pt_exams_math,boxed_only,Qwen3.5-4B|pt_exams_math|pt_exams_math/86|g11,0
Qwen3.6,Qwen3.5-4B,pt_exams_math,boxed_only,Qwen3.5-4B|pt_exams_math|pt_exams_math/87|g14,1
Qwen3.6,Qwen3.5-4B,pt_exams_math,boxed_only,Qwen3.5-4B|pt_exams_math|pt_exams_math/90|g15,0
Qwen3.6,Qwen3.5-4B,pt_exams_math,boxed_only,Qwen3.5-4B|pt_exams_math|pt_exams_math/97|g0,0
Qwen3.6,Qwen3.5-4B,pt_exams_math,boxed_only,Qwen3.5-4B|pt_exams_math|pt_exams_math/99|g12,0
Qwen3.6,Qwen3.5-4B,pt_exams_math,clean,Qwen3.5-4B|pt_exams_math|pt_exams_math/1|g7,1
Qwen3.6,Qwen3.5-4B,pt_exams_math,clean,Qwen3.5-4B|pt_exams_math|pt_exams_math/10|g3,1
Qwen3.6,Qwen3.5-4B,pt_exams_math,clean,Qwen3.5-4B|pt_exams_math|pt_exams_math/101|g12,1
Qwen3.6,Qwen3.5-4B,pt_exams_math,clean,Qwen3.5-4B|pt_exams_math|pt_exams_math/102|g5,1
Qwen3.6,Qwen3.5-4B,pt_exams_math,clean,Qwen3.5-4B|pt_exams_math|pt_exams_math/103|g2,1
Qwen3.6,Qwen3.5-4B,pt_exams_math,clean,Qwen3.5-4B|pt_exams_math|pt_exams_math/104|g7,1
Qwen3.6,Qwen3.5-4B,pt_exams_math,clean,Qwen3.5-4B|pt_exams_math|pt_exams_math/106|g12,1
Qwen3.6,Qwen3.5-4B,pt_exams_math,clean,Qwen3.5-4B|pt_exams_math|pt_exams_math/107|g5,1
Qwen3.6,Qwen3.5-4B,pt_exams_math,clean,Qwen3.5-4B|pt_exams_math|pt_exams_math/108|g15,1
Qwen3.6,Qwen3.5-4B,pt_exams_math,clean,Qwen3.5-4B|pt_exams_math|pt_exams_math/109|g3,1
Qwen3.6,Qwen3.5-4B,pt_exams_math,clean,Qwen3.5-4B|pt_exams_math|pt_exams_math/111|g1,1
Qwen3.6,Qwen3.5-4B,pt_exams_math,clean,Qwen3.5-4B|pt_exams_math|pt_exams_math/113|g7,1
Qwen3.6,Qwen3.5-4B,pt_exams_math,clean,Qwen3.5-4B|pt_exams_math|pt_exams_math/118|g13,1
Qwen3.6,Qwen3.5-4B,pt_exams_math,clean,Qwen3.5-4B|pt_exams_math|pt_exams_math/119|g14,1
Qwen3.6,Qwen3.5-4B,pt_exams_math,clean,Qwen3.5-4B|pt_exams_math|pt_exams_math/121|g12,1
Qwen3.6,Qwen3.5-4B,pt_exams_math,clean,Qwen3.5-4B|pt_exams_math|pt_exams_math/126|g15,1
Qwen3.6,Qwen3.5-4B,pt_exams_math,clean,Qwen3.5-4B|pt_exams_math|pt_exams_math/128|g1,1
Qwen3.6,Qwen3.5-4B,pt_exams_math,clean,Qwen3.5-4B|pt_exams_math|pt_exams_math/130|g1,1
Qwen3.6,Qwen3.5-4B,pt_exams_math,clean,Qwen3.5-4B|pt_exams_math|pt_exams_math/134|g3,1
Qwen3.6,Qwen3.5-4B,pt_exams_math,clean,Qwen3.5-4B|pt_exams_math|pt_exams_math/138|g7,1
Qwen3.6,Qwen3.5-4B,pt_exams_math,clean,Qwen3.5-4B|pt_exams_math|pt_exams_math/14|g7,1
Qwen3.6,Qwen3.5-4B,pt_exams_math,clean,Qwen3.5-4B|pt_exams_math|pt_exams_math/140|g5,1
Qwen3.6,Qwen3.5-4B,pt_exams_math,clean,Qwen3.5-4B|pt_exams_math|pt_exams_math/142|g9,1
Qwen3.6,Qwen3.5-4B,pt_exams_math,clean,Qwen3.5-4B|pt_exams_math|pt_exams_math/146|g9,1
Qwen3.6,Qwen3.5-4B,pt_exams_math,clean,Qwen3.5-4B|pt_exams_math|pt_exams_math/15|g5,1
Qwen3.6,Qwen3.5-4B,pt_exams_math,clean,Qwen3.5-4B|pt_exams_math|pt_exams_math/150|g9,1
Qwen3.6,Qwen3.5-4B,pt_exams_math,clean,Qwen3.5-4B|pt_exams_math|pt_exams_math/153|g3,1
Qwen3.6,Qwen3.5-4B,pt_exams_math,clean,Qwen3.5-4B|pt_exams_math|pt_exams_math/159|g8,1
Qwen3.6,Qwen3.5-4B,pt_exams_math,clean,Qwen3.5-4B|pt_exams_math|pt_exams_math/160|g4,1
Qwen3.6,Qwen3.5-4B,pt_exams_math,clean,Qwen3.5-4B|pt_exams_math|pt_exams_math/17|g10,1
Qwen3.6,Qwen3.5-4B,pt_exams_math,clean,Qwen3.5-4B|pt_exams_math|pt_exams_math/18|g14,1
Qwen3.6,Qwen3.5-4B,pt_exams_math,clean,Qwen3.5-4B|pt_exams_math|pt_exams_math/21|g1,1
Qwen3.6,Qwen3.5-4B,pt_exams_math,clean,Qwen3.5-4B|pt_exams_math|pt_exams_math/26|g0,1
Qwen3.6,Qwen3.5-4B,pt_exams_math,clean,Qwen3.5-4B|pt_exams_math|pt_exams_math/27|g6,1
Qwen3.6,Qwen3.5-4B,pt_exams_math,clean,Qwen3.5-4B|pt_exams_math|pt_exams_math/28|g4,1
Qwen3.6,Qwen3.5-4B,pt_exams_math,clean,Qwen3.5-4B|pt_exams_math|pt_exams_math/3|g13,1
Qwen3.6,Qwen3.5-4B,pt_exams_math,clean,Qwen3.5-4B|pt_exams_math|pt_exams_math/31|g10,1
Qwen3.6,Qwen3.5-4B,pt_exams_math,clean,Qwen3.5-4B|pt_exams_math|pt_exams_math/33|g1,1
Qwen3.6,Qwen3.5-4B,pt_exams_math,clean,Qwen3.5-4B|pt_exams_math|pt_exams_math/34|g10,1
Qwen3.6,Qwen3.5-4B,pt_exams_math,clean,Qwen3.5-4B|pt_exams_math|pt_exams_math/35|g6,1
Qwen3.6,Qwen3.5-4B,pt_exams_math,clean,Qwen3.5-4B|pt_exams_math|pt_exams_math/36|g2,1
Qwen3.6,Qwen3.5-4B,pt_exams_math,clean,Qwen3.5-4B|pt_exams_math|pt_exams_math/44|g10,1
Qwen3.6,Qwen3.5-4B,pt_exams_math,clean,Qwen3.5-4B|pt_exams_math|pt_exams_math/45|g2,1
Qwen3.6,Qwen3.5-4B,pt_exams_math,clean,Qwen3.5-4B|pt_exams_math|pt_exams_math/5|g8,1
Qwen3.6,Qwen3.5-4B,pt_exams_math,clean,Qwen3.5-4B|pt_exams_math|pt_exams_math/50|g15,1
Qwen3.6,Qwen3.5-4B,pt_exams_math,clean,Qwen3.5-4B|pt_exams_math|pt_exams_math/51|g11,1
Qwen3.6,Qwen3.5-4B,pt_exams_math,clean,Qwen3.5-4B|pt_exams_math|pt_exams_math/53|g9,1
Qwen3.6,Qwen3.5-4B,pt_exams_math,clean,Qwen3.5-4B|pt_exams_math|pt_exams_math/54|g4,1
Qwen3.6,Qwen3.5-4B,pt_exams_math,clean,Qwen3.5-4B|pt_exams_math|pt_exams_math/56|g0,1
Qwen3.6,Qwen3.5-4B,pt_exams_math,clean,Qwen3.5-4B|pt_exams_math|pt_exams_math/58|g4,1
Qwen3.6,Qwen3.5-4B,pt_exams_math,clean,Qwen3.5-4B|pt_exams_math|pt_exams_math/59|g4,1
Qwen3.6,Qwen3.5-4B,pt_exams_math,clean,Qwen3.5-4B|pt_exams_math|pt_exams_math/6|g6,1
Qwen3.6,Qwen3.5-4B,pt_exams_math,clean,Qwen3.5-4B|pt_exams_math|pt_exams_math/60|g10,1
Qwen3.6,Qwen3.5-4B,pt_exams_math,clean,Qwen3.5-4B|pt_exams_math|pt_exams_math/62|g15,1
Qwen3.6,Qwen3.5-4B,pt_exams_math,clean,Qwen3.5-4B|pt_exams_math|pt_exams_math/65|g2,1
Qwen3.6,Qwen3.5-4B,pt_exams_math,clean,Qwen3.5-4B|pt_exams_math|pt_exams_math/68|g2,1
Qwen3.6,Qwen3.5-4B,pt_exams_math,clean,Qwen3.5-4B|pt_exams_math|pt_exams_math/69|g10,1
Qwen3.6,Qwen3.5-4B,pt_exams_math,clean,Qwen3.5-4B|pt_exams_math|pt_exams_math/7|g6,1
Qwen3.6,Qwen3.5-4B,pt_exams_math,clean,Qwen3.5-4B|pt_exams_math|pt_exams_math/70|g13,1
Qwen3.6,Qwen3.5-4B,pt_exams_math,clean,Qwen3.5-4B|pt_exams_math|pt_exams_math/71|g13,1
Qwen3.6,Qwen3.5-4B,pt_exams_math,clean,Qwen3.5-4B|pt_exams_math|pt_exams_math/72|g7,1
Qwen3.6,Qwen3.5-4B,pt_exams_math,clean,Qwen3.5-4B|pt_exams_math|pt_exams_math/74|g10,1
Qwen3.6,Qwen3.5-4B,pt_exams_math,clean,Qwen3.5-4B|pt_exams_math|pt_exams_math/75|g4,1
Qwen3.6,Qwen3.5-4B,pt_exams_math,clean,Qwen3.5-4B|pt_exams_math|pt_exams_math/77|g9,1
Qwen3.6,Qwen3.5-4B,pt_exams_math,clean,Qwen3.5-4B|pt_exams_math|pt_exams_math/79|g14,1
Qwen3.6,Qwen3.5-4B,pt_exams_math,clean,Qwen3.5-4B|pt_exams_math|pt_exams_math/81|g1,1
Qwen3.6,Qwen3.5-4B,pt_exams_math,clean,Qwen3.5-4B|pt_exams_math|pt_exams_math/82|g13,1
Qwen3.6,Qwen3.5-4B,pt_exams_math,clean,Qwen3.5-4B|pt_exams_math|pt_exams_math/86|g11,1
Qwen3.6,Qwen3.5-4B,pt_exams_math,clean,Qwen3.5-4B|pt_exams_math|pt_exams_math/87|g14,1
Qwen3.6,Qwen3.5-4B,pt_exams_math,clean,Qwen3.5-4B|pt_exams_math|pt_exams_math/90|g15,1
Qwen3.6,Qwen3.5-4B,pt_exams_math,clean,Qwen3.5-4B|pt_exams_math|pt_exams_math/97|g0,1
Qwen3.6,Qwen3.5-4B,pt_exams_math,clean,Qwen3.5-4B|pt_exams_math|pt_exams_math/99|g12,1
Qwen3.6,Qwen3.5-4B,pt_exams_math,consistent_error,Qwen3.5-4B|pt_exams_math|pt_exams_math/1|g7,0
Qwen3.6,Qwen3.5-4B,pt_exams_math,consistent_error,Qwen3.5-4B|pt_exams_math|pt_exams_math/10|g3,0
Qwen3.6,Qwen3.5-4B,pt_exams_math,consistent_error,Qwen3.5-4B|pt_exams_math|pt_exams_math/101|g12,1
Qwen3.6,Qwen3.5-4B,pt_exams_math,consistent_error,Qwen3.5-4B|pt_exams_math|pt_exams_math/102|g5,0
Qwen3.6,Qwen3.5-4B,pt_exams_math,consistent_error,Qwen3.5-4B|pt_exams_math|pt_exams_math/103|g2,0
Qwen3.6,Qwen3.5-4B,pt_exams_math,consistent_error,Qwen3.5-4B|pt_exams_math|pt_exams_math/104|g7,0
Qwen3.6,Qwen3.5-4B,pt_exams_math,consistent_error,Qwen3.5-4B|pt_exams_math|pt_exams_math/106|g12,0
Qwen3.6,Qwen3.5-4B,pt_exams_math,consistent_error,Qwen3.5-4B|pt_exams_math|pt_exams_math/107|g5,0
Qwen3.6,Qwen3.5-4B,pt_exams_math,consistent_error,Qwen3.5-4B|pt_exams_math|pt_exams_math/108|g15,0
Qwen3.6,Qwen3.5-4B,pt_exams_math,consistent_error,Qwen3.5-4B|pt_exams_math|pt_exams_math/109|g3,0
Qwen3.6,Qwen3.5-4B,pt_exams_math,consistent_error,Qwen3.5-4B|pt_exams_math|pt_exams_math/111|g1,1
Qwen3.6,Qwen3.5-4B,pt_exams_math,consistent_error,Qwen3.5-4B|pt_exams_math|pt_exams_math/113|g7,0
Qwen3.6,Qwen3.5-4B,pt_exams_math,consistent_error,Qwen3.5-4B|pt_exams_math|pt_exams_math/118|g13,1
Qwen3.6,Qwen3.5-4B,pt_exams_math,consistent_error,Qwen3.5-4B|pt_exams_math|pt_exams_math/119|g14,1
Qwen3.6,Qwen3.5-4B,pt_exams_math,consistent_error,Qwen3.5-4B|pt_exams_math|pt_exams_math/121|g12,0
Qwen3.6,Qwen3.5-4B,pt_exams_math,consistent_error,Qwen3.5-4B|pt_exams_math|pt_exams_math/126|g15,1
Qwen3.6,Qwen3.5-4B,pt_exams_math,consistent_error,Qwen3.5-4B|pt_exams_math|pt_exams_math/128|g1,0
Qwen3.6,Qwen3.5-4B,pt_exams_math,consistent_error,Qwen3.5-4B|pt_exams_math|pt_exams_math/130|g1,0
Qwen3.6,Qwen3.5-4B,pt_exams_math,consistent_error,Qwen3.5-4B|pt_exams_math|pt_exams_math/134|g3,0
Qwen3.6,Qwen3.5-4B,pt_exams_math,consistent_error,Qwen3.5-4B|pt_exams_math|pt_exams_math/138|g7,0
Qwen3.6,Qwen3.5-4B,pt_exams_math,consistent_error,Qwen3.5-4B|pt_exams_math|pt_exams_math/14|g7,0
Qwen3.6,Qwen3.5-4B,pt_exams_math,consistent_error,Qwen3.5-4B|pt_exams_math|pt_exams_math/140|g5,0
Qwen3.6,Qwen3.5-4B,pt_exams_math,consistent_error,Qwen3.5-4B|pt_exams_math|pt_exams_math/142|g9,0
Qwen3.6,Qwen3.5-4B,pt_exams_math,consistent_error,Qwen3.5-4B|pt_exams_math|pt_exams_math/146|g9,0
Qwen3.6,Qwen3.5-4B,pt_exams_math,consistent_error,Qwen3.5-4B|pt_exams_math|pt_exams_math/15|g5,0
Qwen3.6,Qwen3.5-4B,pt_exams_math,consistent_error,Qwen3.5-4B|pt_exams_math|pt_exams_math/150|g9,0
Qwen3.6,Qwen3.5-4B,pt_exams_math,consistent_error,Qwen3.5-4B|pt_exams_math|pt_exams_math/153|g3,1
Qwen3.6,Qwen3.5-4B,pt_exams_math,consistent_error,Qwen3.5-4B|pt_exams_math|pt_exams_math/159|g8,0
Qwen3.6,Qwen3.5-4B,pt_exams_math,consistent_error,Qwen3.5-4B|pt_exams_math|pt_exams_math/160|g4,0
Qwen3.6,Qwen3.5-4B,pt_exams_math,consistent_error,Qwen3.5-4B|pt_exams_math|pt_exams_math/17|g10,0
Qwen3.6,Qwen3.5-4B,pt_exams_math,consistent_error,Qwen3.5-4B|pt_exams_math|pt_exams_math/18|g14,1
Qwen3.6,Qwen3.5-4B,pt_exams_math,consistent_error,Qwen3.5-4B|pt_exams_math|pt_exams_math/21|g1,1
Qwen3.6,Qwen3.5-4B,pt_exams_math,consistent_error,Qwen3.5-4B|pt_exams_math|pt_exams_math/26|g0,0
Qwen3.6,Qwen3.5-4B,pt_exams_math,consistent_error,Qwen3.5-4B|pt_exams_math|pt_exams_math/27|g6,1
Qwen3.6,Qwen3.5-4B,pt_exams_math,consistent_error,Qwen3.5-4B|pt_exams_math|pt_exams_math/28|g4,0
Qwen3.6,Qwen3.5-4B,pt_exams_math,consistent_error,Qwen3.5-4B|pt_exams_math|pt_exams_math/3|g13,1
Qwen3.6,Qwen3.5-4B,pt_exams_math,consistent_error,Qwen3.5-4B|pt_exams_math|pt_exams_math/31|g10,1
Qwen3.6,Qwen3.5-4B,pt_exams_math,consistent_error,Qwen3.5-4B|pt_exams_math|pt_exams_math/33|g1,1
Qwen3.6,Qwen3.5-4B,pt_exams_math,consistent_error,Qwen3.5-4B|pt_exams_math|pt_exams_math/34|g10,0
Qwen3.6,Qwen3.5-4B,pt_exams_math,consistent_error,Qwen3.5-4B|pt_exams_math|pt_exams_math/35|g6,0
Qwen3.6,Qwen3.5-4B,pt_exams_math,consistent_error,Qwen3.5-4B|pt_exams_math|pt_exams_math/36|g2,1
Qwen3.6,Qwen3.5-4B,pt_exams_math,consistent_error,Qwen3.5-4B|pt_exams_math|pt_exams_math/44|g10,0
Qwen3.6,Qwen3.5-4B,pt_exams_math,consistent_error,Qwen3.5-4B|pt_exams_math|pt_exams_math/45|g2,0
Qwen3.6,Qwen3.5-4B,pt_exams_math,consistent_error,Qwen3.5-4B|pt_exams_math|pt_exams_math/5|g8,0
Qwen3.6,Qwen3.5-4B,pt_exams_math,consistent_error,Qwen3.5-4B|pt_exams_math|pt_exams_math/50|g15,1
Qwen3.6,Qwen3.5-4B,pt_exams_math,consistent_error,Qwen3.5-4B|pt_exams_math|pt_exams_math/51|g11,0
Qwen3.6,Qwen3.5-4B,pt_exams_math,consistent_error,Qwen3.5-4B|pt_exams_math|pt_exams_math/53|g9,0
Qwen3.6,Qwen3.5-4B,pt_exams_math,consistent_error,Qwen3.5-4B|pt_exams_math|pt_exams_math/54|g4,1
Qwen3.6,Qwen3.5-4B,pt_exams_math,consistent_error,Qwen3.5-4B|pt_exams_math|pt_exams_math/56|g0,0
Qwen3.6,Qwen3.5-4B,pt_exams_math,consistent_error,Qwen3.5-4B|pt_exams_math|pt_exams_math/58|g4,0
Qwen3.6,Qwen3.5-4B,pt_exams_math,consistent_error,Qwen3.5-4B|pt_exams_math|pt_exams_math/59|g4,0
Qwen3.6,Qwen3.5-4B,pt_exams_math,consistent_error,Qwen3.5-4B|pt_exams_math|pt_exams_math/6|g6,0
Qwen3.6,Qwen3.5-4B,pt_exams_math,consistent_error,Qwen3.5-4B|pt_exams_math|pt_exams_math/60|g10,1
Qwen3.6,Qwen3.5-4B,pt_exams_math,consistent_error,Qwen3.5-4B|pt_exams_math|pt_exams_math/62|g15,0
Qwen3.6,Qwen3.5-4B,pt_exams_math,consistent_error,Qwen3.5-4B|pt_exams_math|pt_exams_math/65|g2,0
Qwen3.6,Qwen3.5-4B,pt_exams_math,consistent_error,Qwen3.5-4B|pt_exams_math|pt_exams_math/68|g2,0
Qwen3.6,Qwen3.5-4B,pt_exams_math,consistent_error,Qwen3.5-4B|pt_exams_math|pt_exams_math/69|g10,0
Qwen3.6,Qwen3.5-4B,pt_exams_math,consistent_error,Qwen3.5-4B|pt_exams_math|pt_exams_math/7|g6,0
Qwen3.6,Qwen3.5-4B,pt_exams_math,consistent_error,Qwen3.5-4B|pt_exams_math|pt_exams_math/70|g13,0
Qwen3.6,Qwen3.5-4B,pt_exams_math,consistent_error,Qwen3.5-4B|pt_exams_math|pt_exams_math/71|g13,0
Qwen3.6,Qwen3.5-4B,pt_exams_math,consistent_error,Qwen3.5-4B|pt_exams_math|pt_exams_math/72|g7,1
Qwen3.6,Qwen3.5-4B,pt_exams_math,consistent_error,Qwen3.5-4B|pt_exams_math|pt_exams_math/74|g10,0
Qwen3.6,Qwen3.5-4B,pt_exams_math,consistent_error,Qwen3.5-4B|pt_exams_math|pt_exams_math/75|g4,0
Qwen3.6,Qwen3.5-4B,pt_exams_math,consistent_error,Qwen3.5-4B|pt_exams_math|pt_exams_math/77|g9,0
Qwen3.6,Qwen3.5-4B,pt_exams_math,consistent_error,Qwen3.5-4B|pt_exams_math|pt_exams_math/79|g14,0
Qwen3.6,Qwen3.5-4B,pt_exams_math,consistent_error,Qwen3.5-4B|pt_exams_math|pt_exams_math/81|g1,0
Qwen3.6,Qwen3.5-4B,pt_exams_math,consistent_error,Qwen3.5-4B|pt_exams_math|pt_exams_math/82|g13,0
Qwen3.6,Qwen3.5-4B,pt_exams_math,consistent_error,Qwen3.5-4B|pt_exams_math|pt_exams_math/86|g11,0
Qwen3.6,Qwen3.5-4B,pt_exams_math,consistent_error,Qwen3.5-4B|pt_exams_math|pt_exams_math/87|g14,1
Qwen3.6,Qwen3.5-4B,pt_exams_math,consistent_error,Qwen3.5-4B|pt_exams_math|pt_exams_math/90|g15,0
Qwen3.6,Qwen3.5-4B,pt_exams_math,consistent_error,Qwen3.5-4B|pt_exams_math|pt_exams_math/97|g0,1
Qwen3.6,Qwen3.5-4B,pt_exams_math,consistent_error,Qwen3.5-4B|pt_exams_math|pt_exams_math/99|g12,1
Qwen3.6,Qwen3.5-4B,pt_exams_math,intermediate_error,Qwen3.5-4B|pt_exams_math|pt_exams_math/1|g7,1
Qwen3.6,Qwen3.5-4B,pt_exams_math,intermediate_error,Qwen3.5-4B|pt_exams_math|pt_exams_math/10|g3,1
Qwen3.6,Qwen3.5-4B,pt_exams_math,intermediate_error,Qwen3.5-4B|pt_exams_math|pt_exams_math/101|g12,1
Qwen3.6,Qwen3.5-4B,pt_exams_math,intermediate_error,Qwen3.5-4B|pt_exams_math|pt_exams_math/102|g5,1
Qwen3.6,Qwen3.5-4B,pt_exams_math,intermediate_error,Qwen3.5-4B|pt_exams_math|pt_exams_math/103|g2,1
Qwen3.6,Qwen3.5-4B,pt_exams_math,intermediate_error,Qwen3.5-4B|pt_exams_math|pt_exams_math/104|g7,1
Qwen3.6,Qwen3.5-4B,pt_exams_math,intermediate_error,Qwen3.5-4B|pt_exams_math|pt_exams_math/106|g12,1
Qwen3.6,Qwen3.5-4B,pt_exams_math,intermediate_error,Qwen3.5-4B|pt_exams_math|pt_exams_math/107|g5,1
Qwen3.6,Qwen3.5-4B,pt_exams_math,intermediate_error,Qwen3.5-4B|pt_exams_math|pt_exams_math/108|g15,1
Qwen3.6,Qwen3.5-4B,pt_exams_math,intermediate_error,Qwen3.5-4B|pt_exams_math|pt_exams_math/109|g3,1
Qwen3.6,Qwen3.5-4B,pt_exams_math,intermediate_error,Qwen3.5-4B|pt_exams_math|pt_exams_math/111|g1,1
Qwen3.6,Qwen3.5-4B,pt_exams_math,intermediate_error,Qwen3.5-4B|pt_exams_math|pt_exams_math/113|g7,1
Qwen3.6,Qwen3.5-4B,pt_exams_math,intermediate_error,Qwen3.5-4B|pt_exams_math|pt_exams_math/118|g13,1
Qwen3.6,Qwen3.5-4B,pt_exams_math,intermediate_error,Qwen3.5-4B|pt_exams_math|pt_exams_math/119|g14,1
Qwen3.6,Qwen3.5-4B,pt_exams_math,intermediate_error,Qwen3.5-4B|pt_exams_math|pt_exams_math/121|g12,1
Qwen3.6,Qwen3.5-4B,pt_exams_math,intermediate_error,Qwen3.5-4B|pt_exams_math|pt_exams_math/126|g15,1
Qwen3.6,Qwen3.5-4B,pt_exams_math,intermediate_error,Qwen3.5-4B|pt_exams_math|pt_exams_math/128|g1,1
Qwen3.6,Qwen3.5-4B,pt_exams_math,intermediate_error,Qwen3.5-4B|pt_exams_math|pt_exams_math/130|g1,1
Qwen3.6,Qwen3.5-4B,pt_exams_math,intermediate_error,Qwen3.5-4B|pt_exams_math|pt_exams_math/134|g3,1
Qwen3.6,Qwen3.5-4B,pt_exams_math,intermediate_error,Qwen3.5-4B|pt_exams_math|pt_exams_math/138|g7,1
Qwen3.6,Qwen3.5-4B,pt_exams_math,intermediate_error,Qwen3.5-4B|pt_exams_math|pt_exams_math/14|g7,1
Qwen3.6,Qwen3.5-4B,pt_exams_math,intermediate_error,Qwen3.5-4B|pt_exams_math|pt_exams_math/140|g5,1
Qwen3.6,Qwen3.5-4B,pt_exams_math,intermediate_error,Qwen3.5-4B|pt_exams_math|pt_exams_math/142|g9,1
Qwen3.6,Qwen3.5-4B,pt_exams_math,intermediate_error,Qwen3.5-4B|pt_exams_math|pt_exams_math/146|g9,1
Qwen3.6,Qwen3.5-4B,pt_exams_math,intermediate_error,Qwen3.5-4B|pt_exams_math|pt_exams_math/15|g5,1
Qwen3.6,Qwen3.5-4B,pt_exams_math,intermediate_error,Qwen3.5-4B|pt_exams_math|pt_exams_math/150|g9,1
Qwen3.6,Qwen3.5-4B,pt_exams_math,intermediate_error,Qwen3.5-4B|pt_exams_math|pt_exams_math/153|g3,1
Qwen3.6,Qwen3.5-4B,pt_exams_math,intermediate_error,Qwen3.5-4B|pt_exams_math|pt_exams_math/159|g8,1
Qwen3.6,Qwen3.5-4B,pt_exams_math,intermediate_error,Qwen3.5-4B|pt_exams_math|pt_exams_math/160|g4,1
Qwen3.6,Qwen3.5-4B,pt_exams_math,intermediate_error,Qwen3.5-4B|pt_exams_math|pt_exams_math/17|g10,1
Qwen3.6,Qwen3.5-4B,pt_exams_math,intermediate_error,Qwen3.5-4B|pt_exams_math|pt_exams_math/18|g14,1
Qwen3.6,Qwen3.5-4B,pt_exams_math,intermediate_error,Qwen3.5-4B|pt_exams_math|pt_exams_math/21|g1,1
Qwen3.6,Qwen3.5-4B,pt_exams_math,intermediate_error,Qwen3.5-4B|pt_exams_math|pt_exams_math/26|g0,1
Qwen3.6,Qwen3.5-4B,pt_exams_math,intermediate_error,Qwen3.5-4B|pt_exams_math|pt_exams_math/27|g6,1
Qwen3.6,Qwen3.5-4B,pt_exams_math,intermediate_error,Qwen3.5-4B|pt_exams_math|pt_exams_math/28|g4,1
Qwen3.6,Qwen3.5-4B,pt_exams_math,intermediate_error,Qwen3.5-4B|pt_exams_math|pt_exams_math/3|g13,1
Qwen3.6,Qwen3.5-4B,pt_exams_math,intermediate_error,Qwen3.5-4B|pt_exams_math|pt_exams_math/31|g10,1
Qwen3.6,Qwen3.5-4B,pt_exams_math,intermediate_error,Qwen3.5-4B|pt_exams_math|pt_exams_math/33|g1,1
Qwen3.6,Qwen3.5-4B,pt_exams_math,intermediate_error,Qwen3.5-4B|pt_exams_math|pt_exams_math/34|g10,1
Qwen3.6,Qwen3.5-4B,pt_exams_math,intermediate_error,Qwen3.5-4B|pt_exams_math|pt_exams_math/35|g6,1
Qwen3.6,Qwen3.5-4B,pt_exams_math,intermediate_error,Qwen3.5-4B|pt_exams_math|pt_exams_math/36|g2,1
Qwen3.6,Qwen3.5-4B,pt_exams_math,intermediate_error,Qwen3.5-4B|pt_exams_math|pt_exams_math/44|g10,1
Qwen3.6,Qwen3.5-4B,pt_exams_math,intermediate_error,Qwen3.5-4B|pt_exams_math|pt_exams_math/45|g2,1
Qwen3.6,Qwen3.5-4B,pt_exams_math,intermediate_error,Qwen3.5-4B|pt_exams_math|pt_exams_math/5|g8,1
Qwen3.6,Qwen3.5-4B,pt_exams_math,intermediate_error,Qwen3.5-4B|pt_exams_math|pt_exams_math/50|g15,1
Qwen3.6,Qwen3.5-4B,pt_exams_math,intermediate_error,Qwen3.5-4B|pt_exams_math|pt_exams_math/51|g11,1
Qwen3.6,Qwen3.5-4B,pt_exams_math,intermediate_error,Qwen3.5-4B|pt_exams_math|pt_exams_math/53|g9,1
Qwen3.6,Qwen3.5-4B,pt_exams_math,intermediate_error,Qwen3.5-4B|pt_exams_math|pt_exams_math/54|g4,1
Qwen3.6,Qwen3.5-4B,pt_exams_math,intermediate_error,Qwen3.5-4B|pt_exams_math|pt_exams_math/56|g0,1
Qwen3.6,Qwen3.5-4B,pt_exams_math,intermediate_error,Qwen3.5-4B|pt_exams_math|pt_exams_math/58|g4,1
Qwen3.6,Qwen3.5-4B,pt_exams_math,intermediate_error,Qwen3.5-4B|pt_exams_math|pt_exams_math/59|g4,1
Qwen3.6,Qwen3.5-4B,pt_exams_math,intermediate_error,Qwen3.5-4B|pt_exams_math|pt_exams_math/6|g6,1
Qwen3.6,Qwen3.5-4B,pt_exams_math,intermediate_error,Qwen3.5-4B|pt_exams_math|pt_exams_math/60|g10,1
Qwen3.6,Qwen3.5-4B,pt_exams_math,intermediate_error,Qwen3.5-4B|pt_exams_math|pt_exams_math/62|g15,1
Qwen3.6,Qwen3.5-4B,pt_exams_math,intermediate_error,Qwen3.5-4B|pt_exams_math|pt_exams_math/65|g2,1
Qwen3.6,Qwen3.5-4B,pt_exams_math,intermediate_error,Qwen3.5-4B|pt_exams_math|pt_exams_math/68|g2,1
Qwen3.6,Qwen3.5-4B,pt_exams_math,intermediate_error,Qwen3.5-4B|pt_exams_math|pt_exams_math/69|g10,1
Qwen3.6,Qwen3.5-4B,pt_exams_math,intermediate_error,Qwen3.5-4B|pt_exams_math|pt_exams_math/7|g6,1
Qwen3.6,Qwen3.5-4B,pt_exams_math,intermediate_error,Qwen3.5-4B|pt_exams_math|pt_exams_math/70|g13,1
Qwen3.6,Qwen3.5-4B,pt_exams_math,intermediate_error,Qwen3.5-4B|pt_exams_math|pt_exams_math/71|g13,1
Qwen3.6,Qwen3.5-4B,pt_exams_math,intermediate_error,Qwen3.5-4B|pt_exams_math|pt_exams_math/72|g7,1
Qwen3.6,Qwen3.5-4B,pt_exams_math,intermediate_error,Qwen3.5-4B|pt_exams_math|pt_exams_math/74|g10,1
Qwen3.6,Qwen3.5-4B,pt_exams_math,intermediate_error,Qwen3.5-4B|pt_exams_math|pt_exams_math/75|g4,1
Qwen3.6,Qwen3.5-4B,pt_exams_math,intermediate_error,Qwen3.5-4B|pt_exams_math|pt_exams_math/77|g9,1
Qwen3.6,Qwen3.5-4B,pt_exams_math,intermediate_error,Qwen3.5-4B|pt_exams_math|pt_exams_math/79|g14,1
Qwen3.6,Qwen3.5-4B,pt_exams_math,intermediate_error,Qwen3.5-4B|pt_exams_math|pt_exams_math/81|g1,1
Qwen3.6,Qwen3.5-4B,pt_exams_math,intermediate_error,Qwen3.5-4B|pt_exams_math|pt_exams_math/82|g13,1
Qwen3.6,Qwen3.5-4B,pt_exams_math,intermediate_error,Qwen3.5-4B|pt_exams_math|pt_exams_math/86|g11,1
Qwen3.6,Qwen3.5-4B,pt_exams_math,intermediate_error,Qwen3.5-4B|pt_exams_math|pt_exams_math/87|g14,1
Qwen3.6,Qwen3.5-4B,pt_exams_math,intermediate_error,Qwen3.5-4B|pt_exams_math|pt_exams_math/90|g15,1
Qwen3.6,Qwen3.5-4B,pt_exams_math,intermediate_error,Qwen3.5-4B|pt_exams_math|pt_exams_math/97|g0,1
Qwen3.6,Qwen3.5-4B,pt_exams_math,intermediate_error,Qwen3.5-4B|pt_exams_math|pt_exams_math/99|g12,1
Qwen3.6,Qwen3.5-4B,pt_exams_math,truncated,Qwen3.5-4B|pt_exams_math|pt_exams_math/1|g7,1
Qwen3.6,Qwen3.5-4B,pt_exams_math,truncated,Qwen3.5-4B|pt_exams_math|pt_exams_math/10|g3,1
Qwen3.6,Qwen3.5-4B,pt_exams_math,truncated,Qwen3.5-4B|pt_exams_math|pt_exams_math/101|g12,1
Qwen3.6,Qwen3.5-4B,pt_exams_math,truncated,Qwen3.5-4B|pt_exams_math|pt_exams_math/102|g5,1
Qwen3.6,Qwen3.5-4B,pt_exams_math,truncated,Qwen3.5-4B|pt_exams_math|pt_exams_math/103|g2,1
Qwen3.6,Qwen3.5-4B,pt_exams_math,truncated,Qwen3.5-4B|pt_exams_math|pt_exams_math/104|g7,1
Qwen3.6,Qwen3.5-4B,pt_exams_math,truncated,Qwen3.5-4B|pt_exams_math|pt_exams_math/106|g12,1
Qwen3.6,Qwen3.5-4B,pt_exams_math,truncated,Qwen3.5-4B|pt_exams_math|pt_exams_math/107|g5,1
Qwen3.6,Qwen3.5-4B,pt_exams_math,truncated,Qwen3.5-4B|pt_exams_math|pt_exams_math/108|g15,1
Qwen3.6,Qwen3.5-4B,pt_exams_math,truncated,Qwen3.5-4B|pt_exams_math|pt_exams_math/109|g3,1
Qwen3.6,Qwen3.5-4B,pt_exams_math,truncated,Qwen3.5-4B|pt_exams_math|pt_exams_math/111|g1,1
Qwen3.6,Qwen3.5-4B,pt_exams_math,truncated,Qwen3.5-4B|pt_exams_math|pt_exams_math/113|g7,1
Qwen3.6,Qwen3.5-4B,pt_exams_math,truncated,Qwen3.5-4B|pt_exams_math|pt_exams_math/118|g13,1
Qwen3.6,Qwen3.5-4B,pt_exams_math,truncated,Qwen3.5-4B|pt_exams_math|pt_exams_math/119|g14,1
Qwen3.6,Qwen3.5-4B,pt_exams_math,truncated,Qwen3.5-4B|pt_exams_math|pt_exams_math/121|g12,1
Qwen3.6,Qwen3.5-4B,pt_exams_math,truncated,Qwen3.5-4B|pt_exams_math|pt_exams_math/126|g15,1
Qwen3.6,Qwen3.5-4B,pt_exams_math,truncated,Qwen3.5-4B|pt_exams_math|pt_exams_math/128|g1,1
Qwen3.6,Qwen3.5-4B,pt_exams_math,truncated,Qwen3.5-4B|pt_exams_math|pt_exams_math/130|g1,1
Qwen3.6,Qwen3.5-4B,pt_exams_math,truncated,Qwen3.5-4B|pt_exams_math|pt_exams_math/134|g3,1
Qwen3.6,Qwen3.5-4B,pt_exams_math,truncated,Qwen3.5-4B|pt_exams_math|pt_exams_math/138|g7,1
Qwen3.6,Qwen3.5-4B,pt_exams_math,truncated,Qwen3.5-4B|pt_exams_math|pt_exams_math/14|g7,1
Qwen3.6,Qwen3.5-4B,pt_exams_math,truncated,Qwen3.5-4B|pt_exams_math|pt_exams_math/140|g5,1
Qwen3.6,Qwen3.5-4B,pt_exams_math,truncated,Qwen3.5-4B|pt_exams_math|pt_exams_math/142|g9,1
Qwen3.6,Qwen3.5-4B,pt_exams_math,truncated,Qwen3.5-4B|pt_exams_math|pt_exams_math/146|g9,1
Qwen3.6,Qwen3.5-4B,pt_exams_math,truncated,Qwen3.5-4B|pt_exams_math|pt_exams_math/15|g5,1
Qwen3.6,Qwen3.5-4B,pt_exams_math,truncated,Qwen3.5-4B|pt_exams_math|pt_exams_math/150|g9,1
Qwen3.6,Qwen3.5-4B,pt_exams_math,truncated,Qwen3.5-4B|pt_exams_math|pt_exams_math/153|g3,1
Qwen3.6,Qwen3.5-4B,pt_exams_math,truncated,Qwen3.5-4B|pt_exams_math|pt_exams_math/159|g8,1
Qwen3.6,Qwen3.5-4B,pt_exams_math,truncated,Qwen3.5-4B|pt_exams_math|pt_exams_math/160|g4,1
Qwen3.6,Qwen3.5-4B,pt_exams_math,truncated,Qwen3.5-4B|pt_exams_math|pt_exams_math/17|g10,1
Qwen3.6,Qwen3.5-4B,pt_exams_math,truncated,Qwen3.5-4B|pt_exams_math|pt_exams_math/18|g14,1
Qwen3.6,Qwen3.5-4B,pt_exams_math,truncated,Qwen3.5-4B|pt_exams_math|pt_exams_math/21|g1,1
Qwen3.6,Qwen3.5-4B,pt_exams_math,truncated,Qwen3.5-4B|pt_exams_math|pt_exams_math/26|g0,1
Qwen3.6,Qwen3.5-4B,pt_exams_math,truncated,Qwen3.5-4B|pt_exams_math|pt_exams_math/27|g6,0
Qwen3.6,Qwen3.5-4B,pt_exams_math,truncated,Qwen3.5-4B|pt_exams_math|pt_exams_math/28|g4,1
Qwen3.6,Qwen3.5-4B,pt_exams_math,truncated,Qwen3.5-4B|pt_exams_math|pt_exams_math/3|g13,1
Qwen3.6,Qwen3.5-4B,pt_exams_math,truncated,Qwen3.5-4B|pt_exams_math|pt_exams_math/31|g10,1
Qwen3.6,Qwen3.5-4B,pt_exams_math,truncated,Qwen3.5-4B|pt_exams_math|pt_exams_math/33|g1,1
Qwen3.6,Qwen3.5-4B,pt_exams_math,truncated,Qwen3.5-4B|pt_exams_math|pt_exams_math/34|g10,1
Qwen3.6,Qwen3.5-4B,pt_exams_math,truncated,Qwen3.5-4B|pt_exams_math|pt_exams_math/35|g6,1
Qwen3.6,Qwen3.5-4B,pt_exams_math,truncated,Qwen3.5-4B|pt_exams_math|pt_exams_math/36|g2,1
Qwen3.6,Qwen3.5-4B,pt_exams_math,truncated,Qwen3.5-4B|pt_exams_math|pt_exams_math/44|g10,1
Qwen3.6,Qwen3.5-4B,pt_exams_math,truncated,Qwen3.5-4B|pt_exams_math|pt_exams_math/45|g2,1
Qwen3.6,Qwen3.5-4B,pt_exams_math,truncated,Qwen3.5-4B|pt_exams_math|pt_exams_math/5|g8,1
Qwen3.6,Qwen3.5-4B,pt_exams_math,truncated,Qwen3.5-4B|pt_exams_math|pt_exams_math/50|g15,1
Qwen3.6,Qwen3.5-4B,pt_exams_math,truncated,Qwen3.5-4B|pt_exams_math|pt_exams_math/51|g11,1
Qwen3.6,Qwen3.5-4B,pt_exams_math,truncated,Qwen3.5-4B|pt_exams_math|pt_exams_math/53|g9,1
Qwen3.6,Qwen3.5-4B,pt_exams_math,truncated,Qwen3.5-4B|pt_exams_math|pt_exams_math/54|g4,1
Qwen3.6,Qwen3.5-4B,pt_exams_math,truncated,Qwen3.5-4B|pt_exams_math|pt_exams_math/56|g0,1
Qwen3.6,Qwen3.5-4B,pt_exams_math,truncated,Qwen3.5-4B|pt_exams_math|pt_exams_math/58|g4,1
Qwen3.6,Qwen3.5-4B,pt_exams_math,truncated,Qwen3.5-4B|pt_exams_math|pt_exams_math/59|g4,1
Qwen3.6,Qwen3.5-4B,pt_exams_math,truncated,Qwen3.5-4B|pt_exams_math|pt_exams_math/6|g6,1
Qwen3.6,Qwen3.5-4B,pt_exams_math,truncated,Qwen3.5-4B|pt_exams_math|pt_exams_math/60|g10,1
Qwen3.6,Qwen3.5-4B,pt_exams_math,truncated,Qwen3.5-4B|pt_exams_math|pt_exams_math/62|g15,1
Qwen3.6,Qwen3.5-4B,pt_exams_math,truncated,Qwen3.5-4B|pt_exams_math|pt_exams_math/65|g2,1
Qwen3.6,Qwen3.5-4B,pt_exams_math,truncated,Qwen3.5-4B|pt_exams_math|pt_exams_math/68|g2,1
Qwen3.6,Qwen3.5-4B,pt_exams_math,truncated,Qwen3.5-4B|pt_exams_math|pt_exams_math/69|g10,1
Qwen3.6,Qwen3.5-4B,pt_exams_math,truncated,Qwen3.5-4B|pt_exams_math|pt_exams_math/7|g6,1
Qwen3.6,Qwen3.5-4B,pt_exams_math,truncated,Qwen3.5-4B|pt_exams_math|pt_exams_math/70|g13,1
Qwen3.6,Qwen3.5-4B,pt_exams_math,truncated,Qwen3.5-4B|pt_exams_math|pt_exams_math/71|g13,1
Qwen3.6,Qwen3.5-4B,pt_exams_math,truncated,Qwen3.5-4B|pt_exams_math|pt_exams_math/72|g7,1
Qwen3.6,Qwen3.5-4B,pt_exams_math,truncated,Qwen3.5-4B|pt_exams_math|pt_exams_math/74|g10,1
Qwen3.6,Qwen3.5-4B,pt_exams_math,truncated,Qwen3.5-4B|pt_exams_math|pt_exams_math/75|g4,1
Qwen3.6,Qwen3.5-4B,pt_exams_math,truncated,Qwen3.5-4B|pt_exams_math|pt_exams_math/77|g9,1
Qwen3.6,Qwen3.5-4B,pt_exams_math,truncated,Qwen3.5-4B|pt_exams_math|pt_exams_math/79|g14,1
Qwen3.6,Qwen3.5-4B,pt_exams_math,truncated,Qwen3.5-4B|pt_exams_math|pt_exams_math/81|g1,1
Qwen3.6,Qwen3.5-4B,pt_exams_math,truncated,Qwen3.5-4B|pt_exams_math|pt_exams_math/82|g13,1
Qwen3.6,Qwen3.5-4B,pt_exams_math,truncated,Qwen3.5-4B|pt_exams_math|pt_exams_math/86|g11,1
Qwen3.6,Qwen3.5-4B,pt_exams_math,truncated,Qwen3.5-4B|pt_exams_math|pt_exams_math/87|g14,1
Qwen3.6,Qwen3.5-4B,pt_exams_math,truncated,Qwen3.5-4B|pt_exams_math|pt_exams_math/90|g15,1
Qwen3.6,Qwen3.5-4B,pt_exams_math,truncated,Qwen3.5-4B|pt_exams_math|pt_exams_math/97|g0,1
Qwen3.6,Qwen3.5-4B,pt_exams_math,truncated,Qwen3.5-4B|pt_exams_math|pt_exams_math/99|g12,1
Qwen3.6,Qwen3.5-4B,tubitak_math2026,boxed_only,Qwen3.5-4B|tubitak_math2026|tubitak_math2026/1|g0,1
Qwen3.6,Qwen3.5-4B,tubitak_math2026,boxed_only,Qwen3.5-4B|tubitak_math2026|tubitak_math2026/1|g1,0
Qwen3.6,Qwen3.5-4B,tubitak_math2026,boxed_only,Qwen3.5-4B|tubitak_math2026|tubitak_math2026/1|g21,0
Qwen3.6,Qwen3.5-4B,tubitak_math2026,boxed_only,Qwen3.5-4B|tubitak_math2026|tubitak_math2026/1|g31,0
Qwen3.6,Qwen3.5-4B,tubitak_math2026,boxed_only,Qwen3.5-4B|tubitak_math2026|tubitak_math2026/1|g59,0
Qwen3.6,Qwen3.5-4B,tubitak_math2026,boxed_only,Qwen3.5-4B|tubitak_math2026|tubitak_math2026/11|g14,0
Qwen3.6,Qwen3.5-4B,tubitak_math2026,boxed_only,Qwen3.5-4B|tubitak_math2026|tubitak_math2026/11|g18,0
Qwen3.6,Qwen3.5-4B,tubitak_math2026,boxed_only,Qwen3.5-4B|tubitak_math2026|tubitak_math2026/11|g26,0
Qwen3.6,Qwen3.5-4B,tubitak_math2026,boxed_only,Qwen3.5-4B|tubitak_math2026|tubitak_math2026/11|g37,0
Qwen3.6,Qwen3.5-4B,tubitak_math2026,boxed_only,Qwen3.5-4B|tubitak_math2026|tubitak_math2026/12|g1,1
Qwen3.6,Qwen3.5-4B,tubitak_math2026,boxed_only,Qwen3.5-4B|tubitak_math2026|tubitak_math2026/12|g18,1
Qwen3.6,Qwen3.5-4B,tubitak_math2026,boxed_only,Qwen3.5-4B|tubitak_math2026|tubitak_math2026/12|g21,1
Qwen3.6,Qwen3.5-4B,tubitak_math2026,boxed_only,Qwen3.5-4B|tubitak_math2026|tubitak_math2026/12|g38,0
Qwen3.6,Qwen3.5-4B,tubitak_math2026,boxed_only,Qwen3.5-4B|tubitak_math2026|tubitak_math2026/12|g6,1
Qwen3.6,Qwen3.5-4B,tubitak_math2026,boxed_only,Qwen3.5-4B|tubitak_math2026|tubitak_math2026/13|g10,0
Qwen3.6,Qwen3.5-4B,tubitak_math2026,boxed_only,Qwen3.5-4B|tubitak_math2026|tubitak_math2026/13|g16,1
Qwen3.6,Qwen3.5-4B,tubitak_math2026,boxed_only,Qwen3.5-4B|tubitak_math2026|tubitak_math2026/13|g23,1
Qwen3.6,Qwen3.5-4B,tubitak_math2026,boxed_only,Qwen3.5-4B|tubitak_math2026|tubitak_math2026/13|g33,1
Qwen3.6,Qwen3.5-4B,tubitak_math2026,boxed_only,Qwen3.5-4B|tubitak_math2026|tubitak_math2026/13|g51,1
Qwen3.6,Qwen3.5-4B,tubitak_math2026,boxed_only,Qwen3.5-4B|tubitak_math2026|tubitak_math2026/15|g41,0
Qwen3.6,Qwen3.5-4B,tubitak_math2026,boxed_only,Qwen3.5-4B|tubitak_math2026|tubitak_math2026/15|g52,0
Qwen3.6,Qwen3.5-4B,tubitak_math2026,boxed_only,Qwen3.5-4B|tubitak_math2026|tubitak_math2026/15|g59,0
Qwen3.6,Qwen3.5-4B,tubitak_math2026,boxed_only,Qwen3.5-4B|tubitak_math2026|tubitak_math2026/15|g60,0
Qwen3.6,Qwen3.5-4B,tubitak_math2026,boxed_only,Qwen3.5-4B|tubitak_math2026|tubitak_math2026/15|g61,0
Qwen3.6,Qwen3.5-4B,tubitak_math2026,boxed_only,Qwen3.5-4B|tubitak_math2026|tubitak_math2026/16|g21,0
Qwen3.6,Qwen3.5-4B,tubitak_math2026,boxed_only,Qwen3.5-4B|tubitak_math2026|tubitak_math2026/16|g22,0
Qwen3.6,Qwen3.5-4B,tubitak_math2026,boxed_only,Qwen3.5-4B|tubitak_math2026|tubitak_math2026/16|g27,0
Qwen3.6,Qwen3.5-4B,tubitak_math2026,boxed_only,Qwen3.5-4B|tubitak_math2026|tubitak_math2026/16|g43,1
Qwen3.6,Qwen3.5-4B,tubitak_math2026,boxed_only,Qwen3.5-4B|tubitak_math2026|tubitak_math2026/16|g60,0
Qwen3.6,Qwen3.5-4B,tubitak_math2026,boxed_only,Qwen3.5-4B|tubitak_math2026|tubitak_math2026/17|g1,0
Qwen3.6,Qwen3.5-4B,tubitak_math2026,boxed_only,Qwen3.5-4B|tubitak_math2026|tubitak_math2026/17|g15,1
Qwen3.6,Qwen3.5-4B,tubitak_math2026,boxed_only,Qwen3.5-4B|tubitak_math2026|tubitak_math2026/17|g28,1
Qwen3.6,Qwen3.5-4B,tubitak_math2026,boxed_only,Qwen3.5-4B|tubitak_math2026|tubitak_math2026/17|g45,0
Qwen3.6,Qwen3.5-4B,tubitak_math2026,boxed_only,Qwen3.5-4B|tubitak_math2026|tubitak_math2026/17|g8,1
Qwen3.6,Qwen3.5-4B,tubitak_math2026,boxed_only,Qwen3.5-4B|tubitak_math2026|tubitak_math2026/20|g20,0
Qwen3.6,Qwen3.5-4B,tubitak_math2026,boxed_only,Qwen3.5-4B|tubitak_math2026|tubitak_math2026/20|g45,0
Qwen3.6,Qwen3.5-4B,tubitak_math2026,boxed_only,Qwen3.5-4B|tubitak_math2026|tubitak_math2026/20|g56,0
Qwen3.6,Qwen3.5-4B,tubitak_math2026,boxed_only,Qwen3.5-4B|tubitak_math2026|tubitak_math2026/20|g63,0
Qwen3.6,Qwen3.5-4B,tubitak_math2026,boxed_only,Qwen3.5-4B|tubitak_math2026|tubitak_math2026/20|g8,1
Qwen3.6,Qwen3.5-4B,tubitak_math2026,boxed_only,Qwen3.5-4B|tubitak_math2026|tubitak_math2026/21|g10,0
Qwen3.6,Qwen3.5-4B,tubitak_math2026,boxed_only,Qwen3.5-4B|tubitak_math2026|tubitak_math2026/21|g44,1
Qwen3.6,Qwen3.5-4B,tubitak_math2026,boxed_only,Qwen3.5-4B|tubitak_math2026|tubitak_math2026/28|g0,0
Qwen3.6,Qwen3.5-4B,tubitak_math2026,boxed_only,Qwen3.5-4B|tubitak_math2026|tubitak_math2026/28|g23,0
Qwen3.6,Qwen3.5-4B,tubitak_math2026,boxed_only,Qwen3.5-4B|tubitak_math2026|tubitak_math2026/28|g38,0
Qwen3.6,Qwen3.5-4B,tubitak_math2026,boxed_only,Qwen3.5-4B|tubitak_math2026|tubitak_math2026/28|g52,0
Qwen3.6,Qwen3.5-4B,tubitak_math2026,boxed_only,Qwen3.5-4B|tubitak_math2026|tubitak_math2026/28|g63,1
Qwen3.6,Qwen3.5-4B,tubitak_math2026,boxed_only,Qwen3.5-4B|tubitak_math2026|tubitak_math2026/30|g20,0
Qwen3.6,Qwen3.5-4B,tubitak_math2026,boxed_only,Qwen3.5-4B|tubitak_math2026|tubitak_math2026/30|g28,1
Qwen3.6,Qwen3.5-4B,tubitak_math2026,boxed_only,Qwen3.5-4B|tubitak_math2026|tubitak_math2026/30|g31,0
Qwen3.6,Qwen3.5-4B,tubitak_math2026,boxed_only,Qwen3.5-4B|tubitak_math2026|tubitak_math2026/30|g42,1
Qwen3.6,Qwen3.5-4B,tubitak_math2026,boxed_only,Qwen3.5-4B|tubitak_math2026|tubitak_math2026/30|g7,1
Qwen3.6,Qwen3.5-4B,tubitak_math2026,boxed_only,Qwen3.5-4B|tubitak_math2026|tubitak_math2026/31|g0,1
Qwen3.6,Qwen3.5-4B,tubitak_math2026,boxed_only,Qwen3.5-4B|tubitak_math2026|tubitak_math2026/31|g33,0
Qwen3.6,Qwen3.5-4B,tubitak_math2026,boxed_only,Qwen3.5-4B|tubitak_math2026|tubitak_math2026/31|g5,1
Qwen3.6,Qwen3.5-4B,tubitak_math2026,boxed_only,Qwen3.5-4B|tubitak_math2026|tubitak_math2026/31|g55,0
Qwen3.6,Qwen3.5-4B,tubitak_math2026,boxed_only,Qwen3.5-4B|tubitak_math2026|tubitak_math2026/31|g57,0
Qwen3.6,Qwen3.5-4B,tubitak_math2026,boxed_only,Qwen3.5-4B|tubitak_math2026|tubitak_math2026/4|g0,1
Qwen3.6,Qwen3.5-4B,tubitak_math2026,boxed_only,Qwen3.5-4B|tubitak_math2026|tubitak_math2026/4|g18,1
Qwen3.6,Qwen3.5-4B,tubitak_math2026,boxed_only,Qwen3.5-4B|tubitak_math2026|tubitak_math2026/4|g24,0
Qwen3.6,Qwen3.5-4B,tubitak_math2026,boxed_only,Qwen3.5-4B|tubitak_math2026|tubitak_math2026/4|g28,0
Qwen3.6,Qwen3.5-4B,tubitak_math2026,boxed_only,Qwen3.5-4B|tubitak_math2026|tubitak_math2026/4|g57,1
Qwen3.6,Qwen3.5-4B,tubitak_math2026,boxed_only,Qwen3.5-4B|tubitak_math2026|tubitak_math2026/5|g12,1
Qwen3.6,Qwen3.5-4B,tubitak_math2026,boxed_only,Qwen3.5-4B|tubitak_math2026|tubitak_math2026/5|g15,1
Qwen3.6,Qwen3.5-4B,tubitak_math2026,boxed_only,Qwen3.5-4B|tubitak_math2026|tubitak_math2026/5|g21,0
Qwen3.6,Qwen3.5-4B,tubitak_math2026,boxed_only,Qwen3.5-4B|tubitak_math2026|tubitak_math2026/5|g61,0
Qwen3.6,Qwen3.5-4B,tubitak_math2026,boxed_only,Qwen3.5-4B|tubitak_math2026|tubitak_math2026/5|g8,1
Qwen3.6,Qwen3.5-4B,tubitak_math2026,boxed_only,Qwen3.5-4B|tubitak_math2026|tubitak_math2026/9|g16,0
Qwen3.6,Qwen3.5-4B,tubitak_math2026,boxed_only,Qwen3.5-4B|tubitak_math2026|tubitak_math2026/9|g34,0
Qwen3.6,Qwen3.5-4B,tubitak_math2026,boxed_only,Qwen3.5-4B|tubitak_math2026|tubitak_math2026/9|g36,1
Qwen3.6,Qwen3.5-4B,tubitak_math2026,boxed_only,Qwen3.5-4B|tubitak_math2026|tubitak_math2026/9|g42,1
Qwen3.6,Qwen3.5-4B,tubitak_math2026,boxed_only,Qwen3.5-4B|tubitak_math2026|tubitak_math2026/9|g55,1
Qwen3.6,Qwen3.5-4B,tubitak_math2026,boxed_only,Qwen3.5-4B|tubitak_math2026|tubitak_math2026/9|g59,0
Qwen3.6,Qwen3.5-4B,tubitak_math2026,clean,Qwen3.5-4B|tubitak_math2026|tubitak_math2026/1|g0,1
Qwen3.6,Qwen3.5-4B,tubitak_math2026,clean,Qwen3.5-4B|tubitak_math2026|tubitak_math2026/1|g1,0
Qwen3.6,Qwen3.5-4B,tubitak_math2026,clean,Qwen3.5-4B|tubitak_math2026|tubitak_math2026/1|g21,0
Qwen3.6,Qwen3.5-4B,tubitak_math2026,clean,Qwen3.5-4B|tubitak_math2026|tubitak_math2026/1|g31,0
Qwen3.6,Qwen3.5-4B,tubitak_math2026,clean,Qwen3.5-4B|tubitak_math2026|tubitak_math2026/1|g59,0
Qwen3.6,Qwen3.5-4B,tubitak_math2026,clean,Qwen3.5-4B|tubitak_math2026|tubitak_math2026/11|g14,1
Qwen3.6,Qwen3.5-4B,tubitak_math2026,clean,Qwen3.5-4B|tubitak_math2026|tubitak_math2026/11|g18,1
Qwen3.6,Qwen3.5-4B,tubitak_math2026,clean,Qwen3.5-4B|tubitak_math2026|tubitak_math2026/11|g26,1
Qwen3.6,Qwen3.5-4B,tubitak_math2026,clean,Qwen3.5-4B|tubitak_math2026|tubitak_math2026/11|g37,1
Qwen3.6,Qwen3.5-4B,tubitak_math2026,clean,Qwen3.5-4B|tubitak_math2026|tubitak_math2026/12|g1,1
Qwen3.6,Qwen3.5-4B,tubitak_math2026,clean,Qwen3.5-4B|tubitak_math2026|tubitak_math2026/12|g18,1
Qwen3.6,Qwen3.5-4B,tubitak_math2026,clean,Qwen3.5-4B|tubitak_math2026|tubitak_math2026/12|g21,1
Qwen3.6,Qwen3.5-4B,tubitak_math2026,clean,Qwen3.5-4B|tubitak_math2026|tubitak_math2026/12|g38,1
Qwen3.6,Qwen3.5-4B,tubitak_math2026,clean,Qwen3.5-4B|tubitak_math2026|tubitak_math2026/12|g6,1
Qwen3.6,Qwen3.5-4B,tubitak_math2026,clean,Qwen3.5-4B|tubitak_math2026|tubitak_math2026/13|g10,1
Qwen3.6,Qwen3.5-4B,tubitak_math2026,clean,Qwen3.5-4B|tubitak_math2026|tubitak_math2026/13|g16,0
Qwen3.6,Qwen3.5-4B,tubitak_math2026,clean,Qwen3.5-4B|tubitak_math2026|tubitak_math2026/13|g23,1
Qwen3.6,Qwen3.5-4B,tubitak_math2026,clean,Qwen3.5-4B|tubitak_math2026|tubitak_math2026/13|g33,1
Qwen3.6,Qwen3.5-4B,tubitak_math2026,clean,Qwen3.5-4B|tubitak_math2026|tubitak_math2026/13|g51,1
Qwen3.6,Qwen3.5-4B,tubitak_math2026,clean,Qwen3.5-4B|tubitak_math2026|tubitak_math2026/15|g41,1
Qwen3.6,Qwen3.5-4B,tubitak_math2026,clean,Qwen3.5-4B|tubitak_math2026|tubitak_math2026/15|g52,1
Qwen3.6,Qwen3.5-4B,tubitak_math2026,clean,Qwen3.5-4B|tubitak_math2026|tubitak_math2026/15|g59,1
Qwen3.6,Qwen3.5-4B,tubitak_math2026,clean,Qwen3.5-4B|tubitak_math2026|tubitak_math2026/15|g60,1
Qwen3.6,Qwen3.5-4B,tubitak_math2026,clean,Qwen3.5-4B|tubitak_math2026|tubitak_math2026/15|g61,1
Qwen3.6,Qwen3.5-4B,tubitak_math2026,clean,Qwen3.5-4B|tubitak_math2026|tubitak_math2026/16|g21,1
Qwen3.6,Qwen3.5-4B,tubitak_math2026,clean,Qwen3.5-4B|tubitak_math2026|tubitak_math2026/16|g22,1
Qwen3.6,Qwen3.5-4B,tubitak_math2026,clean,Qwen3.5-4B|tubitak_math2026|tubitak_math2026/16|g27,1
Qwen3.6,Qwen3.5-4B,tubitak_math2026,clean,Qwen3.5-4B|tubitak_math2026|tubitak_math2026/16|g43,1
Qwen3.6,Qwen3.5-4B,tubitak_math2026,clean,Qwen3.5-4B|tubitak_math2026|tubitak_math2026/16|g60,1
Qwen3.6,Qwen3.5-4B,tubitak_math2026,clean,Qwen3.5-4B|tubitak_math2026|tubitak_math2026/17|g1,1
Qwen3.6,Qwen3.5-4B,tubitak_math2026,clean,Qwen3.5-4B|tubitak_math2026|tubitak_math2026/17|g15,1
Qwen3.6,Qwen3.5-4B,tubitak_math2026,clean,Qwen3.5-4B|tubitak_math2026|tubitak_math2026/17|g28,1
Qwen3.6,Qwen3.5-4B,tubitak_math2026,clean,Qwen3.5-4B|tubitak_math2026|tubitak_math2026/17|g45,1
Qwen3.6,Qwen3.5-4B,tubitak_math2026,clean,Qwen3.5-4B|tubitak_math2026|tubitak_math2026/17|g8,1
Qwen3.6,Qwen3.5-4B,tubitak_math2026,clean,Qwen3.5-4B|tubitak_math2026|tubitak_math2026/20|g20,1
Qwen3.6,Qwen3.5-4B,tubitak_math2026,clean,Qwen3.5-4B|tubitak_math2026|tubitak_math2026/20|g45,1
Qwen3.6,Qwen3.5-4B,tubitak_math2026,clean,Qwen3.5-4B|tubitak_math2026|tubitak_math2026/20|g56,1
Qwen3.6,Qwen3.5-4B,tubitak_math2026,clean,Qwen3.5-4B|tubitak_math2026|tubitak_math2026/20|g63,1
Qwen3.6,Qwen3.5-4B,tubitak_math2026,clean,Qwen3.5-4B|tubitak_math2026|tubitak_math2026/20|g8,1
Qwen3.6,Qwen3.5-4B,tubitak_math2026,clean,Qwen3.5-4B|tubitak_math2026|tubitak_math2026/21|g10,0
Qwen3.6,Qwen3.5-4B,tubitak_math2026,clean,Qwen3.5-4B|tubitak_math2026|tubitak_math2026/21|g44,1
Qwen3.6,Qwen3.5-4B,tubitak_math2026,clean,Qwen3.5-4B|tubitak_math2026|tubitak_math2026/28|g0,1
Qwen3.6,Qwen3.5-4B,tubitak_math2026,clean,Qwen3.5-4B|tubitak_math2026|tubitak_math2026/28|g23,1
Qwen3.6,Qwen3.5-4B,tubitak_math2026,clean,Qwen3.5-4B|tubitak_math2026|tubitak_math2026/28|g38,1
Qwen3.6,Qwen3.5-4B,tubitak_math2026,clean,Qwen3.5-4B|tubitak_math2026|tubitak_math2026/28|g52,1
Qwen3.6,Qwen3.5-4B,tubitak_math2026,clean,Qwen3.5-4B|tubitak_math2026|tubitak_math2026/28|g63,1
Qwen3.6,Qwen3.5-4B,tubitak_math2026,clean,Qwen3.5-4B|tubitak_math2026|tubitak_math2026/30|g20,1
Qwen3.6,Qwen3.5-4B,tubitak_math2026,clean,Qwen3.5-4B|tubitak_math2026|tubitak_math2026/30|g28,1
Qwen3.6,Qwen3.5-4B,tubitak_math2026,clean,Qwen3.5-4B|tubitak_math2026|tubitak_math2026/30|g31,1
Qwen3.6,Qwen3.5-4B,tubitak_math2026,clean,Qwen3.5-4B|tubitak_math2026|tubitak_math2026/30|g42,1
Qwen3.6,Qwen3.5-4B,tubitak_math2026,clean,Qwen3.5-4B|tubitak_math2026|tubitak_math2026/30|g7,1
Qwen3.6,Qwen3.5-4B,tubitak_math2026,clean,Qwen3.5-4B|tubitak_math2026|tubitak_math2026/31|g0,1
Qwen3.6,Qwen3.5-4B,tubitak_math2026,clean,Qwen3.5-4B|tubitak_math2026|tubitak_math2026/31|g33,1
Qwen3.6,Qwen3.5-4B,tubitak_math2026,clean,Qwen3.5-4B|tubitak_math2026|tubitak_math2026/31|g5,1
Qwen3.6,Qwen3.5-4B,tubitak_math2026,clean,Qwen3.5-4B|tubitak_math2026|tubitak_math2026/31|g55,1
Qwen3.6,Qwen3.5-4B,tubitak_math2026,clean,Qwen3.5-4B|tubitak_math2026|tubitak_math2026/31|g57,1
Qwen3.6,Qwen3.5-4B,tubitak_math2026,clean,Qwen3.5-4B|tubitak_math2026|tubitak_math2026/4|g0,1
Qwen3.6,Qwen3.5-4B,tubitak_math2026,clean,Qwen3.5-4B|tubitak_math2026|tubitak_math2026/4|g18,1
Qwen3.6,Qwen3.5-4B,tubitak_math2026,clean,Qwen3.5-4B|tubitak_math2026|tubitak_math2026/4|g24,1
Qwen3.6,Qwen3.5-4B,tubitak_math2026,clean,Qwen3.5-4B|tubitak_math2026|tubitak_math2026/4|g28,1
Qwen3.6,Qwen3.5-4B,tubitak_math2026,clean,Qwen3.5-4B|tubitak_math2026|tubitak_math2026/4|g57,1
Qwen3.6,Qwen3.5-4B,tubitak_math2026,clean,Qwen3.5-4B|tubitak_math2026|tubitak_math2026/5|g12,1
Qwen3.6,Qwen3.5-4B,tubitak_math2026,clean,Qwen3.5-4B|tubitak_math2026|tubitak_math2026/5|g15,1
Qwen3.6,Qwen3.5-4B,tubitak_math2026,clean,Qwen3.5-4B|tubitak_math2026|tubitak_math2026/5|g21,1
Qwen3.6,Qwen3.5-4B,tubitak_math2026,clean,Qwen3.5-4B|tubitak_math2026|tubitak_math2026/5|g61,1
Qwen3.6,Qwen3.5-4B,tubitak_math2026,clean,Qwen3.5-4B|tubitak_math2026|tubitak_math2026/5|g8,1
Qwen3.6,Qwen3.5-4B,tubitak_math2026,clean,Qwen3.5-4B|tubitak_math2026|tubitak_math2026/9|g16,1
Qwen3.6,Qwen3.5-4B,tubitak_math2026,clean,Qwen3.5-4B|tubitak_math2026|tubitak_math2026/9|g34,1
Qwen3.6,Qwen3.5-4B,tubitak_math2026,clean,Qwen3.5-4B|tubitak_math2026|tubitak_math2026/9|g36,1
Qwen3.6,Qwen3.5-4B,tubitak_math2026,clean,Qwen3.5-4B|tubitak_math2026|tubitak_math2026/9|g42,1
Qwen3.6,Qwen3.5-4B,tubitak_math2026,clean,Qwen3.5-4B|tubitak_math2026|tubitak_math2026/9|g55,1
Qwen3.6,Qwen3.5-4B,tubitak_math2026,clean,Qwen3.5-4B|tubitak_math2026|tubitak_math2026/9|g59,1
Qwen3.6,Qwen3.5-4B,tubitak_math2026,consistent_error,Qwen3.5-4B|tubitak_math2026|tubitak_math2026/1|g0,1
Qwen3.6,Qwen3.5-4B,tubitak_math2026,consistent_error,Qwen3.5-4B|tubitak_math2026|tubitak_math2026/1|g1,0
Qwen3.6,Qwen3.5-4B,tubitak_math2026,consistent_error,Qwen3.5-4B|tubitak_math2026|tubitak_math2026/1|g21,0
Qwen3.6,Qwen3.5-4B,tubitak_math2026,consistent_error,Qwen3.5-4B|tubitak_math2026|tubitak_math2026/1|g31,0
Qwen3.6,Qwen3.5-4B,tubitak_math2026,consistent_error,Qwen3.5-4B|tubitak_math2026|tubitak_math2026/1|g59,0
Qwen3.6,Qwen3.5-4B,tubitak_math2026,consistent_error,Qwen3.5-4B|tubitak_math2026|tubitak_math2026/11|g14,0
Qwen3.6,Qwen3.5-4B,tubitak_math2026,consistent_error,Qwen3.5-4B|tubitak_math2026|tubitak_math2026/11|g18,0
Qwen3.6,Qwen3.5-4B,tubitak_math2026,consistent_error,Qwen3.5-4B|tubitak_math2026|tubitak_math2026/11|g26,0
Qwen3.6,Qwen3.5-4B,tubitak_math2026,consistent_error,Qwen3.5-4B|tubitak_math2026|tubitak_math2026/11|g37,0
Qwen3.6,Qwen3.5-4B,tubitak_math2026,consistent_error,Qwen3.5-4B|tubitak_math2026|tubitak_math2026/12|g1,0
Qwen3.6,Qwen3.5-4B,tubitak_math2026,consistent_error,Qwen3.5-4B|tubitak_math2026|tubitak_math2026/12|g18,1
Qwen3.6,Qwen3.5-4B,tubitak_math2026,consistent_error,Qwen3.5-4B|tubitak_math2026|tubitak_math2026/12|g21,1
Qwen3.6,Qwen3.5-4B,tubitak_math2026,consistent_error,Qwen3.5-4B|tubitak_math2026|tubitak_math2026/12|g38,1
Qwen3.6,Qwen3.5-4B,tubitak_math2026,consistent_error,Qwen3.5-4B|tubitak_math2026|tubitak_math2026/12|g6,0
Qwen3.6,Qwen3.5-4B,tubitak_math2026,consistent_error,Qwen3.5-4B|tubitak_math2026|tubitak_math2026/13|g10,1
Qwen3.6,Qwen3.5-4B,tubitak_math2026,consistent_error,Qwen3.5-4B|tubitak_math2026|tubitak_math2026/13|g16,1
Qwen3.6,Qwen3.5-4B,tubitak_math2026,consistent_error,Qwen3.5-4B|tubitak_math2026|tubitak_math2026/13|g23,0
Qwen3.6,Qwen3.5-4B,tubitak_math2026,consistent_error,Qwen3.5-4B|tubitak_math2026|tubitak_math2026/13|g33,1
Qwen3.6,Qwen3.5-4B,tubitak_math2026,consistent_error,Qwen3.5-4B|tubitak_math2026|tubitak_math2026/13|g51,0
Qwen3.6,Qwen3.5-4B,tubitak_math2026,consistent_error,Qwen3.5-4B|tubitak_math2026|tubitak_math2026/15|g41,0
Qwen3.6,Qwen3.5-4B,tubitak_math2026,consistent_error,Qwen3.5-4B|tubitak_math2026|tubitak_math2026/15|g52,1
Qwen3.6,Qwen3.5-4B,tubitak_math2026,consistent_error,Qwen3.5-4B|tubitak_math2026|tubitak_math2026/15|g59,0
Qwen3.6,Qwen3.5-4B,tubitak_math2026,consistent_error,Qwen3.5-4B|tubitak_math2026|tubitak_math2026/15|g60,0
Qwen3.6,Qwen3.5-4B,tubitak_math2026,consistent_error,Qwen3.5-4B|tubitak_math2026|tubitak_math2026/15|g61,0
Qwen3.6,Qwen3.5-4B,tubitak_math2026,consistent_error,Qwen3.5-4B|tubitak_math2026|tubitak_math2026/16|g21,0
Qwen3.6,Qwen3.5-4B,tubitak_math2026,consistent_error,Qwen3.5-4B|tubitak_math2026|tubitak_math2026/16|g22,1
Qwen3.6,Qwen3.5-4B,tubitak_math2026,consistent_error,Qwen3.5-4B|tubitak_math2026|tubitak_math2026/16|g27,1
Qwen3.6,Qwen3.5-4B,tubitak_math2026,consistent_error,Qwen3.5-4B|tubitak_math2026|tubitak_math2026/16|g43,0
Qwen3.6,Qwen3.5-4B,tubitak_math2026,consistent_error,Qwen3.5-4B|tubitak_math2026|tubitak_math2026/16|g60,1
Qwen3.6,Qwen3.5-4B,tubitak_math2026,consistent_error,Qwen3.5-4B|tubitak_math2026|tubitak_math2026/17|g1,0
Qwen3.6,Qwen3.5-4B,tubitak_math2026,consistent_error,Qwen3.5-4B|tubitak_math2026|tubitak_math2026/17|g15,0
Qwen3.6,Qwen3.5-4B,tubitak_math2026,consistent_error,Qwen3.5-4B|tubitak_math2026|tubitak_math2026/17|g28,1
Qwen3.6,Qwen3.5-4B,tubitak_math2026,consistent_error,Qwen3.5-4B|tubitak_math2026|tubitak_math2026/17|g45,1
Qwen3.6,Qwen3.5-4B,tubitak_math2026,consistent_error,Qwen3.5-4B|tubitak_math2026|tubitak_math2026/17|g8,0
Qwen3.6,Qwen3.5-4B,tubitak_math2026,consistent_error,Qwen3.5-4B|tubitak_math2026|tubitak_math2026/20|g20,1
Qwen3.6,Qwen3.5-4B,tubitak_math2026,consistent_error,Qwen3.5-4B|tubitak_math2026|tubitak_math2026/20|g45,1
Qwen3.6,Qwen3.5-4B,tubitak_math2026,consistent_error,Qwen3.5-4B|tubitak_math2026|tubitak_math2026/20|g56,1
Qwen3.6,Qwen3.5-4B,tubitak_math2026,consistent_error,Qwen3.5-4B|tubitak_math2026|tubitak_math2026/20|g63,1
Qwen3.6,Qwen3.5-4B,tubitak_math2026,consistent_error,Qwen3.5-4B|tubitak_math2026|tubitak_math2026/20|g8,0
Qwen3.6,Qwen3.5-4B,tubitak_math2026,consistent_error,Qwen3.5-4B|tubitak_math2026|tubitak_math2026/21|g10,0
Qwen3.6,Qwen3.5-4B,tubitak_math2026,consistent_error,Qwen3.5-4B|tubitak_math2026|tubitak_math2026/21|g44,1
Qwen3.6,Qwen3.5-4B,tubitak_math2026,consistent_error,Qwen3.5-4B|tubitak_math2026|tubitak_math2026/28|g0,0
Qwen3.6,Qwen3.5-4B,tubitak_math2026,consistent_error,Qwen3.5-4B|tubitak_math2026|tubitak_math2026/28|g23,0
Qwen3.6,Qwen3.5-4B,tubitak_math2026,consistent_error,Qwen3.5-4B|tubitak_math2026|tubitak_math2026/28|g38,0
Qwen3.6,Qwen3.5-4B,tubitak_math2026,consistent_error,Qwen3.5-4B|tubitak_math2026|tubitak_math2026/28|g52,0
Qwen3.6,Qwen3.5-4B,tubitak_math2026,consistent_error,Qwen3.5-4B|tubitak_math2026|tubitak_math2026/28|g63,0
Qwen3.6,Qwen3.5-4B,tubitak_math2026,consistent_error,Qwen3.5-4B|tubitak_math2026|tubitak_math2026/30|g20,1
Qwen3.6,Qwen3.5-4B,tubitak_math2026,consistent_error,Qwen3.5-4B|tubitak_math2026|tubitak_math2026/30|g28,0
Qwen3.6,Qwen3.5-4B,tubitak_math2026,consistent_error,Qwen3.5-4B|tubitak_math2026|tubitak_math2026/30|g31,0
Qwen3.6,Qwen3.5-4B,tubitak_math2026,consistent_error,Qwen3.5-4B|tubitak_math2026|tubitak_math2026/30|g42,1
Qwen3.6,Qwen3.5-4B,tubitak_math2026,consistent_error,Qwen3.5-4B|tubitak_math2026|tubitak_math2026/30|g7,0
Qwen3.6,Qwen3.5-4B,tubitak_math2026,consistent_error,Qwen3.5-4B|tubitak_math2026|tubitak_math2026/31|g0,1
Qwen3.6,Qwen3.5-4B,tubitak_math2026,consistent_error,Qwen3.5-4B|tubitak_math2026|tubitak_math2026/31|g33,0
Qwen3.6,Qwen3.5-4B,tubitak_math2026,consistent_error,Qwen3.5-4B|tubitak_math2026|tubitak_math2026/31|g5,1
Qwen3.6,Qwen3.5-4B,tubitak_math2026,consistent_error,Qwen3.5-4B|tubitak_math2026|tubitak_math2026/31|g55,0
Qwen3.6,Qwen3.5-4B,tubitak_math2026,consistent_error,Qwen3.5-4B|tubitak_math2026|tubitak_math2026/31|g57,0
Qwen3.6,Qwen3.5-4B,tubitak_math2026,consistent_error,Qwen3.5-4B|tubitak_math2026|tubitak_math2026/4|g0,0
Qwen3.6,Qwen3.5-4B,tubitak_math2026,consistent_error,Qwen3.5-4B|tubitak_math2026|tubitak_math2026/4|g18,1
Qwen3.6,Qwen3.5-4B,tubitak_math2026,consistent_error,Qwen3.5-4B|tubitak_math2026|tubitak_math2026/4|g24,0
Qwen3.6,Qwen3.5-4B,tubitak_math2026,consistent_error,Qwen3.5-4B|tubitak_math2026|tubitak_math2026/4|g28,1
Qwen3.6,Qwen3.5-4B,tubitak_math2026,consistent_error,Qwen3.5-4B|tubitak_math2026|tubitak_math2026/4|g57,1
Qwen3.6,Qwen3.5-4B,tubitak_math2026,consistent_error,Qwen3.5-4B|tubitak_math2026|tubitak_math2026/5|g12,1
Qwen3.6,Qwen3.5-4B,tubitak_math2026,consistent_error,Qwen3.5-4B|tubitak_math2026|tubitak_math2026/5|g15,1
Qwen3.6,Qwen3.5-4B,tubitak_math2026,consistent_error,Qwen3.5-4B|tubitak_math2026|tubitak_math2026/5|g21,0
Qwen3.6,Qwen3.5-4B,tubitak_math2026,consistent_error,Qwen3.5-4B|tubitak_math2026|tubitak_math2026/5|g61,1
Qwen3.6,Qwen3.5-4B,tubitak_math2026,consistent_error,Qwen3.5-4B|tubitak_math2026|tubitak_math2026/5|g8,1
Qwen3.6,Qwen3.5-4B,tubitak_math2026,consistent_error,Qwen3.5-4B|tubitak_math2026|tubitak_math2026/9|g16,0
Qwen3.6,Qwen3.5-4B,tubitak_math2026,consistent_error,Qwen3.5-4B|tubitak_math2026|tubitak_math2026/9|g34,0
Qwen3.6,Qwen3.5-4B,tubitak_math2026,consistent_error,Qwen3.5-4B|tubitak_math2026|tubitak_math2026/9|g36,1
Qwen3.6,Qwen3.5-4B,tubitak_math2026,consistent_error,Qwen3.5-4B|tubitak_math2026|tubitak_math2026/9|g42,0
Qwen3.6,Qwen3.5-4B,tubitak_math2026,consistent_error,Qwen3.5-4B|tubitak_math2026|tubitak_math2026/9|g55,0
Qwen3.6,Qwen3.5-4B,tubitak_math2026,consistent_error,Qwen3.5-4B|tubitak_math2026|tubitak_math2026/9|g59,0
Qwen3.6,Qwen3.5-4B,tubitak_math2026,intermediate_error,Qwen3.5-4B|tubitak_math2026|tubitak_math2026/1|g0,1
Qwen3.6,Qwen3.5-4B,tubitak_math2026,intermediate_error,Qwen3.5-4B|tubitak_math2026|tubitak_math2026/1|g1,0
Qwen3.6,Qwen3.5-4B,tubitak_math2026,intermediate_error,Qwen3.5-4B|tubitak_math2026|tubitak_math2026/1|g21,0
Qwen3.6,Qwen3.5-4B,tubitak_math2026,intermediate_error,Qwen3.5-4B|tubitak_math2026|tubitak_math2026/1|g31,0
Qwen3.6,Qwen3.5-4B,tubitak_math2026,intermediate_error,Qwen3.5-4B|tubitak_math2026|tubitak_math2026/1|g59,0
Qwen3.6,Qwen3.5-4B,tubitak_math2026,intermediate_error,Qwen3.5-4B|tubitak_math2026|tubitak_math2026/11|g14,1
Qwen3.6,Qwen3.5-4B,tubitak_math2026,intermediate_error,Qwen3.5-4B|tubitak_math2026|tubitak_math2026/11|g18,1
Qwen3.6,Qwen3.5-4B,tubitak_math2026,intermediate_error,Qwen3.5-4B|tubitak_math2026|tubitak_math2026/11|g26,1
Qwen3.6,Qwen3.5-4B,tubitak_math2026,intermediate_error,Qwen3.5-4B|tubitak_math2026|tubitak_math2026/11|g37,1
Qwen3.6,Qwen3.5-4B,tubitak_math2026,intermediate_error,Qwen3.5-4B|tubitak_math2026|tubitak_math2026/12|g1,1
Qwen3.6,Qwen3.5-4B,tubitak_math2026,intermediate_error,Qwen3.5-4B|tubitak_math2026|tubitak_math2026/12|g18,1
Qwen3.6,Qwen3.5-4B,tubitak_math2026,intermediate_error,Qwen3.5-4B|tubitak_math2026|tubitak_math2026/12|g21,1
Qwen3.6,Qwen3.5-4B,tubitak_math2026,intermediate_error,Qwen3.5-4B|tubitak_math2026|tubitak_math2026/12|g38,1
Qwen3.6,Qwen3.5-4B,tubitak_math2026,intermediate_error,Qwen3.5-4B|tubitak_math2026|tubitak_math2026/12|g6,1
Qwen3.6,Qwen3.5-4B,tubitak_math2026,intermediate_error,Qwen3.5-4B|tubitak_math2026|tubitak_math2026/13|g10,1
Qwen3.6,Qwen3.5-4B,tubitak_math2026,intermediate_error,Qwen3.5-4B|tubitak_math2026|tubitak_math2026/13|g16,1
Qwen3.6,Qwen3.5-4B,tubitak_math2026,intermediate_error,Qwen3.5-4B|tubitak_math2026|tubitak_math2026/13|g23,1
Qwen3.6,Qwen3.5-4B,tubitak_math2026,intermediate_error,Qwen3.5-4B|tubitak_math2026|tubitak_math2026/13|g33,1
Qwen3.6,Qwen3.5-4B,tubitak_math2026,intermediate_error,Qwen3.5-4B|tubitak_math2026|tubitak_math2026/13|g51,1
Qwen3.6,Qwen3.5-4B,tubitak_math2026,intermediate_error,Qwen3.5-4B|tubitak_math2026|tubitak_math2026/15|g41,1
Qwen3.6,Qwen3.5-4B,tubitak_math2026,intermediate_error,Qwen3.5-4B|tubitak_math2026|tubitak_math2026/15|g52,1
Qwen3.6,Qwen3.5-4B,tubitak_math2026,intermediate_error,Qwen3.5-4B|tubitak_math2026|tubitak_math2026/15|g59,1
Qwen3.6,Qwen3.5-4B,tubitak_math2026,intermediate_error,Qwen3.5-4B|tubitak_math2026|tubitak_math2026/15|g60,1
Qwen3.6,Qwen3.5-4B,tubitak_math2026,intermediate_error,Qwen3.5-4B|tubitak_math2026|tubitak_math2026/15|g61,1
Qwen3.6,Qwen3.5-4B,tubitak_math2026,intermediate_error,Qwen3.5-4B|tubitak_math2026|tubitak_math2026/16|g21,1
Qwen3.6,Qwen3.5-4B,tubitak_math2026,intermediate_error,Qwen3.5-4B|tubitak_math2026|tubitak_math2026/16|g22,1
Qwen3.6,Qwen3.5-4B,tubitak_math2026,intermediate_error,Qwen3.5-4B|tubitak_math2026|tubitak_math2026/16|g27,1
Qwen3.6,Qwen3.5-4B,tubitak_math2026,intermediate_error,Qwen3.5-4B|tubitak_math2026|tubitak_math2026/16|g43,1
Qwen3.6,Qwen3.5-4B,tubitak_math2026,intermediate_error,Qwen3.5-4B|tubitak_math2026|tubitak_math2026/16|g60,1
Qwen3.6,Qwen3.5-4B,tubitak_math2026,intermediate_error,Qwen3.5-4B|tubitak_math2026|tubitak_math2026/17|g1,1
Qwen3.6,Qwen3.5-4B,tubitak_math2026,intermediate_error,Qwen3.5-4B|tubitak_math2026|tubitak_math2026/17|g15,1
Qwen3.6,Qwen3.5-4B,tubitak_math2026,intermediate_error,Qwen3.5-4B|tubitak_math2026|tubitak_math2026/17|g28,1
Qwen3.6,Qwen3.5-4B,tubitak_math2026,intermediate_error,Qwen3.5-4B|tubitak_math2026|tubitak_math2026/17|g45,1
Qwen3.6,Qwen3.5-4B,tubitak_math2026,intermediate_error,Qwen3.5-4B|tubitak_math2026|tubitak_math2026/17|g8,1
Qwen3.6,Qwen3.5-4B,tubitak_math2026,intermediate_error,Qwen3.5-4B|tubitak_math2026|tubitak_math2026/20|g20,1
Qwen3.6,Qwen3.5-4B,tubitak_math2026,intermediate_error,Qwen3.5-4B|tubitak_math2026|tubitak_math2026/20|g45,1
Qwen3.6,Qwen3.5-4B,tubitak_math2026,intermediate_error,Qwen3.5-4B|tubitak_math2026|tubitak_math2026/20|g56,1
Qwen3.6,Qwen3.5-4B,tubitak_math2026,intermediate_error,Qwen3.5-4B|tubitak_math2026|tubitak_math2026/20|g63,1
Qwen3.6,Qwen3.5-4B,tubitak_math2026,intermediate_error,Qwen3.5-4B|tubitak_math2026|tubitak_math2026/20|g8,1
Qwen3.6,Qwen3.5-4B,tubitak_math2026,intermediate_error,Qwen3.5-4B|tubitak_math2026|tubitak_math2026/21|g10,0
Qwen3.6,Qwen3.5-4B,tubitak_math2026,intermediate_error,Qwen3.5-4B|tubitak_math2026|tubitak_math2026/21|g44,1
Qwen3.6,Qwen3.5-4B,tubitak_math2026,intermediate_error,Qwen3.5-4B|tubitak_math2026|tubitak_math2026/28|g0,1
Qwen3.6,Qwen3.5-4B,tubitak_math2026,intermediate_error,Qwen3.5-4B|tubitak_math2026|tubitak_math2026/28|g23,1
Qwen3.6,Qwen3.5-4B,tubitak_math2026,intermediate_error,Qwen3.5-4B|tubitak_math2026|tubitak_math2026/28|g38,1
Qwen3.6,Qwen3.5-4B,tubitak_math2026,intermediate_error,Qwen3.5-4B|tubitak_math2026|tubitak_math2026/28|g52,1
Qwen3.6,Qwen3.5-4B,tubitak_math2026,intermediate_error,Qwen3.5-4B|tubitak_math2026|tubitak_math2026/28|g63,1
Qwen3.6,Qwen3.5-4B,tubitak_math2026,intermediate_error,Qwen3.5-4B|tubitak_math2026|tubitak_math2026/30|g20,1
Qwen3.6,Qwen3.5-4B,tubitak_math2026,intermediate_error,Qwen3.5-4B|tubitak_math2026|tubitak_math2026/30|g28,1
Qwen3.6,Qwen3.5-4B,tubitak_math2026,intermediate_error,Qwen3.5-4B|tubitak_math2026|tubitak_math2026/30|g31,1
Qwen3.6,Qwen3.5-4B,tubitak_math2026,intermediate_error,Qwen3.5-4B|tubitak_math2026|tubitak_math2026/30|g42,1
Qwen3.6,Qwen3.5-4B,tubitak_math2026,intermediate_error,Qwen3.5-4B|tubitak_math2026|tubitak_math2026/30|g7,1
Qwen3.6,Qwen3.5-4B,tubitak_math2026,intermediate_error,Qwen3.5-4B|tubitak_math2026|tubitak_math2026/31|g0,1
Qwen3.6,Qwen3.5-4B,tubitak_math2026,intermediate_error,Qwen3.5-4B|tubitak_math2026|tubitak_math2026/31|g33,1
Qwen3.6,Qwen3.5-4B,tubitak_math2026,intermediate_error,Qwen3.5-4B|tubitak_math2026|tubitak_math2026/31|g5,1
Qwen3.6,Qwen3.5-4B,tubitak_math2026,intermediate_error,Qwen3.5-4B|tubitak_math2026|tubitak_math2026/31|g55,1
Qwen3.6,Qwen3.5-4B,tubitak_math2026,intermediate_error,Qwen3.5-4B|tubitak_math2026|tubitak_math2026/31|g57,1
Qwen3.6,Qwen3.5-4B,tubitak_math2026,intermediate_error,Qwen3.5-4B|tubitak_math2026|tubitak_math2026/4|g0,1
Qwen3.6,Qwen3.5-4B,tubitak_math2026,intermediate_error,Qwen3.5-4B|tubitak_math2026|tubitak_math2026/4|g18,1
Qwen3.6,Qwen3.5-4B,tubitak_math2026,intermediate_error,Qwen3.5-4B|tubitak_math2026|tubitak_math2026/4|g24,1
Qwen3.6,Qwen3.5-4B,tubitak_math2026,intermediate_error,Qwen3.5-4B|tubitak_math2026|tubitak_math2026/4|g28,1
Qwen3.6,Qwen3.5-4B,tubitak_math2026,intermediate_error,Qwen3.5-4B|tubitak_math2026|tubitak_math2026/4|g57,1
Qwen3.6,Qwen3.5-4B,tubitak_math2026,intermediate_error,Qwen3.5-4B|tubitak_math2026|tubitak_math2026/5|g12,1
Qwen3.6,Qwen3.5-4B,tubitak_math2026,intermediate_error,Qwen3.5-4B|tubitak_math2026|tubitak_math2026/5|g15,1
Qwen3.6,Qwen3.5-4B,tubitak_math2026,intermediate_error,Qwen3.5-4B|tubitak_math2026|tubitak_math2026/5|g21,1
Qwen3.6,Qwen3.5-4B,tubitak_math2026,intermediate_error,Qwen3.5-4B|tubitak_math2026|tubitak_math2026/5|g61,1
Qwen3.6,Qwen3.5-4B,tubitak_math2026,intermediate_error,Qwen3.5-4B|tubitak_math2026|tubitak_math2026/5|g8,1
Qwen3.6,Qwen3.5-4B,tubitak_math2026,intermediate_error,Qwen3.5-4B|tubitak_math2026|tubitak_math2026/9|g16,1
Qwen3.6,Qwen3.5-4B,tubitak_math2026,intermediate_error,Qwen3.5-4B|tubitak_math2026|tubitak_math2026/9|g34,1
Qwen3.6,Qwen3.5-4B,tubitak_math2026,intermediate_error,Qwen3.5-4B|tubitak_math2026|tubitak_math2026/9|g36,1
Qwen3.6,Qwen3.5-4B,tubitak_math2026,intermediate_error,Qwen3.5-4B|tubitak_math2026|tubitak_math2026/9|g42,1
Qwen3.6,Qwen3.5-4B,tubitak_math2026,intermediate_error,Qwen3.5-4B|tubitak_math2026|tubitak_math2026/9|g55,1
Qwen3.6,Qwen3.5-4B,tubitak_math2026,intermediate_error,Qwen3.5-4B|tubitak_math2026|tubitak_math2026/9|g59,1
Qwen3.6,Qwen3.5-4B,tubitak_math2026,truncated,Qwen3.5-4B|tubitak_math2026|tubitak_math2026/1|g0,1
Qwen3.6,Qwen3.5-4B,tubitak_math2026,truncated,Qwen3.5-4B|tubitak_math2026|tubitak_math2026/1|g1,0
Qwen3.6,Qwen3.5-4B,tubitak_math2026,truncated,Qwen3.5-4B|tubitak_math2026|tubitak_math2026/1|g21,1
Qwen3.6,Qwen3.5-4B,tubitak_math2026,truncated,Qwen3.5-4B|tubitak_math2026|tubitak_math2026/1|g31,0
Qwen3.6,Qwen3.5-4B,tubitak_math2026,truncated,Qwen3.5-4B|tubitak_math2026|tubitak_math2026/1|g59,0
Qwen3.6,Qwen3.5-4B,tubitak_math2026,truncated,Qwen3.5-4B|tubitak_math2026|tubitak_math2026/11|g14,1
Qwen3.6,Qwen3.5-4B,tubitak_math2026,truncated,Qwen3.5-4B|tubitak_math2026|tubitak_math2026/11|g18,1
Qwen3.6,Qwen3.5-4B,tubitak_math2026,truncated,Qwen3.5-4B|tubitak_math2026|tubitak_math2026/11|g26,1
Qwen3.6,Qwen3.5-4B,tubitak_math2026,truncated,Qwen3.5-4B|tubitak_math2026|tubitak_math2026/11|g37,1
Qwen3.6,Qwen3.5-4B,tubitak_math2026,truncated,Qwen3.5-4B|tubitak_math2026|tubitak_math2026/12|g1,1
Qwen3.6,Qwen3.5-4B,tubitak_math2026,truncated,Qwen3.5-4B|tubitak_math2026|tubitak_math2026/12|g18,1
Qwen3.6,Qwen3.5-4B,tubitak_math2026,truncated,Qwen3.5-4B|tubitak_math2026|tubitak_math2026/12|g21,1
Qwen3.6,Qwen3.5-4B,tubitak_math2026,truncated,Qwen3.5-4B|tubitak_math2026|tubitak_math2026/12|g38,1
Qwen3.6,Qwen3.5-4B,tubitak_math2026,truncated,Qwen3.5-4B|tubitak_math2026|tubitak_math2026/12|g6,1
Qwen3.6,Qwen3.5-4B,tubitak_math2026,truncated,Qwen3.5-4B|tubitak_math2026|tubitak_math2026/13|g10,1
Qwen3.6,Qwen3.5-4B,tubitak_math2026,truncated,Qwen3.5-4B|tubitak_math2026|tubitak_math2026/13|g16,0
Qwen3.6,Qwen3.5-4B,tubitak_math2026,truncated,Qwen3.5-4B|tubitak_math2026|tubitak_math2026/13|g23,1
Qwen3.6,Qwen3.5-4B,tubitak_math2026,truncated,Qwen3.5-4B|tubitak_math2026|tubitak_math2026/13|g33,1
Qwen3.6,Qwen3.5-4B,tubitak_math2026,truncated,Qwen3.5-4B|tubitak_math2026|tubitak_math2026/13|g51,1
Qwen3.6,Qwen3.5-4B,tubitak_math2026,truncated,Qwen3.5-4B|tubitak_math2026|tubitak_math2026/15|g41,1
Qwen3.6,Qwen3.5-4B,tubitak_math2026,truncated,Qwen3.5-4B|tubitak_math2026|tubitak_math2026/15|g52,1
Qwen3.6,Qwen3.5-4B,tubitak_math2026,truncated,Qwen3.5-4B|tubitak_math2026|tubitak_math2026/15|g59,1
Qwen3.6,Qwen3.5-4B,tubitak_math2026,truncated,Qwen3.5-4B|tubitak_math2026|tubitak_math2026/15|g60,1
Qwen3.6,Qwen3.5-4B,tubitak_math2026,truncated,Qwen3.5-4B|tubitak_math2026|tubitak_math2026/15|g61,1
Qwen3.6,Qwen3.5-4B,tubitak_math2026,truncated,Qwen3.5-4B|tubitak_math2026|tubitak_math2026/16|g21,1
Qwen3.6,Qwen3.5-4B,tubitak_math2026,truncated,Qwen3.5-4B|tubitak_math2026|tubitak_math2026/16|g22,0
Qwen3.6,Qwen3.5-4B,tubitak_math2026,truncated,Qwen3.5-4B|tubitak_math2026|tubitak_math2026/16|g27,1
Qwen3.6,Qwen3.5-4B,tubitak_math2026,truncated,Qwen3.5-4B|tubitak_math2026|tubitak_math2026/16|g43,1
Qwen3.6,Qwen3.5-4B,tubitak_math2026,truncated,Qwen3.5-4B|tubitak_math2026|tubitak_math2026/16|g60,1
Qwen3.6,Qwen3.5-4B,tubitak_math2026,truncated,Qwen3.5-4B|tubitak_math2026|tubitak_math2026/17|g1,1
Qwen3.6,Qwen3.5-4B,tubitak_math2026,truncated,Qwen3.5-4B|tubitak_math2026|tubitak_math2026/17|g15,1
Qwen3.6,Qwen3.5-4B,tubitak_math2026,truncated,Qwen3.5-4B|tubitak_math2026|tubitak_math2026/17|g28,1
Qwen3.6,Qwen3.5-4B,tubitak_math2026,truncated,Qwen3.5-4B|tubitak_math2026|tubitak_math2026/17|g45,1
Qwen3.6,Qwen3.5-4B,tubitak_math2026,truncated,Qwen3.5-4B|tubitak_math2026|tubitak_math2026/17|g8,1
Qwen3.6,Qwen3.5-4B,tubitak_math2026,truncated,Qwen3.5-4B|tubitak_math2026|tubitak_math2026/20|g20,1
Qwen3.6,Qwen3.5-4B,tubitak_math2026,truncated,Qwen3.5-4B|tubitak_math2026|tubitak_math2026/20|g45,1
Qwen3.6,Qwen3.5-4B,tubitak_math2026,truncated,Qwen3.5-4B|tubitak_math2026|tubitak_math2026/20|g56,0
Qwen3.6,Qwen3.5-4B,tubitak_math2026,truncated,Qwen3.5-4B|tubitak_math2026|tubitak_math2026/20|g63,1
Qwen3.6,Qwen3.5-4B,tubitak_math2026,truncated,Qwen3.5-4B|tubitak_math2026|tubitak_math2026/20|g8,1
Qwen3.6,Qwen3.5-4B,tubitak_math2026,truncated,Qwen3.5-4B|tubitak_math2026|tubitak_math2026/21|g10,0
Qwen3.6,Qwen3.5-4B,tubitak_math2026,truncated,Qwen3.5-4B|tubitak_math2026|tubitak_math2026/21|g44,1
Qwen3.6,Qwen3.5-4B,tubitak_math2026,truncated,Qwen3.5-4B|tubitak_math2026|tubitak_math2026/28|g0,1
Qwen3.6,Qwen3.5-4B,tubitak_math2026,truncated,Qwen3.5-4B|tubitak_math2026|tubitak_math2026/28|g23,1
Qwen3.6,Qwen3.5-4B,tubitak_math2026,truncated,Qwen3.5-4B|tubitak_math2026|tubitak_math2026/28|g38,1
Qwen3.6,Qwen3.5-4B,tubitak_math2026,truncated,Qwen3.5-4B|tubitak_math2026|tubitak_math2026/28|g52,0
Qwen3.6,Qwen3.5-4B,tubitak_math2026,truncated,Qwen3.5-4B|tubitak_math2026|tubitak_math2026/28|g63,0
Qwen3.6,Qwen3.5-4B,tubitak_math2026,truncated,Qwen3.5-4B|tubitak_math2026|tubitak_math2026/30|g20,1
Qwen3.6,Qwen3.5-4B,tubitak_math2026,truncated,Qwen3.5-4B|tubitak_math2026|tubitak_math2026/30|g28,1
Qwen3.6,Qwen3.5-4B,tubitak_math2026,truncated,Qwen3.5-4B|tubitak_math2026|tubitak_math2026/30|g31,1
Qwen3.6,Qwen3.5-4B,tubitak_math2026,truncated,Qwen3.5-4B|tubitak_math2026|tubitak_math2026/30|g42,1
Qwen3.6,Qwen3.5-4B,tubitak_math2026,truncated,Qwen3.5-4B|tubitak_math2026|tubitak_math2026/30|g7,1
Qwen3.6,Qwen3.5-4B,tubitak_math2026,truncated,Qwen3.5-4B|tubitak_math2026|tubitak_math2026/31|g0,0
Qwen3.6,Qwen3.5-4B,tubitak_math2026,truncated,Qwen3.5-4B|tubitak_math2026|tubitak_math2026/31|g33,0
Qwen3.6,Qwen3.5-4B,tubitak_math2026,truncated,Qwen3.5-4B|tubitak_math2026|tubitak_math2026/31|g5,0
Qwen3.6,Qwen3.5-4B,tubitak_math2026,truncated,Qwen3.5-4B|tubitak_math2026|tubitak_math2026/31|g55,1
Qwen3.6,Qwen3.5-4B,tubitak_math2026,truncated,Qwen3.5-4B|tubitak_math2026|tubitak_math2026/31|g57,0
Qwen3.6,Qwen3.5-4B,tubitak_math2026,truncated,Qwen3.5-4B|tubitak_math2026|tubitak_math2026/4|g0,1
Qwen3.6,Qwen3.5-4B,tubitak_math2026,truncated,Qwen3.5-4B|tubitak_math2026|tubitak_math2026/4|g18,1
Qwen3.6,Qwen3.5-4B,tubitak_math2026,truncated,Qwen3.5-4B|tubitak_math2026|tubitak_math2026/4|g24,1
Qwen3.6,Qwen3.5-4B,tubitak_math2026,truncated,Qwen3.5-4B|tubitak_math2026|tubitak_math2026/4|g28,1
Qwen3.6,Qwen3.5-4B,tubitak_math2026,truncated,Qwen3.5-4B|tubitak_math2026|tubitak_math2026/4|g57,1
Qwen3.6,Qwen3.5-4B,tubitak_math2026,truncated,Qwen3.5-4B|tubitak_math2026|tubitak_math2026/5|g12,1
Qwen3.6,Qwen3.5-4B,tubitak_math2026,truncated,Qwen3.5-4B|tubitak_math2026|tubitak_math2026/5|g15,1
Qwen3.6,Qwen3.5-4B,tubitak_math2026,truncated,Qwen3.5-4B|tubitak_math2026|tubitak_math2026/5|g21,1
Qwen3.6,Qwen3.5-4B,tubitak_math2026,truncated,Qwen3.5-4B|tubitak_math2026|tubitak_math2026/5|g61,1
Qwen3.6,Qwen3.5-4B,tubitak_math2026,truncated,Qwen3.5-4B|tubitak_math2026|tubitak_math2026/5|g8,1
Qwen3.6,Qwen3.5-4B,tubitak_math2026,truncated,Qwen3.5-4B|tubitak_math2026|tubitak_math2026/9|g16,1
Qwen3.6,Qwen3.5-4B,tubitak_math2026,truncated,Qwen3.5-4B|tubitak_math2026|tubitak_math2026/9|g34,1
Qwen3.6,Qwen3.5-4B,tubitak_math2026,truncated,Qwen3.5-4B|tubitak_math2026|tubitak_math2026/9|g36,1
Qwen3.6,Qwen3.5-4B,tubitak_math2026,truncated,Qwen3.5-4B|tubitak_math2026|tubitak_math2026/9|g42,1
Qwen3.6,Qwen3.5-4B,tubitak_math2026,truncated,Qwen3.5-4B|tubitak_math2026|tubitak_math2026/9|g55,1
Qwen3.6,Qwen3.5-4B,tubitak_math2026,truncated,Qwen3.5-4B|tubitak_math2026|tubitak_math2026/9|g59,1
Qwen3.6,Qwen3.5-9B,aime2026,boxed_only,Qwen3.5-9B|aime2026|AIME2026/1|g19,0
Qwen3.6,Qwen3.5-9B,aime2026,boxed_only,Qwen3.5-9B|aime2026|AIME2026/1|g26,1
Qwen3.6,Qwen3.5-9B,aime2026,boxed_only,Qwen3.5-9B|aime2026|AIME2026/1|g31,1
Qwen3.6,Qwen3.5-9B,aime2026,boxed_only,Qwen3.5-9B|aime2026|AIME2026/1|g49,1
Qwen3.6,Qwen3.5-9B,aime2026,boxed_only,Qwen3.5-9B|aime2026|AIME2026/10|g13,0
Qwen3.6,Qwen3.5-9B,aime2026,boxed_only,Qwen3.5-9B|aime2026|AIME2026/12|g10,0
Qwen3.6,Qwen3.5-9B,aime2026,boxed_only,Qwen3.5-9B|aime2026|AIME2026/12|g43,1
Qwen3.6,Qwen3.5-9B,aime2026,boxed_only,Qwen3.5-9B|aime2026|AIME2026/12|g61,1
Qwen3.6,Qwen3.5-9B,aime2026,boxed_only,Qwen3.5-9B|aime2026|AIME2026/13|g13,0
Qwen3.6,Qwen3.5-9B,aime2026,boxed_only,Qwen3.5-9B|aime2026|AIME2026/13|g36,1
Qwen3.6,Qwen3.5-9B,aime2026,boxed_only,Qwen3.5-9B|aime2026|AIME2026/14|g19,0
Qwen3.6,Qwen3.5-9B,aime2026,boxed_only,Qwen3.5-9B|aime2026|AIME2026/14|g5,1
Qwen3.6,Qwen3.5-9B,aime2026,boxed_only,Qwen3.5-9B|aime2026|AIME2026/14|g8,0
Qwen3.6,Qwen3.5-9B,aime2026,boxed_only,Qwen3.5-9B|aime2026|AIME2026/16|g33,1
Qwen3.6,Qwen3.5-9B,aime2026,boxed_only,Qwen3.5-9B|aime2026|AIME2026/16|g34,0
Qwen3.6,Qwen3.5-9B,aime2026,boxed_only,Qwen3.5-9B|aime2026|AIME2026/16|g40,1
Qwen3.6,Qwen3.5-9B,aime2026,boxed_only,Qwen3.5-9B|aime2026|AIME2026/16|g43,0
Qwen3.6,Qwen3.5-9B,aime2026,boxed_only,Qwen3.5-9B|aime2026|AIME2026/16|g51,0
Qwen3.6,Qwen3.5-9B,aime2026,boxed_only,Qwen3.5-9B|aime2026|AIME2026/17|g2,1
Qwen3.6,Qwen3.5-9B,aime2026,boxed_only,Qwen3.5-9B|aime2026|AIME2026/17|g50,0
Qwen3.6,Qwen3.5-9B,aime2026,boxed_only,Qwen3.5-9B|aime2026|AIME2026/18|g49,0
Qwen3.6,Qwen3.5-9B,aime2026,boxed_only,Qwen3.5-9B|aime2026|AIME2026/19|g0,1
Qwen3.6,Qwen3.5-9B,aime2026,boxed_only,Qwen3.5-9B|aime2026|AIME2026/19|g22,1
Qwen3.6,Qwen3.5-9B,aime2026,boxed_only,Qwen3.5-9B|aime2026|AIME2026/19|g51,0
Qwen3.6,Qwen3.5-9B,aime2026,boxed_only,Qwen3.5-9B|aime2026|AIME2026/2|g29,1
Qwen3.6,Qwen3.5-9B,aime2026,boxed_only,Qwen3.5-9B|aime2026|AIME2026/2|g45,0
Qwen3.6,Qwen3.5-9B,aime2026,boxed_only,Qwen3.5-9B|aime2026|AIME2026/2|g47,1
Qwen3.6,Qwen3.5-9B,aime2026,boxed_only,Qwen3.5-9B|aime2026|AIME2026/20|g36,1
Qwen3.6,Qwen3.5-9B,aime2026,boxed_only,Qwen3.5-9B|aime2026|AIME2026/20|g38,1
Qwen3.6,Qwen3.5-9B,aime2026,boxed_only,Qwen3.5-9B|aime2026|AIME2026/20|g44,1
Qwen3.6,Qwen3.5-9B,aime2026,boxed_only,Qwen3.5-9B|aime2026|AIME2026/21|g62,1
Qwen3.6,Qwen3.5-9B,aime2026,boxed_only,Qwen3.5-9B|aime2026|AIME2026/22|g14,0
Qwen3.6,Qwen3.5-9B,aime2026,boxed_only,Qwen3.5-9B|aime2026|AIME2026/22|g3,0
Qwen3.6,Qwen3.5-9B,aime2026,boxed_only,Qwen3.5-9B|aime2026|AIME2026/23|g12,0
Qwen3.6,Qwen3.5-9B,aime2026,boxed_only,Qwen3.5-9B|aime2026|AIME2026/24|g14,0
Qwen3.6,Qwen3.5-9B,aime2026,boxed_only,Qwen3.5-9B|aime2026|AIME2026/24|g48,1
Qwen3.6,Qwen3.5-9B,aime2026,boxed_only,Qwen3.5-9B|aime2026|AIME2026/24|g5,0
Qwen3.6,Qwen3.5-9B,aime2026,boxed_only,Qwen3.5-9B|aime2026|AIME2026/25|g21,1
Qwen3.6,Qwen3.5-9B,aime2026,boxed_only,Qwen3.5-9B|aime2026|AIME2026/25|g51,0
Qwen3.6,Qwen3.5-9B,aime2026,boxed_only,Qwen3.5-9B|aime2026|AIME2026/25|g63,1
Qwen3.6,Qwen3.5-9B,aime2026,boxed_only,Qwen3.5-9B|aime2026|AIME2026/26|g28,0
Qwen3.6,Qwen3.5-9B,aime2026,boxed_only,Qwen3.5-9B|aime2026|AIME2026/26|g55,0
Qwen3.6,Qwen3.5-9B,aime2026,boxed_only,Qwen3.5-9B|aime2026|AIME2026/27|g45,0
Qwen3.6,Qwen3.5-9B,aime2026,boxed_only,Qwen3.5-9B|aime2026|AIME2026/28|g16,0
Qwen3.6,Qwen3.5-9B,aime2026,boxed_only,Qwen3.5-9B|aime2026|AIME2026/28|g45,0
Qwen3.6,Qwen3.5-9B,aime2026,boxed_only,Qwen3.5-9B|aime2026|AIME2026/28|g51,0
Qwen3.6,Qwen3.5-9B,aime2026,boxed_only,Qwen3.5-9B|aime2026|AIME2026/28|g9,1
Qwen3.6,Qwen3.5-9B,aime2026,boxed_only,Qwen3.5-9B|aime2026|AIME2026/29|g21,0
Qwen3.6,Qwen3.5-9B,aime2026,boxed_only,Qwen3.5-9B|aime2026|AIME2026/29|g28,0
Qwen3.6,Qwen3.5-9B,aime2026,boxed_only,Qwen3.5-9B|aime2026|AIME2026/29|g35,0
Qwen3.6,Qwen3.5-9B,aime2026,boxed_only,Qwen3.5-9B|aime2026|AIME2026/29|g60,0
Qwen3.6,Qwen3.5-9B,aime2026,boxed_only,Qwen3.5-9B|aime2026|AIME2026/3|g15,1
Qwen3.6,Qwen3.5-9B,aime2026,boxed_only,Qwen3.5-9B|aime2026|AIME2026/3|g21,1
Qwen3.6,Qwen3.5-9B,aime2026,boxed_only,Qwen3.5-9B|aime2026|AIME2026/3|g35,1
Qwen3.6,Qwen3.5-9B,aime2026,boxed_only,Qwen3.5-9B|aime2026|AIME2026/3|g50,1
Qwen3.6,Qwen3.5-9B,aime2026,boxed_only,Qwen3.5-9B|aime2026|AIME2026/30|g16,0
Qwen3.6,Qwen3.5-9B,aime2026,boxed_only,Qwen3.5-9B|aime2026|AIME2026/30|g28,0
Qwen3.6,Qwen3.5-9B,aime2026,boxed_only,Qwen3.5-9B|aime2026|AIME2026/30|g35,0
Qwen3.6,Qwen3.5-9B,aime2026,boxed_only,Qwen3.5-9B|aime2026|AIME2026/4|g12,0
Qwen3.6,Qwen3.5-9B,aime2026,boxed_only,Qwen3.5-9B|aime2026|AIME2026/4|g32,0
Qwen3.6,Qwen3.5-9B,aime2026,boxed_only,Qwen3.5-9B|aime2026|AIME2026/4|g33,0
Qwen3.6,Qwen3.5-9B,aime2026,boxed_only,Qwen3.5-9B|aime2026|AIME2026/4|g58,0
Qwen3.6,Qwen3.5-9B,aime2026,boxed_only,Qwen3.5-9B|aime2026|AIME2026/5|g21,1
Qwen3.6,Qwen3.5-9B,aime2026,boxed_only,Qwen3.5-9B|aime2026|AIME2026/6|g11,0
Qwen3.6,Qwen3.5-9B,aime2026,boxed_only,Qwen3.5-9B|aime2026|AIME2026/6|g17,1
Qwen3.6,Qwen3.5-9B,aime2026,boxed_only,Qwen3.5-9B|aime2026|AIME2026/6|g35,0
Qwen3.6,Qwen3.5-9B,aime2026,boxed_only,Qwen3.5-9B|aime2026|AIME2026/7|g24,1
Qwen3.6,Qwen3.5-9B,aime2026,boxed_only,Qwen3.5-9B|aime2026|AIME2026/7|g39,0
Qwen3.6,Qwen3.5-9B,aime2026,boxed_only,Qwen3.5-9B|aime2026|AIME2026/7|g7,1
Qwen3.6,Qwen3.5-9B,aime2026,boxed_only,Qwen3.5-9B|aime2026|AIME2026/9|g11,0
Qwen3.6,Qwen3.5-9B,aime2026,boxed_only,Qwen3.5-9B|aime2026|AIME2026/9|g14,1
Qwen3.6,Qwen3.5-9B,aime2026,boxed_only,Qwen3.5-9B|aime2026|AIME2026/9|g59,1
Qwen3.6,Qwen3.5-9B,aime2026,clean,Qwen3.5-9B|aime2026|AIME2026/1|g19,1
Qwen3.6,Qwen3.5-9B,aime2026,clean,Qwen3.5-9B|aime2026|AIME2026/1|g26,1
Qwen3.6,Qwen3.5-9B,aime2026,clean,Qwen3.5-9B|aime2026|AIME2026/1|g31,1
Qwen3.6,Qwen3.5-9B,aime2026,clean,Qwen3.5-9B|aime2026|AIME2026/1|g49,1
Qwen3.6,Qwen3.5-9B,aime2026,clean,Qwen3.5-9B|aime2026|AIME2026/10|g13,1
Qwen3.6,Qwen3.5-9B,aime2026,clean,Qwen3.5-9B|aime2026|AIME2026/12|g10,1
Qwen3.6,Qwen3.5-9B,aime2026,clean,Qwen3.5-9B|aime2026|AIME2026/12|g43,1
Qwen3.6,Qwen3.5-9B,aime2026,clean,Qwen3.5-9B|aime2026|AIME2026/12|g61,1
Qwen3.6,Qwen3.5-9B,aime2026,clean,Qwen3.5-9B|aime2026|AIME2026/13|g13,1
Qwen3.6,Qwen3.5-9B,aime2026,clean,Qwen3.5-9B|aime2026|AIME2026/13|g36,0
Qwen3.6,Qwen3.5-9B,aime2026,clean,Qwen3.5-9B|aime2026|AIME2026/14|g19,1
Qwen3.6,Qwen3.5-9B,aime2026,clean,Qwen3.5-9B|aime2026|AIME2026/14|g5,1
Qwen3.6,Qwen3.5-9B,aime2026,clean,Qwen3.5-9B|aime2026|AIME2026/14|g8,1
Qwen3.6,Qwen3.5-9B,aime2026,clean,Qwen3.5-9B|aime2026|AIME2026/16|g33,1
Qwen3.6,Qwen3.5-9B,aime2026,clean,Qwen3.5-9B|aime2026|AIME2026/16|g34,1
Qwen3.6,Qwen3.5-9B,aime2026,clean,Qwen3.5-9B|aime2026|AIME2026/16|g40,1
Qwen3.6,Qwen3.5-9B,aime2026,clean,Qwen3.5-9B|aime2026|AIME2026/16|g43,1
Qwen3.6,Qwen3.5-9B,aime2026,clean,Qwen3.5-9B|aime2026|AIME2026/16|g51,1
Qwen3.6,Qwen3.5-9B,aime2026,clean,Qwen3.5-9B|aime2026|AIME2026/17|g2,1
Qwen3.6,Qwen3.5-9B,aime2026,clean,Qwen3.5-9B|aime2026|AIME2026/17|g50,1
Qwen3.6,Qwen3.5-9B,aime2026,clean,Qwen3.5-9B|aime2026|AIME2026/18|g49,1
Qwen3.6,Qwen3.5-9B,aime2026,clean,Qwen3.5-9B|aime2026|AIME2026/19|g0,1
Qwen3.6,Qwen3.5-9B,aime2026,clean,Qwen3.5-9B|aime2026|AIME2026/19|g22,1
Qwen3.6,Qwen3.5-9B,aime2026,clean,Qwen3.5-9B|aime2026|AIME2026/19|g51,1
Qwen3.6,Qwen3.5-9B,aime2026,clean,Qwen3.5-9B|aime2026|AIME2026/2|g29,1
Qwen3.6,Qwen3.5-9B,aime2026,clean,Qwen3.5-9B|aime2026|AIME2026/2|g45,1
Qwen3.6,Qwen3.5-9B,aime2026,clean,Qwen3.5-9B|aime2026|AIME2026/2|g47,1
Qwen3.6,Qwen3.5-9B,aime2026,clean,Qwen3.5-9B|aime2026|AIME2026/20|g36,1
Qwen3.6,Qwen3.5-9B,aime2026,clean,Qwen3.5-9B|aime2026|AIME2026/20|g38,1
Qwen3.6,Qwen3.5-9B,aime2026,clean,Qwen3.5-9B|aime2026|AIME2026/20|g44,1
Qwen3.6,Qwen3.5-9B,aime2026,clean,Qwen3.5-9B|aime2026|AIME2026/21|g62,1
Qwen3.6,Qwen3.5-9B,aime2026,clean,Qwen3.5-9B|aime2026|AIME2026/22|g14,1
Qwen3.6,Qwen3.5-9B,aime2026,clean,Qwen3.5-9B|aime2026|AIME2026/22|g3,1
Qwen3.6,Qwen3.5-9B,aime2026,clean,Qwen3.5-9B|aime2026|AIME2026/23|g12,1
Qwen3.6,Qwen3.5-9B,aime2026,clean,Qwen3.5-9B|aime2026|AIME2026/24|g14,1
Qwen3.6,Qwen3.5-9B,aime2026,clean,Qwen3.5-9B|aime2026|AIME2026/24|g48,1
Qwen3.6,Qwen3.5-9B,aime2026,clean,Qwen3.5-9B|aime2026|AIME2026/24|g5,1
Qwen3.6,Qwen3.5-9B,aime2026,clean,Qwen3.5-9B|aime2026|AIME2026/25|g21,1
Qwen3.6,Qwen3.5-9B,aime2026,clean,Qwen3.5-9B|aime2026|AIME2026/25|g51,1
Qwen3.6,Qwen3.5-9B,aime2026,clean,Qwen3.5-9B|aime2026|AIME2026/25|g63,1
Qwen3.6,Qwen3.5-9B,aime2026,clean,Qwen3.5-9B|aime2026|AIME2026/26|g28,1
Qwen3.6,Qwen3.5-9B,aime2026,clean,Qwen3.5-9B|aime2026|AIME2026/26|g55,1
Qwen3.6,Qwen3.5-9B,aime2026,clean,Qwen3.5-9B|aime2026|AIME2026/27|g45,1
Qwen3.6,Qwen3.5-9B,aime2026,clean,Qwen3.5-9B|aime2026|AIME2026/28|g16,1
Qwen3.6,Qwen3.5-9B,aime2026,clean,Qwen3.5-9B|aime2026|AIME2026/28|g45,0
Qwen3.6,Qwen3.5-9B,aime2026,clean,Qwen3.5-9B|aime2026|AIME2026/28|g51,1
Qwen3.6,Qwen3.5-9B,aime2026,clean,Qwen3.5-9B|aime2026|AIME2026/28|g9,1
Qwen3.6,Qwen3.5-9B,aime2026,clean,Qwen3.5-9B|aime2026|AIME2026/29|g21,1
Qwen3.6,Qwen3.5-9B,aime2026,clean,Qwen3.5-9B|aime2026|AIME2026/29|g28,1
Qwen3.6,Qwen3.5-9B,aime2026,clean,Qwen3.5-9B|aime2026|AIME2026/29|g35,1
Qwen3.6,Qwen3.5-9B,aime2026,clean,Qwen3.5-9B|aime2026|AIME2026/29|g60,1
Qwen3.6,Qwen3.5-9B,aime2026,clean,Qwen3.5-9B|aime2026|AIME2026/3|g15,1
Qwen3.6,Qwen3.5-9B,aime2026,clean,Qwen3.5-9B|aime2026|AIME2026/3|g21,1
Qwen3.6,Qwen3.5-9B,aime2026,clean,Qwen3.5-9B|aime2026|AIME2026/3|g35,1
Qwen3.6,Qwen3.5-9B,aime2026,clean,Qwen3.5-9B|aime2026|AIME2026/3|g50,1
Qwen3.6,Qwen3.5-9B,aime2026,clean,Qwen3.5-9B|aime2026|AIME2026/30|g16,1
Qwen3.6,Qwen3.5-9B,aime2026,clean,Qwen3.5-9B|aime2026|AIME2026/30|g28,1
Qwen3.6,Qwen3.5-9B,aime2026,clean,Qwen3.5-9B|aime2026|AIME2026/30|g35,1
Qwen3.6,Qwen3.5-9B,aime2026,clean,Qwen3.5-9B|aime2026|AIME2026/4|g12,1
Qwen3.6,Qwen3.5-9B,aime2026,clean,Qwen3.5-9B|aime2026|AIME2026/4|g32,1
Qwen3.6,Qwen3.5-9B,aime2026,clean,Qwen3.5-9B|aime2026|AIME2026/4|g33,1
Qwen3.6,Qwen3.5-9B,aime2026,clean,Qwen3.5-9B|aime2026|AIME2026/4|g58,1
Qwen3.6,Qwen3.5-9B,aime2026,clean,Qwen3.5-9B|aime2026|AIME2026/5|g21,1
Qwen3.6,Qwen3.5-9B,aime2026,clean,Qwen3.5-9B|aime2026|AIME2026/6|g11,1
Qwen3.6,Qwen3.5-9B,aime2026,clean,Qwen3.5-9B|aime2026|AIME2026/6|g17,1
Qwen3.6,Qwen3.5-9B,aime2026,clean,Qwen3.5-9B|aime2026|AIME2026/6|g35,1
Qwen3.6,Qwen3.5-9B,aime2026,clean,Qwen3.5-9B|aime2026|AIME2026/7|g24,1
Qwen3.6,Qwen3.5-9B,aime2026,clean,Qwen3.5-9B|aime2026|AIME2026/7|g39,1
Qwen3.6,Qwen3.5-9B,aime2026,clean,Qwen3.5-9B|aime2026|AIME2026/7|g7,1
Qwen3.6,Qwen3.5-9B,aime2026,clean,Qwen3.5-9B|aime2026|AIME2026/9|g11,1
Qwen3.6,Qwen3.5-9B,aime2026,clean,Qwen3.5-9B|aime2026|AIME2026/9|g14,1
Qwen3.6,Qwen3.5-9B,aime2026,clean,Qwen3.5-9B|aime2026|AIME2026/9|g59,1
Qwen3.6,Qwen3.5-9B,aime2026,consistent_error,Qwen3.5-9B|aime2026|AIME2026/1|g19,1
Qwen3.6,Qwen3.5-9B,aime2026,consistent_error,Qwen3.5-9B|aime2026|AIME2026/1|g26,1
Qwen3.6,Qwen3.5-9B,aime2026,consistent_error,Qwen3.5-9B|aime2026|AIME2026/1|g31,1
Qwen3.6,Qwen3.5-9B,aime2026,consistent_error,Qwen3.5-9B|aime2026|AIME2026/1|g49,1
Qwen3.6,Qwen3.5-9B,aime2026,consistent_error,Qwen3.5-9B|aime2026|AIME2026/10|g13,0
Qwen3.6,Qwen3.5-9B,aime2026,consistent_error,Qwen3.5-9B|aime2026|AIME2026/12|g10,1
Qwen3.6,Qwen3.5-9B,aime2026,consistent_error,Qwen3.5-9B|aime2026|AIME2026/12|g43,0
Qwen3.6,Qwen3.5-9B,aime2026,consistent_error,Qwen3.5-9B|aime2026|AIME2026/12|g61,1
Qwen3.6,Qwen3.5-9B,aime2026,consistent_error,Qwen3.5-9B|aime2026|AIME2026/13|g13,1
Qwen3.6,Qwen3.5-9B,aime2026,consistent_error,Qwen3.5-9B|aime2026|AIME2026/13|g36,1
Qwen3.6,Qwen3.5-9B,aime2026,consistent_error,Qwen3.5-9B|aime2026|AIME2026/14|g19,0
Qwen3.6,Qwen3.5-9B,aime2026,consistent_error,Qwen3.5-9B|aime2026|AIME2026/14|g5,1
Qwen3.6,Qwen3.5-9B,aime2026,consistent_error,Qwen3.5-9B|aime2026|AIME2026/14|g8,1
Qwen3.6,Qwen3.5-9B,aime2026,consistent_error,Qwen3.5-9B|aime2026|AIME2026/16|g33,1
Qwen3.6,Qwen3.5-9B,aime2026,consistent_error,Qwen3.5-9B|aime2026|AIME2026/16|g34,1
Qwen3.6,Qwen3.5-9B,aime2026,consistent_error,Qwen3.5-9B|aime2026|AIME2026/16|g40,1
Qwen3.6,Qwen3.5-9B,aime2026,consistent_error,Qwen3.5-9B|aime2026|AIME2026/16|g43,1
Qwen3.6,Qwen3.5-9B,aime2026,consistent_error,Qwen3.5-9B|aime2026|AIME2026/16|g51,1
Qwen3.6,Qwen3.5-9B,aime2026,consistent_error,Qwen3.5-9B|aime2026|AIME2026/17|g2,0
Qwen3.6,Qwen3.5-9B,aime2026,consistent_error,Qwen3.5-9B|aime2026|AIME2026/17|g50,1
Qwen3.6,Qwen3.5-9B,aime2026,consistent_error,Qwen3.5-9B|aime2026|AIME2026/18|g49,1
Qwen3.6,Qwen3.5-9B,aime2026,consistent_error,Qwen3.5-9B|aime2026|AIME2026/19|g0,1
Qwen3.6,Qwen3.5-9B,aime2026,consistent_error,Qwen3.5-9B|aime2026|AIME2026/19|g22,1
Qwen3.6,Qwen3.5-9B,aime2026,consistent_error,Qwen3.5-9B|aime2026|AIME2026/19|g51,1
Qwen3.6,Qwen3.5-9B,aime2026,consistent_error,Qwen3.5-9B|aime2026|AIME2026/2|g29,1
Qwen3.6,Qwen3.5-9B,aime2026,consistent_error,Qwen3.5-9B|aime2026|AIME2026/2|g45,1
Qwen3.6,Qwen3.5-9B,aime2026,consistent_error,Qwen3.5-9B|aime2026|AIME2026/2|g47,1
Qwen3.6,Qwen3.5-9B,aime2026,consistent_error,Qwen3.5-9B|aime2026|AIME2026/20|g36,1
Qwen3.6,Qwen3.5-9B,aime2026,consistent_error,Qwen3.5-9B|aime2026|AIME2026/20|g38,0
Qwen3.6,Qwen3.5-9B,aime2026,consistent_error,Qwen3.5-9B|aime2026|AIME2026/20|g44,0
Qwen3.6,Qwen3.5-9B,aime2026,consistent_error,Qwen3.5-9B|aime2026|AIME2026/21|g62,1
Qwen3.6,Qwen3.5-9B,aime2026,consistent_error,Qwen3.5-9B|aime2026|AIME2026/22|g14,1
Qwen3.6,Qwen3.5-9B,aime2026,consistent_error,Qwen3.5-9B|aime2026|AIME2026/22|g3,1
Qwen3.6,Qwen3.5-9B,aime2026,consistent_error,Qwen3.5-9B|aime2026|AIME2026/23|g12,1
Qwen3.6,Qwen3.5-9B,aime2026,consistent_error,Qwen3.5-9B|aime2026|AIME2026/24|g14,1
Qwen3.6,Qwen3.5-9B,aime2026,consistent_error,Qwen3.5-9B|aime2026|AIME2026/24|g48,1
Qwen3.6,Qwen3.5-9B,aime2026,consistent_error,Qwen3.5-9B|aime2026|AIME2026/24|g5,1
Qwen3.6,Qwen3.5-9B,aime2026,consistent_error,Qwen3.5-9B|aime2026|AIME2026/25|g21,1
Qwen3.6,Qwen3.5-9B,aime2026,consistent_error,Qwen3.5-9B|aime2026|AIME2026/25|g51,1
Qwen3.6,Qwen3.5-9B,aime2026,consistent_error,Qwen3.5-9B|aime2026|AIME2026/25|g63,1
Qwen3.6,Qwen3.5-9B,aime2026,consistent_error,Qwen3.5-9B|aime2026|AIME2026/26|g28,1
Qwen3.6,Qwen3.5-9B,aime2026,consistent_error,Qwen3.5-9B|aime2026|AIME2026/26|g55,0
Qwen3.6,Qwen3.5-9B,aime2026,consistent_error,Qwen3.5-9B|aime2026|AIME2026/27|g45,1
Qwen3.6,Qwen3.5-9B,aime2026,consistent_error,Qwen3.5-9B|aime2026|AIME2026/28|g16,0
Qwen3.6,Qwen3.5-9B,aime2026,consistent_error,Qwen3.5-9B|aime2026|AIME2026/28|g45,0
Qwen3.6,Qwen3.5-9B,aime2026,consistent_error,Qwen3.5-9B|aime2026|AIME2026/28|g51,1
Qwen3.6,Qwen3.5-9B,aime2026,consistent_error,Qwen3.5-9B|aime2026|AIME2026/28|g9,1
Qwen3.6,Qwen3.5-9B,aime2026,consistent_error,Qwen3.5-9B|aime2026|AIME2026/29|g21,0
Qwen3.6,Qwen3.5-9B,aime2026,consistent_error,Qwen3.5-9B|aime2026|AIME2026/29|g28,0
Qwen3.6,Qwen3.5-9B,aime2026,consistent_error,Qwen3.5-9B|aime2026|AIME2026/29|g35,1
Qwen3.6,Qwen3.5-9B,aime2026,consistent_error,Qwen3.5-9B|aime2026|AIME2026/29|g60,0
Qwen3.6,Qwen3.5-9B,aime2026,consistent_error,Qwen3.5-9B|aime2026|AIME2026/3|g15,0
Qwen3.6,Qwen3.5-9B,aime2026,consistent_error,Qwen3.5-9B|aime2026|AIME2026/3|g21,0
Qwen3.6,Qwen3.5-9B,aime2026,consistent_error,Qwen3.5-9B|aime2026|AIME2026/3|g35,1
Qwen3.6,Qwen3.5-9B,aime2026,consistent_error,Qwen3.5-9B|aime2026|AIME2026/3|g50,0
Qwen3.6,Qwen3.5-9B,aime2026,consistent_error,Qwen3.5-9B|aime2026|AIME2026/30|g16,0
Qwen3.6,Qwen3.5-9B,aime2026,consistent_error,Qwen3.5-9B|aime2026|AIME2026/30|g28,1
Qwen3.6,Qwen3.5-9B,aime2026,consistent_error,Qwen3.5-9B|aime2026|AIME2026/30|g35,1
Qwen3.6,Qwen3.5-9B,aime2026,consistent_error,Qwen3.5-9B|aime2026|AIME2026/4|g12,1
Qwen3.6,Qwen3.5-9B,aime2026,consistent_error,Qwen3.5-9B|aime2026|AIME2026/4|g32,1
Qwen3.6,Qwen3.5-9B,aime2026,consistent_error,Qwen3.5-9B|aime2026|AIME2026/4|g33,1
Qwen3.6,Qwen3.5-9B,aime2026,consistent_error,Qwen3.5-9B|aime2026|AIME2026/4|g58,1
Qwen3.6,Qwen3.5-9B,aime2026,consistent_error,Qwen3.5-9B|aime2026|AIME2026/5|g21,1
Qwen3.6,Qwen3.5-9B,aime2026,consistent_error,Qwen3.5-9B|aime2026|AIME2026/6|g11,1
Qwen3.6,Qwen3.5-9B,aime2026,consistent_error,Qwen3.5-9B|aime2026|AIME2026/6|g17,0
Qwen3.6,Qwen3.5-9B,aime2026,consistent_error,Qwen3.5-9B|aime2026|AIME2026/6|g35,1
Qwen3.6,Qwen3.5-9B,aime2026,consistent_error,Qwen3.5-9B|aime2026|AIME2026/7|g24,1
Qwen3.6,Qwen3.5-9B,aime2026,consistent_error,Qwen3.5-9B|aime2026|AIME2026/7|g39,0
Qwen3.6,Qwen3.5-9B,aime2026,consistent_error,Qwen3.5-9B|aime2026|AIME2026/7|g7,1
Qwen3.6,Qwen3.5-9B,aime2026,consistent_error,Qwen3.5-9B|aime2026|AIME2026/9|g11,1
Qwen3.6,Qwen3.5-9B,aime2026,consistent_error,Qwen3.5-9B|aime2026|AIME2026/9|g14,1
Qwen3.6,Qwen3.5-9B,aime2026,consistent_error,Qwen3.5-9B|aime2026|AIME2026/9|g59,0
Qwen3.6,Qwen3.5-9B,aime2026,intermediate_error,Qwen3.5-9B|aime2026|AIME2026/1|g19,1
Qwen3.6,Qwen3.5-9B,aime2026,intermediate_error,Qwen3.5-9B|aime2026|AIME2026/1|g26,1
Qwen3.6,Qwen3.5-9B,aime2026,intermediate_error,Qwen3.5-9B|aime2026|AIME2026/1|g31,1
Qwen3.6,Qwen3.5-9B,aime2026,intermediate_error,Qwen3.5-9B|aime2026|AIME2026/1|g49,1
Qwen3.6,Qwen3.5-9B,aime2026,intermediate_error,Qwen3.5-9B|aime2026|AIME2026/10|g13,1
Qwen3.6,Qwen3.5-9B,aime2026,intermediate_error,Qwen3.5-9B|aime2026|AIME2026/12|g10,1
Qwen3.6,Qwen3.5-9B,aime2026,intermediate_error,Qwen3.5-9B|aime2026|AIME2026/12|g43,1
Qwen3.6,Qwen3.5-9B,aime2026,intermediate_error,Qwen3.5-9B|aime2026|AIME2026/12|g61,1
Qwen3.6,Qwen3.5-9B,aime2026,intermediate_error,Qwen3.5-9B|aime2026|AIME2026/13|g13,1
Qwen3.6,Qwen3.5-9B,aime2026,intermediate_error,Qwen3.5-9B|aime2026|AIME2026/13|g36,1
Qwen3.6,Qwen3.5-9B,aime2026,intermediate_error,Qwen3.5-9B|aime2026|AIME2026/14|g19,1
Qwen3.6,Qwen3.5-9B,aime2026,intermediate_error,Qwen3.5-9B|aime2026|AIME2026/14|g5,1
Qwen3.6,Qwen3.5-9B,aime2026,intermediate_error,Qwen3.5-9B|aime2026|AIME2026/14|g8,1
Qwen3.6,Qwen3.5-9B,aime2026,intermediate_error,Qwen3.5-9B|aime2026|AIME2026/16|g33,1
Qwen3.6,Qwen3.5-9B,aime2026,intermediate_error,Qwen3.5-9B|aime2026|AIME2026/16|g34,1
Qwen3.6,Qwen3.5-9B,aime2026,intermediate_error,Qwen3.5-9B|aime2026|AIME2026/16|g40,1
Qwen3.6,Qwen3.5-9B,aime2026,intermediate_error,Qwen3.5-9B|aime2026|AIME2026/16|g43,1
Qwen3.6,Qwen3.5-9B,aime2026,intermediate_error,Qwen3.5-9B|aime2026|AIME2026/16|g51,1
Qwen3.6,Qwen3.5-9B,aime2026,intermediate_error,Qwen3.5-9B|aime2026|AIME2026/17|g2,1
Qwen3.6,Qwen3.5-9B,aime2026,intermediate_error,Qwen3.5-9B|aime2026|AIME2026/17|g50,1
Qwen3.6,Qwen3.5-9B,aime2026,intermediate_error,Qwen3.5-9B|aime2026|AIME2026/18|g49,1
Qwen3.6,Qwen3.5-9B,aime2026,intermediate_error,Qwen3.5-9B|aime2026|AIME2026/19|g0,1
Qwen3.6,Qwen3.5-9B,aime2026,intermediate_error,Qwen3.5-9B|aime2026|AIME2026/19|g22,1
Qwen3.6,Qwen3.5-9B,aime2026,intermediate_error,Qwen3.5-9B|aime2026|AIME2026/19|g51,1
Qwen3.6,Qwen3.5-9B,aime2026,intermediate_error,Qwen3.5-9B|aime2026|AIME2026/2|g29,1
Qwen3.6,Qwen3.5-9B,aime2026,intermediate_error,Qwen3.5-9B|aime2026|AIME2026/2|g45,1
Qwen3.6,Qwen3.5-9B,aime2026,intermediate_error,Qwen3.5-9B|aime2026|AIME2026/2|g47,1
Qwen3.6,Qwen3.5-9B,aime2026,intermediate_error,Qwen3.5-9B|aime2026|AIME2026/20|g36,1
Qwen3.6,Qwen3.5-9B,aime2026,intermediate_error,Qwen3.5-9B|aime2026|AIME2026/20|g38,1
Qwen3.6,Qwen3.5-9B,aime2026,intermediate_error,Qwen3.5-9B|aime2026|AIME2026/20|g44,1
Qwen3.6,Qwen3.5-9B,aime2026,intermediate_error,Qwen3.5-9B|aime2026|AIME2026/21|g62,1
Qwen3.6,Qwen3.5-9B,aime2026,intermediate_error,Qwen3.5-9B|aime2026|AIME2026/22|g14,1
Qwen3.6,Qwen3.5-9B,aime2026,intermediate_error,Qwen3.5-9B|aime2026|AIME2026/22|g3,1
Qwen3.6,Qwen3.5-9B,aime2026,intermediate_error,Qwen3.5-9B|aime2026|AIME2026/23|g12,1
Qwen3.6,Qwen3.5-9B,aime2026,intermediate_error,Qwen3.5-9B|aime2026|AIME2026/24|g14,1
Qwen3.6,Qwen3.5-9B,aime2026,intermediate_error,Qwen3.5-9B|aime2026|AIME2026/24|g48,1
Qwen3.6,Qwen3.5-9B,aime2026,intermediate_error,Qwen3.5-9B|aime2026|AIME2026/24|g5,1
Qwen3.6,Qwen3.5-9B,aime2026,intermediate_error,Qwen3.5-9B|aime2026|AIME2026/25|g21,1
Qwen3.6,Qwen3.5-9B,aime2026,intermediate_error,Qwen3.5-9B|aime2026|AIME2026/25|g51,1
Qwen3.6,Qwen3.5-9B,aime2026,intermediate_error,Qwen3.5-9B|aime2026|AIME2026/25|g63,1
Qwen3.6,Qwen3.5-9B,aime2026,intermediate_error,Qwen3.5-9B|aime2026|AIME2026/26|g28,1
Qwen3.6,Qwen3.5-9B,aime2026,intermediate_error,Qwen3.5-9B|aime2026|AIME2026/26|g55,1
Qwen3.6,Qwen3.5-9B,aime2026,intermediate_error,Qwen3.5-9B|aime2026|AIME2026/27|g45,1
Qwen3.6,Qwen3.5-9B,aime2026,intermediate_error,Qwen3.5-9B|aime2026|AIME2026/28|g16,1
Qwen3.6,Qwen3.5-9B,aime2026,intermediate_error,Qwen3.5-9B|aime2026|AIME2026/28|g45,1
Qwen3.6,Qwen3.5-9B,aime2026,intermediate_error,Qwen3.5-9B|aime2026|AIME2026/28|g51,1
Qwen3.6,Qwen3.5-9B,aime2026,intermediate_error,Qwen3.5-9B|aime2026|AIME2026/28|g9,1
Qwen3.6,Qwen3.5-9B,aime2026,intermediate_error,Qwen3.5-9B|aime2026|AIME2026/29|g21,1
Qwen3.6,Qwen3.5-9B,aime2026,intermediate_error,Qwen3.5-9B|aime2026|AIME2026/29|g28,1
Qwen3.6,Qwen3.5-9B,aime2026,intermediate_error,Qwen3.5-9B|aime2026|AIME2026/29|g35,1
Qwen3.6,Qwen3.5-9B,aime2026,intermediate_error,Qwen3.5-9B|aime2026|AIME2026/29|g60,1
Qwen3.6,Qwen3.5-9B,aime2026,intermediate_error,Qwen3.5-9B|aime2026|AIME2026/3|g15,1
Qwen3.6,Qwen3.5-9B,aime2026,intermediate_error,Qwen3.5-9B|aime2026|AIME2026/3|g21,1
Qwen3.6,Qwen3.5-9B,aime2026,intermediate_error,Qwen3.5-9B|aime2026|AIME2026/3|g35,1
Qwen3.6,Qwen3.5-9B,aime2026,intermediate_error,Qwen3.5-9B|aime2026|AIME2026/3|g50,1
Qwen3.6,Qwen3.5-9B,aime2026,intermediate_error,Qwen3.5-9B|aime2026|AIME2026/30|g16,1
Qwen3.6,Qwen3.5-9B,aime2026,intermediate_error,Qwen3.5-9B|aime2026|AIME2026/30|g28,1
Qwen3.6,Qwen3.5-9B,aime2026,intermediate_error,Qwen3.5-9B|aime2026|AIME2026/30|g35,1
Qwen3.6,Qwen3.5-9B,aime2026,intermediate_error,Qwen3.5-9B|aime2026|AIME2026/4|g12,1
Qwen3.6,Qwen3.5-9B,aime2026,intermediate_error,Qwen3.5-9B|aime2026|AIME2026/4|g32,1
Qwen3.6,Qwen3.5-9B,aime2026,intermediate_error,Qwen3.5-9B|aime2026|AIME2026/4|g33,1
Qwen3.6,Qwen3.5-9B,aime2026,intermediate_error,Qwen3.5-9B|aime2026|AIME2026/4|g58,1
Qwen3.6,Qwen3.5-9B,aime2026,intermediate_error,Qwen3.5-9B|aime2026|AIME2026/5|g21,1
Qwen3.6,Qwen3.5-9B,aime2026,intermediate_error,Qwen3.5-9B|aime2026|AIME2026/6|g11,1
Qwen3.6,Qwen3.5-9B,aime2026,intermediate_error,Qwen3.5-9B|aime2026|AIME2026/6|g17,0
Qwen3.6,Qwen3.5-9B,aime2026,intermediate_error,Qwen3.5-9B|aime2026|AIME2026/6|g35,1
Qwen3.6,Qwen3.5-9B,aime2026,intermediate_error,Qwen3.5-9B|aime2026|AIME2026/7|g24,1
Qwen3.6,Qwen3.5-9B,aime2026,intermediate_error,Qwen3.5-9B|aime2026|AIME2026/7|g39,1
Qwen3.6,Qwen3.5-9B,aime2026,intermediate_error,Qwen3.5-9B|aime2026|AIME2026/7|g7,1
Qwen3.6,Qwen3.5-9B,aime2026,intermediate_error,Qwen3.5-9B|aime2026|AIME2026/9|g11,1
Qwen3.6,Qwen3.5-9B,aime2026,intermediate_error,Qwen3.5-9B|aime2026|AIME2026/9|g14,1
Qwen3.6,Qwen3.5-9B,aime2026,intermediate_error,Qwen3.5-9B|aime2026|AIME2026/9|g59,1
Qwen3.6,Qwen3.5-9B,aime2026,truncated,Qwen3.5-9B|aime2026|AIME2026/1|g19,1
Qwen3.6,Qwen3.5-9B,aime2026,truncated,Qwen3.5-9B|aime2026|AIME2026/1|g26,1
Qwen3.6,Qwen3.5-9B,aime2026,truncated,Qwen3.5-9B|aime2026|AIME2026/1|g31,1
Qwen3.6,Qwen3.5-9B,aime2026,truncated,Qwen3.5-9B|aime2026|AIME2026/1|g49,1
Qwen3.6,Qwen3.5-9B,aime2026,truncated,Qwen3.5-9B|aime2026|AIME2026/10|g13,0
Qwen3.6,Qwen3.5-9B,aime2026,truncated,Qwen3.5-9B|aime2026|AIME2026/12|g10,1
Qwen3.6,Qwen3.5-9B,aime2026,truncated,Qwen3.5-9B|aime2026|AIME2026/12|g43,1
Qwen3.6,Qwen3.5-9B,aime2026,truncated,Qwen3.5-9B|aime2026|AIME2026/12|g61,1
Qwen3.6,Qwen3.5-9B,aime2026,truncated,Qwen3.5-9B|aime2026|AIME2026/13|g13,1
Qwen3.6,Qwen3.5-9B,aime2026,truncated,Qwen3.5-9B|aime2026|AIME2026/13|g36,0
Qwen3.6,Qwen3.5-9B,aime2026,truncated,Qwen3.5-9B|aime2026|AIME2026/14|g19,0
Qwen3.6,Qwen3.5-9B,aime2026,truncated,Qwen3.5-9B|aime2026|AIME2026/14|g5,1
Qwen3.6,Qwen3.5-9B,aime2026,truncated,Qwen3.5-9B|aime2026|AIME2026/14|g8,1
Qwen3.6,Qwen3.5-9B,aime2026,truncated,Qwen3.5-9B|aime2026|AIME2026/16|g33,1
Qwen3.6,Qwen3.5-9B,aime2026,truncated,Qwen3.5-9B|aime2026|AIME2026/16|g34,1
Qwen3.6,Qwen3.5-9B,aime2026,truncated,Qwen3.5-9B|aime2026|AIME2026/16|g40,1
Qwen3.6,Qwen3.5-9B,aime2026,truncated,Qwen3.5-9B|aime2026|AIME2026/16|g43,1
Qwen3.6,Qwen3.5-9B,aime2026,truncated,Qwen3.5-9B|aime2026|AIME2026/16|g51,1
Qwen3.6,Qwen3.5-9B,aime2026,truncated,Qwen3.5-9B|aime2026|AIME2026/17|g2,1
Qwen3.6,Qwen3.5-9B,aime2026,truncated,Qwen3.5-9B|aime2026|AIME2026/17|g50,1
Qwen3.6,Qwen3.5-9B,aime2026,truncated,Qwen3.5-9B|aime2026|AIME2026/18|g49,1
Qwen3.6,Qwen3.5-9B,aime2026,truncated,Qwen3.5-9B|aime2026|AIME2026/19|g0,1
Qwen3.6,Qwen3.5-9B,aime2026,truncated,Qwen3.5-9B|aime2026|AIME2026/19|g22,1
Qwen3.6,Qwen3.5-9B,aime2026,truncated,Qwen3.5-9B|aime2026|AIME2026/19|g51,1
Qwen3.6,Qwen3.5-9B,aime2026,truncated,Qwen3.5-9B|aime2026|AIME2026/2|g29,1
Qwen3.6,Qwen3.5-9B,aime2026,truncated,Qwen3.5-9B|aime2026|AIME2026/2|g45,1
Qwen3.6,Qwen3.5-9B,aime2026,truncated,Qwen3.5-9B|aime2026|AIME2026/2|g47,1
Qwen3.6,Qwen3.5-9B,aime2026,truncated,Qwen3.5-9B|aime2026|AIME2026/20|g36,1
Qwen3.6,Qwen3.5-9B,aime2026,truncated,Qwen3.5-9B|aime2026|AIME2026/20|g38,1
Qwen3.6,Qwen3.5-9B,aime2026,truncated,Qwen3.5-9B|aime2026|AIME2026/20|g44,1
Qwen3.6,Qwen3.5-9B,aime2026,truncated,Qwen3.5-9B|aime2026|AIME2026/21|g62,1
Qwen3.6,Qwen3.5-9B,aime2026,truncated,Qwen3.5-9B|aime2026|AIME2026/22|g14,1
Qwen3.6,Qwen3.5-9B,aime2026,truncated,Qwen3.5-9B|aime2026|AIME2026/22|g3,1
Qwen3.6,Qwen3.5-9B,aime2026,truncated,Qwen3.5-9B|aime2026|AIME2026/23|g12,1
Qwen3.6,Qwen3.5-9B,aime2026,truncated,Qwen3.5-9B|aime2026|AIME2026/24|g14,1
Qwen3.6,Qwen3.5-9B,aime2026,truncated,Qwen3.5-9B|aime2026|AIME2026/24|g48,1
Qwen3.6,Qwen3.5-9B,aime2026,truncated,Qwen3.5-9B|aime2026|AIME2026/24|g5,1
Qwen3.6,Qwen3.5-9B,aime2026,truncated,Qwen3.5-9B|aime2026|AIME2026/25|g21,1
Qwen3.6,Qwen3.5-9B,aime2026,truncated,Qwen3.5-9B|aime2026|AIME2026/25|g51,1
Qwen3.6,Qwen3.5-9B,aime2026,truncated,Qwen3.5-9B|aime2026|AIME2026/25|g63,1
Qwen3.6,Qwen3.5-9B,aime2026,truncated,Qwen3.5-9B|aime2026|AIME2026/26|g28,1
Qwen3.6,Qwen3.5-9B,aime2026,truncated,Qwen3.5-9B|aime2026|AIME2026/26|g55,1
Qwen3.6,Qwen3.5-9B,aime2026,truncated,Qwen3.5-9B|aime2026|AIME2026/27|g45,1
Qwen3.6,Qwen3.5-9B,aime2026,truncated,Qwen3.5-9B|aime2026|AIME2026/28|g16,1
Qwen3.6,Qwen3.5-9B,aime2026,truncated,Qwen3.5-9B|aime2026|AIME2026/28|g45,1
Qwen3.6,Qwen3.5-9B,aime2026,truncated,Qwen3.5-9B|aime2026|AIME2026/28|g51,0
Qwen3.6,Qwen3.5-9B,aime2026,truncated,Qwen3.5-9B|aime2026|AIME2026/28|g9,1
Qwen3.6,Qwen3.5-9B,aime2026,truncated,Qwen3.5-9B|aime2026|AIME2026/29|g21,1
Qwen3.6,Qwen3.5-9B,aime2026,truncated,Qwen3.5-9B|aime2026|AIME2026/29|g28,0
Qwen3.6,Qwen3.5-9B,aime2026,truncated,Qwen3.5-9B|aime2026|AIME2026/29|g35,0
Qwen3.6,Qwen3.5-9B,aime2026,truncated,Qwen3.5-9B|aime2026|AIME2026/29|g60,0
Qwen3.6,Qwen3.5-9B,aime2026,truncated,Qwen3.5-9B|aime2026|AIME2026/3|g15,1
Qwen3.6,Qwen3.5-9B,aime2026,truncated,Qwen3.5-9B|aime2026|AIME2026/3|g21,1
Qwen3.6,Qwen3.5-9B,aime2026,truncated,Qwen3.5-9B|aime2026|AIME2026/3|g35,1
Qwen3.6,Qwen3.5-9B,aime2026,truncated,Qwen3.5-9B|aime2026|AIME2026/3|g50,1
Qwen3.6,Qwen3.5-9B,aime2026,truncated,Qwen3.5-9B|aime2026|AIME2026/30|g16,1
Qwen3.6,Qwen3.5-9B,aime2026,truncated,Qwen3.5-9B|aime2026|AIME2026/30|g28,1
Qwen3.6,Qwen3.5-9B,aime2026,truncated,Qwen3.5-9B|aime2026|AIME2026/30|g35,0
Qwen3.6,Qwen3.5-9B,aime2026,truncated,Qwen3.5-9B|aime2026|AIME2026/4|g12,1
Qwen3.6,Qwen3.5-9B,aime2026,truncated,Qwen3.5-9B|aime2026|AIME2026/4|g32,1
Qwen3.6,Qwen3.5-9B,aime2026,truncated,Qwen3.5-9B|aime2026|AIME2026/4|g33,1
Qwen3.6,Qwen3.5-9B,aime2026,truncated,Qwen3.5-9B|aime2026|AIME2026/4|g58,1
Qwen3.6,Qwen3.5-9B,aime2026,truncated,Qwen3.5-9B|aime2026|AIME2026/5|g21,1
Qwen3.6,Qwen3.5-9B,aime2026,truncated,Qwen3.5-9B|aime2026|AIME2026/6|g11,0
Qwen3.6,Qwen3.5-9B,aime2026,truncated,Qwen3.5-9B|aime2026|AIME2026/6|g17,1
Qwen3.6,Qwen3.5-9B,aime2026,truncated,Qwen3.5-9B|aime2026|AIME2026/6|g35,1
Qwen3.6,Qwen3.5-9B,aime2026,truncated,Qwen3.5-9B|aime2026|AIME2026/7|g24,1
Qwen3.6,Qwen3.5-9B,aime2026,truncated,Qwen3.5-9B|aime2026|AIME2026/7|g39,1
Qwen3.6,Qwen3.5-9B,aime2026,truncated,Qwen3.5-9B|aime2026|AIME2026/7|g7,1
Qwen3.6,Qwen3.5-9B,aime2026,truncated,Qwen3.5-9B|aime2026|AIME2026/9|g11,1
Qwen3.6,Qwen3.5-9B,aime2026,truncated,Qwen3.5-9B|aime2026|AIME2026/9|g14,1
Qwen3.6,Qwen3.5-9B,aime2026,truncated,Qwen3.5-9B|aime2026|AIME2026/9|g59,1
Qwen3.6,Qwen3.5-9B,aime2026_pt,boxed_only,Qwen3.5-9B|aime2026_pt|AIME2026-PT/1|g36,0
Qwen3.6,Qwen3.5-9B,aime2026_pt,boxed_only,Qwen3.5-9B|aime2026_pt|AIME2026-PT/1|g59,1
Qwen3.6,Qwen3.5-9B,aime2026_pt,boxed_only,Qwen3.5-9B|aime2026_pt|AIME2026-PT/1|g7,1
Qwen3.6,Qwen3.5-9B,aime2026_pt,boxed_only,Qwen3.5-9B|aime2026_pt|AIME2026-PT/10|g58,0
Qwen3.6,Qwen3.5-9B,aime2026_pt,boxed_only,Qwen3.5-9B|aime2026_pt|AIME2026-PT/12|g24,1
Qwen3.6,Qwen3.5-9B,aime2026_pt,boxed_only,Qwen3.5-9B|aime2026_pt|AIME2026-PT/12|g29,0
Qwen3.6,Qwen3.5-9B,aime2026_pt,boxed_only,Qwen3.5-9B|aime2026_pt|AIME2026-PT/12|g57,0
Qwen3.6,Qwen3.5-9B,aime2026_pt,boxed_only,Qwen3.5-9B|aime2026_pt|AIME2026-PT/13|g29,0
Qwen3.6,Qwen3.5-9B,aime2026_pt,boxed_only,Qwen3.5-9B|aime2026_pt|AIME2026-PT/14|g4,0
Qwen3.6,Qwen3.5-9B,aime2026_pt,boxed_only,Qwen3.5-9B|aime2026_pt|AIME2026-PT/14|g43,1
Qwen3.6,Qwen3.5-9B,aime2026_pt,boxed_only,Qwen3.5-9B|aime2026_pt|AIME2026-PT/14|g44,1
Qwen3.6,Qwen3.5-9B,aime2026_pt,boxed_only,Qwen3.5-9B|aime2026_pt|AIME2026-PT/14|g55,1
Qwen3.6,Qwen3.5-9B,aime2026_pt,boxed_only,Qwen3.5-9B|aime2026_pt|AIME2026-PT/16|g1,1
Qwen3.6,Qwen3.5-9B,aime2026_pt,boxed_only,Qwen3.5-9B|aime2026_pt|AIME2026-PT/16|g17,0
Qwen3.6,Qwen3.5-9B,aime2026_pt,boxed_only,Qwen3.5-9B|aime2026_pt|AIME2026-PT/16|g18,0
Qwen3.6,Qwen3.5-9B,aime2026_pt,boxed_only,Qwen3.5-9B|aime2026_pt|AIME2026-PT/16|g47,0
Qwen3.6,Qwen3.5-9B,aime2026_pt,boxed_only,Qwen3.5-9B|aime2026_pt|AIME2026-PT/17|g12,0
Qwen3.6,Qwen3.5-9B,aime2026_pt,boxed_only,Qwen3.5-9B|aime2026_pt|AIME2026-PT/17|g18,1
Qwen3.6,Qwen3.5-9B,aime2026_pt,boxed_only,Qwen3.5-9B|aime2026_pt|AIME2026-PT/17|g36,0
Qwen3.6,Qwen3.5-9B,aime2026_pt,boxed_only,Qwen3.5-9B|aime2026_pt|AIME2026-PT/17|g52,0
Qwen3.6,Qwen3.5-9B,aime2026_pt,boxed_only,Qwen3.5-9B|aime2026_pt|AIME2026-PT/18|g43,0
Qwen3.6,Qwen3.5-9B,aime2026_pt,boxed_only,Qwen3.5-9B|aime2026_pt|AIME2026-PT/18|g58,0
Qwen3.6,Qwen3.5-9B,aime2026_pt,boxed_only,Qwen3.5-9B|aime2026_pt|AIME2026-PT/19|g26,0
Qwen3.6,Qwen3.5-9B,aime2026_pt,boxed_only,Qwen3.5-9B|aime2026_pt|AIME2026-PT/19|g3,0
Qwen3.6,Qwen3.5-9B,aime2026_pt,boxed_only,Qwen3.5-9B|aime2026_pt|AIME2026-PT/19|g56,0
Qwen3.6,Qwen3.5-9B,aime2026_pt,boxed_only,Qwen3.5-9B|aime2026_pt|AIME2026-PT/2|g53,1
Qwen3.6,Qwen3.5-9B,aime2026_pt,boxed_only,Qwen3.5-9B|aime2026_pt|AIME2026-PT/2|g7,0
Qwen3.6,Qwen3.5-9B,aime2026_pt,boxed_only,Qwen3.5-9B|aime2026_pt|AIME2026-PT/20|g4,0
Qwen3.6,Qwen3.5-9B,aime2026_pt,boxed_only,Qwen3.5-9B|aime2026_pt|AIME2026-PT/20|g48,1
Qwen3.6,Qwen3.5-9B,aime2026_pt,boxed_only,Qwen3.5-9B|aime2026_pt|AIME2026-PT/20|g49,1
Qwen3.6,Qwen3.5-9B,aime2026_pt,boxed_only,Qwen3.5-9B|aime2026_pt|AIME2026-PT/20|g53,0
Qwen3.6,Qwen3.5-9B,aime2026_pt,boxed_only,Qwen3.5-9B|aime2026_pt|AIME2026-PT/21|g42,0
Qwen3.6,Qwen3.5-9B,aime2026_pt,boxed_only,Qwen3.5-9B|aime2026_pt|AIME2026-PT/21|g8,0
Qwen3.6,Qwen3.5-9B,aime2026_pt,boxed_only,Qwen3.5-9B|aime2026_pt|AIME2026-PT/22|g40,1
Qwen3.6,Qwen3.5-9B,aime2026_pt,boxed_only,Qwen3.5-9B|aime2026_pt|AIME2026-PT/22|g58,0
Qwen3.6,Qwen3.5-9B,aime2026_pt,boxed_only,Qwen3.5-9B|aime2026_pt|AIME2026-PT/23|g2,0
Qwen3.6,Qwen3.5-9B,aime2026_pt,boxed_only,Qwen3.5-9B|aime2026_pt|AIME2026-PT/24|g15,1
Qwen3.6,Qwen3.5-9B,aime2026_pt,boxed_only,Qwen3.5-9B|aime2026_pt|AIME2026-PT/24|g41,1
Qwen3.6,Qwen3.5-9B,aime2026_pt,boxed_only,Qwen3.5-9B|aime2026_pt|AIME2026-PT/24|g44,0
Qwen3.6,Qwen3.5-9B,aime2026_pt,boxed_only,Qwen3.5-9B|aime2026_pt|AIME2026-PT/24|g62,0
Qwen3.6,Qwen3.5-9B,aime2026_pt,boxed_only,Qwen3.5-9B|aime2026_pt|AIME2026-PT/25|g24,0
Qwen3.6,Qwen3.5-9B,aime2026_pt,boxed_only,Qwen3.5-9B|aime2026_pt|AIME2026-PT/25|g28,0
Qwen3.6,Qwen3.5-9B,aime2026_pt,boxed_only,Qwen3.5-9B|aime2026_pt|AIME2026-PT/25|g44,0
Qwen3.6,Qwen3.5-9B,aime2026_pt,boxed_only,Qwen3.5-9B|aime2026_pt|AIME2026-PT/26|g17,0
Qwen3.6,Qwen3.5-9B,aime2026_pt,boxed_only,Qwen3.5-9B|aime2026_pt|AIME2026-PT/26|g20,0
Qwen3.6,Qwen3.5-9B,aime2026_pt,boxed_only,Qwen3.5-9B|aime2026_pt|AIME2026-PT/26|g22,0
Qwen3.6,Qwen3.5-9B,aime2026_pt,boxed_only,Qwen3.5-9B|aime2026_pt|AIME2026-PT/26|g27,0
Qwen3.6,Qwen3.5-9B,aime2026_pt,boxed_only,Qwen3.5-9B|aime2026_pt|AIME2026-PT/27|g11,0
Qwen3.6,Qwen3.5-9B,aime2026_pt,boxed_only,Qwen3.5-9B|aime2026_pt|AIME2026-PT/27|g19,0
Qwen3.6,Qwen3.5-9B,aime2026_pt,boxed_only,Qwen3.5-9B|aime2026_pt|AIME2026-PT/27|g20,0
Qwen3.6,Qwen3.5-9B,aime2026_pt,boxed_only,Qwen3.5-9B|aime2026_pt|AIME2026-PT/27|g3,0
Qwen3.6,Qwen3.5-9B,aime2026_pt,boxed_only,Qwen3.5-9B|aime2026_pt|AIME2026-PT/27|g41,1
Qwen3.6,Qwen3.5-9B,aime2026_pt,boxed_only,Qwen3.5-9B|aime2026_pt|AIME2026-PT/28|g42,0
Qwen3.6,Qwen3.5-9B,aime2026_pt,boxed_only,Qwen3.5-9B|aime2026_pt|AIME2026-PT/28|g61,1
Qwen3.6,Qwen3.5-9B,aime2026_pt,boxed_only,Qwen3.5-9B|aime2026_pt|AIME2026-PT/29|g17,0
Qwen3.6,Qwen3.5-9B,aime2026_pt,boxed_only,Qwen3.5-9B|aime2026_pt|AIME2026-PT/29|g36,0
Qwen3.6,Qwen3.5-9B,aime2026_pt,boxed_only,Qwen3.5-9B|aime2026_pt|AIME2026-PT/3|g19,1
Qwen3.6,Qwen3.5-9B,aime2026_pt,boxed_only,Qwen3.5-9B|aime2026_pt|AIME2026-PT/3|g2,1
Qwen3.6,Qwen3.5-9B,aime2026_pt,boxed_only,Qwen3.5-9B|aime2026_pt|AIME2026-PT/3|g23,0
Qwen3.6,Qwen3.5-9B,aime2026_pt,boxed_only,Qwen3.5-9B|aime2026_pt|AIME2026-PT/3|g6,1
Qwen3.6,Qwen3.5-9B,aime2026_pt,boxed_only,Qwen3.5-9B|aime2026_pt|AIME2026-PT/4|g3,0
Qwen3.6,Qwen3.5-9B,aime2026_pt,boxed_only,Qwen3.5-9B|aime2026_pt|AIME2026-PT/4|g43,0
Qwen3.6,Qwen3.5-9B,aime2026_pt,boxed_only,Qwen3.5-9B|aime2026_pt|AIME2026-PT/4|g45,1
Qwen3.6,Qwen3.5-9B,aime2026_pt,boxed_only,Qwen3.5-9B|aime2026_pt|AIME2026-PT/5|g18,0
Qwen3.6,Qwen3.5-9B,aime2026_pt,boxed_only,Qwen3.5-9B|aime2026_pt|AIME2026-PT/5|g24,0
Qwen3.6,Qwen3.5-9B,aime2026_pt,boxed_only,Qwen3.5-9B|aime2026_pt|AIME2026-PT/6|g13,1
Qwen3.6,Qwen3.5-9B,aime2026_pt,boxed_only,Qwen3.5-9B|aime2026_pt|AIME2026-PT/6|g17,0
Qwen3.6,Qwen3.5-9B,aime2026_pt,boxed_only,Qwen3.5-9B|aime2026_pt|AIME2026-PT/7|g38,0
Qwen3.6,Qwen3.5-9B,aime2026_pt,boxed_only,Qwen3.5-9B|aime2026_pt|AIME2026-PT/7|g48,1
Qwen3.6,Qwen3.5-9B,aime2026_pt,boxed_only,Qwen3.5-9B|aime2026_pt|AIME2026-PT/7|g49,0
Qwen3.6,Qwen3.5-9B,aime2026_pt,boxed_only,Qwen3.5-9B|aime2026_pt|AIME2026-PT/9|g60,1
Qwen3.6,Qwen3.5-9B,aime2026_pt,boxed_only,Qwen3.5-9B|aime2026_pt|AIME2026-PT/9|g9,1
Qwen3.6,Qwen3.5-9B,aime2026_pt,clean,Qwen3.5-9B|aime2026_pt|AIME2026-PT/1|g36,1
Qwen3.6,Qwen3.5-9B,aime2026_pt,clean,Qwen3.5-9B|aime2026_pt|AIME2026-PT/1|g59,1
Qwen3.6,Qwen3.5-9B,aime2026_pt,clean,Qwen3.5-9B|aime2026_pt|AIME2026-PT/1|g7,1
Qwen3.6,Qwen3.5-9B,aime2026_pt,clean,Qwen3.5-9B|aime2026_pt|AIME2026-PT/10|g58,1
Qwen3.6,Qwen3.5-9B,aime2026_pt,clean,Qwen3.5-9B|aime2026_pt|AIME2026-PT/12|g24,1
Qwen3.6,Qwen3.5-9B,aime2026_pt,clean,Qwen3.5-9B|aime2026_pt|AIME2026-PT/12|g29,1
Qwen3.6,Qwen3.5-9B,aime2026_pt,clean,Qwen3.5-9B|aime2026_pt|AIME2026-PT/12|g57,1
Qwen3.6,Qwen3.5-9B,aime2026_pt,clean,Qwen3.5-9B|aime2026_pt|AIME2026-PT/13|g29,1
Qwen3.6,Qwen3.5-9B,aime2026_pt,clean,Qwen3.5-9B|aime2026_pt|AIME2026-PT/14|g4,1
Qwen3.6,Qwen3.5-9B,aime2026_pt,clean,Qwen3.5-9B|aime2026_pt|AIME2026-PT/14|g43,1
Qwen3.6,Qwen3.5-9B,aime2026_pt,clean,Qwen3.5-9B|aime2026_pt|AIME2026-PT/14|g44,1
Qwen3.6,Qwen3.5-9B,aime2026_pt,clean,Qwen3.5-9B|aime2026_pt|AIME2026-PT/14|g55,1
Qwen3.6,Qwen3.5-9B,aime2026_pt,clean,Qwen3.5-9B|aime2026_pt|AIME2026-PT/16|g1,1
Qwen3.6,Qwen3.5-9B,aime2026_pt,clean,Qwen3.5-9B|aime2026_pt|AIME2026-PT/16|g17,1
Qwen3.6,Qwen3.5-9B,aime2026_pt,clean,Qwen3.5-9B|aime2026_pt|AIME2026-PT/16|g18,1
Qwen3.6,Qwen3.5-9B,aime2026_pt,clean,Qwen3.5-9B|aime2026_pt|AIME2026-PT/16|g47,1
Qwen3.6,Qwen3.5-9B,aime2026_pt,clean,Qwen3.5-9B|aime2026_pt|AIME2026-PT/17|g12,1
Qwen3.6,Qwen3.5-9B,aime2026_pt,clean,Qwen3.5-9B|aime2026_pt|AIME2026-PT/17|g18,1
Qwen3.6,Qwen3.5-9B,aime2026_pt,clean,Qwen3.5-9B|aime2026_pt|AIME2026-PT/17|g36,1
Qwen3.6,Qwen3.5-9B,aime2026_pt,clean,Qwen3.5-9B|aime2026_pt|AIME2026-PT/17|g52,0
Qwen3.6,Qwen3.5-9B,aime2026_pt,clean,Qwen3.5-9B|aime2026_pt|AIME2026-PT/18|g43,1
Qwen3.6,Qwen3.5-9B,aime2026_pt,clean,Qwen3.5-9B|aime2026_pt|AIME2026-PT/18|g58,1
Qwen3.6,Qwen3.5-9B,aime2026_pt,clean,Qwen3.5-9B|aime2026_pt|AIME2026-PT/19|g26,1
Qwen3.6,Qwen3.5-9B,aime2026_pt,clean,Qwen3.5-9B|aime2026_pt|AIME2026-PT/19|g3,1
Qwen3.6,Qwen3.5-9B,aime2026_pt,clean,Qwen3.5-9B|aime2026_pt|AIME2026-PT/19|g56,1
Qwen3.6,Qwen3.5-9B,aime2026_pt,clean,Qwen3.5-9B|aime2026_pt|AIME2026-PT/2|g53,1
Qwen3.6,Qwen3.5-9B,aime2026_pt,clean,Qwen3.5-9B|aime2026_pt|AIME2026-PT/2|g7,1
Qwen3.6,Qwen3.5-9B,aime2026_pt,clean,Qwen3.5-9B|aime2026_pt|AIME2026-PT/20|g4,1
Qwen3.6,Qwen3.5-9B,aime2026_pt,clean,Qwen3.5-9B|aime2026_pt|AIME2026-PT/20|g48,1
Qwen3.6,Qwen3.5-9B,aime2026_pt,clean,Qwen3.5-9B|aime2026_pt|AIME2026-PT/20|g49,1
Qwen3.6,Qwen3.5-9B,aime2026_pt,clean,Qwen3.5-9B|aime2026_pt|AIME2026-PT/20|g53,1
Qwen3.6,Qwen3.5-9B,aime2026_pt,clean,Qwen3.5-9B|aime2026_pt|AIME2026-PT/21|g42,1
Qwen3.6,Qwen3.5-9B,aime2026_pt,clean,Qwen3.5-9B|aime2026_pt|AIME2026-PT/21|g8,1
Qwen3.6,Qwen3.5-9B,aime2026_pt,clean,Qwen3.5-9B|aime2026_pt|AIME2026-PT/22|g40,1
Qwen3.6,Qwen3.5-9B,aime2026_pt,clean,Qwen3.5-9B|aime2026_pt|AIME2026-PT/22|g58,1
Qwen3.6,Qwen3.5-9B,aime2026_pt,clean,Qwen3.5-9B|aime2026_pt|AIME2026-PT/23|g2,1
Qwen3.6,Qwen3.5-9B,aime2026_pt,clean,Qwen3.5-9B|aime2026_pt|AIME2026-PT/24|g15,1
Qwen3.6,Qwen3.5-9B,aime2026_pt,clean,Qwen3.5-9B|aime2026_pt|AIME2026-PT/24|g41,1
Qwen3.6,Qwen3.5-9B,aime2026_pt,clean,Qwen3.5-9B|aime2026_pt|AIME2026-PT/24|g44,1
Qwen3.6,Qwen3.5-9B,aime2026_pt,clean,Qwen3.5-9B|aime2026_pt|AIME2026-PT/24|g62,1
Qwen3.6,Qwen3.5-9B,aime2026_pt,clean,Qwen3.5-9B|aime2026_pt|AIME2026-PT/25|g24,1
Qwen3.6,Qwen3.5-9B,aime2026_pt,clean,Qwen3.5-9B|aime2026_pt|AIME2026-PT/25|g28,1
Qwen3.6,Qwen3.5-9B,aime2026_pt,clean,Qwen3.5-9B|aime2026_pt|AIME2026-PT/25|g44,1
Qwen3.6,Qwen3.5-9B,aime2026_pt,clean,Qwen3.5-9B|aime2026_pt|AIME2026-PT/26|g17,1
Qwen3.6,Qwen3.5-9B,aime2026_pt,clean,Qwen3.5-9B|aime2026_pt|AIME2026-PT/26|g20,1
Qwen3.6,Qwen3.5-9B,aime2026_pt,clean,Qwen3.5-9B|aime2026_pt|AIME2026-PT/26|g22,1
Qwen3.6,Qwen3.5-9B,aime2026_pt,clean,Qwen3.5-9B|aime2026_pt|AIME2026-PT/26|g27,1
Qwen3.6,Qwen3.5-9B,aime2026_pt,clean,Qwen3.5-9B|aime2026_pt|AIME2026-PT/27|g11,1
Qwen3.6,Qwen3.5-9B,aime2026_pt,clean,Qwen3.5-9B|aime2026_pt|AIME2026-PT/27|g19,1
Qwen3.6,Qwen3.5-9B,aime2026_pt,clean,Qwen3.5-9B|aime2026_pt|AIME2026-PT/27|g20,1
Qwen3.6,Qwen3.5-9B,aime2026_pt,clean,Qwen3.5-9B|aime2026_pt|AIME2026-PT/27|g3,1
Qwen3.6,Qwen3.5-9B,aime2026_pt,clean,Qwen3.5-9B|aime2026_pt|AIME2026-PT/27|g41,1
Qwen3.6,Qwen3.5-9B,aime2026_pt,clean,Qwen3.5-9B|aime2026_pt|AIME2026-PT/28|g42,1
Qwen3.6,Qwen3.5-9B,aime2026_pt,clean,Qwen3.5-9B|aime2026_pt|AIME2026-PT/28|g61,1
Qwen3.6,Qwen3.5-9B,aime2026_pt,clean,Qwen3.5-9B|aime2026_pt|AIME2026-PT/29|g17,1
Qwen3.6,Qwen3.5-9B,aime2026_pt,clean,Qwen3.5-9B|aime2026_pt|AIME2026-PT/29|g36,1
Qwen3.6,Qwen3.5-9B,aime2026_pt,clean,Qwen3.5-9B|aime2026_pt|AIME2026-PT/3|g19,1
Qwen3.6,Qwen3.5-9B,aime2026_pt,clean,Qwen3.5-9B|aime2026_pt|AIME2026-PT/3|g2,1
Qwen3.6,Qwen3.5-9B,aime2026_pt,clean,Qwen3.5-9B|aime2026_pt|AIME2026-PT/3|g23,1
Qwen3.6,Qwen3.5-9B,aime2026_pt,clean,Qwen3.5-9B|aime2026_pt|AIME2026-PT/3|g6,1
Qwen3.6,Qwen3.5-9B,aime2026_pt,clean,Qwen3.5-9B|aime2026_pt|AIME2026-PT/4|g3,1
Qwen3.6,Qwen3.5-9B,aime2026_pt,clean,Qwen3.5-9B|aime2026_pt|AIME2026-PT/4|g43,1
Qwen3.6,Qwen3.5-9B,aime2026_pt,clean,Qwen3.5-9B|aime2026_pt|AIME2026-PT/4|g45,1
Qwen3.6,Qwen3.5-9B,aime2026_pt,clean,Qwen3.5-9B|aime2026_pt|AIME2026-PT/5|g18,1
Qwen3.6,Qwen3.5-9B,aime2026_pt,clean,Qwen3.5-9B|aime2026_pt|AIME2026-PT/5|g24,1
Qwen3.6,Qwen3.5-9B,aime2026_pt,clean,Qwen3.5-9B|aime2026_pt|AIME2026-PT/6|g13,1
Qwen3.6,Qwen3.5-9B,aime2026_pt,clean,Qwen3.5-9B|aime2026_pt|AIME2026-PT/6|g17,1
Qwen3.6,Qwen3.5-9B,aime2026_pt,clean,Qwen3.5-9B|aime2026_pt|AIME2026-PT/7|g38,1
Qwen3.6,Qwen3.5-9B,aime2026_pt,clean,Qwen3.5-9B|aime2026_pt|AIME2026-PT/7|g48,1
Qwen3.6,Qwen3.5-9B,aime2026_pt,clean,Qwen3.5-9B|aime2026_pt|AIME2026-PT/7|g49,1
Qwen3.6,Qwen3.5-9B,aime2026_pt,clean,Qwen3.5-9B|aime2026_pt|AIME2026-PT/9|g60,1
Qwen3.6,Qwen3.5-9B,aime2026_pt,clean,Qwen3.5-9B|aime2026_pt|AIME2026-PT/9|g9,1
Qwen3.6,Qwen3.5-9B,aime2026_pt,consistent_error,Qwen3.5-9B|aime2026_pt|AIME2026-PT/1|g36,1
Qwen3.6,Qwen3.5-9B,aime2026_pt,consistent_error,Qwen3.5-9B|aime2026_pt|AIME2026-PT/1|g59,0
Qwen3.6,Qwen3.5-9B,aime2026_pt,consistent_error,Qwen3.5-9B|aime2026_pt|AIME2026-PT/1|g7,1
Qwen3.6,Qwen3.5-9B,aime2026_pt,consistent_error,Qwen3.5-9B|aime2026_pt|AIME2026-PT/10|g58,0
Qwen3.6,Qwen3.5-9B,aime2026_pt,consistent_error,Qwen3.5-9B|aime2026_pt|AIME2026-PT/12|g24,1
Qwen3.6,Qwen3.5-9B,aime2026_pt,consistent_error,Qwen3.5-9B|aime2026_pt|AIME2026-PT/12|g29,0
Qwen3.6,Qwen3.5-9B,aime2026_pt,consistent_error,Qwen3.5-9B|aime2026_pt|AIME2026-PT/12|g57,1
Qwen3.6,Qwen3.5-9B,aime2026_pt,consistent_error,Qwen3.5-9B|aime2026_pt|AIME2026-PT/13|g29,1
Qwen3.6,Qwen3.5-9B,aime2026_pt,consistent_error,Qwen3.5-9B|aime2026_pt|AIME2026-PT/14|g4,1
Qwen3.6,Qwen3.5-9B,aime2026_pt,consistent_error,Qwen3.5-9B|aime2026_pt|AIME2026-PT/14|g43,0
Qwen3.6,Qwen3.5-9B,aime2026_pt,consistent_error,Qwen3.5-9B|aime2026_pt|AIME2026-PT/14|g44,0
Qwen3.6,Qwen3.5-9B,aime2026_pt,consistent_error,Qwen3.5-9B|aime2026_pt|AIME2026-PT/14|g55,1
Qwen3.6,Qwen3.5-9B,aime2026_pt,consistent_error,Qwen3.5-9B|aime2026_pt|AIME2026-PT/16|g1,1
Qwen3.6,Qwen3.5-9B,aime2026_pt,consistent_error,Qwen3.5-9B|aime2026_pt|AIME2026-PT/16|g17,1
Qwen3.6,Qwen3.5-9B,aime2026_pt,consistent_error,Qwen3.5-9B|aime2026_pt|AIME2026-PT/16|g18,1
Qwen3.6,Qwen3.5-9B,aime2026_pt,consistent_error,Qwen3.5-9B|aime2026_pt|AIME2026-PT/16|g47,1
Qwen3.6,Qwen3.5-9B,aime2026_pt,consistent_error,Qwen3.5-9B|aime2026_pt|AIME2026-PT/17|g12,0
Qwen3.6,Qwen3.5-9B,aime2026_pt,consistent_error,Qwen3.5-9B|aime2026_pt|AIME2026-PT/17|g18,0
Qwen3.6,Qwen3.5-9B,aime2026_pt,consistent_error,Qwen3.5-9B|aime2026_pt|AIME2026-PT/17|g36,1
Qwen3.6,Qwen3.5-9B,aime2026_pt,consistent_error,Qwen3.5-9B|aime2026_pt|AIME2026-PT/17|g52,0
Qwen3.6,Qwen3.5-9B,aime2026_pt,consistent_error,Qwen3.5-9B|aime2026_pt|AIME2026-PT/18|g43,1
Qwen3.6,Qwen3.5-9B,aime2026_pt,consistent_error,Qwen3.5-9B|aime2026_pt|AIME2026-PT/18|g58,0
Qwen3.6,Qwen3.5-9B,aime2026_pt,consistent_error,Qwen3.5-9B|aime2026_pt|AIME2026-PT/19|g26,1
Qwen3.6,Qwen3.5-9B,aime2026_pt,consistent_error,Qwen3.5-9B|aime2026_pt|AIME2026-PT/19|g3,1
Qwen3.6,Qwen3.5-9B,aime2026_pt,consistent_error,Qwen3.5-9B|aime2026_pt|AIME2026-PT/19|g56,1
Qwen3.6,Qwen3.5-9B,aime2026_pt,consistent_error,Qwen3.5-9B|aime2026_pt|AIME2026-PT/2|g53,1
Qwen3.6,Qwen3.5-9B,aime2026_pt,consistent_error,Qwen3.5-9B|aime2026_pt|AIME2026-PT/2|g7,1
Qwen3.6,Qwen3.5-9B,aime2026_pt,consistent_error,Qwen3.5-9B|aime2026_pt|AIME2026-PT/20|g4,0
Qwen3.6,Qwen3.5-9B,aime2026_pt,consistent_error,Qwen3.5-9B|aime2026_pt|AIME2026-PT/20|g48,1
Qwen3.6,Qwen3.5-9B,aime2026_pt,consistent_error,Qwen3.5-9B|aime2026_pt|AIME2026-PT/20|g49,0
Qwen3.6,Qwen3.5-9B,aime2026_pt,consistent_error,Qwen3.5-9B|aime2026_pt|AIME2026-PT/20|g53,1
Qwen3.6,Qwen3.5-9B,aime2026_pt,consistent_error,Qwen3.5-9B|aime2026_pt|AIME2026-PT/21|g42,1
Qwen3.6,Qwen3.5-9B,aime2026_pt,consistent_error,Qwen3.5-9B|aime2026_pt|AIME2026-PT/21|g8,0
Qwen3.6,Qwen3.5-9B,aime2026_pt,consistent_error,Qwen3.5-9B|aime2026_pt|AIME2026-PT/22|g40,0
Qwen3.6,Qwen3.5-9B,aime2026_pt,consistent_error,Qwen3.5-9B|aime2026_pt|AIME2026-PT/22|g58,1
Qwen3.6,Qwen3.5-9B,aime2026_pt,consistent_error,Qwen3.5-9B|aime2026_pt|AIME2026-PT/23|g2,0
Qwen3.6,Qwen3.5-9B,aime2026_pt,consistent_error,Qwen3.5-9B|aime2026_pt|AIME2026-PT/24|g15,0
Qwen3.6,Qwen3.5-9B,aime2026_pt,consistent_error,Qwen3.5-9B|aime2026_pt|AIME2026-PT/24|g41,1
Qwen3.6,Qwen3.5-9B,aime2026_pt,consistent_error,Qwen3.5-9B|aime2026_pt|AIME2026-PT/24|g44,1
Qwen3.6,Qwen3.5-9B,aime2026_pt,consistent_error,Qwen3.5-9B|aime2026_pt|AIME2026-PT/24|g62,1
Qwen3.6,Qwen3.5-9B,aime2026_pt,consistent_error,Qwen3.5-9B|aime2026_pt|AIME2026-PT/25|g24,1
Qwen3.6,Qwen3.5-9B,aime2026_pt,consistent_error,Qwen3.5-9B|aime2026_pt|AIME2026-PT/25|g28,0
Qwen3.6,Qwen3.5-9B,aime2026_pt,consistent_error,Qwen3.5-9B|aime2026_pt|AIME2026-PT/25|g44,0
Qwen3.6,Qwen3.5-9B,aime2026_pt,consistent_error,Qwen3.5-9B|aime2026_pt|AIME2026-PT/26|g17,1
Qwen3.6,Qwen3.5-9B,aime2026_pt,consistent_error,Qwen3.5-9B|aime2026_pt|AIME2026-PT/26|g20,0
Qwen3.6,Qwen3.5-9B,aime2026_pt,consistent_error,Qwen3.5-9B|aime2026_pt|AIME2026-PT/26|g22,0
Qwen3.6,Qwen3.5-9B,aime2026_pt,consistent_error,Qwen3.5-9B|aime2026_pt|AIME2026-PT/26|g27,1
Qwen3.6,Qwen3.5-9B,aime2026_pt,consistent_error,Qwen3.5-9B|aime2026_pt|AIME2026-PT/27|g11,1
Qwen3.6,Qwen3.5-9B,aime2026_pt,consistent_error,Qwen3.5-9B|aime2026_pt|AIME2026-PT/27|g19,0
Qwen3.6,Qwen3.5-9B,aime2026_pt,consistent_error,Qwen3.5-9B|aime2026_pt|AIME2026-PT/27|g20,1
Qwen3.6,Qwen3.5-9B,aime2026_pt,consistent_error,Qwen3.5-9B|aime2026_pt|AIME2026-PT/27|g3,0
Qwen3.6,Qwen3.5-9B,aime2026_pt,consistent_error,Qwen3.5-9B|aime2026_pt|AIME2026-PT/27|g41,0
Qwen3.6,Qwen3.5-9B,aime2026_pt,consistent_error,Qwen3.5-9B|aime2026_pt|AIME2026-PT/28|g42,1
Qwen3.6,Qwen3.5-9B,aime2026_pt,consistent_error,Qwen3.5-9B|aime2026_pt|AIME2026-PT/28|g61,1
Qwen3.6,Qwen3.5-9B,aime2026_pt,consistent_error,Qwen3.5-9B|aime2026_pt|AIME2026-PT/29|g17,1
Qwen3.6,Qwen3.5-9B,aime2026_pt,consistent_error,Qwen3.5-9B|aime2026_pt|AIME2026-PT/29|g36,0
Qwen3.6,Qwen3.5-9B,aime2026_pt,consistent_error,Qwen3.5-9B|aime2026_pt|AIME2026-PT/3|g19,0
Qwen3.6,Qwen3.5-9B,aime2026_pt,consistent_error,Qwen3.5-9B|aime2026_pt|AIME2026-PT/3|g2,0
Qwen3.6,Qwen3.5-9B,aime2026_pt,consistent_error,Qwen3.5-9B|aime2026_pt|AIME2026-PT/3|g23,1
Qwen3.6,Qwen3.5-9B,aime2026_pt,consistent_error,Qwen3.5-9B|aime2026_pt|AIME2026-PT/3|g6,1
Qwen3.6,Qwen3.5-9B,aime2026_pt,consistent_error,Qwen3.5-9B|aime2026_pt|AIME2026-PT/4|g3,1
Qwen3.6,Qwen3.5-9B,aime2026_pt,consistent_error,Qwen3.5-9B|aime2026_pt|AIME2026-PT/4|g43,1
Qwen3.6,Qwen3.5-9B,aime2026_pt,consistent_error,Qwen3.5-9B|aime2026_pt|AIME2026-PT/4|g45,1
Qwen3.6,Qwen3.5-9B,aime2026_pt,consistent_error,Qwen3.5-9B|aime2026_pt|AIME2026-PT/5|g18,1
Qwen3.6,Qwen3.5-9B,aime2026_pt,consistent_error,Qwen3.5-9B|aime2026_pt|AIME2026-PT/5|g24,1
Qwen3.6,Qwen3.5-9B,aime2026_pt,consistent_error,Qwen3.5-9B|aime2026_pt|AIME2026-PT/6|g13,0
Qwen3.6,Qwen3.5-9B,aime2026_pt,consistent_error,Qwen3.5-9B|aime2026_pt|AIME2026-PT/6|g17,1
Qwen3.6,Qwen3.5-9B,aime2026_pt,consistent_error,Qwen3.5-9B|aime2026_pt|AIME2026-PT/7|g38,1
Qwen3.6,Qwen3.5-9B,aime2026_pt,consistent_error,Qwen3.5-9B|aime2026_pt|AIME2026-PT/7|g48,0
Qwen3.6,Qwen3.5-9B,aime2026_pt,consistent_error,Qwen3.5-9B|aime2026_pt|AIME2026-PT/7|g49,0
Qwen3.6,Qwen3.5-9B,aime2026_pt,consistent_error,Qwen3.5-9B|aime2026_pt|AIME2026-PT/9|g60,0
Qwen3.6,Qwen3.5-9B,aime2026_pt,consistent_error,Qwen3.5-9B|aime2026_pt|AIME2026-PT/9|g9,0
Qwen3.6,Qwen3.5-9B,aime2026_pt,intermediate_error,Qwen3.5-9B|aime2026_pt|AIME2026-PT/1|g36,1
Qwen3.6,Qwen3.5-9B,aime2026_pt,intermediate_error,Qwen3.5-9B|aime2026_pt|AIME2026-PT/1|g59,1
Qwen3.6,Qwen3.5-9B,aime2026_pt,intermediate_error,Qwen3.5-9B|aime2026_pt|AIME2026-PT/1|g7,1
Qwen3.6,Qwen3.5-9B,aime2026_pt,intermediate_error,Qwen3.5-9B|aime2026_pt|AIME2026-PT/10|g58,1
Qwen3.6,Qwen3.5-9B,aime2026_pt,intermediate_error,Qwen3.5-9B|aime2026_pt|AIME2026-PT/12|g24,1
Qwen3.6,Qwen3.5-9B,aime2026_pt,intermediate_error,Qwen3.5-9B|aime2026_pt|AIME2026-PT/12|g29,1
Qwen3.6,Qwen3.5-9B,aime2026_pt,intermediate_error,Qwen3.5-9B|aime2026_pt|AIME2026-PT/12|g57,1
Qwen3.6,Qwen3.5-9B,aime2026_pt,intermediate_error,Qwen3.5-9B|aime2026_pt|AIME2026-PT/13|g29,1
Qwen3.6,Qwen3.5-9B,aime2026_pt,intermediate_error,Qwen3.5-9B|aime2026_pt|AIME2026-PT/14|g4,1
Qwen3.6,Qwen3.5-9B,aime2026_pt,intermediate_error,Qwen3.5-9B|aime2026_pt|AIME2026-PT/14|g43,1
Qwen3.6,Qwen3.5-9B,aime2026_pt,intermediate_error,Qwen3.5-9B|aime2026_pt|AIME2026-PT/14|g44,1
Qwen3.6,Qwen3.5-9B,aime2026_pt,intermediate_error,Qwen3.5-9B|aime2026_pt|AIME2026-PT/14|g55,1
Qwen3.6,Qwen3.5-9B,aime2026_pt,intermediate_error,Qwen3.5-9B|aime2026_pt|AIME2026-PT/16|g1,1
Qwen3.6,Qwen3.5-9B,aime2026_pt,intermediate_error,Qwen3.5-9B|aime2026_pt|AIME2026-PT/16|g17,1
Qwen3.6,Qwen3.5-9B,aime2026_pt,intermediate_error,Qwen3.5-9B|aime2026_pt|AIME2026-PT/16|g18,1
Qwen3.6,Qwen3.5-9B,aime2026_pt,intermediate_error,Qwen3.5-9B|aime2026_pt|AIME2026-PT/16|g47,1
Qwen3.6,Qwen3.5-9B,aime2026_pt,intermediate_error,Qwen3.5-9B|aime2026_pt|AIME2026-PT/17|g12,1
Qwen3.6,Qwen3.5-9B,aime2026_pt,intermediate_error,Qwen3.5-9B|aime2026_pt|AIME2026-PT/17|g18,1
Qwen3.6,Qwen3.5-9B,aime2026_pt,intermediate_error,Qwen3.5-9B|aime2026_pt|AIME2026-PT/17|g36,1
Qwen3.6,Qwen3.5-9B,aime2026_pt,intermediate_error,Qwen3.5-9B|aime2026_pt|AIME2026-PT/17|g52,1
Qwen3.6,Qwen3.5-9B,aime2026_pt,intermediate_error,Qwen3.5-9B|aime2026_pt|AIME2026-PT/18|g43,1
Qwen3.6,Qwen3.5-9B,aime2026_pt,intermediate_error,Qwen3.5-9B|aime2026_pt|AIME2026-PT/18|g58,1
Qwen3.6,Qwen3.5-9B,aime2026_pt,intermediate_error,Qwen3.5-9B|aime2026_pt|AIME2026-PT/19|g26,1
Qwen3.6,Qwen3.5-9B,aime2026_pt,intermediate_error,Qwen3.5-9B|aime2026_pt|AIME2026-PT/19|g3,1
Qwen3.6,Qwen3.5-9B,aime2026_pt,intermediate_error,Qwen3.5-9B|aime2026_pt|AIME2026-PT/19|g56,1
Qwen3.6,Qwen3.5-9B,aime2026_pt,intermediate_error,Qwen3.5-9B|aime2026_pt|AIME2026-PT/2|g53,1
Qwen3.6,Qwen3.5-9B,aime2026_pt,intermediate_error,Qwen3.5-9B|aime2026_pt|AIME2026-PT/2|g7,1
Qwen3.6,Qwen3.5-9B,aime2026_pt,intermediate_error,Qwen3.5-9B|aime2026_pt|AIME2026-PT/20|g4,1
Qwen3.6,Qwen3.5-9B,aime2026_pt,intermediate_error,Qwen3.5-9B|aime2026_pt|AIME2026-PT/20|g48,1
Qwen3.6,Qwen3.5-9B,aime2026_pt,intermediate_error,Qwen3.5-9B|aime2026_pt|AIME2026-PT/20|g49,1
Qwen3.6,Qwen3.5-9B,aime2026_pt,intermediate_error,Qwen3.5-9B|aime2026_pt|AIME2026-PT/20|g53,1
Qwen3.6,Qwen3.5-9B,aime2026_pt,intermediate_error,Qwen3.5-9B|aime2026_pt|AIME2026-PT/21|g42,1
Qwen3.6,Qwen3.5-9B,aime2026_pt,intermediate_error,Qwen3.5-9B|aime2026_pt|AIME2026-PT/21|g8,1
Qwen3.6,Qwen3.5-9B,aime2026_pt,intermediate_error,Qwen3.5-9B|aime2026_pt|AIME2026-PT/22|g40,1
Qwen3.6,Qwen3.5-9B,aime2026_pt,intermediate_error,Qwen3.5-9B|aime2026_pt|AIME2026-PT/22|g58,1
Qwen3.6,Qwen3.5-9B,aime2026_pt,intermediate_error,Qwen3.5-9B|aime2026_pt|AIME2026-PT/23|g2,1
Qwen3.6,Qwen3.5-9B,aime2026_pt,intermediate_error,Qwen3.5-9B|aime2026_pt|AIME2026-PT/24|g15,1
Qwen3.6,Qwen3.5-9B,aime2026_pt,intermediate_error,Qwen3.5-9B|aime2026_pt|AIME2026-PT/24|g41,1
Qwen3.6,Qwen3.5-9B,aime2026_pt,intermediate_error,Qwen3.5-9B|aime2026_pt|AIME2026-PT/24|g44,1
Qwen3.6,Qwen3.5-9B,aime2026_pt,intermediate_error,Qwen3.5-9B|aime2026_pt|AIME2026-PT/24|g62,1
Qwen3.6,Qwen3.5-9B,aime2026_pt,intermediate_error,Qwen3.5-9B|aime2026_pt|AIME2026-PT/25|g24,1
Qwen3.6,Qwen3.5-9B,aime2026_pt,intermediate_error,Qwen3.5-9B|aime2026_pt|AIME2026-PT/25|g28,1
Qwen3.6,Qwen3.5-9B,aime2026_pt,intermediate_error,Qwen3.5-9B|aime2026_pt|AIME2026-PT/25|g44,1
Qwen3.6,Qwen3.5-9B,aime2026_pt,intermediate_error,Qwen3.5-9B|aime2026_pt|AIME2026-PT/26|g17,1
Qwen3.6,Qwen3.5-9B,aime2026_pt,intermediate_error,Qwen3.5-9B|aime2026_pt|AIME2026-PT/26|g20,1
Qwen3.6,Qwen3.5-9B,aime2026_pt,intermediate_error,Qwen3.5-9B|aime2026_pt|AIME2026-PT/26|g22,1
Qwen3.6,Qwen3.5-9B,aime2026_pt,intermediate_error,Qwen3.5-9B|aime2026_pt|AIME2026-PT/26|g27,1
Qwen3.6,Qwen3.5-9B,aime2026_pt,intermediate_error,Qwen3.5-9B|aime2026_pt|AIME2026-PT/27|g11,1
Qwen3.6,Qwen3.5-9B,aime2026_pt,intermediate_error,Qwen3.5-9B|aime2026_pt|AIME2026-PT/27|g19,1
Qwen3.6,Qwen3.5-9B,aime2026_pt,intermediate_error,Qwen3.5-9B|aime2026_pt|AIME2026-PT/27|g20,1
Qwen3.6,Qwen3.5-9B,aime2026_pt,intermediate_error,Qwen3.5-9B|aime2026_pt|AIME2026-PT/27|g3,1
Qwen3.6,Qwen3.5-9B,aime2026_pt,intermediate_error,Qwen3.5-9B|aime2026_pt|AIME2026-PT/27|g41,1
Qwen3.6,Qwen3.5-9B,aime2026_pt,intermediate_error,Qwen3.5-9B|aime2026_pt|AIME2026-PT/28|g42,1
Qwen3.6,Qwen3.5-9B,aime2026_pt,intermediate_error,Qwen3.5-9B|aime2026_pt|AIME2026-PT/28|g61,1
Qwen3.6,Qwen3.5-9B,aime2026_pt,intermediate_error,Qwen3.5-9B|aime2026_pt|AIME2026-PT/29|g17,1
Qwen3.6,Qwen3.5-9B,aime2026_pt,intermediate_error,Qwen3.5-9B|aime2026_pt|AIME2026-PT/29|g36,1
Qwen3.6,Qwen3.5-9B,aime2026_pt,intermediate_error,Qwen3.5-9B|aime2026_pt|AIME2026-PT/3|g19,1
Qwen3.6,Qwen3.5-9B,aime2026_pt,intermediate_error,Qwen3.5-9B|aime2026_pt|AIME2026-PT/3|g2,1
Qwen3.6,Qwen3.5-9B,aime2026_pt,intermediate_error,Qwen3.5-9B|aime2026_pt|AIME2026-PT/3|g23,1
Qwen3.6,Qwen3.5-9B,aime2026_pt,intermediate_error,Qwen3.5-9B|aime2026_pt|AIME2026-PT/3|g6,1
Qwen3.6,Qwen3.5-9B,aime2026_pt,intermediate_error,Qwen3.5-9B|aime2026_pt|AIME2026-PT/4|g3,1
Qwen3.6,Qwen3.5-9B,aime2026_pt,intermediate_error,Qwen3.5-9B|aime2026_pt|AIME2026-PT/4|g43,1
Qwen3.6,Qwen3.5-9B,aime2026_pt,intermediate_error,Qwen3.5-9B|aime2026_pt|AIME2026-PT/4|g45,1
Qwen3.6,Qwen3.5-9B,aime2026_pt,intermediate_error,Qwen3.5-9B|aime2026_pt|AIME2026-PT/5|g18,1
Qwen3.6,Qwen3.5-9B,aime2026_pt,intermediate_error,Qwen3.5-9B|aime2026_pt|AIME2026-PT/5|g24,1
Qwen3.6,Qwen3.5-9B,aime2026_pt,intermediate_error,Qwen3.5-9B|aime2026_pt|AIME2026-PT/6|g13,1
Qwen3.6,Qwen3.5-9B,aime2026_pt,intermediate_error,Qwen3.5-9B|aime2026_pt|AIME2026-PT/6|g17,1
Qwen3.6,Qwen3.5-9B,aime2026_pt,intermediate_error,Qwen3.5-9B|aime2026_pt|AIME2026-PT/7|g38,1
Qwen3.6,Qwen3.5-9B,aime2026_pt,intermediate_error,Qwen3.5-9B|aime2026_pt|AIME2026-PT/7|g48,1
Qwen3.6,Qwen3.5-9B,aime2026_pt,intermediate_error,Qwen3.5-9B|aime2026_pt|AIME2026-PT/7|g49,1
Qwen3.6,Qwen3.5-9B,aime2026_pt,intermediate_error,Qwen3.5-9B|aime2026_pt|AIME2026-PT/9|g60,1
Qwen3.6,Qwen3.5-9B,aime2026_pt,intermediate_error,Qwen3.5-9B|aime2026_pt|AIME2026-PT/9|g9,1
Qwen3.6,Qwen3.5-9B,aime2026_pt,truncated,Qwen3.5-9B|aime2026_pt|AIME2026-PT/1|g36,1
Qwen3.6,Qwen3.5-9B,aime2026_pt,truncated,Qwen3.5-9B|aime2026_pt|AIME2026-PT/1|g59,1
Qwen3.6,Qwen3.5-9B,aime2026_pt,truncated,Qwen3.5-9B|aime2026_pt|AIME2026-PT/1|g7,1
Qwen3.6,Qwen3.5-9B,aime2026_pt,truncated,Qwen3.5-9B|aime2026_pt|AIME2026-PT/10|g58,1
Qwen3.6,Qwen3.5-9B,aime2026_pt,truncated,Qwen3.5-9B|aime2026_pt|AIME2026-PT/12|g24,1
Qwen3.6,Qwen3.5-9B,aime2026_pt,truncated,Qwen3.5-9B|aime2026_pt|AIME2026-PT/12|g29,1
Qwen3.6,Qwen3.5-9B,aime2026_pt,truncated,Qwen3.5-9B|aime2026_pt|AIME2026-PT/12|g57,1
Qwen3.6,Qwen3.5-9B,aime2026_pt,truncated,Qwen3.5-9B|aime2026_pt|AIME2026-PT/13|g29,1
Qwen3.6,Qwen3.5-9B,aime2026_pt,truncated,Qwen3.5-9B|aime2026_pt|AIME2026-PT/14|g4,1
Qwen3.6,Qwen3.5-9B,aime2026_pt,truncated,Qwen3.5-9B|aime2026_pt|AIME2026-PT/14|g43,1
Qwen3.6,Qwen3.5-9B,aime2026_pt,truncated,Qwen3.5-9B|aime2026_pt|AIME2026-PT/14|g44,1
Qwen3.6,Qwen3.5-9B,aime2026_pt,truncated,Qwen3.5-9B|aime2026_pt|AIME2026-PT/14|g55,0
Qwen3.6,Qwen3.5-9B,aime2026_pt,truncated,Qwen3.5-9B|aime2026_pt|AIME2026-PT/16|g1,1
Qwen3.6,Qwen3.5-9B,aime2026_pt,truncated,Qwen3.5-9B|aime2026_pt|AIME2026-PT/16|g17,1
Qwen3.6,Qwen3.5-9B,aime2026_pt,truncated,Qwen3.5-9B|aime2026_pt|AIME2026-PT/16|g18,1
Qwen3.6,Qwen3.5-9B,aime2026_pt,truncated,Qwen3.5-9B|aime2026_pt|AIME2026-PT/16|g47,1
Qwen3.6,Qwen3.5-9B,aime2026_pt,truncated,Qwen3.5-9B|aime2026_pt|AIME2026-PT/17|g12,1
Qwen3.6,Qwen3.5-9B,aime2026_pt,truncated,Qwen3.5-9B|aime2026_pt|AIME2026-PT/17|g18,1
Qwen3.6,Qwen3.5-9B,aime2026_pt,truncated,Qwen3.5-9B|aime2026_pt|AIME2026-PT/17|g36,1
Qwen3.6,Qwen3.5-9B,aime2026_pt,truncated,Qwen3.5-9B|aime2026_pt|AIME2026-PT/17|g52,0
Qwen3.6,Qwen3.5-9B,aime2026_pt,truncated,Qwen3.5-9B|aime2026_pt|AIME2026-PT/18|g43,1
Qwen3.6,Qwen3.5-9B,aime2026_pt,truncated,Qwen3.5-9B|aime2026_pt|AIME2026-PT/18|g58,1
Qwen3.6,Qwen3.5-9B,aime2026_pt,truncated,Qwen3.5-9B|aime2026_pt|AIME2026-PT/19|g26,1
Qwen3.6,Qwen3.5-9B,aime2026_pt,truncated,Qwen3.5-9B|aime2026_pt|AIME2026-PT/19|g3,1
Qwen3.6,Qwen3.5-9B,aime2026_pt,truncated,Qwen3.5-9B|aime2026_pt|AIME2026-PT/19|g56,1
Qwen3.6,Qwen3.5-9B,aime2026_pt,truncated,Qwen3.5-9B|aime2026_pt|AIME2026-PT/2|g53,1
Qwen3.6,Qwen3.5-9B,aime2026_pt,truncated,Qwen3.5-9B|aime2026_pt|AIME2026-PT/2|g7,1
Qwen3.6,Qwen3.5-9B,aime2026_pt,truncated,Qwen3.5-9B|aime2026_pt|AIME2026-PT/20|g4,1
Qwen3.6,Qwen3.5-9B,aime2026_pt,truncated,Qwen3.5-9B|aime2026_pt|AIME2026-PT/20|g48,1
Qwen3.6,Qwen3.5-9B,aime2026_pt,truncated,Qwen3.5-9B|aime2026_pt|AIME2026-PT/20|g49,1
Qwen3.6,Qwen3.5-9B,aime2026_pt,truncated,Qwen3.5-9B|aime2026_pt|AIME2026-PT/20|g53,1
Qwen3.6,Qwen3.5-9B,aime2026_pt,truncated,Qwen3.5-9B|aime2026_pt|AIME2026-PT/21|g42,1
Qwen3.6,Qwen3.5-9B,aime2026_pt,truncated,Qwen3.5-9B|aime2026_pt|AIME2026-PT/21|g8,1
Qwen3.6,Qwen3.5-9B,aime2026_pt,truncated,Qwen3.5-9B|aime2026_pt|AIME2026-PT/22|g40,1
Qwen3.6,Qwen3.5-9B,aime2026_pt,truncated,Qwen3.5-9B|aime2026_pt|AIME2026-PT/22|g58,1
Qwen3.6,Qwen3.5-9B,aime2026_pt,truncated,Qwen3.5-9B|aime2026_pt|AIME2026-PT/23|g2,1
Qwen3.6,Qwen3.5-9B,aime2026_pt,truncated,Qwen3.5-9B|aime2026_pt|AIME2026-PT/24|g15,1
Qwen3.6,Qwen3.5-9B,aime2026_pt,truncated,Qwen3.5-9B|aime2026_pt|AIME2026-PT/24|g41,1
Qwen3.6,Qwen3.5-9B,aime2026_pt,truncated,Qwen3.5-9B|aime2026_pt|AIME2026-PT/24|g44,1
Qwen3.6,Qwen3.5-9B,aime2026_pt,truncated,Qwen3.5-9B|aime2026_pt|AIME2026-PT/24|g62,1
Qwen3.6,Qwen3.5-9B,aime2026_pt,truncated,Qwen3.5-9B|aime2026_pt|AIME2026-PT/25|g24,1
Qwen3.6,Qwen3.5-9B,aime2026_pt,truncated,Qwen3.5-9B|aime2026_pt|AIME2026-PT/25|g28,1
Qwen3.6,Qwen3.5-9B,aime2026_pt,truncated,Qwen3.5-9B|aime2026_pt|AIME2026-PT/25|g44,1
Qwen3.6,Qwen3.5-9B,aime2026_pt,truncated,Qwen3.5-9B|aime2026_pt|AIME2026-PT/26|g17,1
Qwen3.6,Qwen3.5-9B,aime2026_pt,truncated,Qwen3.5-9B|aime2026_pt|AIME2026-PT/26|g20,1
Qwen3.6,Qwen3.5-9B,aime2026_pt,truncated,Qwen3.5-9B|aime2026_pt|AIME2026-PT/26|g22,1
Qwen3.6,Qwen3.5-9B,aime2026_pt,truncated,Qwen3.5-9B|aime2026_pt|AIME2026-PT/26|g27,1
Qwen3.6,Qwen3.5-9B,aime2026_pt,truncated,Qwen3.5-9B|aime2026_pt|AIME2026-PT/27|g11,1
Qwen3.6,Qwen3.5-9B,aime2026_pt,truncated,Qwen3.5-9B|aime2026_pt|AIME2026-PT/27|g19,1
Qwen3.6,Qwen3.5-9B,aime2026_pt,truncated,Qwen3.5-9B|aime2026_pt|AIME2026-PT/27|g20,1
Qwen3.6,Qwen3.5-9B,aime2026_pt,truncated,Qwen3.5-9B|aime2026_pt|AIME2026-PT/27|g3,1
Qwen3.6,Qwen3.5-9B,aime2026_pt,truncated,Qwen3.5-9B|aime2026_pt|AIME2026-PT/27|g41,1
Qwen3.6,Qwen3.5-9B,aime2026_pt,truncated,Qwen3.5-9B|aime2026_pt|AIME2026-PT/28|g42,0
Qwen3.6,Qwen3.5-9B,aime2026_pt,truncated,Qwen3.5-9B|aime2026_pt|AIME2026-PT/28|g61,1
Qwen3.6,Qwen3.5-9B,aime2026_pt,truncated,Qwen3.5-9B|aime2026_pt|AIME2026-PT/29|g17,0
Qwen3.6,Qwen3.5-9B,aime2026_pt,truncated,Qwen3.5-9B|aime2026_pt|AIME2026-PT/29|g36,0
Qwen3.6,Qwen3.5-9B,aime2026_pt,truncated,Qwen3.5-9B|aime2026_pt|AIME2026-PT/3|g19,1
Qwen3.6,Qwen3.5-9B,aime2026_pt,truncated,Qwen3.5-9B|aime2026_pt|AIME2026-PT/3|g2,1
Qwen3.6,Qwen3.5-9B,aime2026_pt,truncated,Qwen3.5-9B|aime2026_pt|AIME2026-PT/3|g23,1
Qwen3.6,Qwen3.5-9B,aime2026_pt,truncated,Qwen3.5-9B|aime2026_pt|AIME2026-PT/3|g6,1
Qwen3.6,Qwen3.5-9B,aime2026_pt,truncated,Qwen3.5-9B|aime2026_pt|AIME2026-PT/4|g3,1
Qwen3.6,Qwen3.5-9B,aime2026_pt,truncated,Qwen3.5-9B|aime2026_pt|AIME2026-PT/4|g43,1
Qwen3.6,Qwen3.5-9B,aime2026_pt,truncated,Qwen3.5-9B|aime2026_pt|AIME2026-PT/4|g45,1
Qwen3.6,Qwen3.5-9B,aime2026_pt,truncated,Qwen3.5-9B|aime2026_pt|AIME2026-PT/5|g18,1
Qwen3.6,Qwen3.5-9B,aime2026_pt,truncated,Qwen3.5-9B|aime2026_pt|AIME2026-PT/5|g24,1
Qwen3.6,Qwen3.5-9B,aime2026_pt,truncated,Qwen3.5-9B|aime2026_pt|AIME2026-PT/6|g13,1
Qwen3.6,Qwen3.5-9B,aime2026_pt,truncated,Qwen3.5-9B|aime2026_pt|AIME2026-PT/6|g17,1
Qwen3.6,Qwen3.5-9B,aime2026_pt,truncated,Qwen3.5-9B|aime2026_pt|AIME2026-PT/7|g38,1
Qwen3.6,Qwen3.5-9B,aime2026_pt,truncated,Qwen3.5-9B|aime2026_pt|AIME2026-PT/7|g48,1
Qwen3.6,Qwen3.5-9B,aime2026_pt,truncated,Qwen3.5-9B|aime2026_pt|AIME2026-PT/7|g49,1
Qwen3.6,Qwen3.5-9B,aime2026_pt,truncated,Qwen3.5-9B|aime2026_pt|AIME2026-PT/9|g60,1
Qwen3.6,Qwen3.5-9B,aime2026_pt,truncated,Qwen3.5-9B|aime2026_pt|AIME2026-PT/9|g9,1
Qwen3.6,Qwen3.5-9B,aime2026_tr,boxed_only,Qwen3.5-9B|aime2026_tr|AIME2026-TR/1|g32,0
Qwen3.6,Qwen3.5-9B,aime2026_tr,boxed_only,Qwen3.5-9B|aime2026_tr|AIME2026-TR/10|g24,0
Qwen3.6,Qwen3.5-9B,aime2026_tr,boxed_only,Qwen3.5-9B|aime2026_tr|AIME2026-TR/10|g27,0
Qwen3.6,Qwen3.5-9B,aime2026_tr,boxed_only,Qwen3.5-9B|aime2026_tr|AIME2026-TR/10|g42,0
Qwen3.6,Qwen3.5-9B,aime2026_tr,boxed_only,Qwen3.5-9B|aime2026_tr|AIME2026-TR/12|g14,1
Qwen3.6,Qwen3.5-9B,aime2026_tr,boxed_only,Qwen3.5-9B|aime2026_tr|AIME2026-TR/12|g19,0
Qwen3.6,Qwen3.5-9B,aime2026_tr,boxed_only,Qwen3.5-9B|aime2026_tr|AIME2026-TR/13|g1,0
Qwen3.6,Qwen3.5-9B,aime2026_tr,boxed_only,Qwen3.5-9B|aime2026_tr|AIME2026-TR/13|g15,0
Qwen3.6,Qwen3.5-9B,aime2026_tr,boxed_only,Qwen3.5-9B|aime2026_tr|AIME2026-TR/13|g6,0
Qwen3.6,Qwen3.5-9B,aime2026_tr,boxed_only,Qwen3.5-9B|aime2026_tr|AIME2026-TR/14|g15,1
Qwen3.6,Qwen3.5-9B,aime2026_tr,boxed_only,Qwen3.5-9B|aime2026_tr|AIME2026-TR/14|g36,0
Qwen3.6,Qwen3.5-9B,aime2026_tr,boxed_only,Qwen3.5-9B|aime2026_tr|AIME2026-TR/14|g48,1
Qwen3.6,Qwen3.5-9B,aime2026_tr,boxed_only,Qwen3.5-9B|aime2026_tr|AIME2026-TR/14|g52,1
Qwen3.6,Qwen3.5-9B,aime2026_tr,boxed_only,Qwen3.5-9B|aime2026_tr|AIME2026-TR/16|g18,0
Qwen3.6,Qwen3.5-9B,aime2026_tr,boxed_only,Qwen3.5-9B|aime2026_tr|AIME2026-TR/16|g27,0
Qwen3.6,Qwen3.5-9B,aime2026_tr,boxed_only,Qwen3.5-9B|aime2026_tr|AIME2026-TR/16|g45,0
Qwen3.6,Qwen3.5-9B,aime2026_tr,boxed_only,Qwen3.5-9B|aime2026_tr|AIME2026-TR/17|g12,1
Qwen3.6,Qwen3.5-9B,aime2026_tr,boxed_only,Qwen3.5-9B|aime2026_tr|AIME2026-TR/17|g39,0
Qwen3.6,Qwen3.5-9B,aime2026_tr,boxed_only,Qwen3.5-9B|aime2026_tr|AIME2026-TR/17|g6,0
Qwen3.6,Qwen3.5-9B,aime2026_tr,boxed_only,Qwen3.5-9B|aime2026_tr|AIME2026-TR/18|g24,0
Qwen3.6,Qwen3.5-9B,aime2026_tr,boxed_only,Qwen3.5-9B|aime2026_tr|AIME2026-TR/18|g35,0
Qwen3.6,Qwen3.5-9B,aime2026_tr,boxed_only,Qwen3.5-9B|aime2026_tr|AIME2026-TR/18|g56,0
Qwen3.6,Qwen3.5-9B,aime2026_tr,boxed_only,Qwen3.5-9B|aime2026_tr|AIME2026-TR/19|g19,1
Qwen3.6,Qwen3.5-9B,aime2026_tr,boxed_only,Qwen3.5-9B|aime2026_tr|AIME2026-TR/19|g24,0
Qwen3.6,Qwen3.5-9B,aime2026_tr,boxed_only,Qwen3.5-9B|aime2026_tr|AIME2026-TR/19|g50,0
Qwen3.6,Qwen3.5-9B,aime2026_tr,boxed_only,Qwen3.5-9B|aime2026_tr|AIME2026-TR/2|g12,1
Qwen3.6,Qwen3.5-9B,aime2026_tr,boxed_only,Qwen3.5-9B|aime2026_tr|AIME2026-TR/2|g22,0
Qwen3.6,Qwen3.5-9B,aime2026_tr,boxed_only,Qwen3.5-9B|aime2026_tr|AIME2026-TR/2|g36,0
Qwen3.6,Qwen3.5-9B,aime2026_tr,boxed_only,Qwen3.5-9B|aime2026_tr|AIME2026-TR/2|g6,0
Qwen3.6,Qwen3.5-9B,aime2026_tr,boxed_only,Qwen3.5-9B|aime2026_tr|AIME2026-TR/20|g15,0
Qwen3.6,Qwen3.5-9B,aime2026_tr,boxed_only,Qwen3.5-9B|aime2026_tr|AIME2026-TR/20|g19,0
Qwen3.6,Qwen3.5-9B,aime2026_tr,boxed_only,Qwen3.5-9B|aime2026_tr|AIME2026-TR/20|g48,0
Qwen3.6,Qwen3.5-9B,aime2026_tr,boxed_only,Qwen3.5-9B|aime2026_tr|AIME2026-TR/21|g42,0
Qwen3.6,Qwen3.5-9B,aime2026_tr,boxed_only,Qwen3.5-9B|aime2026_tr|AIME2026-TR/22|g39,1
Qwen3.6,Qwen3.5-9B,aime2026_tr,boxed_only,Qwen3.5-9B|aime2026_tr|AIME2026-TR/22|g44,1
Qwen3.6,Qwen3.5-9B,aime2026_tr,boxed_only,Qwen3.5-9B|aime2026_tr|AIME2026-TR/22|g49,0
Qwen3.6,Qwen3.5-9B,aime2026_tr,boxed_only,Qwen3.5-9B|aime2026_tr|AIME2026-TR/23|g28,0
Qwen3.6,Qwen3.5-9B,aime2026_tr,boxed_only,Qwen3.5-9B|aime2026_tr|AIME2026-TR/23|g49,0
Qwen3.6,Qwen3.5-9B,aime2026_tr,boxed_only,Qwen3.5-9B|aime2026_tr|AIME2026-TR/24|g28,0
Qwen3.6,Qwen3.5-9B,aime2026_tr,boxed_only,Qwen3.5-9B|aime2026_tr|AIME2026-TR/24|g30,1
Qwen3.6,Qwen3.5-9B,aime2026_tr,boxed_only,Qwen3.5-9B|aime2026_tr|AIME2026-TR/25|g15,1
Qwen3.6,Qwen3.5-9B,aime2026_tr,boxed_only,Qwen3.5-9B|aime2026_tr|AIME2026-TR/25|g19,0
Qwen3.6,Qwen3.5-9B,aime2026_tr,boxed_only,Qwen3.5-9B|aime2026_tr|AIME2026-TR/25|g28,0
Qwen3.6,Qwen3.5-9B,aime2026_tr,boxed_only,Qwen3.5-9B|aime2026_tr|AIME2026-TR/25|g44,0
Qwen3.6,Qwen3.5-9B,aime2026_tr,boxed_only,Qwen3.5-9B|aime2026_tr|AIME2026-TR/25|g47,1
Qwen3.6,Qwen3.5-9B,aime2026_tr,boxed_only,Qwen3.5-9B|aime2026_tr|AIME2026-TR/26|g0,0
Qwen3.6,Qwen3.5-9B,aime2026_tr,boxed_only,Qwen3.5-9B|aime2026_tr|AIME2026-TR/26|g30,0
Qwen3.6,Qwen3.5-9B,aime2026_tr,boxed_only,Qwen3.5-9B|aime2026_tr|AIME2026-TR/26|g38,1
Qwen3.6,Qwen3.5-9B,aime2026_tr,boxed_only,Qwen3.5-9B|aime2026_tr|AIME2026-TR/27|g13,1
Qwen3.6,Qwen3.5-9B,aime2026_tr,boxed_only,Qwen3.5-9B|aime2026_tr|AIME2026-TR/27|g51,0
Qwen3.6,Qwen3.5-9B,aime2026_tr,boxed_only,Qwen3.5-9B|aime2026_tr|AIME2026-TR/28|g2,1
Qwen3.6,Qwen3.5-9B,aime2026_tr,boxed_only,Qwen3.5-9B|aime2026_tr|AIME2026-TR/28|g59,0
Qwen3.6,Qwen3.5-9B,aime2026_tr,boxed_only,Qwen3.5-9B|aime2026_tr|AIME2026-TR/29|g11,0
Qwen3.6,Qwen3.5-9B,aime2026_tr,boxed_only,Qwen3.5-9B|aime2026_tr|AIME2026-TR/3|g13,1
Qwen3.6,Qwen3.5-9B,aime2026_tr,boxed_only,Qwen3.5-9B|aime2026_tr|AIME2026-TR/3|g42,0
Qwen3.6,Qwen3.5-9B,aime2026_tr,boxed_only,Qwen3.5-9B|aime2026_tr|AIME2026-TR/3|g51,0
Qwen3.6,Qwen3.5-9B,aime2026_tr,boxed_only,Qwen3.5-9B|aime2026_tr|AIME2026-TR/4|g49,0
Qwen3.6,Qwen3.5-9B,aime2026_tr,boxed_only,Qwen3.5-9B|aime2026_tr|AIME2026-TR/4|g57,0
Qwen3.6,Qwen3.5-9B,aime2026_tr,boxed_only,Qwen3.5-9B|aime2026_tr|AIME2026-TR/5|g24,1
Qwen3.6,Qwen3.5-9B,aime2026_tr,boxed_only,Qwen3.5-9B|aime2026_tr|AIME2026-TR/5|g36,1
Qwen3.6,Qwen3.5-9B,aime2026_tr,boxed_only,Qwen3.5-9B|aime2026_tr|AIME2026-TR/5|g4,1
Qwen3.6,Qwen3.5-9B,aime2026_tr,boxed_only,Qwen3.5-9B|aime2026_tr|AIME2026-TR/5|g61,0
Qwen3.6,Qwen3.5-9B,aime2026_tr,boxed_only,Qwen3.5-9B|aime2026_tr|AIME2026-TR/6|g16,0
Qwen3.6,Qwen3.5-9B,aime2026_tr,boxed_only,Qwen3.5-9B|aime2026_tr|AIME2026-TR/6|g4,0
Qwen3.6,Qwen3.5-9B,aime2026_tr,boxed_only,Qwen3.5-9B|aime2026_tr|AIME2026-TR/6|g52,1
Qwen3.6,Qwen3.5-9B,aime2026_tr,boxed_only,Qwen3.5-9B|aime2026_tr|AIME2026-TR/6|g56,0
Qwen3.6,Qwen3.5-9B,aime2026_tr,boxed_only,Qwen3.5-9B|aime2026_tr|AIME2026-TR/7|g23,1
Qwen3.6,Qwen3.5-9B,aime2026_tr,boxed_only,Qwen3.5-9B|aime2026_tr|AIME2026-TR/7|g32,0
Qwen3.6,Qwen3.5-9B,aime2026_tr,boxed_only,Qwen3.5-9B|aime2026_tr|AIME2026-TR/7|g37,0
Qwen3.6,Qwen3.5-9B,aime2026_tr,boxed_only,Qwen3.5-9B|aime2026_tr|AIME2026-TR/7|g49,1
Qwen3.6,Qwen3.5-9B,aime2026_tr,boxed_only,Qwen3.5-9B|aime2026_tr|AIME2026-TR/9|g42,0
Qwen3.6,Qwen3.5-9B,aime2026_tr,boxed_only,Qwen3.5-9B|aime2026_tr|AIME2026-TR/9|g50,1
Qwen3.6,Qwen3.5-9B,aime2026_tr,clean,Qwen3.5-9B|aime2026_tr|AIME2026-TR/1|g32,1
Qwen3.6,Qwen3.5-9B,aime2026_tr,clean,Qwen3.5-9B|aime2026_tr|AIME2026-TR/10|g24,1
Qwen3.6,Qwen3.5-9B,aime2026_tr,clean,Qwen3.5-9B|aime2026_tr|AIME2026-TR/10|g27,1
Qwen3.6,Qwen3.5-9B,aime2026_tr,clean,Qwen3.5-9B|aime2026_tr|AIME2026-TR/10|g42,1
Qwen3.6,Qwen3.5-9B,aime2026_tr,clean,Qwen3.5-9B|aime2026_tr|AIME2026-TR/12|g14,1
Qwen3.6,Qwen3.5-9B,aime2026_tr,clean,Qwen3.5-9B|aime2026_tr|AIME2026-TR/12|g19,1
Qwen3.6,Qwen3.5-9B,aime2026_tr,clean,Qwen3.5-9B|aime2026_tr|AIME2026-TR/13|g1,1
Qwen3.6,Qwen3.5-9B,aime2026_tr,clean,Qwen3.5-9B|aime2026_tr|AIME2026-TR/13|g15,1
Qwen3.6,Qwen3.5-9B,aime2026_tr,clean,Qwen3.5-9B|aime2026_tr|AIME2026-TR/13|g6,1
Qwen3.6,Qwen3.5-9B,aime2026_tr,clean,Qwen3.5-9B|aime2026_tr|AIME2026-TR/14|g15,1
Qwen3.6,Qwen3.5-9B,aime2026_tr,clean,Qwen3.5-9B|aime2026_tr|AIME2026-TR/14|g36,1
Qwen3.6,Qwen3.5-9B,aime2026_tr,clean,Qwen3.5-9B|aime2026_tr|AIME2026-TR/14|g48,1
Qwen3.6,Qwen3.5-9B,aime2026_tr,clean,Qwen3.5-9B|aime2026_tr|AIME2026-TR/14|g52,1
Qwen3.6,Qwen3.5-9B,aime2026_tr,clean,Qwen3.5-9B|aime2026_tr|AIME2026-TR/16|g18,1
Qwen3.6,Qwen3.5-9B,aime2026_tr,clean,Qwen3.5-9B|aime2026_tr|AIME2026-TR/16|g27,1
Qwen3.6,Qwen3.5-9B,aime2026_tr,clean,Qwen3.5-9B|aime2026_tr|AIME2026-TR/16|g45,1
Qwen3.6,Qwen3.5-9B,aime2026_tr,clean,Qwen3.5-9B|aime2026_tr|AIME2026-TR/17|g12,1
Qwen3.6,Qwen3.5-9B,aime2026_tr,clean,Qwen3.5-9B|aime2026_tr|AIME2026-TR/17|g39,1
Qwen3.6,Qwen3.5-9B,aime2026_tr,clean,Qwen3.5-9B|aime2026_tr|AIME2026-TR/17|g6,1
Qwen3.6,Qwen3.5-9B,aime2026_tr,clean,Qwen3.5-9B|aime2026_tr|AIME2026-TR/18|g24,1
Qwen3.6,Qwen3.5-9B,aime2026_tr,clean,Qwen3.5-9B|aime2026_tr|AIME2026-TR/18|g35,1
Qwen3.6,Qwen3.5-9B,aime2026_tr,clean,Qwen3.5-9B|aime2026_tr|AIME2026-TR/18|g56,1
Qwen3.6,Qwen3.5-9B,aime2026_tr,clean,Qwen3.5-9B|aime2026_tr|AIME2026-TR/19|g19,1
Qwen3.6,Qwen3.5-9B,aime2026_tr,clean,Qwen3.5-9B|aime2026_tr|AIME2026-TR/19|g24,1
Qwen3.6,Qwen3.5-9B,aime2026_tr,clean,Qwen3.5-9B|aime2026_tr|AIME2026-TR/19|g50,1
Qwen3.6,Qwen3.5-9B,aime2026_tr,clean,Qwen3.5-9B|aime2026_tr|AIME2026-TR/2|g12,1
Qwen3.6,Qwen3.5-9B,aime2026_tr,clean,Qwen3.5-9B|aime2026_tr|AIME2026-TR/2|g22,1
Qwen3.6,Qwen3.5-9B,aime2026_tr,clean,Qwen3.5-9B|aime2026_tr|AIME2026-TR/2|g36,1
Qwen3.6,Qwen3.5-9B,aime2026_tr,clean,Qwen3.5-9B|aime2026_tr|AIME2026-TR/2|g6,1
Qwen3.6,Qwen3.5-9B,aime2026_tr,clean,Qwen3.5-9B|aime2026_tr|AIME2026-TR/20|g15,1
Qwen3.6,Qwen3.5-9B,aime2026_tr,clean,Qwen3.5-9B|aime2026_tr|AIME2026-TR/20|g19,1
Qwen3.6,Qwen3.5-9B,aime2026_tr,clean,Qwen3.5-9B|aime2026_tr|AIME2026-TR/20|g48,1
Qwen3.6,Qwen3.5-9B,aime2026_tr,clean,Qwen3.5-9B|aime2026_tr|AIME2026-TR/21|g42,1
Qwen3.6,Qwen3.5-9B,aime2026_tr,clean,Qwen3.5-9B|aime2026_tr|AIME2026-TR/22|g39,1
Qwen3.6,Qwen3.5-9B,aime2026_tr,clean,Qwen3.5-9B|aime2026_tr|AIME2026-TR/22|g44,1
Qwen3.6,Qwen3.5-9B,aime2026_tr,clean,Qwen3.5-9B|aime2026_tr|AIME2026-TR/22|g49,1
Qwen3.6,Qwen3.5-9B,aime2026_tr,clean,Qwen3.5-9B|aime2026_tr|AIME2026-TR/23|g28,1
Qwen3.6,Qwen3.5-9B,aime2026_tr,clean,Qwen3.5-9B|aime2026_tr|AIME2026-TR/23|g49,1
Qwen3.6,Qwen3.5-9B,aime2026_tr,clean,Qwen3.5-9B|aime2026_tr|AIME2026-TR/24|g28,1
Qwen3.6,Qwen3.5-9B,aime2026_tr,clean,Qwen3.5-9B|aime2026_tr|AIME2026-TR/24|g30,1
Qwen3.6,Qwen3.5-9B,aime2026_tr,clean,Qwen3.5-9B|aime2026_tr|AIME2026-TR/25|g15,1
Qwen3.6,Qwen3.5-9B,aime2026_tr,clean,Qwen3.5-9B|aime2026_tr|AIME2026-TR/25|g19,1
Qwen3.6,Qwen3.5-9B,aime2026_tr,clean,Qwen3.5-9B|aime2026_tr|AIME2026-TR/25|g28,1
Qwen3.6,Qwen3.5-9B,aime2026_tr,clean,Qwen3.5-9B|aime2026_tr|AIME2026-TR/25|g44,1
Qwen3.6,Qwen3.5-9B,aime2026_tr,clean,Qwen3.5-9B|aime2026_tr|AIME2026-TR/25|g47,1
Qwen3.6,Qwen3.5-9B,aime2026_tr,clean,Qwen3.5-9B|aime2026_tr|AIME2026-TR/26|g0,1
Qwen3.6,Qwen3.5-9B,aime2026_tr,clean,Qwen3.5-9B|aime2026_tr|AIME2026-TR/26|g30,1
Qwen3.6,Qwen3.5-9B,aime2026_tr,clean,Qwen3.5-9B|aime2026_tr|AIME2026-TR/26|g38,1
Qwen3.6,Qwen3.5-9B,aime2026_tr,clean,Qwen3.5-9B|aime2026_tr|AIME2026-TR/27|g13,1
Qwen3.6,Qwen3.5-9B,aime2026_tr,clean,Qwen3.5-9B|aime2026_tr|AIME2026-TR/27|g51,1
Qwen3.6,Qwen3.5-9B,aime2026_tr,clean,Qwen3.5-9B|aime2026_tr|AIME2026-TR/28|g2,1
Qwen3.6,Qwen3.5-9B,aime2026_tr,clean,Qwen3.5-9B|aime2026_tr|AIME2026-TR/28|g59,1
Qwen3.6,Qwen3.5-9B,aime2026_tr,clean,Qwen3.5-9B|aime2026_tr|AIME2026-TR/29|g11,1
Qwen3.6,Qwen3.5-9B,aime2026_tr,clean,Qwen3.5-9B|aime2026_tr|AIME2026-TR/3|g13,1
Qwen3.6,Qwen3.5-9B,aime2026_tr,clean,Qwen3.5-9B|aime2026_tr|AIME2026-TR/3|g42,1
Qwen3.6,Qwen3.5-9B,aime2026_tr,clean,Qwen3.5-9B|aime2026_tr|AIME2026-TR/3|g51,1
Qwen3.6,Qwen3.5-9B,aime2026_tr,clean,Qwen3.5-9B|aime2026_tr|AIME2026-TR/4|g49,1
Qwen3.6,Qwen3.5-9B,aime2026_tr,clean,Qwen3.5-9B|aime2026_tr|AIME2026-TR/4|g57,1
Qwen3.6,Qwen3.5-9B,aime2026_tr,clean,Qwen3.5-9B|aime2026_tr|AIME2026-TR/5|g24,1
Qwen3.6,Qwen3.5-9B,aime2026_tr,clean,Qwen3.5-9B|aime2026_tr|AIME2026-TR/5|g36,1
Qwen3.6,Qwen3.5-9B,aime2026_tr,clean,Qwen3.5-9B|aime2026_tr|AIME2026-TR/5|g4,1
Qwen3.6,Qwen3.5-9B,aime2026_tr,clean,Qwen3.5-9B|aime2026_tr|AIME2026-TR/5|g61,1
Qwen3.6,Qwen3.5-9B,aime2026_tr,clean,Qwen3.5-9B|aime2026_tr|AIME2026-TR/6|g16,1
Qwen3.6,Qwen3.5-9B,aime2026_tr,clean,Qwen3.5-9B|aime2026_tr|AIME2026-TR/6|g4,1
Qwen3.6,Qwen3.5-9B,aime2026_tr,clean,Qwen3.5-9B|aime2026_tr|AIME2026-TR/6|g52,1
Qwen3.6,Qwen3.5-9B,aime2026_tr,clean,Qwen3.5-9B|aime2026_tr|AIME2026-TR/6|g56,1
Qwen3.6,Qwen3.5-9B,aime2026_tr,clean,Qwen3.5-9B|aime2026_tr|AIME2026-TR/7|g23,1
Qwen3.6,Qwen3.5-9B,aime2026_tr,clean,Qwen3.5-9B|aime2026_tr|AIME2026-TR/7|g32,1
Qwen3.6,Qwen3.5-9B,aime2026_tr,clean,Qwen3.5-9B|aime2026_tr|AIME2026-TR/7|g37,1
Qwen3.6,Qwen3.5-9B,aime2026_tr,clean,Qwen3.5-9B|aime2026_tr|AIME2026-TR/7|g49,1
Qwen3.6,Qwen3.5-9B,aime2026_tr,clean,Qwen3.5-9B|aime2026_tr|AIME2026-TR/9|g42,1
Qwen3.6,Qwen3.5-9B,aime2026_tr,clean,Qwen3.5-9B|aime2026_tr|AIME2026-TR/9|g50,1
Qwen3.6,Qwen3.5-9B,aime2026_tr,consistent_error,Qwen3.5-9B|aime2026_tr|AIME2026-TR/1|g32,1
Qwen3.6,Qwen3.5-9B,aime2026_tr,consistent_error,Qwen3.5-9B|aime2026_tr|AIME2026-TR/10|g24,0
Qwen3.6,Qwen3.5-9B,aime2026_tr,consistent_error,Qwen3.5-9B|aime2026_tr|AIME2026-TR/10|g27,0
Qwen3.6,Qwen3.5-9B,aime2026_tr,consistent_error,Qwen3.5-9B|aime2026_tr|AIME2026-TR/10|g42,1
Qwen3.6,Qwen3.5-9B,aime2026_tr,consistent_error,Qwen3.5-9B|aime2026_tr|AIME2026-TR/12|g14,1
Qwen3.6,Qwen3.5-9B,aime2026_tr,consistent_error,Qwen3.5-9B|aime2026_tr|AIME2026-TR/12|g19,1
Qwen3.6,Qwen3.5-9B,aime2026_tr,consistent_error,Qwen3.5-9B|aime2026_tr|AIME2026-TR/13|g1,1
Qwen3.6,Qwen3.5-9B,aime2026_tr,consistent_error,Qwen3.5-9B|aime2026_tr|AIME2026-TR/13|g15,0
Qwen3.6,Qwen3.5-9B,aime2026_tr,consistent_error,Qwen3.5-9B|aime2026_tr|AIME2026-TR/13|g6,1
Qwen3.6,Qwen3.5-9B,aime2026_tr,consistent_error,Qwen3.5-9B|aime2026_tr|AIME2026-TR/14|g15,1
Qwen3.6,Qwen3.5-9B,aime2026_tr,consistent_error,Qwen3.5-9B|aime2026_tr|AIME2026-TR/14|g36,1
Qwen3.6,Qwen3.5-9B,aime2026_tr,consistent_error,Qwen3.5-9B|aime2026_tr|AIME2026-TR/14|g48,0
Qwen3.6,Qwen3.5-9B,aime2026_tr,consistent_error,Qwen3.5-9B|aime2026_tr|AIME2026-TR/14|g52,1
Qwen3.6,Qwen3.5-9B,aime2026_tr,consistent_error,Qwen3.5-9B|aime2026_tr|AIME2026-TR/16|g18,1
Qwen3.6,Qwen3.5-9B,aime2026_tr,consistent_error,Qwen3.5-9B|aime2026_tr|AIME2026-TR/16|g27,1
Qwen3.6,Qwen3.5-9B,aime2026_tr,consistent_error,Qwen3.5-9B|aime2026_tr|AIME2026-TR/16|g45,0
Qwen3.6,Qwen3.5-9B,aime2026_tr,consistent_error,Qwen3.5-9B|aime2026_tr|AIME2026-TR/17|g12,1
Qwen3.6,Qwen3.5-9B,aime2026_tr,consistent_error,Qwen3.5-9B|aime2026_tr|AIME2026-TR/17|g39,1
Qwen3.6,Qwen3.5-9B,aime2026_tr,consistent_error,Qwen3.5-9B|aime2026_tr|AIME2026-TR/17|g6,1
Qwen3.6,Qwen3.5-9B,aime2026_tr,consistent_error,Qwen3.5-9B|aime2026_tr|AIME2026-TR/18|g24,1
Qwen3.6,Qwen3.5-9B,aime2026_tr,consistent_error,Qwen3.5-9B|aime2026_tr|AIME2026-TR/18|g35,0
Qwen3.6,Qwen3.5-9B,aime2026_tr,consistent_error,Qwen3.5-9B|aime2026_tr|AIME2026-TR/18|g56,1
Qwen3.6,Qwen3.5-9B,aime2026_tr,consistent_error,Qwen3.5-9B|aime2026_tr|AIME2026-TR/19|g19,1
Qwen3.6,Qwen3.5-9B,aime2026_tr,consistent_error,Qwen3.5-9B|aime2026_tr|AIME2026-TR/19|g24,1
Qwen3.6,Qwen3.5-9B,aime2026_tr,consistent_error,Qwen3.5-9B|aime2026_tr|AIME2026-TR/19|g50,1
Qwen3.6,Qwen3.5-9B,aime2026_tr,consistent_error,Qwen3.5-9B|aime2026_tr|AIME2026-TR/2|g12,1
Qwen3.6,Qwen3.5-9B,aime2026_tr,consistent_error,Qwen3.5-9B|aime2026_tr|AIME2026-TR/2|g22,1
Qwen3.6,Qwen3.5-9B,aime2026_tr,consistent_error,Qwen3.5-9B|aime2026_tr|AIME2026-TR/2|g36,1
Qwen3.6,Qwen3.5-9B,aime2026_tr,consistent_error,Qwen3.5-9B|aime2026_tr|AIME2026-TR/2|g6,1
Qwen3.6,Qwen3.5-9B,aime2026_tr,consistent_error,Qwen3.5-9B|aime2026_tr|AIME2026-TR/20|g15,1
Qwen3.6,Qwen3.5-9B,aime2026_tr,consistent_error,Qwen3.5-9B|aime2026_tr|AIME2026-TR/20|g19,1
Qwen3.6,Qwen3.5-9B,aime2026_tr,consistent_error,Qwen3.5-9B|aime2026_tr|AIME2026-TR/20|g48,1
Qwen3.6,Qwen3.5-9B,aime2026_tr,consistent_error,Qwen3.5-9B|aime2026_tr|AIME2026-TR/21|g42,1
Qwen3.6,Qwen3.5-9B,aime2026_tr,consistent_error,Qwen3.5-9B|aime2026_tr|AIME2026-TR/22|g39,1
Qwen3.6,Qwen3.5-9B,aime2026_tr,consistent_error,Qwen3.5-9B|aime2026_tr|AIME2026-TR/22|g44,1
Qwen3.6,Qwen3.5-9B,aime2026_tr,consistent_error,Qwen3.5-9B|aime2026_tr|AIME2026-TR/22|g49,1
Qwen3.6,Qwen3.5-9B,aime2026_tr,consistent_error,Qwen3.5-9B|aime2026_tr|AIME2026-TR/23|g28,0
Qwen3.6,Qwen3.5-9B,aime2026_tr,consistent_error,Qwen3.5-9B|aime2026_tr|AIME2026-TR/23|g49,1
Qwen3.6,Qwen3.5-9B,aime2026_tr,consistent_error,Qwen3.5-9B|aime2026_tr|AIME2026-TR/24|g28,1
Qwen3.6,Qwen3.5-9B,aime2026_tr,consistent_error,Qwen3.5-9B|aime2026_tr|AIME2026-TR/24|g30,1
Qwen3.6,Qwen3.5-9B,aime2026_tr,consistent_error,Qwen3.5-9B|aime2026_tr|AIME2026-TR/25|g15,0
Qwen3.6,Qwen3.5-9B,aime2026_tr,consistent_error,Qwen3.5-9B|aime2026_tr|AIME2026-TR/25|g19,1
Qwen3.6,Qwen3.5-9B,aime2026_tr,consistent_error,Qwen3.5-9B|aime2026_tr|AIME2026-TR/25|g28,1
Qwen3.6,Qwen3.5-9B,aime2026_tr,consistent_error,Qwen3.5-9B|aime2026_tr|AIME2026-TR/25|g44,0
Qwen3.6,Qwen3.5-9B,aime2026_tr,consistent_error,Qwen3.5-9B|aime2026_tr|AIME2026-TR/25|g47,0
Qwen3.6,Qwen3.5-9B,aime2026_tr,consistent_error,Qwen3.5-9B|aime2026_tr|AIME2026-TR/26|g0,1
Qwen3.6,Qwen3.5-9B,aime2026_tr,consistent_error,Qwen3.5-9B|aime2026_tr|AIME2026-TR/26|g30,0
Qwen3.6,Qwen3.5-9B,aime2026_tr,consistent_error,Qwen3.5-9B|aime2026_tr|AIME2026-TR/26|g38,0
Qwen3.6,Qwen3.5-9B,aime2026_tr,consistent_error,Qwen3.5-9B|aime2026_tr|AIME2026-TR/27|g13,1
Qwen3.6,Qwen3.5-9B,aime2026_tr,consistent_error,Qwen3.5-9B|aime2026_tr|AIME2026-TR/27|g51,1
Qwen3.6,Qwen3.5-9B,aime2026_tr,consistent_error,Qwen3.5-9B|aime2026_tr|AIME2026-TR/28|g2,0
Qwen3.6,Qwen3.5-9B,aime2026_tr,consistent_error,Qwen3.5-9B|aime2026_tr|AIME2026-TR/28|g59,1
Qwen3.6,Qwen3.5-9B,aime2026_tr,consistent_error,Qwen3.5-9B|aime2026_tr|AIME2026-TR/29|g11,0
Qwen3.6,Qwen3.5-9B,aime2026_tr,consistent_error,Qwen3.5-9B|aime2026_tr|AIME2026-TR/3|g13,0
Qwen3.6,Qwen3.5-9B,aime2026_tr,consistent_error,Qwen3.5-9B|aime2026_tr|AIME2026-TR/3|g42,1
Qwen3.6,Qwen3.5-9B,aime2026_tr,consistent_error,Qwen3.5-9B|aime2026_tr|AIME2026-TR/3|g51,1
Qwen3.6,Qwen3.5-9B,aime2026_tr,consistent_error,Qwen3.5-9B|aime2026_tr|AIME2026-TR/4|g49,1
Qwen3.6,Qwen3.5-9B,aime2026_tr,consistent_error,Qwen3.5-9B|aime2026_tr|AIME2026-TR/4|g57,1
Qwen3.6,Qwen3.5-9B,aime2026_tr,consistent_error,Qwen3.5-9B|aime2026_tr|AIME2026-TR/5|g24,1
Qwen3.6,Qwen3.5-9B,aime2026_tr,consistent_error,Qwen3.5-9B|aime2026_tr|AIME2026-TR/5|g36,1
Qwen3.6,Qwen3.5-9B,aime2026_tr,consistent_error,Qwen3.5-9B|aime2026_tr|AIME2026-TR/5|g4,1
Qwen3.6,Qwen3.5-9B,aime2026_tr,consistent_error,Qwen3.5-9B|aime2026_tr|AIME2026-TR/5|g61,1
Qwen3.6,Qwen3.5-9B,aime2026_tr,consistent_error,Qwen3.5-9B|aime2026_tr|AIME2026-TR/6|g16,1
Qwen3.6,Qwen3.5-9B,aime2026_tr,consistent_error,Qwen3.5-9B|aime2026_tr|AIME2026-TR/6|g4,0
Qwen3.6,Qwen3.5-9B,aime2026_tr,consistent_error,Qwen3.5-9B|aime2026_tr|AIME2026-TR/6|g52,0
Qwen3.6,Qwen3.5-9B,aime2026_tr,consistent_error,Qwen3.5-9B|aime2026_tr|AIME2026-TR/6|g56,1
Qwen3.6,Qwen3.5-9B,aime2026_tr,consistent_error,Qwen3.5-9B|aime2026_tr|AIME2026-TR/7|g23,0
Qwen3.6,Qwen3.5-9B,aime2026_tr,consistent_error,Qwen3.5-9B|aime2026_tr|AIME2026-TR/7|g32,0
Qwen3.6,Qwen3.5-9B,aime2026_tr,consistent_error,Qwen3.5-9B|aime2026_tr|AIME2026-TR/7|g37,0
Qwen3.6,Qwen3.5-9B,aime2026_tr,consistent_error,Qwen3.5-9B|aime2026_tr|AIME2026-TR/7|g49,0
Qwen3.6,Qwen3.5-9B,aime2026_tr,consistent_error,Qwen3.5-9B|aime2026_tr|AIME2026-TR/9|g42,0
Qwen3.6,Qwen3.5-9B,aime2026_tr,consistent_error,Qwen3.5-9B|aime2026_tr|AIME2026-TR/9|g50,1
Qwen3.6,Qwen3.5-9B,aime2026_tr,intermediate_error,Qwen3.5-9B|aime2026_tr|AIME2026-TR/1|g32,1
Qwen3.6,Qwen3.5-9B,aime2026_tr,intermediate_error,Qwen3.5-9B|aime2026_tr|AIME2026-TR/10|g24,1
Qwen3.6,Qwen3.5-9B,aime2026_tr,intermediate_error,Qwen3.5-9B|aime2026_tr|AIME2026-TR/10|g27,1
Qwen3.6,Qwen3.5-9B,aime2026_tr,intermediate_error,Qwen3.5-9B|aime2026_tr|AIME2026-TR/10|g42,1
Qwen3.6,Qwen3.5-9B,aime2026_tr,intermediate_error,Qwen3.5-9B|aime2026_tr|AIME2026-TR/12|g14,1
Qwen3.6,Qwen3.5-9B,aime2026_tr,intermediate_error,Qwen3.5-9B|aime2026_tr|AIME2026-TR/12|g19,1
Qwen3.6,Qwen3.5-9B,aime2026_tr,intermediate_error,Qwen3.5-9B|aime2026_tr|AIME2026-TR/13|g1,1
Qwen3.6,Qwen3.5-9B,aime2026_tr,intermediate_error,Qwen3.5-9B|aime2026_tr|AIME2026-TR/13|g15,1
Qwen3.6,Qwen3.5-9B,aime2026_tr,intermediate_error,Qwen3.5-9B|aime2026_tr|AIME2026-TR/13|g6,1
Qwen3.6,Qwen3.5-9B,aime2026_tr,intermediate_error,Qwen3.5-9B|aime2026_tr|AIME2026-TR/14|g15,1
Qwen3.6,Qwen3.5-9B,aime2026_tr,intermediate_error,Qwen3.5-9B|aime2026_tr|AIME2026-TR/14|g36,1
Qwen3.6,Qwen3.5-9B,aime2026_tr,intermediate_error,Qwen3.5-9B|aime2026_tr|AIME2026-TR/14|g48,1
Qwen3.6,Qwen3.5-9B,aime2026_tr,intermediate_error,Qwen3.5-9B|aime2026_tr|AIME2026-TR/14|g52,1
Qwen3.6,Qwen3.5-9B,aime2026_tr,intermediate_error,Qwen3.5-9B|aime2026_tr|AIME2026-TR/16|g18,1
Qwen3.6,Qwen3.5-9B,aime2026_tr,intermediate_error,Qwen3.5-9B|aime2026_tr|AIME2026-TR/16|g27,1
Qwen3.6,Qwen3.5-9B,aime2026_tr,intermediate_error,Qwen3.5-9B|aime2026_tr|AIME2026-TR/16|g45,1
Qwen3.6,Qwen3.5-9B,aime2026_tr,intermediate_error,Qwen3.5-9B|aime2026_tr|AIME2026-TR/17|g12,1
Qwen3.6,Qwen3.5-9B,aime2026_tr,intermediate_error,Qwen3.5-9B|aime2026_tr|AIME2026-TR/17|g39,1
Qwen3.6,Qwen3.5-9B,aime2026_tr,intermediate_error,Qwen3.5-9B|aime2026_tr|AIME2026-TR/17|g6,1
Qwen3.6,Qwen3.5-9B,aime2026_tr,intermediate_error,Qwen3.5-9B|aime2026_tr|AIME2026-TR/18|g24,1
Qwen3.6,Qwen3.5-9B,aime2026_tr,intermediate_error,Qwen3.5-9B|aime2026_tr|AIME2026-TR/18|g35,1
Qwen3.6,Qwen3.5-9B,aime2026_tr,intermediate_error,Qwen3.5-9B|aime2026_tr|AIME2026-TR/18|g56,1
Qwen3.6,Qwen3.5-9B,aime2026_tr,intermediate_error,Qwen3.5-9B|aime2026_tr|AIME2026-TR/19|g19,1
Qwen3.6,Qwen3.5-9B,aime2026_tr,intermediate_error,Qwen3.5-9B|aime2026_tr|AIME2026-TR/19|g24,1
Qwen3.6,Qwen3.5-9B,aime2026_tr,intermediate_error,Qwen3.5-9B|aime2026_tr|AIME2026-TR/19|g50,1
Qwen3.6,Qwen3.5-9B,aime2026_tr,intermediate_error,Qwen3.5-9B|aime2026_tr|AIME2026-TR/2|g12,1
Qwen3.6,Qwen3.5-9B,aime2026_tr,intermediate_error,Qwen3.5-9B|aime2026_tr|AIME2026-TR/2|g22,1
Qwen3.6,Qwen3.5-9B,aime2026_tr,intermediate_error,Qwen3.5-9B|aime2026_tr|AIME2026-TR/2|g36,1
Qwen3.6,Qwen3.5-9B,aime2026_tr,intermediate_error,Qwen3.5-9B|aime2026_tr|AIME2026-TR/2|g6,1
Qwen3.6,Qwen3.5-9B,aime2026_tr,intermediate_error,Qwen3.5-9B|aime2026_tr|AIME2026-TR/20|g15,1
Qwen3.6,Qwen3.5-9B,aime2026_tr,intermediate_error,Qwen3.5-9B|aime2026_tr|AIME2026-TR/20|g19,1
Qwen3.6,Qwen3.5-9B,aime2026_tr,intermediate_error,Qwen3.5-9B|aime2026_tr|AIME2026-TR/20|g48,1
Qwen3.6,Qwen3.5-9B,aime2026_tr,intermediate_error,Qwen3.5-9B|aime2026_tr|AIME2026-TR/21|g42,1
Qwen3.6,Qwen3.5-9B,aime2026_tr,intermediate_error,Qwen3.5-9B|aime2026_tr|AIME2026-TR/22|g39,1
Qwen3.6,Qwen3.5-9B,aime2026_tr,intermediate_error,Qwen3.5-9B|aime2026_tr|AIME2026-TR/22|g44,1
Qwen3.6,Qwen3.5-9B,aime2026_tr,intermediate_error,Qwen3.5-9B|aime2026_tr|AIME2026-TR/22|g49,1
Qwen3.6,Qwen3.5-9B,aime2026_tr,intermediate_error,Qwen3.5-9B|aime2026_tr|AIME2026-TR/23|g28,1
Qwen3.6,Qwen3.5-9B,aime2026_tr,intermediate_error,Qwen3.5-9B|aime2026_tr|AIME2026-TR/23|g49,1
Qwen3.6,Qwen3.5-9B,aime2026_tr,intermediate_error,Qwen3.5-9B|aime2026_tr|AIME2026-TR/24|g28,1
Qwen3.6,Qwen3.5-9B,aime2026_tr,intermediate_error,Qwen3.5-9B|aime2026_tr|AIME2026-TR/24|g30,1
Qwen3.6,Qwen3.5-9B,aime2026_tr,intermediate_error,Qwen3.5-9B|aime2026_tr|AIME2026-TR/25|g15,1
Qwen3.6,Qwen3.5-9B,aime2026_tr,intermediate_error,Qwen3.5-9B|aime2026_tr|AIME2026-TR/25|g19,1
Qwen3.6,Qwen3.5-9B,aime2026_tr,intermediate_error,Qwen3.5-9B|aime2026_tr|AIME2026-TR/25|g28,1
Qwen3.6,Qwen3.5-9B,aime2026_tr,intermediate_error,Qwen3.5-9B|aime2026_tr|AIME2026-TR/25|g44,1
Qwen3.6,Qwen3.5-9B,aime2026_tr,intermediate_error,Qwen3.5-9B|aime2026_tr|AIME2026-TR/25|g47,1
Qwen3.6,Qwen3.5-9B,aime2026_tr,intermediate_error,Qwen3.5-9B|aime2026_tr|AIME2026-TR/26|g0,1
Qwen3.6,Qwen3.5-9B,aime2026_tr,intermediate_error,Qwen3.5-9B|aime2026_tr|AIME2026-TR/26|g30,1
Qwen3.6,Qwen3.5-9B,aime2026_tr,intermediate_error,Qwen3.5-9B|aime2026_tr|AIME2026-TR/26|g38,1
Qwen3.6,Qwen3.5-9B,aime2026_tr,intermediate_error,Qwen3.5-9B|aime2026_tr|AIME2026-TR/27|g13,1
Qwen3.6,Qwen3.5-9B,aime2026_tr,intermediate_error,Qwen3.5-9B|aime2026_tr|AIME2026-TR/27|g51,1
Qwen3.6,Qwen3.5-9B,aime2026_tr,intermediate_error,Qwen3.5-9B|aime2026_tr|AIME2026-TR/28|g2,1
Qwen3.6,Qwen3.5-9B,aime2026_tr,intermediate_error,Qwen3.5-9B|aime2026_tr|AIME2026-TR/28|g59,1
Qwen3.6,Qwen3.5-9B,aime2026_tr,intermediate_error,Qwen3.5-9B|aime2026_tr|AIME2026-TR/29|g11,1
Qwen3.6,Qwen3.5-9B,aime2026_tr,intermediate_error,Qwen3.5-9B|aime2026_tr|AIME2026-TR/3|g13,1
Qwen3.6,Qwen3.5-9B,aime2026_tr,intermediate_error,Qwen3.5-9B|aime2026_tr|AIME2026-TR/3|g42,1
Qwen3.6,Qwen3.5-9B,aime2026_tr,intermediate_error,Qwen3.5-9B|aime2026_tr|AIME2026-TR/3|g51,1
Qwen3.6,Qwen3.5-9B,aime2026_tr,intermediate_error,Qwen3.5-9B|aime2026_tr|AIME2026-TR/4|g49,1
Qwen3.6,Qwen3.5-9B,aime2026_tr,intermediate_error,Qwen3.5-9B|aime2026_tr|AIME2026-TR/4|g57,1
Qwen3.6,Qwen3.5-9B,aime2026_tr,intermediate_error,Qwen3.5-9B|aime2026_tr|AIME2026-TR/5|g24,1
Qwen3.6,Qwen3.5-9B,aime2026_tr,intermediate_error,Qwen3.5-9B|aime2026_tr|AIME2026-TR/5|g36,1
Qwen3.6,Qwen3.5-9B,aime2026_tr,intermediate_error,Qwen3.5-9B|aime2026_tr|AIME2026-TR/5|g4,1
Qwen3.6,Qwen3.5-9B,aime2026_tr,intermediate_error,Qwen3.5-9B|aime2026_tr|AIME2026-TR/5|g61,1
Qwen3.6,Qwen3.5-9B,aime2026_tr,intermediate_error,Qwen3.5-9B|aime2026_tr|AIME2026-TR/6|g16,0
Qwen3.6,Qwen3.5-9B,aime2026_tr,intermediate_error,Qwen3.5-9B|aime2026_tr|AIME2026-TR/6|g4,1
Qwen3.6,Qwen3.5-9B,aime2026_tr,intermediate_error,Qwen3.5-9B|aime2026_tr|AIME2026-TR/6|g52,1
Qwen3.6,Qwen3.5-9B,aime2026_tr,intermediate_error,Qwen3.5-9B|aime2026_tr|AIME2026-TR/6|g56,1
Qwen3.6,Qwen3.5-9B,aime2026_tr,intermediate_error,Qwen3.5-9B|aime2026_tr|AIME2026-TR/7|g23,1
Qwen3.6,Qwen3.5-9B,aime2026_tr,intermediate_error,Qwen3.5-9B|aime2026_tr|AIME2026-TR/7|g32,1
Qwen3.6,Qwen3.5-9B,aime2026_tr,intermediate_error,Qwen3.5-9B|aime2026_tr|AIME2026-TR/7|g37,1
Qwen3.6,Qwen3.5-9B,aime2026_tr,intermediate_error,Qwen3.5-9B|aime2026_tr|AIME2026-TR/7|g49,1
Qwen3.6,Qwen3.5-9B,aime2026_tr,intermediate_error,Qwen3.5-9B|aime2026_tr|AIME2026-TR/9|g42,1
Qwen3.6,Qwen3.5-9B,aime2026_tr,intermediate_error,Qwen3.5-9B|aime2026_tr|AIME2026-TR/9|g50,1
Qwen3.6,Qwen3.5-9B,aime2026_tr,truncated,Qwen3.5-9B|aime2026_tr|AIME2026-TR/1|g32,1
Qwen3.6,Qwen3.5-9B,aime2026_tr,truncated,Qwen3.5-9B|aime2026_tr|AIME2026-TR/10|g24,1
Qwen3.6,Qwen3.5-9B,aime2026_tr,truncated,Qwen3.5-9B|aime2026_tr|AIME2026-TR/10|g27,1
Qwen3.6,Qwen3.5-9B,aime2026_tr,truncated,Qwen3.5-9B|aime2026_tr|AIME2026-TR/10|g42,1
Qwen3.6,Qwen3.5-9B,aime2026_tr,truncated,Qwen3.5-9B|aime2026_tr|AIME2026-TR/12|g14,1
Qwen3.6,Qwen3.5-9B,aime2026_tr,truncated,Qwen3.5-9B|aime2026_tr|AIME2026-TR/12|g19,1
Qwen3.6,Qwen3.5-9B,aime2026_tr,truncated,Qwen3.5-9B|aime2026_tr|AIME2026-TR/13|g1,1
Qwen3.6,Qwen3.5-9B,aime2026_tr,truncated,Qwen3.5-9B|aime2026_tr|AIME2026-TR/13|g15,1
Qwen3.6,Qwen3.5-9B,aime2026_tr,truncated,Qwen3.5-9B|aime2026_tr|AIME2026-TR/13|g6,1
Qwen3.6,Qwen3.5-9B,aime2026_tr,truncated,Qwen3.5-9B|aime2026_tr|AIME2026-TR/14|g15,1
Qwen3.6,Qwen3.5-9B,aime2026_tr,truncated,Qwen3.5-9B|aime2026_tr|AIME2026-TR/14|g36,1
Qwen3.6,Qwen3.5-9B,aime2026_tr,truncated,Qwen3.5-9B|aime2026_tr|AIME2026-TR/14|g48,1
Qwen3.6,Qwen3.5-9B,aime2026_tr,truncated,Qwen3.5-9B|aime2026_tr|AIME2026-TR/14|g52,1
Qwen3.6,Qwen3.5-9B,aime2026_tr,truncated,Qwen3.5-9B|aime2026_tr|AIME2026-TR/16|g18,1
Qwen3.6,Qwen3.5-9B,aime2026_tr,truncated,Qwen3.5-9B|aime2026_tr|AIME2026-TR/16|g27,1
Qwen3.6,Qwen3.5-9B,aime2026_tr,truncated,Qwen3.5-9B|aime2026_tr|AIME2026-TR/16|g45,1
Qwen3.6,Qwen3.5-9B,aime2026_tr,truncated,Qwen3.5-9B|aime2026_tr|AIME2026-TR/17|g12,0
Qwen3.6,Qwen3.5-9B,aime2026_tr,truncated,Qwen3.5-9B|aime2026_tr|AIME2026-TR/17|g39,1
Qwen3.6,Qwen3.5-9B,aime2026_tr,truncated,Qwen3.5-9B|aime2026_tr|AIME2026-TR/17|g6,1
Qwen3.6,Qwen3.5-9B,aime2026_tr,truncated,Qwen3.5-9B|aime2026_tr|AIME2026-TR/18|g24,1
Qwen3.6,Qwen3.5-9B,aime2026_tr,truncated,Qwen3.5-9B|aime2026_tr|AIME2026-TR/18|g35,1
Qwen3.6,Qwen3.5-9B,aime2026_tr,truncated,Qwen3.5-9B|aime2026_tr|AIME2026-TR/18|g56,1
Qwen3.6,Qwen3.5-9B,aime2026_tr,truncated,Qwen3.5-9B|aime2026_tr|AIME2026-TR/19|g19,1
Qwen3.6,Qwen3.5-9B,aime2026_tr,truncated,Qwen3.5-9B|aime2026_tr|AIME2026-TR/19|g24,1
Qwen3.6,Qwen3.5-9B,aime2026_tr,truncated,Qwen3.5-9B|aime2026_tr|AIME2026-TR/19|g50,1
Qwen3.6,Qwen3.5-9B,aime2026_tr,truncated,Qwen3.5-9B|aime2026_tr|AIME2026-TR/2|g12,1
Qwen3.6,Qwen3.5-9B,aime2026_tr,truncated,Qwen3.5-9B|aime2026_tr|AIME2026-TR/2|g22,1
Qwen3.6,Qwen3.5-9B,aime2026_tr,truncated,Qwen3.5-9B|aime2026_tr|AIME2026-TR/2|g36,1
Qwen3.6,Qwen3.5-9B,aime2026_tr,truncated,Qwen3.5-9B|aime2026_tr|AIME2026-TR/2|g6,1
Qwen3.6,Qwen3.5-9B,aime2026_tr,truncated,Qwen3.5-9B|aime2026_tr|AIME2026-TR/20|g15,1
Qwen3.6,Qwen3.5-9B,aime2026_tr,truncated,Qwen3.5-9B|aime2026_tr|AIME2026-TR/20|g19,1
Qwen3.6,Qwen3.5-9B,aime2026_tr,truncated,Qwen3.5-9B|aime2026_tr|AIME2026-TR/20|g48,1
Qwen3.6,Qwen3.5-9B,aime2026_tr,truncated,Qwen3.5-9B|aime2026_tr|AIME2026-TR/21|g42,1
Qwen3.6,Qwen3.5-9B,aime2026_tr,truncated,Qwen3.5-9B|aime2026_tr|AIME2026-TR/22|g39,1
Qwen3.6,Qwen3.5-9B,aime2026_tr,truncated,Qwen3.5-9B|aime2026_tr|AIME2026-TR/22|g44,1
Qwen3.6,Qwen3.5-9B,aime2026_tr,truncated,Qwen3.5-9B|aime2026_tr|AIME2026-TR/22|g49,1
Qwen3.6,Qwen3.5-9B,aime2026_tr,truncated,Qwen3.5-9B|aime2026_tr|AIME2026-TR/23|g28,1
Qwen3.6,Qwen3.5-9B,aime2026_tr,truncated,Qwen3.5-9B|aime2026_tr|AIME2026-TR/23|g49,1
Qwen3.6,Qwen3.5-9B,aime2026_tr,truncated,Qwen3.5-9B|aime2026_tr|AIME2026-TR/24|g28,1
Qwen3.6,Qwen3.5-9B,aime2026_tr,truncated,Qwen3.5-9B|aime2026_tr|AIME2026-TR/24|g30,1
Qwen3.6,Qwen3.5-9B,aime2026_tr,truncated,Qwen3.5-9B|aime2026_tr|AIME2026-TR/25|g15,1
Qwen3.6,Qwen3.5-9B,aime2026_tr,truncated,Qwen3.5-9B|aime2026_tr|AIME2026-TR/25|g19,1
Qwen3.6,Qwen3.5-9B,aime2026_tr,truncated,Qwen3.5-9B|aime2026_tr|AIME2026-TR/25|g28,1
Qwen3.6,Qwen3.5-9B,aime2026_tr,truncated,Qwen3.5-9B|aime2026_tr|AIME2026-TR/25|g44,1
Qwen3.6,Qwen3.5-9B,aime2026_tr,truncated,Qwen3.5-9B|aime2026_tr|AIME2026-TR/25|g47,1
Qwen3.6,Qwen3.5-9B,aime2026_tr,truncated,Qwen3.5-9B|aime2026_tr|AIME2026-TR/26|g0,1
Qwen3.6,Qwen3.5-9B,aime2026_tr,truncated,Qwen3.5-9B|aime2026_tr|AIME2026-TR/26|g30,1
Qwen3.6,Qwen3.5-9B,aime2026_tr,truncated,Qwen3.5-9B|aime2026_tr|AIME2026-TR/26|g38,1
Qwen3.6,Qwen3.5-9B,aime2026_tr,truncated,Qwen3.5-9B|aime2026_tr|AIME2026-TR/27|g13,1
Qwen3.6,Qwen3.5-9B,aime2026_tr,truncated,Qwen3.5-9B|aime2026_tr|AIME2026-TR/27|g51,1
Qwen3.6,Qwen3.5-9B,aime2026_tr,truncated,Qwen3.5-9B|aime2026_tr|AIME2026-TR/28|g2,1
Qwen3.6,Qwen3.5-9B,aime2026_tr,truncated,Qwen3.5-9B|aime2026_tr|AIME2026-TR/28|g59,1
Qwen3.6,Qwen3.5-9B,aime2026_tr,truncated,Qwen3.5-9B|aime2026_tr|AIME2026-TR/29|g11,0
Qwen3.6,Qwen3.5-9B,aime2026_tr,truncated,Qwen3.5-9B|aime2026_tr|AIME2026-TR/3|g13,1
Qwen3.6,Qwen3.5-9B,aime2026_tr,truncated,Qwen3.5-9B|aime2026_tr|AIME2026-TR/3|g42,1
Qwen3.6,Qwen3.5-9B,aime2026_tr,truncated,Qwen3.5-9B|aime2026_tr|AIME2026-TR/3|g51,1
Qwen3.6,Qwen3.5-9B,aime2026_tr,truncated,Qwen3.5-9B|aime2026_tr|AIME2026-TR/4|g49,1
Qwen3.6,Qwen3.5-9B,aime2026_tr,truncated,Qwen3.5-9B|aime2026_tr|AIME2026-TR/4|g57,1
Qwen3.6,Qwen3.5-9B,aime2026_tr,truncated,Qwen3.5-9B|aime2026_tr|AIME2026-TR/5|g24,1
Qwen3.6,Qwen3.5-9B,aime2026_tr,truncated,Qwen3.5-9B|aime2026_tr|AIME2026-TR/5|g36,1
Qwen3.6,Qwen3.5-9B,aime2026_tr,truncated,Qwen3.5-9B|aime2026_tr|AIME2026-TR/5|g4,1
Qwen3.6,Qwen3.5-9B,aime2026_tr,truncated,Qwen3.5-9B|aime2026_tr|AIME2026-TR/5|g61,1
Qwen3.6,Qwen3.5-9B,aime2026_tr,truncated,Qwen3.5-9B|aime2026_tr|AIME2026-TR/6|g16,1
Qwen3.6,Qwen3.5-9B,aime2026_tr,truncated,Qwen3.5-9B|aime2026_tr|AIME2026-TR/6|g4,1
Qwen3.6,Qwen3.5-9B,aime2026_tr,truncated,Qwen3.5-9B|aime2026_tr|AIME2026-TR/6|g52,1
Qwen3.6,Qwen3.5-9B,aime2026_tr,truncated,Qwen3.5-9B|aime2026_tr|AIME2026-TR/6|g56,1
Qwen3.6,Qwen3.5-9B,aime2026_tr,truncated,Qwen3.5-9B|aime2026_tr|AIME2026-TR/7|g23,1
Qwen3.6,Qwen3.5-9B,aime2026_tr,truncated,Qwen3.5-9B|aime2026_tr|AIME2026-TR/7|g32,1
Qwen3.6,Qwen3.5-9B,aime2026_tr,truncated,Qwen3.5-9B|aime2026_tr|AIME2026-TR/7|g37,1
Qwen3.6,Qwen3.5-9B,aime2026_tr,truncated,Qwen3.5-9B|aime2026_tr|AIME2026-TR/7|g49,1
Qwen3.6,Qwen3.5-9B,aime2026_tr,truncated,Qwen3.5-9B|aime2026_tr|AIME2026-TR/9|g42,1
Qwen3.6,Qwen3.5-9B,aime2026_tr,truncated,Qwen3.5-9B|aime2026_tr|AIME2026-TR/9|g50,1
Qwen3.6,Qwen3.5-9B,pt_exams_math,boxed_only,Qwen3.5-9B|pt_exams_math|pt_exams_math/1|g12,0
Qwen3.6,Qwen3.5-9B,pt_exams_math,boxed_only,Qwen3.5-9B|pt_exams_math|pt_exams_math/10|g14,0
Qwen3.6,Qwen3.5-9B,pt_exams_math,boxed_only,Qwen3.5-9B|pt_exams_math|pt_exams_math/101|g11,0
Qwen3.6,Qwen3.5-9B,pt_exams_math,boxed_only,Qwen3.5-9B|pt_exams_math|pt_exams_math/103|g1,1
Qwen3.6,Qwen3.5-9B,pt_exams_math,boxed_only,Qwen3.5-9B|pt_exams_math|pt_exams_math/106|g14,0
Qwen3.6,Qwen3.5-9B,pt_exams_math,boxed_only,Qwen3.5-9B|pt_exams_math|pt_exams_math/107|g0,0
Qwen3.6,Qwen3.5-9B,pt_exams_math,boxed_only,Qwen3.5-9B|pt_exams_math|pt_exams_math/109|g2,0
Qwen3.6,Qwen3.5-9B,pt_exams_math,boxed_only,Qwen3.5-9B|pt_exams_math|pt_exams_math/110|g12,0
Qwen3.6,Qwen3.5-9B,pt_exams_math,boxed_only,Qwen3.5-9B|pt_exams_math|pt_exams_math/112|g7,0
Qwen3.6,Qwen3.5-9B,pt_exams_math,boxed_only,Qwen3.5-9B|pt_exams_math|pt_exams_math/113|g14,0
Qwen3.6,Qwen3.5-9B,pt_exams_math,boxed_only,Qwen3.5-9B|pt_exams_math|pt_exams_math/118|g11,1
Qwen3.6,Qwen3.5-9B,pt_exams_math,boxed_only,Qwen3.5-9B|pt_exams_math|pt_exams_math/119|g12,0
Qwen3.6,Qwen3.5-9B,pt_exams_math,boxed_only,Qwen3.5-9B|pt_exams_math|pt_exams_math/121|g14,0
Qwen3.6,Qwen3.5-9B,pt_exams_math,boxed_only,Qwen3.5-9B|pt_exams_math|pt_exams_math/125|g6,0
Qwen3.6,Qwen3.5-9B,pt_exams_math,boxed_only,Qwen3.5-9B|pt_exams_math|pt_exams_math/126|g13,1
Qwen3.6,Qwen3.5-9B,pt_exams_math,boxed_only,Qwen3.5-9B|pt_exams_math|pt_exams_math/128|g12,0
Qwen3.6,Qwen3.5-9B,pt_exams_math,boxed_only,Qwen3.5-9B|pt_exams_math|pt_exams_math/130|g13,1
Qwen3.6,Qwen3.5-9B,pt_exams_math,boxed_only,Qwen3.5-9B|pt_exams_math|pt_exams_math/133|g6,0
Qwen3.6,Qwen3.5-9B,pt_exams_math,boxed_only,Qwen3.5-9B|pt_exams_math|pt_exams_math/134|g5,0
Qwen3.6,Qwen3.5-9B,pt_exams_math,boxed_only,Qwen3.5-9B|pt_exams_math|pt_exams_math/138|g6,0
Qwen3.6,Qwen3.5-9B,pt_exams_math,boxed_only,Qwen3.5-9B|pt_exams_math|pt_exams_math/141|g2,0
Qwen3.6,Qwen3.5-9B,pt_exams_math,boxed_only,Qwen3.5-9B|pt_exams_math|pt_exams_math/146|g8,1
Qwen3.6,Qwen3.5-9B,pt_exams_math,boxed_only,Qwen3.5-9B|pt_exams_math|pt_exams_math/147|g1,0
Qwen3.6,Qwen3.5-9B,pt_exams_math,boxed_only,Qwen3.5-9B|pt_exams_math|pt_exams_math/15|g12,0
Qwen3.6,Qwen3.5-9B,pt_exams_math,boxed_only,Qwen3.5-9B|pt_exams_math|pt_exams_math/151|g8,0
Qwen3.6,Qwen3.5-9B,pt_exams_math,boxed_only,Qwen3.5-9B|pt_exams_math|pt_exams_math/152|g2,0
Qwen3.6,Qwen3.5-9B,pt_exams_math,boxed_only,Qwen3.5-9B|pt_exams_math|pt_exams_math/155|g15,0
Qwen3.6,Qwen3.5-9B,pt_exams_math,boxed_only,Qwen3.5-9B|pt_exams_math|pt_exams_math/156|g15,1
Qwen3.6,Qwen3.5-9B,pt_exams_math,boxed_only,Qwen3.5-9B|pt_exams_math|pt_exams_math/159|g8,0
Qwen3.6,Qwen3.5-9B,pt_exams_math,boxed_only,Qwen3.5-9B|pt_exams_math|pt_exams_math/160|g1,0
Qwen3.6,Qwen3.5-9B,pt_exams_math,boxed_only,Qwen3.5-9B|pt_exams_math|pt_exams_math/19|g0,0
Qwen3.6,Qwen3.5-9B,pt_exams_math,boxed_only,Qwen3.5-9B|pt_exams_math|pt_exams_math/21|g8,0
Qwen3.6,Qwen3.5-9B,pt_exams_math,boxed_only,Qwen3.5-9B|pt_exams_math|pt_exams_math/24|g14,0
Qwen3.6,Qwen3.5-9B,pt_exams_math,boxed_only,Qwen3.5-9B|pt_exams_math|pt_exams_math/26|g10,0
Qwen3.6,Qwen3.5-9B,pt_exams_math,boxed_only,Qwen3.5-9B|pt_exams_math|pt_exams_math/27|g8,0
Qwen3.6,Qwen3.5-9B,pt_exams_math,boxed_only,Qwen3.5-9B|pt_exams_math|pt_exams_math/28|g1,0
Qwen3.6,Qwen3.5-9B,pt_exams_math,boxed_only,Qwen3.5-9B|pt_exams_math|pt_exams_math/3|g0,0
Qwen3.6,Qwen3.5-9B,pt_exams_math,boxed_only,Qwen3.5-9B|pt_exams_math|pt_exams_math/30|g11,0
Qwen3.6,Qwen3.5-9B,pt_exams_math,boxed_only,Qwen3.5-9B|pt_exams_math|pt_exams_math/31|g13,1
Qwen3.6,Qwen3.5-9B,pt_exams_math,boxed_only,Qwen3.5-9B|pt_exams_math|pt_exams_math/32|g13,0
Qwen3.6,Qwen3.5-9B,pt_exams_math,boxed_only,Qwen3.5-9B|pt_exams_math|pt_exams_math/35|g9,0
Qwen3.6,Qwen3.5-9B,pt_exams_math,boxed_only,Qwen3.5-9B|pt_exams_math|pt_exams_math/36|g7,1
Qwen3.6,Qwen3.5-9B,pt_exams_math,boxed_only,Qwen3.5-9B|pt_exams_math|pt_exams_math/44|g12,1
Qwen3.6,Qwen3.5-9B,pt_exams_math,boxed_only,Qwen3.5-9B|pt_exams_math|pt_exams_math/45|g15,0
Qwen3.6,Qwen3.5-9B,pt_exams_math,boxed_only,Qwen3.5-9B|pt_exams_math|pt_exams_math/47|g4,0
Qwen3.6,Qwen3.5-9B,pt_exams_math,boxed_only,Qwen3.5-9B|pt_exams_math|pt_exams_math/48|g11,0
Qwen3.6,Qwen3.5-9B,pt_exams_math,boxed_only,Qwen3.5-9B|pt_exams_math|pt_exams_math/5|g3,1
Qwen3.6,Qwen3.5-9B,pt_exams_math,boxed_only,Qwen3.5-9B|pt_exams_math|pt_exams_math/50|g14,1
Qwen3.6,Qwen3.5-9B,pt_exams_math,boxed_only,Qwen3.5-9B|pt_exams_math|pt_exams_math/52|g2,0
Qwen3.6,Qwen3.5-9B,pt_exams_math,boxed_only,Qwen3.5-9B|pt_exams_math|pt_exams_math/53|g2,1
Qwen3.6,Qwen3.5-9B,pt_exams_math,boxed_only,Qwen3.5-9B|pt_exams_math|pt_exams_math/54|g8,0
Qwen3.6,Qwen3.5-9B,pt_exams_math,boxed_only,Qwen3.5-9B|pt_exams_math|pt_exams_math/55|g3,1
Qwen3.6,Qwen3.5-9B,pt_exams_math,boxed_only,Qwen3.5-9B|pt_exams_math|pt_exams_math/56|g7,0
Qwen3.6,Qwen3.5-9B,pt_exams_math,boxed_only,Qwen3.5-9B|pt_exams_math|pt_exams_math/59|g4,0
Qwen3.6,Qwen3.5-9B,pt_exams_math,boxed_only,Qwen3.5-9B|pt_exams_math|pt_exams_math/60|g6,0
Qwen3.6,Qwen3.5-9B,pt_exams_math,boxed_only,Qwen3.5-9B|pt_exams_math|pt_exams_math/63|g10,0
Qwen3.6,Qwen3.5-9B,pt_exams_math,boxed_only,Qwen3.5-9B|pt_exams_math|pt_exams_math/65|g11,1
Qwen3.6,Qwen3.5-9B,pt_exams_math,boxed_only,Qwen3.5-9B|pt_exams_math|pt_exams_math/68|g4,0
Qwen3.6,Qwen3.5-9B,pt_exams_math,boxed_only,Qwen3.5-9B|pt_exams_math|pt_exams_math/69|g7,0
Qwen3.6,Qwen3.5-9B,pt_exams_math,boxed_only,Qwen3.5-9B|pt_exams_math|pt_exams_math/7|g11,0
Qwen3.6,Qwen3.5-9B,pt_exams_math,boxed_only,Qwen3.5-9B|pt_exams_math|pt_exams_math/71|g3,0
Qwen3.6,Qwen3.5-9B,pt_exams_math,boxed_only,Qwen3.5-9B|pt_exams_math|pt_exams_math/75|g7,0
Qwen3.6,Qwen3.5-9B,pt_exams_math,boxed_only,Qwen3.5-9B|pt_exams_math|pt_exams_math/77|g1,0
Qwen3.6,Qwen3.5-9B,pt_exams_math,boxed_only,Qwen3.5-9B|pt_exams_math|pt_exams_math/79|g8,0
Qwen3.6,Qwen3.5-9B,pt_exams_math,boxed_only,Qwen3.5-9B|pt_exams_math|pt_exams_math/86|g0,0
Qwen3.6,Qwen3.5-9B,pt_exams_math,boxed_only,Qwen3.5-9B|pt_exams_math|pt_exams_math/87|g8,0
Qwen3.6,Qwen3.5-9B,pt_exams_math,boxed_only,Qwen3.5-9B|pt_exams_math|pt_exams_math/88|g6,0
Qwen3.6,Qwen3.5-9B,pt_exams_math,boxed_only,Qwen3.5-9B|pt_exams_math|pt_exams_math/89|g10,1
Qwen3.6,Qwen3.5-9B,pt_exams_math,boxed_only,Qwen3.5-9B|pt_exams_math|pt_exams_math/9|g1,0
Qwen3.6,Qwen3.5-9B,pt_exams_math,boxed_only,Qwen3.5-9B|pt_exams_math|pt_exams_math/90|g10,1
Qwen3.6,Qwen3.5-9B,pt_exams_math,boxed_only,Qwen3.5-9B|pt_exams_math|pt_exams_math/97|g14,0
Qwen3.6,Qwen3.5-9B,pt_exams_math,boxed_only,Qwen3.5-9B|pt_exams_math|pt_exams_math/99|g9,0
Qwen3.6,Qwen3.5-9B,pt_exams_math,clean,Qwen3.5-9B|pt_exams_math|pt_exams_math/1|g12,1
Qwen3.6,Qwen3.5-9B,pt_exams_math,clean,Qwen3.5-9B|pt_exams_math|pt_exams_math/10|g14,1
Qwen3.6,Qwen3.5-9B,pt_exams_math,clean,Qwen3.5-9B|pt_exams_math|pt_exams_math/101|g11,1
Qwen3.6,Qwen3.5-9B,pt_exams_math,clean,Qwen3.5-9B|pt_exams_math|pt_exams_math/103|g1,1
Qwen3.6,Qwen3.5-9B,pt_exams_math,clean,Qwen3.5-9B|pt_exams_math|pt_exams_math/106|g14,1
Qwen3.6,Qwen3.5-9B,pt_exams_math,clean,Qwen3.5-9B|pt_exams_math|pt_exams_math/107|g0,1
Qwen3.6,Qwen3.5-9B,pt_exams_math,clean,Qwen3.5-9B|pt_exams_math|pt_exams_math/109|g2,1
Qwen3.6,Qwen3.5-9B,pt_exams_math,clean,Qwen3.5-9B|pt_exams_math|pt_exams_math/110|g12,1
Qwen3.6,Qwen3.5-9B,pt_exams_math,clean,Qwen3.5-9B|pt_exams_math|pt_exams_math/112|g7,1
Qwen3.6,Qwen3.5-9B,pt_exams_math,clean,Qwen3.5-9B|pt_exams_math|pt_exams_math/113|g14,1
Qwen3.6,Qwen3.5-9B,pt_exams_math,clean,Qwen3.5-9B|pt_exams_math|pt_exams_math/118|g11,1
Qwen3.6,Qwen3.5-9B,pt_exams_math,clean,Qwen3.5-9B|pt_exams_math|pt_exams_math/119|g12,1
Qwen3.6,Qwen3.5-9B,pt_exams_math,clean,Qwen3.5-9B|pt_exams_math|pt_exams_math/121|g14,1
Qwen3.6,Qwen3.5-9B,pt_exams_math,clean,Qwen3.5-9B|pt_exams_math|pt_exams_math/125|g6,1
Qwen3.6,Qwen3.5-9B,pt_exams_math,clean,Qwen3.5-9B|pt_exams_math|pt_exams_math/126|g13,1
Qwen3.6,Qwen3.5-9B,pt_exams_math,clean,Qwen3.5-9B|pt_exams_math|pt_exams_math/128|g12,1
Qwen3.6,Qwen3.5-9B,pt_exams_math,clean,Qwen3.5-9B|pt_exams_math|pt_exams_math/130|g13,1
Qwen3.6,Qwen3.5-9B,pt_exams_math,clean,Qwen3.5-9B|pt_exams_math|pt_exams_math/133|g6,1
Qwen3.6,Qwen3.5-9B,pt_exams_math,clean,Qwen3.5-9B|pt_exams_math|pt_exams_math/134|g5,1
Qwen3.6,Qwen3.5-9B,pt_exams_math,clean,Qwen3.5-9B|pt_exams_math|pt_exams_math/138|g6,1
Qwen3.6,Qwen3.5-9B,pt_exams_math,clean,Qwen3.5-9B|pt_exams_math|pt_exams_math/141|g2,1
Qwen3.6,Qwen3.5-9B,pt_exams_math,clean,Qwen3.5-9B|pt_exams_math|pt_exams_math/146|g8,1
Qwen3.6,Qwen3.5-9B,pt_exams_math,clean,Qwen3.5-9B|pt_exams_math|pt_exams_math/147|g1,1
Qwen3.6,Qwen3.5-9B,pt_exams_math,clean,Qwen3.5-9B|pt_exams_math|pt_exams_math/15|g12,1
Qwen3.6,Qwen3.5-9B,pt_exams_math,clean,Qwen3.5-9B|pt_exams_math|pt_exams_math/151|g8,1
Qwen3.6,Qwen3.5-9B,pt_exams_math,clean,Qwen3.5-9B|pt_exams_math|pt_exams_math/152|g2,1
Qwen3.6,Qwen3.5-9B,pt_exams_math,clean,Qwen3.5-9B|pt_exams_math|pt_exams_math/155|g15,1
Qwen3.6,Qwen3.5-9B,pt_exams_math,clean,Qwen3.5-9B|pt_exams_math|pt_exams_math/156|g15,1
Qwen3.6,Qwen3.5-9B,pt_exams_math,clean,Qwen3.5-9B|pt_exams_math|pt_exams_math/159|g8,1
Qwen3.6,Qwen3.5-9B,pt_exams_math,clean,Qwen3.5-9B|pt_exams_math|pt_exams_math/160|g1,1
Qwen3.6,Qwen3.5-9B,pt_exams_math,clean,Qwen3.5-9B|pt_exams_math|pt_exams_math/19|g0,1
Qwen3.6,Qwen3.5-9B,pt_exams_math,clean,Qwen3.5-9B|pt_exams_math|pt_exams_math/21|g8,1
Qwen3.6,Qwen3.5-9B,pt_exams_math,clean,Qwen3.5-9B|pt_exams_math|pt_exams_math/24|g14,1
Qwen3.6,Qwen3.5-9B,pt_exams_math,clean,Qwen3.5-9B|pt_exams_math|pt_exams_math/26|g10,1
Qwen3.6,Qwen3.5-9B,pt_exams_math,clean,Qwen3.5-9B|pt_exams_math|pt_exams_math/27|g8,1
Qwen3.6,Qwen3.5-9B,pt_exams_math,clean,Qwen3.5-9B|pt_exams_math|pt_exams_math/28|g1,1
Qwen3.6,Qwen3.5-9B,pt_exams_math,clean,Qwen3.5-9B|pt_exams_math|pt_exams_math/3|g0,1
Qwen3.6,Qwen3.5-9B,pt_exams_math,clean,Qwen3.5-9B|pt_exams_math|pt_exams_math/30|g11,1
Qwen3.6,Qwen3.5-9B,pt_exams_math,clean,Qwen3.5-9B|pt_exams_math|pt_exams_math/31|g13,1
Qwen3.6,Qwen3.5-9B,pt_exams_math,clean,Qwen3.5-9B|pt_exams_math|pt_exams_math/32|g13,1
Qwen3.6,Qwen3.5-9B,pt_exams_math,clean,Qwen3.5-9B|pt_exams_math|pt_exams_math/35|g9,1
Qwen3.6,Qwen3.5-9B,pt_exams_math,clean,Qwen3.5-9B|pt_exams_math|pt_exams_math/36|g7,1
Qwen3.6,Qwen3.5-9B,pt_exams_math,clean,Qwen3.5-9B|pt_exams_math|pt_exams_math/44|g12,1
Qwen3.6,Qwen3.5-9B,pt_exams_math,clean,Qwen3.5-9B|pt_exams_math|pt_exams_math/45|g15,1
Qwen3.6,Qwen3.5-9B,pt_exams_math,clean,Qwen3.5-9B|pt_exams_math|pt_exams_math/47|g4,1
Qwen3.6,Qwen3.5-9B,pt_exams_math,clean,Qwen3.5-9B|pt_exams_math|pt_exams_math/48|g11,1
Qwen3.6,Qwen3.5-9B,pt_exams_math,clean,Qwen3.5-9B|pt_exams_math|pt_exams_math/5|g3,1
Qwen3.6,Qwen3.5-9B,pt_exams_math,clean,Qwen3.5-9B|pt_exams_math|pt_exams_math/50|g14,1
Qwen3.6,Qwen3.5-9B,pt_exams_math,clean,Qwen3.5-9B|pt_exams_math|pt_exams_math/52|g2,1
Qwen3.6,Qwen3.5-9B,pt_exams_math,clean,Qwen3.5-9B|pt_exams_math|pt_exams_math/53|g2,1
Qwen3.6,Qwen3.5-9B,pt_exams_math,clean,Qwen3.5-9B|pt_exams_math|pt_exams_math/54|g8,1
Qwen3.6,Qwen3.5-9B,pt_exams_math,clean,Qwen3.5-9B|pt_exams_math|pt_exams_math/55|g3,1
Qwen3.6,Qwen3.5-9B,pt_exams_math,clean,Qwen3.5-9B|pt_exams_math|pt_exams_math/56|g7,1
Qwen3.6,Qwen3.5-9B,pt_exams_math,clean,Qwen3.5-9B|pt_exams_math|pt_exams_math/59|g4,1
Qwen3.6,Qwen3.5-9B,pt_exams_math,clean,Qwen3.5-9B|pt_exams_math|pt_exams_math/60|g6,1
Qwen3.6,Qwen3.5-9B,pt_exams_math,clean,Qwen3.5-9B|pt_exams_math|pt_exams_math/63|g10,1
Qwen3.6,Qwen3.5-9B,pt_exams_math,clean,Qwen3.5-9B|pt_exams_math|pt_exams_math/65|g11,1
Qwen3.6,Qwen3.5-9B,pt_exams_math,clean,Qwen3.5-9B|pt_exams_math|pt_exams_math/68|g4,1
Qwen3.6,Qwen3.5-9B,pt_exams_math,clean,Qwen3.5-9B|pt_exams_math|pt_exams_math/69|g7,1
Qwen3.6,Qwen3.5-9B,pt_exams_math,clean,Qwen3.5-9B|pt_exams_math|pt_exams_math/7|g11,1
Qwen3.6,Qwen3.5-9B,pt_exams_math,clean,Qwen3.5-9B|pt_exams_math|pt_exams_math/71|g3,1
Qwen3.6,Qwen3.5-9B,pt_exams_math,clean,Qwen3.5-9B|pt_exams_math|pt_exams_math/75|g7,1
Qwen3.6,Qwen3.5-9B,pt_exams_math,clean,Qwen3.5-9B|pt_exams_math|pt_exams_math/77|g1,1
Qwen3.6,Qwen3.5-9B,pt_exams_math,clean,Qwen3.5-9B|pt_exams_math|pt_exams_math/79|g8,1
Qwen3.6,Qwen3.5-9B,pt_exams_math,clean,Qwen3.5-9B|pt_exams_math|pt_exams_math/86|g0,1
Qwen3.6,Qwen3.5-9B,pt_exams_math,clean,Qwen3.5-9B|pt_exams_math|pt_exams_math/87|g8,1
Qwen3.6,Qwen3.5-9B,pt_exams_math,clean,Qwen3.5-9B|pt_exams_math|pt_exams_math/88|g6,1
Qwen3.6,Qwen3.5-9B,pt_exams_math,clean,Qwen3.5-9B|pt_exams_math|pt_exams_math/89|g10,1
Qwen3.6,Qwen3.5-9B,pt_exams_math,clean,Qwen3.5-9B|pt_exams_math|pt_exams_math/9|g1,1
Qwen3.6,Qwen3.5-9B,pt_exams_math,clean,Qwen3.5-9B|pt_exams_math|pt_exams_math/90|g10,1
Qwen3.6,Qwen3.5-9B,pt_exams_math,clean,Qwen3.5-9B|pt_exams_math|pt_exams_math/97|g14,1
Qwen3.6,Qwen3.5-9B,pt_exams_math,clean,Qwen3.5-9B|pt_exams_math|pt_exams_math/99|g9,1
Qwen3.6,Qwen3.5-9B,pt_exams_math,consistent_error,Qwen3.5-9B|pt_exams_math|pt_exams_math/1|g12,0
Qwen3.6,Qwen3.5-9B,pt_exams_math,consistent_error,Qwen3.5-9B|pt_exams_math|pt_exams_math/10|g14,0
Qwen3.6,Qwen3.5-9B,pt_exams_math,consistent_error,Qwen3.5-9B|pt_exams_math|pt_exams_math/101|g11,1
Qwen3.6,Qwen3.5-9B,pt_exams_math,consistent_error,Qwen3.5-9B|pt_exams_math|pt_exams_math/103|g1,0
Qwen3.6,Qwen3.5-9B,pt_exams_math,consistent_error,Qwen3.5-9B|pt_exams_math|pt_exams_math/106|g14,0
Qwen3.6,Qwen3.5-9B,pt_exams_math,consistent_error,Qwen3.5-9B|pt_exams_math|pt_exams_math/107|g0,0
Qwen3.6,Qwen3.5-9B,pt_exams_math,consistent_error,Qwen3.5-9B|pt_exams_math|pt_exams_math/109|g2,0
Qwen3.6,Qwen3.5-9B,pt_exams_math,consistent_error,Qwen3.5-9B|pt_exams_math|pt_exams_math/110|g12,0
Qwen3.6,Qwen3.5-9B,pt_exams_math,consistent_error,Qwen3.5-9B|pt_exams_math|pt_exams_math/112|g7,1
Qwen3.6,Qwen3.5-9B,pt_exams_math,consistent_error,Qwen3.5-9B|pt_exams_math|pt_exams_math/113|g14,1
Qwen3.6,Qwen3.5-9B,pt_exams_math,consistent_error,Qwen3.5-9B|pt_exams_math|pt_exams_math/118|g11,1
Qwen3.6,Qwen3.5-9B,pt_exams_math,consistent_error,Qwen3.5-9B|pt_exams_math|pt_exams_math/119|g12,0
Qwen3.6,Qwen3.5-9B,pt_exams_math,consistent_error,Qwen3.5-9B|pt_exams_math|pt_exams_math/121|g14,1
Qwen3.6,Qwen3.5-9B,pt_exams_math,consistent_error,Qwen3.5-9B|pt_exams_math|pt_exams_math/125|g6,0
Qwen3.6,Qwen3.5-9B,pt_exams_math,consistent_error,Qwen3.5-9B|pt_exams_math|pt_exams_math/126|g13,0
Qwen3.6,Qwen3.5-9B,pt_exams_math,consistent_error,Qwen3.5-9B|pt_exams_math|pt_exams_math/128|g12,1
Qwen3.6,Qwen3.5-9B,pt_exams_math,consistent_error,Qwen3.5-9B|pt_exams_math|pt_exams_math/130|g13,0
Qwen3.6,Qwen3.5-9B,pt_exams_math,consistent_error,Qwen3.5-9B|pt_exams_math|pt_exams_math/133|g6,0
Qwen3.6,Qwen3.5-9B,pt_exams_math,consistent_error,Qwen3.5-9B|pt_exams_math|pt_exams_math/134|g5,1
Qwen3.6,Qwen3.5-9B,pt_exams_math,consistent_error,Qwen3.5-9B|pt_exams_math|pt_exams_math/138|g6,0
Qwen3.6,Qwen3.5-9B,pt_exams_math,consistent_error,Qwen3.5-9B|pt_exams_math|pt_exams_math/141|g2,1
Qwen3.6,Qwen3.5-9B,pt_exams_math,consistent_error,Qwen3.5-9B|pt_exams_math|pt_exams_math/146|g8,0
Qwen3.6,Qwen3.5-9B,pt_exams_math,consistent_error,Qwen3.5-9B|pt_exams_math|pt_exams_math/147|g1,1
Qwen3.6,Qwen3.5-9B,pt_exams_math,consistent_error,Qwen3.5-9B|pt_exams_math|pt_exams_math/15|g12,1
Qwen3.6,Qwen3.5-9B,pt_exams_math,consistent_error,Qwen3.5-9B|pt_exams_math|pt_exams_math/151|g8,0
Qwen3.6,Qwen3.5-9B,pt_exams_math,consistent_error,Qwen3.5-9B|pt_exams_math|pt_exams_math/152|g2,1
Qwen3.6,Qwen3.5-9B,pt_exams_math,consistent_error,Qwen3.5-9B|pt_exams_math|pt_exams_math/155|g15,0
Qwen3.6,Qwen3.5-9B,pt_exams_math,consistent_error,Qwen3.5-9B|pt_exams_math|pt_exams_math/156|g15,1
Qwen3.6,Qwen3.5-9B,pt_exams_math,consistent_error,Qwen3.5-9B|pt_exams_math|pt_exams_math/159|g8,0
Qwen3.6,Qwen3.5-9B,pt_exams_math,consistent_error,Qwen3.5-9B|pt_exams_math|pt_exams_math/160|g1,0
Qwen3.6,Qwen3.5-9B,pt_exams_math,consistent_error,Qwen3.5-9B|pt_exams_math|pt_exams_math/19|g0,0
Qwen3.6,Qwen3.5-9B,pt_exams_math,consistent_error,Qwen3.5-9B|pt_exams_math|pt_exams_math/21|g8,1
Qwen3.6,Qwen3.5-9B,pt_exams_math,consistent_error,Qwen3.5-9B|pt_exams_math|pt_exams_math/24|g14,0
Qwen3.6,Qwen3.5-9B,pt_exams_math,consistent_error,Qwen3.5-9B|pt_exams_math|pt_exams_math/26|g10,0
Qwen3.6,Qwen3.5-9B,pt_exams_math,consistent_error,Qwen3.5-9B|pt_exams_math|pt_exams_math/27|g8,1
Qwen3.6,Qwen3.5-9B,pt_exams_math,consistent_error,Qwen3.5-9B|pt_exams_math|pt_exams_math/28|g1,1
Qwen3.6,Qwen3.5-9B,pt_exams_math,consistent_error,Qwen3.5-9B|pt_exams_math|pt_exams_math/3|g0,0
Qwen3.6,Qwen3.5-9B,pt_exams_math,consistent_error,Qwen3.5-9B|pt_exams_math|pt_exams_math/30|g11,0
Qwen3.6,Qwen3.5-9B,pt_exams_math,consistent_error,Qwen3.5-9B|pt_exams_math|pt_exams_math/31|g13,0
Qwen3.6,Qwen3.5-9B,pt_exams_math,consistent_error,Qwen3.5-9B|pt_exams_math|pt_exams_math/32|g13,0
Qwen3.6,Qwen3.5-9B,pt_exams_math,consistent_error,Qwen3.5-9B|pt_exams_math|pt_exams_math/35|g9,0
Qwen3.6,Qwen3.5-9B,pt_exams_math,consistent_error,Qwen3.5-9B|pt_exams_math|pt_exams_math/36|g7,0
Qwen3.6,Qwen3.5-9B,pt_exams_math,consistent_error,Qwen3.5-9B|pt_exams_math|pt_exams_math/44|g12,1
Qwen3.6,Qwen3.5-9B,pt_exams_math,consistent_error,Qwen3.5-9B|pt_exams_math|pt_exams_math/45|g15,0
Qwen3.6,Qwen3.5-9B,pt_exams_math,consistent_error,Qwen3.5-9B|pt_exams_math|pt_exams_math/47|g4,0
Qwen3.6,Qwen3.5-9B,pt_exams_math,consistent_error,Qwen3.5-9B|pt_exams_math|pt_exams_math/48|g11,0
Qwen3.6,Qwen3.5-9B,pt_exams_math,consistent_error,Qwen3.5-9B|pt_exams_math|pt_exams_math/5|g3,0
Qwen3.6,Qwen3.5-9B,pt_exams_math,consistent_error,Qwen3.5-9B|pt_exams_math|pt_exams_math/50|g14,1
Qwen3.6,Qwen3.5-9B,pt_exams_math,consistent_error,Qwen3.5-9B|pt_exams_math|pt_exams_math/52|g2,1
Qwen3.6,Qwen3.5-9B,pt_exams_math,consistent_error,Qwen3.5-9B|pt_exams_math|pt_exams_math/53|g2,1
Qwen3.6,Qwen3.5-9B,pt_exams_math,consistent_error,Qwen3.5-9B|pt_exams_math|pt_exams_math/54|g8,0
Qwen3.6,Qwen3.5-9B,pt_exams_math,consistent_error,Qwen3.5-9B|pt_exams_math|pt_exams_math/55|g3,0
Qwen3.6,Qwen3.5-9B,pt_exams_math,consistent_error,Qwen3.5-9B|pt_exams_math|pt_exams_math/56|g7,0
Qwen3.6,Qwen3.5-9B,pt_exams_math,consistent_error,Qwen3.5-9B|pt_exams_math|pt_exams_math/59|g4,0
Qwen3.6,Qwen3.5-9B,pt_exams_math,consistent_error,Qwen3.5-9B|pt_exams_math|pt_exams_math/60|g6,0
Qwen3.6,Qwen3.5-9B,pt_exams_math,consistent_error,Qwen3.5-9B|pt_exams_math|pt_exams_math/63|g10,0
Qwen3.6,Qwen3.5-9B,pt_exams_math,consistent_error,Qwen3.5-9B|pt_exams_math|pt_exams_math/65|g11,0
Qwen3.6,Qwen3.5-9B,pt_exams_math,consistent_error,Qwen3.5-9B|pt_exams_math|pt_exams_math/68|g4,0
Qwen3.6,Qwen3.5-9B,pt_exams_math,consistent_error,Qwen3.5-9B|pt_exams_math|pt_exams_math/69|g7,0
Qwen3.6,Qwen3.5-9B,pt_exams_math,consistent_error,Qwen3.5-9B|pt_exams_math|pt_exams_math/7|g11,1
Qwen3.6,Qwen3.5-9B,pt_exams_math,consistent_error,Qwen3.5-9B|pt_exams_math|pt_exams_math/71|g3,0
Qwen3.6,Qwen3.5-9B,pt_exams_math,consistent_error,Qwen3.5-9B|pt_exams_math|pt_exams_math/75|g7,0
Qwen3.6,Qwen3.5-9B,pt_exams_math,consistent_error,Qwen3.5-9B|pt_exams_math|pt_exams_math/77|g1,0
Qwen3.6,Qwen3.5-9B,pt_exams_math,consistent_error,Qwen3.5-9B|pt_exams_math|pt_exams_math/79|g8,0
Qwen3.6,Qwen3.5-9B,pt_exams_math,consistent_error,Qwen3.5-9B|pt_exams_math|pt_exams_math/86|g0,0
Qwen3.6,Qwen3.5-9B,pt_exams_math,consistent_error,Qwen3.5-9B|pt_exams_math|pt_exams_math/87|g8,0
Qwen3.6,Qwen3.5-9B,pt_exams_math,consistent_error,Qwen3.5-9B|pt_exams_math|pt_exams_math/88|g6,0
Qwen3.6,Qwen3.5-9B,pt_exams_math,consistent_error,Qwen3.5-9B|pt_exams_math|pt_exams_math/89|g10,0
Qwen3.6,Qwen3.5-9B,pt_exams_math,consistent_error,Qwen3.5-9B|pt_exams_math|pt_exams_math/9|g1,0
Qwen3.6,Qwen3.5-9B,pt_exams_math,consistent_error,Qwen3.5-9B|pt_exams_math|pt_exams_math/90|g10,1
Qwen3.6,Qwen3.5-9B,pt_exams_math,consistent_error,Qwen3.5-9B|pt_exams_math|pt_exams_math/97|g14,1
Qwen3.6,Qwen3.5-9B,pt_exams_math,consistent_error,Qwen3.5-9B|pt_exams_math|pt_exams_math/99|g9,1
Qwen3.6,Qwen3.5-9B,pt_exams_math,intermediate_error,Qwen3.5-9B|pt_exams_math|pt_exams_math/1|g12,1
Qwen3.6,Qwen3.5-9B,pt_exams_math,intermediate_error,Qwen3.5-9B|pt_exams_math|pt_exams_math/10|g14,1
Qwen3.6,Qwen3.5-9B,pt_exams_math,intermediate_error,Qwen3.5-9B|pt_exams_math|pt_exams_math/101|g11,1
Qwen3.6,Qwen3.5-9B,pt_exams_math,intermediate_error,Qwen3.5-9B|pt_exams_math|pt_exams_math/103|g1,1
Qwen3.6,Qwen3.5-9B,pt_exams_math,intermediate_error,Qwen3.5-9B|pt_exams_math|pt_exams_math/106|g14,1
Qwen3.6,Qwen3.5-9B,pt_exams_math,intermediate_error,Qwen3.5-9B|pt_exams_math|pt_exams_math/107|g0,1
Qwen3.6,Qwen3.5-9B,pt_exams_math,intermediate_error,Qwen3.5-9B|pt_exams_math|pt_exams_math/109|g2,1
Qwen3.6,Qwen3.5-9B,pt_exams_math,intermediate_error,Qwen3.5-9B|pt_exams_math|pt_exams_math/110|g12,1
Qwen3.6,Qwen3.5-9B,pt_exams_math,intermediate_error,Qwen3.5-9B|pt_exams_math|pt_exams_math/112|g7,1
Qwen3.6,Qwen3.5-9B,pt_exams_math,intermediate_error,Qwen3.5-9B|pt_exams_math|pt_exams_math/113|g14,1
Qwen3.6,Qwen3.5-9B,pt_exams_math,intermediate_error,Qwen3.5-9B|pt_exams_math|pt_exams_math/118|g11,1
Qwen3.6,Qwen3.5-9B,pt_exams_math,intermediate_error,Qwen3.5-9B|pt_exams_math|pt_exams_math/119|g12,1
Qwen3.6,Qwen3.5-9B,pt_exams_math,intermediate_error,Qwen3.5-9B|pt_exams_math|pt_exams_math/121|g14,1
Qwen3.6,Qwen3.5-9B,pt_exams_math,intermediate_error,Qwen3.5-9B|pt_exams_math|pt_exams_math/125|g6,1
Qwen3.6,Qwen3.5-9B,pt_exams_math,intermediate_error,Qwen3.5-9B|pt_exams_math|pt_exams_math/126|g13,1
Qwen3.6,Qwen3.5-9B,pt_exams_math,intermediate_error,Qwen3.5-9B|pt_exams_math|pt_exams_math/128|g12,1
Qwen3.6,Qwen3.5-9B,pt_exams_math,intermediate_error,Qwen3.5-9B|pt_exams_math|pt_exams_math/130|g13,1
Qwen3.6,Qwen3.5-9B,pt_exams_math,intermediate_error,Qwen3.5-9B|pt_exams_math|pt_exams_math/133|g6,1
Qwen3.6,Qwen3.5-9B,pt_exams_math,intermediate_error,Qwen3.5-9B|pt_exams_math|pt_exams_math/134|g5,1
Qwen3.6,Qwen3.5-9B,pt_exams_math,intermediate_error,Qwen3.5-9B|pt_exams_math|pt_exams_math/138|g6,1
Qwen3.6,Qwen3.5-9B,pt_exams_math,intermediate_error,Qwen3.5-9B|pt_exams_math|pt_exams_math/141|g2,1
Qwen3.6,Qwen3.5-9B,pt_exams_math,intermediate_error,Qwen3.5-9B|pt_exams_math|pt_exams_math/146|g8,1
Qwen3.6,Qwen3.5-9B,pt_exams_math,intermediate_error,Qwen3.5-9B|pt_exams_math|pt_exams_math/147|g1,1
Qwen3.6,Qwen3.5-9B,pt_exams_math,intermediate_error,Qwen3.5-9B|pt_exams_math|pt_exams_math/15|g12,1
Qwen3.6,Qwen3.5-9B,pt_exams_math,intermediate_error,Qwen3.5-9B|pt_exams_math|pt_exams_math/151|g8,1
Qwen3.6,Qwen3.5-9B,pt_exams_math,intermediate_error,Qwen3.5-9B|pt_exams_math|pt_exams_math/152|g2,1
Qwen3.6,Qwen3.5-9B,pt_exams_math,intermediate_error,Qwen3.5-9B|pt_exams_math|pt_exams_math/155|g15,1
Qwen3.6,Qwen3.5-9B,pt_exams_math,intermediate_error,Qwen3.5-9B|pt_exams_math|pt_exams_math/156|g15,1
Qwen3.6,Qwen3.5-9B,pt_exams_math,intermediate_error,Qwen3.5-9B|pt_exams_math|pt_exams_math/159|g8,1
Qwen3.6,Qwen3.5-9B,pt_exams_math,intermediate_error,Qwen3.5-9B|pt_exams_math|pt_exams_math/160|g1,1
Qwen3.6,Qwen3.5-9B,pt_exams_math,intermediate_error,Qwen3.5-9B|pt_exams_math|pt_exams_math/19|g0,1
Qwen3.6,Qwen3.5-9B,pt_exams_math,intermediate_error,Qwen3.5-9B|pt_exams_math|pt_exams_math/21|g8,1
Qwen3.6,Qwen3.5-9B,pt_exams_math,intermediate_error,Qwen3.5-9B|pt_exams_math|pt_exams_math/24|g14,1
Qwen3.6,Qwen3.5-9B,pt_exams_math,intermediate_error,Qwen3.5-9B|pt_exams_math|pt_exams_math/26|g10,1
Qwen3.6,Qwen3.5-9B,pt_exams_math,intermediate_error,Qwen3.5-9B|pt_exams_math|pt_exams_math/27|g8,1
Qwen3.6,Qwen3.5-9B,pt_exams_math,intermediate_error,Qwen3.5-9B|pt_exams_math|pt_exams_math/28|g1,1
Qwen3.6,Qwen3.5-9B,pt_exams_math,intermediate_error,Qwen3.5-9B|pt_exams_math|pt_exams_math/3|g0,1
Qwen3.6,Qwen3.5-9B,pt_exams_math,intermediate_error,Qwen3.5-9B|pt_exams_math|pt_exams_math/30|g11,1
Qwen3.6,Qwen3.5-9B,pt_exams_math,intermediate_error,Qwen3.5-9B|pt_exams_math|pt_exams_math/31|g13,1
Qwen3.6,Qwen3.5-9B,pt_exams_math,intermediate_error,Qwen3.5-9B|pt_exams_math|pt_exams_math/32|g13,1
Qwen3.6,Qwen3.5-9B,pt_exams_math,intermediate_error,Qwen3.5-9B|pt_exams_math|pt_exams_math/35|g9,1
Qwen3.6,Qwen3.5-9B,pt_exams_math,intermediate_error,Qwen3.5-9B|pt_exams_math|pt_exams_math/36|g7,1
Qwen3.6,Qwen3.5-9B,pt_exams_math,intermediate_error,Qwen3.5-9B|pt_exams_math|pt_exams_math/44|g12,1
Qwen3.6,Qwen3.5-9B,pt_exams_math,intermediate_error,Qwen3.5-9B|pt_exams_math|pt_exams_math/45|g15,1
Qwen3.6,Qwen3.5-9B,pt_exams_math,intermediate_error,Qwen3.5-9B|pt_exams_math|pt_exams_math/47|g4,1
Qwen3.6,Qwen3.5-9B,pt_exams_math,intermediate_error,Qwen3.5-9B|pt_exams_math|pt_exams_math/48|g11,1
Qwen3.6,Qwen3.5-9B,pt_exams_math,intermediate_error,Qwen3.5-9B|pt_exams_math|pt_exams_math/5|g3,1
Qwen3.6,Qwen3.5-9B,pt_exams_math,intermediate_error,Qwen3.5-9B|pt_exams_math|pt_exams_math/50|g14,1
Qwen3.6,Qwen3.5-9B,pt_exams_math,intermediate_error,Qwen3.5-9B|pt_exams_math|pt_exams_math/52|g2,1
Qwen3.6,Qwen3.5-9B,pt_exams_math,intermediate_error,Qwen3.5-9B|pt_exams_math|pt_exams_math/53|g2,1
Qwen3.6,Qwen3.5-9B,pt_exams_math,intermediate_error,Qwen3.5-9B|pt_exams_math|pt_exams_math/54|g8,1
Qwen3.6,Qwen3.5-9B,pt_exams_math,intermediate_error,Qwen3.5-9B|pt_exams_math|pt_exams_math/55|g3,1
Qwen3.6,Qwen3.5-9B,pt_exams_math,intermediate_error,Qwen3.5-9B|pt_exams_math|pt_exams_math/56|g7,1
Qwen3.6,Qwen3.5-9B,pt_exams_math,intermediate_error,Qwen3.5-9B|pt_exams_math|pt_exams_math/59|g4,1
Qwen3.6,Qwen3.5-9B,pt_exams_math,intermediate_error,Qwen3.5-9B|pt_exams_math|pt_exams_math/60|g6,1
Qwen3.6,Qwen3.5-9B,pt_exams_math,intermediate_error,Qwen3.5-9B|pt_exams_math|pt_exams_math/63|g10,1
Qwen3.6,Qwen3.5-9B,pt_exams_math,intermediate_error,Qwen3.5-9B|pt_exams_math|pt_exams_math/65|g11,1
Qwen3.6,Qwen3.5-9B,pt_exams_math,intermediate_error,Qwen3.5-9B|pt_exams_math|pt_exams_math/68|g4,1
Qwen3.6,Qwen3.5-9B,pt_exams_math,intermediate_error,Qwen3.5-9B|pt_exams_math|pt_exams_math/69|g7,1
Qwen3.6,Qwen3.5-9B,pt_exams_math,intermediate_error,Qwen3.5-9B|pt_exams_math|pt_exams_math/7|g11,1
Qwen3.6,Qwen3.5-9B,pt_exams_math,intermediate_error,Qwen3.5-9B|pt_exams_math|pt_exams_math/71|g3,1
Qwen3.6,Qwen3.5-9B,pt_exams_math,intermediate_error,Qwen3.5-9B|pt_exams_math|pt_exams_math/75|g7,1
Qwen3.6,Qwen3.5-9B,pt_exams_math,intermediate_error,Qwen3.5-9B|pt_exams_math|pt_exams_math/77|g1,1
Qwen3.6,Qwen3.5-9B,pt_exams_math,intermediate_error,Qwen3.5-9B|pt_exams_math|pt_exams_math/79|g8,1
Qwen3.6,Qwen3.5-9B,pt_exams_math,intermediate_error,Qwen3.5-9B|pt_exams_math|pt_exams_math/86|g0,1
Qwen3.6,Qwen3.5-9B,pt_exams_math,intermediate_error,Qwen3.5-9B|pt_exams_math|pt_exams_math/87|g8,1
Qwen3.6,Qwen3.5-9B,pt_exams_math,intermediate_error,Qwen3.5-9B|pt_exams_math|pt_exams_math/88|g6,1
Qwen3.6,Qwen3.5-9B,pt_exams_math,intermediate_error,Qwen3.5-9B|pt_exams_math|pt_exams_math/89|g10,1
Qwen3.6,Qwen3.5-9B,pt_exams_math,intermediate_error,Qwen3.5-9B|pt_exams_math|pt_exams_math/9|g1,1
Qwen3.6,Qwen3.5-9B,pt_exams_math,intermediate_error,Qwen3.5-9B|pt_exams_math|pt_exams_math/90|g10,1
Qwen3.6,Qwen3.5-9B,pt_exams_math,intermediate_error,Qwen3.5-9B|pt_exams_math|pt_exams_math/97|g14,1
Qwen3.6,Qwen3.5-9B,pt_exams_math,intermediate_error,Qwen3.5-9B|pt_exams_math|pt_exams_math/99|g9,1
Qwen3.6,Qwen3.5-9B,pt_exams_math,truncated,Qwen3.5-9B|pt_exams_math|pt_exams_math/1|g12,1
Qwen3.6,Qwen3.5-9B,pt_exams_math,truncated,Qwen3.5-9B|pt_exams_math|pt_exams_math/10|g14,1
Qwen3.6,Qwen3.5-9B,pt_exams_math,truncated,Qwen3.5-9B|pt_exams_math|pt_exams_math/101|g11,1
Qwen3.6,Qwen3.5-9B,pt_exams_math,truncated,Qwen3.5-9B|pt_exams_math|pt_exams_math/103|g1,1
Qwen3.6,Qwen3.5-9B,pt_exams_math,truncated,Qwen3.5-9B|pt_exams_math|pt_exams_math/106|g14,1
Qwen3.6,Qwen3.5-9B,pt_exams_math,truncated,Qwen3.5-9B|pt_exams_math|pt_exams_math/107|g0,1
Qwen3.6,Qwen3.5-9B,pt_exams_math,truncated,Qwen3.5-9B|pt_exams_math|pt_exams_math/109|g2,1
Qwen3.6,Qwen3.5-9B,pt_exams_math,truncated,Qwen3.5-9B|pt_exams_math|pt_exams_math/110|g12,1
Qwen3.6,Qwen3.5-9B,pt_exams_math,truncated,Qwen3.5-9B|pt_exams_math|pt_exams_math/112|g7,1
Qwen3.6,Qwen3.5-9B,pt_exams_math,truncated,Qwen3.5-9B|pt_exams_math|pt_exams_math/113|g14,1
Qwen3.6,Qwen3.5-9B,pt_exams_math,truncated,Qwen3.5-9B|pt_exams_math|pt_exams_math/118|g11,1
Qwen3.6,Qwen3.5-9B,pt_exams_math,truncated,Qwen3.5-9B|pt_exams_math|pt_exams_math/119|g12,1
Qwen3.6,Qwen3.5-9B,pt_exams_math,truncated,Qwen3.5-9B|pt_exams_math|pt_exams_math/121|g14,1
Qwen3.6,Qwen3.5-9B,pt_exams_math,truncated,Qwen3.5-9B|pt_exams_math|pt_exams_math/125|g6,1
Qwen3.6,Qwen3.5-9B,pt_exams_math,truncated,Qwen3.5-9B|pt_exams_math|pt_exams_math/126|g13,1
Qwen3.6,Qwen3.5-9B,pt_exams_math,truncated,Qwen3.5-9B|pt_exams_math|pt_exams_math/128|g12,1
Qwen3.6,Qwen3.5-9B,pt_exams_math,truncated,Qwen3.5-9B|pt_exams_math|pt_exams_math/130|g13,1
Qwen3.6,Qwen3.5-9B,pt_exams_math,truncated,Qwen3.5-9B|pt_exams_math|pt_exams_math/133|g6,1
Qwen3.6,Qwen3.5-9B,pt_exams_math,truncated,Qwen3.5-9B|pt_exams_math|pt_exams_math/134|g5,1
Qwen3.6,Qwen3.5-9B,pt_exams_math,truncated,Qwen3.5-9B|pt_exams_math|pt_exams_math/138|g6,1
Qwen3.6,Qwen3.5-9B,pt_exams_math,truncated,Qwen3.5-9B|pt_exams_math|pt_exams_math/141|g2,1
Qwen3.6,Qwen3.5-9B,pt_exams_math,truncated,Qwen3.5-9B|pt_exams_math|pt_exams_math/146|g8,1
Qwen3.6,Qwen3.5-9B,pt_exams_math,truncated,Qwen3.5-9B|pt_exams_math|pt_exams_math/147|g1,1
Qwen3.6,Qwen3.5-9B,pt_exams_math,truncated,Qwen3.5-9B|pt_exams_math|pt_exams_math/15|g12,1
Qwen3.6,Qwen3.5-9B,pt_exams_math,truncated,Qwen3.5-9B|pt_exams_math|pt_exams_math/151|g8,1
Qwen3.6,Qwen3.5-9B,pt_exams_math,truncated,Qwen3.5-9B|pt_exams_math|pt_exams_math/152|g2,1
Qwen3.6,Qwen3.5-9B,pt_exams_math,truncated,Qwen3.5-9B|pt_exams_math|pt_exams_math/155|g15,1
Qwen3.6,Qwen3.5-9B,pt_exams_math,truncated,Qwen3.5-9B|pt_exams_math|pt_exams_math/156|g15,1
Qwen3.6,Qwen3.5-9B,pt_exams_math,truncated,Qwen3.5-9B|pt_exams_math|pt_exams_math/159|g8,1
Qwen3.6,Qwen3.5-9B,pt_exams_math,truncated,Qwen3.5-9B|pt_exams_math|pt_exams_math/160|g1,1
Qwen3.6,Qwen3.5-9B,pt_exams_math,truncated,Qwen3.5-9B|pt_exams_math|pt_exams_math/19|g0,1
Qwen3.6,Qwen3.5-9B,pt_exams_math,truncated,Qwen3.5-9B|pt_exams_math|pt_exams_math/21|g8,1
Qwen3.6,Qwen3.5-9B,pt_exams_math,truncated,Qwen3.5-9B|pt_exams_math|pt_exams_math/24|g14,1
Qwen3.6,Qwen3.5-9B,pt_exams_math,truncated,Qwen3.5-9B|pt_exams_math|pt_exams_math/26|g10,1
Qwen3.6,Qwen3.5-9B,pt_exams_math,truncated,Qwen3.5-9B|pt_exams_math|pt_exams_math/27|g8,1
Qwen3.6,Qwen3.5-9B,pt_exams_math,truncated,Qwen3.5-9B|pt_exams_math|pt_exams_math/28|g1,1
Qwen3.6,Qwen3.5-9B,pt_exams_math,truncated,Qwen3.5-9B|pt_exams_math|pt_exams_math/3|g0,1
Qwen3.6,Qwen3.5-9B,pt_exams_math,truncated,Qwen3.5-9B|pt_exams_math|pt_exams_math/30|g11,1
Qwen3.6,Qwen3.5-9B,pt_exams_math,truncated,Qwen3.5-9B|pt_exams_math|pt_exams_math/31|g13,1
Qwen3.6,Qwen3.5-9B,pt_exams_math,truncated,Qwen3.5-9B|pt_exams_math|pt_exams_math/32|g13,1
Qwen3.6,Qwen3.5-9B,pt_exams_math,truncated,Qwen3.5-9B|pt_exams_math|pt_exams_math/35|g9,1
Qwen3.6,Qwen3.5-9B,pt_exams_math,truncated,Qwen3.5-9B|pt_exams_math|pt_exams_math/36|g7,1
Qwen3.6,Qwen3.5-9B,pt_exams_math,truncated,Qwen3.5-9B|pt_exams_math|pt_exams_math/44|g12,1
Qwen3.6,Qwen3.5-9B,pt_exams_math,truncated,Qwen3.5-9B|pt_exams_math|pt_exams_math/45|g15,1
Qwen3.6,Qwen3.5-9B,pt_exams_math,truncated,Qwen3.5-9B|pt_exams_math|pt_exams_math/47|g4,1
Qwen3.6,Qwen3.5-9B,pt_exams_math,truncated,Qwen3.5-9B|pt_exams_math|pt_exams_math/48|g11,1
Qwen3.6,Qwen3.5-9B,pt_exams_math,truncated,Qwen3.5-9B|pt_exams_math|pt_exams_math/5|g3,1
Qwen3.6,Qwen3.5-9B,pt_exams_math,truncated,Qwen3.5-9B|pt_exams_math|pt_exams_math/50|g14,1
Qwen3.6,Qwen3.5-9B,pt_exams_math,truncated,Qwen3.5-9B|pt_exams_math|pt_exams_math/52|g2,1
Qwen3.6,Qwen3.5-9B,pt_exams_math,truncated,Qwen3.5-9B|pt_exams_math|pt_exams_math/53|g2,1
Qwen3.6,Qwen3.5-9B,pt_exams_math,truncated,Qwen3.5-9B|pt_exams_math|pt_exams_math/54|g8,1
Qwen3.6,Qwen3.5-9B,pt_exams_math,truncated,Qwen3.5-9B|pt_exams_math|pt_exams_math/55|g3,1
Qwen3.6,Qwen3.5-9B,pt_exams_math,truncated,Qwen3.5-9B|pt_exams_math|pt_exams_math/56|g7,1
Qwen3.6,Qwen3.5-9B,pt_exams_math,truncated,Qwen3.5-9B|pt_exams_math|pt_exams_math/59|g4,1
Qwen3.6,Qwen3.5-9B,pt_exams_math,truncated,Qwen3.5-9B|pt_exams_math|pt_exams_math/60|g6,1
Qwen3.6,Qwen3.5-9B,pt_exams_math,truncated,Qwen3.5-9B|pt_exams_math|pt_exams_math/63|g10,1
Qwen3.6,Qwen3.5-9B,pt_exams_math,truncated,Qwen3.5-9B|pt_exams_math|pt_exams_math/65|g11,1
Qwen3.6,Qwen3.5-9B,pt_exams_math,truncated,Qwen3.5-9B|pt_exams_math|pt_exams_math/68|g4,1
Qwen3.6,Qwen3.5-9B,pt_exams_math,truncated,Qwen3.5-9B|pt_exams_math|pt_exams_math/69|g7,1
Qwen3.6,Qwen3.5-9B,pt_exams_math,truncated,Qwen3.5-9B|pt_exams_math|pt_exams_math/7|g11,1
Qwen3.6,Qwen3.5-9B,pt_exams_math,truncated,Qwen3.5-9B|pt_exams_math|pt_exams_math/71|g3,1
Qwen3.6,Qwen3.5-9B,pt_exams_math,truncated,Qwen3.5-9B|pt_exams_math|pt_exams_math/75|g7,1
Qwen3.6,Qwen3.5-9B,pt_exams_math,truncated,Qwen3.5-9B|pt_exams_math|pt_exams_math/77|g1,1
Qwen3.6,Qwen3.5-9B,pt_exams_math,truncated,Qwen3.5-9B|pt_exams_math|pt_exams_math/79|g8,1
Qwen3.6,Qwen3.5-9B,pt_exams_math,truncated,Qwen3.5-9B|pt_exams_math|pt_exams_math/86|g0,1
Qwen3.6,Qwen3.5-9B,pt_exams_math,truncated,Qwen3.5-9B|pt_exams_math|pt_exams_math/87|g8,1
Qwen3.6,Qwen3.5-9B,pt_exams_math,truncated,Qwen3.5-9B|pt_exams_math|pt_exams_math/88|g6,1
Qwen3.6,Qwen3.5-9B,pt_exams_math,truncated,Qwen3.5-9B|pt_exams_math|pt_exams_math/89|g10,1
Qwen3.6,Qwen3.5-9B,pt_exams_math,truncated,Qwen3.5-9B|pt_exams_math|pt_exams_math/9|g1,1
Qwen3.6,Qwen3.5-9B,pt_exams_math,truncated,Qwen3.5-9B|pt_exams_math|pt_exams_math/90|g10,1
Qwen3.6,Qwen3.5-9B,pt_exams_math,truncated,Qwen3.5-9B|pt_exams_math|pt_exams_math/97|g14,1
Qwen3.6,Qwen3.5-9B,pt_exams_math,truncated,Qwen3.5-9B|pt_exams_math|pt_exams_math/99|g9,1
Qwen3.6,Qwen3.5-9B,tubitak_math2026,boxed_only,Qwen3.5-9B|tubitak_math2026|tubitak_math2026/1|g41,0
Qwen3.6,Qwen3.5-9B,tubitak_math2026,boxed_only,Qwen3.5-9B|tubitak_math2026|tubitak_math2026/1|g48,0
Qwen3.6,Qwen3.5-9B,tubitak_math2026,boxed_only,Qwen3.5-9B|tubitak_math2026|tubitak_math2026/1|g55,1
Qwen3.6,Qwen3.5-9B,tubitak_math2026,boxed_only,Qwen3.5-9B|tubitak_math2026|tubitak_math2026/1|g7,0
Qwen3.6,Qwen3.5-9B,tubitak_math2026,boxed_only,Qwen3.5-9B|tubitak_math2026|tubitak_math2026/1|g9,0
Qwen3.6,Qwen3.5-9B,tubitak_math2026,boxed_only,Qwen3.5-9B|tubitak_math2026|tubitak_math2026/11|g19,0
Qwen3.6,Qwen3.5-9B,tubitak_math2026,boxed_only,Qwen3.5-9B|tubitak_math2026|tubitak_math2026/11|g21,0
Qwen3.6,Qwen3.5-9B,tubitak_math2026,boxed_only,Qwen3.5-9B|tubitak_math2026|tubitak_math2026/11|g40,0
Qwen3.6,Qwen3.5-9B,tubitak_math2026,boxed_only,Qwen3.5-9B|tubitak_math2026|tubitak_math2026/11|g9,1
Qwen3.6,Qwen3.5-9B,tubitak_math2026,boxed_only,Qwen3.5-9B|tubitak_math2026|tubitak_math2026/12|g20,0
Qwen3.6,Qwen3.5-9B,tubitak_math2026,boxed_only,Qwen3.5-9B|tubitak_math2026|tubitak_math2026/12|g36,1
Qwen3.6,Qwen3.5-9B,tubitak_math2026,boxed_only,Qwen3.5-9B|tubitak_math2026|tubitak_math2026/12|g46,1
Qwen3.6,Qwen3.5-9B,tubitak_math2026,boxed_only,Qwen3.5-9B|tubitak_math2026|tubitak_math2026/12|g48,1
Qwen3.6,Qwen3.5-9B,tubitak_math2026,boxed_only,Qwen3.5-9B|tubitak_math2026|tubitak_math2026/12|g49,1
Qwen3.6,Qwen3.5-9B,tubitak_math2026,boxed_only,Qwen3.5-9B|tubitak_math2026|tubitak_math2026/13|g24,0
Qwen3.6,Qwen3.5-9B,tubitak_math2026,boxed_only,Qwen3.5-9B|tubitak_math2026|tubitak_math2026/13|g26,0
Qwen3.6,Qwen3.5-9B,tubitak_math2026,boxed_only,Qwen3.5-9B|tubitak_math2026|tubitak_math2026/13|g38,0
Qwen3.6,Qwen3.5-9B,tubitak_math2026,boxed_only,Qwen3.5-9B|tubitak_math2026|tubitak_math2026/13|g41,0
Qwen3.6,Qwen3.5-9B,tubitak_math2026,boxed_only,Qwen3.5-9B|tubitak_math2026|tubitak_math2026/13|g48,0
Qwen3.6,Qwen3.5-9B,tubitak_math2026,boxed_only,Qwen3.5-9B|tubitak_math2026|tubitak_math2026/15|g1,0
Qwen3.6,Qwen3.5-9B,tubitak_math2026,boxed_only,Qwen3.5-9B|tubitak_math2026|tubitak_math2026/15|g31,0
Qwen3.6,Qwen3.5-9B,tubitak_math2026,boxed_only,Qwen3.5-9B|tubitak_math2026|tubitak_math2026/15|g32,0
Qwen3.6,Qwen3.5-9B,tubitak_math2026,boxed_only,Qwen3.5-9B|tubitak_math2026|tubitak_math2026/15|g43,0
Qwen3.6,Qwen3.5-9B,tubitak_math2026,boxed_only,Qwen3.5-9B|tubitak_math2026|tubitak_math2026/15|g49,0
Qwen3.6,Qwen3.5-9B,tubitak_math2026,boxed_only,Qwen3.5-9B|tubitak_math2026|tubitak_math2026/16|g11,0
Qwen3.6,Qwen3.5-9B,tubitak_math2026,boxed_only,Qwen3.5-9B|tubitak_math2026|tubitak_math2026/16|g25,0
Qwen3.6,Qwen3.5-9B,tubitak_math2026,boxed_only,Qwen3.5-9B|tubitak_math2026|tubitak_math2026/16|g26,0
Qwen3.6,Qwen3.5-9B,tubitak_math2026,boxed_only,Qwen3.5-9B|tubitak_math2026|tubitak_math2026/16|g47,0
Qwen3.6,Qwen3.5-9B,tubitak_math2026,boxed_only,Qwen3.5-9B|tubitak_math2026|tubitak_math2026/16|g59,0
Qwen3.6,Qwen3.5-9B,tubitak_math2026,boxed_only,Qwen3.5-9B|tubitak_math2026|tubitak_math2026/17|g16,0
Qwen3.6,Qwen3.5-9B,tubitak_math2026,boxed_only,Qwen3.5-9B|tubitak_math2026|tubitak_math2026/17|g20,1
Qwen3.6,Qwen3.5-9B,tubitak_math2026,boxed_only,Qwen3.5-9B|tubitak_math2026|tubitak_math2026/17|g39,0
Qwen3.6,Qwen3.5-9B,tubitak_math2026,boxed_only,Qwen3.5-9B|tubitak_math2026|tubitak_math2026/17|g44,1
Qwen3.6,Qwen3.5-9B,tubitak_math2026,boxed_only,Qwen3.5-9B|tubitak_math2026|tubitak_math2026/17|g7,0
Qwen3.6,Qwen3.5-9B,tubitak_math2026,boxed_only,Qwen3.5-9B|tubitak_math2026|tubitak_math2026/20|g32,0
Qwen3.6,Qwen3.5-9B,tubitak_math2026,boxed_only,Qwen3.5-9B|tubitak_math2026|tubitak_math2026/20|g37,1
Qwen3.6,Qwen3.5-9B,tubitak_math2026,boxed_only,Qwen3.5-9B|tubitak_math2026|tubitak_math2026/20|g42,1
Qwen3.6,Qwen3.5-9B,tubitak_math2026,boxed_only,Qwen3.5-9B|tubitak_math2026|tubitak_math2026/20|g53,0
Qwen3.6,Qwen3.5-9B,tubitak_math2026,boxed_only,Qwen3.5-9B|tubitak_math2026|tubitak_math2026/20|g54,1
Qwen3.6,Qwen3.5-9B,tubitak_math2026,boxed_only,Qwen3.5-9B|tubitak_math2026|tubitak_math2026/20|g8,0
Qwen3.6,Qwen3.5-9B,tubitak_math2026,boxed_only,Qwen3.5-9B|tubitak_math2026|tubitak_math2026/21|g20,1
Qwen3.6,Qwen3.5-9B,tubitak_math2026,boxed_only,Qwen3.5-9B|tubitak_math2026|tubitak_math2026/21|g3,1
Qwen3.6,Qwen3.5-9B,tubitak_math2026,boxed_only,Qwen3.5-9B|tubitak_math2026|tubitak_math2026/21|g44,0
Qwen3.6,Qwen3.5-9B,tubitak_math2026,boxed_only,Qwen3.5-9B|tubitak_math2026|tubitak_math2026/21|g56,0
Qwen3.6,Qwen3.5-9B,tubitak_math2026,boxed_only,Qwen3.5-9B|tubitak_math2026|tubitak_math2026/28|g3,0
Qwen3.6,Qwen3.5-9B,tubitak_math2026,boxed_only,Qwen3.5-9B|tubitak_math2026|tubitak_math2026/28|g34,0
Qwen3.6,Qwen3.5-9B,tubitak_math2026,boxed_only,Qwen3.5-9B|tubitak_math2026|tubitak_math2026/28|g39,1
Qwen3.6,Qwen3.5-9B,tubitak_math2026,boxed_only,Qwen3.5-9B|tubitak_math2026|tubitak_math2026/28|g49,0
Qwen3.6,Qwen3.5-9B,tubitak_math2026,boxed_only,Qwen3.5-9B|tubitak_math2026|tubitak_math2026/28|g58,0
Qwen3.6,Qwen3.5-9B,tubitak_math2026,boxed_only,Qwen3.5-9B|tubitak_math2026|tubitak_math2026/29|g17,1
Qwen3.6,Qwen3.5-9B,tubitak_math2026,boxed_only,Qwen3.5-9B|tubitak_math2026|tubitak_math2026/30|g0,0
Qwen3.6,Qwen3.5-9B,tubitak_math2026,boxed_only,Qwen3.5-9B|tubitak_math2026|tubitak_math2026/30|g27,0
Qwen3.6,Qwen3.5-9B,tubitak_math2026,boxed_only,Qwen3.5-9B|tubitak_math2026|tubitak_math2026/30|g30,1
Qwen3.6,Qwen3.5-9B,tubitak_math2026,boxed_only,Qwen3.5-9B|tubitak_math2026|tubitak_math2026/30|g53,0
Qwen3.6,Qwen3.5-9B,tubitak_math2026,boxed_only,Qwen3.5-9B|tubitak_math2026|tubitak_math2026/31|g21,0
Qwen3.6,Qwen3.5-9B,tubitak_math2026,boxed_only,Qwen3.5-9B|tubitak_math2026|tubitak_math2026/31|g23,0
Qwen3.6,Qwen3.5-9B,tubitak_math2026,boxed_only,Qwen3.5-9B|tubitak_math2026|tubitak_math2026/31|g49,0
Qwen3.6,Qwen3.5-9B,tubitak_math2026,boxed_only,Qwen3.5-9B|tubitak_math2026|tubitak_math2026/31|g53,1
Qwen3.6,Qwen3.5-9B,tubitak_math2026,boxed_only,Qwen3.5-9B|tubitak_math2026|tubitak_math2026/31|g56,1
Qwen3.6,Qwen3.5-9B,tubitak_math2026,boxed_only,Qwen3.5-9B|tubitak_math2026|tubitak_math2026/4|g23,0
Qwen3.6,Qwen3.5-9B,tubitak_math2026,boxed_only,Qwen3.5-9B|tubitak_math2026|tubitak_math2026/4|g28,0
Qwen3.6,Qwen3.5-9B,tubitak_math2026,boxed_only,Qwen3.5-9B|tubitak_math2026|tubitak_math2026/4|g55,0
Qwen3.6,Qwen3.5-9B,tubitak_math2026,boxed_only,Qwen3.5-9B|tubitak_math2026|tubitak_math2026/4|g6,1
Qwen3.6,Qwen3.5-9B,tubitak_math2026,boxed_only,Qwen3.5-9B|tubitak_math2026|tubitak_math2026/5|g35,0
Qwen3.6,Qwen3.5-9B,tubitak_math2026,boxed_only,Qwen3.5-9B|tubitak_math2026|tubitak_math2026/5|g53,0
Qwen3.6,Qwen3.5-9B,tubitak_math2026,boxed_only,Qwen3.5-9B|tubitak_math2026|tubitak_math2026/5|g54,0
Qwen3.6,Qwen3.5-9B,tubitak_math2026,boxed_only,Qwen3.5-9B|tubitak_math2026|tubitak_math2026/5|g8,0
Qwen3.6,Qwen3.5-9B,tubitak_math2026,boxed_only,Qwen3.5-9B|tubitak_math2026|tubitak_math2026/9|g15,1
Qwen3.6,Qwen3.5-9B,tubitak_math2026,boxed_only,Qwen3.5-9B|tubitak_math2026|tubitak_math2026/9|g44,1
Qwen3.6,Qwen3.5-9B,tubitak_math2026,boxed_only,Qwen3.5-9B|tubitak_math2026|tubitak_math2026/9|g55,0
Qwen3.6,Qwen3.5-9B,tubitak_math2026,boxed_only,Qwen3.5-9B|tubitak_math2026|tubitak_math2026/9|g60,0
Qwen3.6,Qwen3.5-9B,tubitak_math2026,boxed_only,Qwen3.5-9B|tubitak_math2026|tubitak_math2026/9|g62,1
Qwen3.6,Qwen3.5-9B,tubitak_math2026,clean,Qwen3.5-9B|tubitak_math2026|tubitak_math2026/1|g41,1
Qwen3.6,Qwen3.5-9B,tubitak_math2026,clean,Qwen3.5-9B|tubitak_math2026|tubitak_math2026/1|g48,1
Qwen3.6,Qwen3.5-9B,tubitak_math2026,clean,Qwen3.5-9B|tubitak_math2026|tubitak_math2026/1|g55,1
Qwen3.6,Qwen3.5-9B,tubitak_math2026,clean,Qwen3.5-9B|tubitak_math2026|tubitak_math2026/1|g7,1
Qwen3.6,Qwen3.5-9B,tubitak_math2026,clean,Qwen3.5-9B|tubitak_math2026|tubitak_math2026/1|g9,1
Qwen3.6,Qwen3.5-9B,tubitak_math2026,clean,Qwen3.5-9B|tubitak_math2026|tubitak_math2026/11|g19,1
Qwen3.6,Qwen3.5-9B,tubitak_math2026,clean,Qwen3.5-9B|tubitak_math2026|tubitak_math2026/11|g21,1
Qwen3.6,Qwen3.5-9B,tubitak_math2026,clean,Qwen3.5-9B|tubitak_math2026|tubitak_math2026/11|g40,1
Qwen3.6,Qwen3.5-9B,tubitak_math2026,clean,Qwen3.5-9B|tubitak_math2026|tubitak_math2026/11|g9,1
Qwen3.6,Qwen3.5-9B,tubitak_math2026,clean,Qwen3.5-9B|tubitak_math2026|tubitak_math2026/12|g20,1
Qwen3.6,Qwen3.5-9B,tubitak_math2026,clean,Qwen3.5-9B|tubitak_math2026|tubitak_math2026/12|g36,1
Qwen3.6,Qwen3.5-9B,tubitak_math2026,clean,Qwen3.5-9B|tubitak_math2026|tubitak_math2026/12|g46,1
Qwen3.6,Qwen3.5-9B,tubitak_math2026,clean,Qwen3.5-9B|tubitak_math2026|tubitak_math2026/12|g48,1
Qwen3.6,Qwen3.5-9B,tubitak_math2026,clean,Qwen3.5-9B|tubitak_math2026|tubitak_math2026/12|g49,1
Qwen3.6,Qwen3.5-9B,tubitak_math2026,clean,Qwen3.5-9B|tubitak_math2026|tubitak_math2026/13|g24,1
Qwen3.6,Qwen3.5-9B,tubitak_math2026,clean,Qwen3.5-9B|tubitak_math2026|tubitak_math2026/13|g26,1
Qwen3.6,Qwen3.5-9B,tubitak_math2026,clean,Qwen3.5-9B|tubitak_math2026|tubitak_math2026/13|g38,1
Qwen3.6,Qwen3.5-9B,tubitak_math2026,clean,Qwen3.5-9B|tubitak_math2026|tubitak_math2026/13|g41,1
Qwen3.6,Qwen3.5-9B,tubitak_math2026,clean,Qwen3.5-9B|tubitak_math2026|tubitak_math2026/13|g48,1
Qwen3.6,Qwen3.5-9B,tubitak_math2026,clean,Qwen3.5-9B|tubitak_math2026|tubitak_math2026/15|g1,1
Qwen3.6,Qwen3.5-9B,tubitak_math2026,clean,Qwen3.5-9B|tubitak_math2026|tubitak_math2026/15|g31,1
Qwen3.6,Qwen3.5-9B,tubitak_math2026,clean,Qwen3.5-9B|tubitak_math2026|tubitak_math2026/15|g32,1
Qwen3.6,Qwen3.5-9B,tubitak_math2026,clean,Qwen3.5-9B|tubitak_math2026|tubitak_math2026/15|g43,1
Qwen3.6,Qwen3.5-9B,tubitak_math2026,clean,Qwen3.5-9B|tubitak_math2026|tubitak_math2026/15|g49,1
Qwen3.6,Qwen3.5-9B,tubitak_math2026,clean,Qwen3.5-9B|tubitak_math2026|tubitak_math2026/16|g11,1
Qwen3.6,Qwen3.5-9B,tubitak_math2026,clean,Qwen3.5-9B|tubitak_math2026|tubitak_math2026/16|g25,1
Qwen3.6,Qwen3.5-9B,tubitak_math2026,clean,Qwen3.5-9B|tubitak_math2026|tubitak_math2026/16|g26,1
Qwen3.6,Qwen3.5-9B,tubitak_math2026,clean,Qwen3.5-9B|tubitak_math2026|tubitak_math2026/16|g47,1
Qwen3.6,Qwen3.5-9B,tubitak_math2026,clean,Qwen3.5-9B|tubitak_math2026|tubitak_math2026/16|g59,1
Qwen3.6,Qwen3.5-9B,tubitak_math2026,clean,Qwen3.5-9B|tubitak_math2026|tubitak_math2026/17|g16,1
Qwen3.6,Qwen3.5-9B,tubitak_math2026,clean,Qwen3.5-9B|tubitak_math2026|tubitak_math2026/17|g20,1
Qwen3.6,Qwen3.5-9B,tubitak_math2026,clean,Qwen3.5-9B|tubitak_math2026|tubitak_math2026/17|g39,1
Qwen3.6,Qwen3.5-9B,tubitak_math2026,clean,Qwen3.5-9B|tubitak_math2026|tubitak_math2026/17|g44,1
Qwen3.6,Qwen3.5-9B,tubitak_math2026,clean,Qwen3.5-9B|tubitak_math2026|tubitak_math2026/17|g7,1
Qwen3.6,Qwen3.5-9B,tubitak_math2026,clean,Qwen3.5-9B|tubitak_math2026|tubitak_math2026/20|g32,1
Qwen3.6,Qwen3.5-9B,tubitak_math2026,clean,Qwen3.5-9B|tubitak_math2026|tubitak_math2026/20|g37,1
Qwen3.6,Qwen3.5-9B,tubitak_math2026,clean,Qwen3.5-9B|tubitak_math2026|tubitak_math2026/20|g42,1
Qwen3.6,Qwen3.5-9B,tubitak_math2026,clean,Qwen3.5-9B|tubitak_math2026|tubitak_math2026/20|g53,1
Qwen3.6,Qwen3.5-9B,tubitak_math2026,clean,Qwen3.5-9B|tubitak_math2026|tubitak_math2026/20|g54,1
Qwen3.6,Qwen3.5-9B,tubitak_math2026,clean,Qwen3.5-9B|tubitak_math2026|tubitak_math2026/20|g8,1
Qwen3.6,Qwen3.5-9B,tubitak_math2026,clean,Qwen3.5-9B|tubitak_math2026|tubitak_math2026/21|g20,1
Qwen3.6,Qwen3.5-9B,tubitak_math2026,clean,Qwen3.5-9B|tubitak_math2026|tubitak_math2026/21|g3,1
Qwen3.6,Qwen3.5-9B,tubitak_math2026,clean,Qwen3.5-9B|tubitak_math2026|tubitak_math2026/21|g44,1
Qwen3.6,Qwen3.5-9B,tubitak_math2026,clean,Qwen3.5-9B|tubitak_math2026|tubitak_math2026/21|g56,1
Qwen3.6,Qwen3.5-9B,tubitak_math2026,clean,Qwen3.5-9B|tubitak_math2026|tubitak_math2026/28|g3,1
Qwen3.6,Qwen3.5-9B,tubitak_math2026,clean,Qwen3.5-9B|tubitak_math2026|tubitak_math2026/28|g34,1
Qwen3.6,Qwen3.5-9B,tubitak_math2026,clean,Qwen3.5-9B|tubitak_math2026|tubitak_math2026/28|g39,1
Qwen3.6,Qwen3.5-9B,tubitak_math2026,clean,Qwen3.5-9B|tubitak_math2026|tubitak_math2026/28|g49,1
Qwen3.6,Qwen3.5-9B,tubitak_math2026,clean,Qwen3.5-9B|tubitak_math2026|tubitak_math2026/28|g58,1
Qwen3.6,Qwen3.5-9B,tubitak_math2026,clean,Qwen3.5-9B|tubitak_math2026|tubitak_math2026/29|g17,1
Qwen3.6,Qwen3.5-9B,tubitak_math2026,clean,Qwen3.5-9B|tubitak_math2026|tubitak_math2026/30|g0,0
Qwen3.6,Qwen3.5-9B,tubitak_math2026,clean,Qwen3.5-9B|tubitak_math2026|tubitak_math2026/30|g27,1
Qwen3.6,Qwen3.5-9B,tubitak_math2026,clean,Qwen3.5-9B|tubitak_math2026|tubitak_math2026/30|g30,1
Qwen3.6,Qwen3.5-9B,tubitak_math2026,clean,Qwen3.5-9B|tubitak_math2026|tubitak_math2026/30|g53,1
Qwen3.6,Qwen3.5-9B,tubitak_math2026,clean,Qwen3.5-9B|tubitak_math2026|tubitak_math2026/31|g21,1
Qwen3.6,Qwen3.5-9B,tubitak_math2026,clean,Qwen3.5-9B|tubitak_math2026|tubitak_math2026/31|g23,1
Qwen3.6,Qwen3.5-9B,tubitak_math2026,clean,Qwen3.5-9B|tubitak_math2026|tubitak_math2026/31|g49,1
Qwen3.6,Qwen3.5-9B,tubitak_math2026,clean,Qwen3.5-9B|tubitak_math2026|tubitak_math2026/31|g53,1
Qwen3.6,Qwen3.5-9B,tubitak_math2026,clean,Qwen3.5-9B|tubitak_math2026|tubitak_math2026/31|g56,1
Qwen3.6,Qwen3.5-9B,tubitak_math2026,clean,Qwen3.5-9B|tubitak_math2026|tubitak_math2026/4|g23,1
Qwen3.6,Qwen3.5-9B,tubitak_math2026,clean,Qwen3.5-9B|tubitak_math2026|tubitak_math2026/4|g28,1
Qwen3.6,Qwen3.5-9B,tubitak_math2026,clean,Qwen3.5-9B|tubitak_math2026|tubitak_math2026/4|g55,1
Qwen3.6,Qwen3.5-9B,tubitak_math2026,clean,Qwen3.5-9B|tubitak_math2026|tubitak_math2026/4|g6,1
Qwen3.6,Qwen3.5-9B,tubitak_math2026,clean,Qwen3.5-9B|tubitak_math2026|tubitak_math2026/5|g35,1
Qwen3.6,Qwen3.5-9B,tubitak_math2026,clean,Qwen3.5-9B|tubitak_math2026|tubitak_math2026/5|g53,1
Qwen3.6,Qwen3.5-9B,tubitak_math2026,clean,Qwen3.5-9B|tubitak_math2026|tubitak_math2026/5|g54,1
Qwen3.6,Qwen3.5-9B,tubitak_math2026,clean,Qwen3.5-9B|tubitak_math2026|tubitak_math2026/5|g8,1
Qwen3.6,Qwen3.5-9B,tubitak_math2026,clean,Qwen3.5-9B|tubitak_math2026|tubitak_math2026/9|g15,1
Qwen3.6,Qwen3.5-9B,tubitak_math2026,clean,Qwen3.5-9B|tubitak_math2026|tubitak_math2026/9|g44,1
Qwen3.6,Qwen3.5-9B,tubitak_math2026,clean,Qwen3.5-9B|tubitak_math2026|tubitak_math2026/9|g55,1
Qwen3.6,Qwen3.5-9B,tubitak_math2026,clean,Qwen3.5-9B|tubitak_math2026|tubitak_math2026/9|g60,1
Qwen3.6,Qwen3.5-9B,tubitak_math2026,clean,Qwen3.5-9B|tubitak_math2026|tubitak_math2026/9|g62,1
Qwen3.6,Qwen3.5-9B,tubitak_math2026,consistent_error,Qwen3.5-9B|tubitak_math2026|tubitak_math2026/1|g41,0
Qwen3.6,Qwen3.5-9B,tubitak_math2026,consistent_error,Qwen3.5-9B|tubitak_math2026|tubitak_math2026/1|g48,1
Qwen3.6,Qwen3.5-9B,tubitak_math2026,consistent_error,Qwen3.5-9B|tubitak_math2026|tubitak_math2026/1|g55,0
Qwen3.6,Qwen3.5-9B,tubitak_math2026,consistent_error,Qwen3.5-9B|tubitak_math2026|tubitak_math2026/1|g7,1
Qwen3.6,Qwen3.5-9B,tubitak_math2026,consistent_error,Qwen3.5-9B|tubitak_math2026|tubitak_math2026/1|g9,0
Qwen3.6,Qwen3.5-9B,tubitak_math2026,consistent_error,Qwen3.5-9B|tubitak_math2026|tubitak_math2026/11|g19,0
Qwen3.6,Qwen3.5-9B,tubitak_math2026,consistent_error,Qwen3.5-9B|tubitak_math2026|tubitak_math2026/11|g21,1
Qwen3.6,Qwen3.5-9B,tubitak_math2026,consistent_error,Qwen3.5-9B|tubitak_math2026|tubitak_math2026/11|g40,0
Qwen3.6,Qwen3.5-9B,tubitak_math2026,consistent_error,Qwen3.5-9B|tubitak_math2026|tubitak_math2026/11|g9,0
Qwen3.6,Qwen3.5-9B,tubitak_math2026,consistent_error,Qwen3.5-9B|tubitak_math2026|tubitak_math2026/12|g20,1
Qwen3.6,Qwen3.5-9B,tubitak_math2026,consistent_error,Qwen3.5-9B|tubitak_math2026|tubitak_math2026/12|g36,0
Qwen3.6,Qwen3.5-9B,tubitak_math2026,consistent_error,Qwen3.5-9B|tubitak_math2026|tubitak_math2026/12|g46,1
Qwen3.6,Qwen3.5-9B,tubitak_math2026,consistent_error,Qwen3.5-9B|tubitak_math2026|tubitak_math2026/12|g48,1
Qwen3.6,Qwen3.5-9B,tubitak_math2026,consistent_error,Qwen3.5-9B|tubitak_math2026|tubitak_math2026/12|g49,0
Qwen3.6,Qwen3.5-9B,tubitak_math2026,consistent_error,Qwen3.5-9B|tubitak_math2026|tubitak_math2026/13|g24,1
Qwen3.6,Qwen3.5-9B,tubitak_math2026,consistent_error,Qwen3.5-9B|tubitak_math2026|tubitak_math2026/13|g26,0
Qwen3.6,Qwen3.5-9B,tubitak_math2026,consistent_error,Qwen3.5-9B|tubitak_math2026|tubitak_math2026/13|g38,0
Qwen3.6,Qwen3.5-9B,tubitak_math2026,consistent_error,Qwen3.5-9B|tubitak_math2026|tubitak_math2026/13|g41,0
Qwen3.6,Qwen3.5-9B,tubitak_math2026,consistent_error,Qwen3.5-9B|tubitak_math2026|tubitak_math2026/13|g48,1
Qwen3.6,Qwen3.5-9B,tubitak_math2026,consistent_error,Qwen3.5-9B|tubitak_math2026|tubitak_math2026/15|g1,0
Qwen3.6,Qwen3.5-9B,tubitak_math2026,consistent_error,Qwen3.5-9B|tubitak_math2026|tubitak_math2026/15|g31,0
Qwen3.6,Qwen3.5-9B,tubitak_math2026,consistent_error,Qwen3.5-9B|tubitak_math2026|tubitak_math2026/15|g32,0
Qwen3.6,Qwen3.5-9B,tubitak_math2026,consistent_error,Qwen3.5-9B|tubitak_math2026|tubitak_math2026/15|g43,0
Qwen3.6,Qwen3.5-9B,tubitak_math2026,consistent_error,Qwen3.5-9B|tubitak_math2026|tubitak_math2026/15|g49,0
Qwen3.6,Qwen3.5-9B,tubitak_math2026,consistent_error,Qwen3.5-9B|tubitak_math2026|tubitak_math2026/16|g11,1
Qwen3.6,Qwen3.5-9B,tubitak_math2026,consistent_error,Qwen3.5-9B|tubitak_math2026|tubitak_math2026/16|g25,1
Qwen3.6,Qwen3.5-9B,tubitak_math2026,consistent_error,Qwen3.5-9B|tubitak_math2026|tubitak_math2026/16|g26,0
Qwen3.6,Qwen3.5-9B,tubitak_math2026,consistent_error,Qwen3.5-9B|tubitak_math2026|tubitak_math2026/16|g47,1
Qwen3.6,Qwen3.5-9B,tubitak_math2026,consistent_error,Qwen3.5-9B|tubitak_math2026|tubitak_math2026/16|g59,1
Qwen3.6,Qwen3.5-9B,tubitak_math2026,consistent_error,Qwen3.5-9B|tubitak_math2026|tubitak_math2026/17|g16,1
Qwen3.6,Qwen3.5-9B,tubitak_math2026,consistent_error,Qwen3.5-9B|tubitak_math2026|tubitak_math2026/17|g20,0
Qwen3.6,Qwen3.5-9B,tubitak_math2026,consistent_error,Qwen3.5-9B|tubitak_math2026|tubitak_math2026/17|g39,1
Qwen3.6,Qwen3.5-9B,tubitak_math2026,consistent_error,Qwen3.5-9B|tubitak_math2026|tubitak_math2026/17|g44,1
Qwen3.6,Qwen3.5-9B,tubitak_math2026,consistent_error,Qwen3.5-9B|tubitak_math2026|tubitak_math2026/17|g7,0
Qwen3.6,Qwen3.5-9B,tubitak_math2026,consistent_error,Qwen3.5-9B|tubitak_math2026|tubitak_math2026/20|g32,1
Qwen3.6,Qwen3.5-9B,tubitak_math2026,consistent_error,Qwen3.5-9B|tubitak_math2026|tubitak_math2026/20|g37,1
Qwen3.6,Qwen3.5-9B,tubitak_math2026,consistent_error,Qwen3.5-9B|tubitak_math2026|tubitak_math2026/20|g42,1
Qwen3.6,Qwen3.5-9B,tubitak_math2026,consistent_error,Qwen3.5-9B|tubitak_math2026|tubitak_math2026/20|g53,1
Qwen3.6,Qwen3.5-9B,tubitak_math2026,consistent_error,Qwen3.5-9B|tubitak_math2026|tubitak_math2026/20|g54,1
Qwen3.6,Qwen3.5-9B,tubitak_math2026,consistent_error,Qwen3.5-9B|tubitak_math2026|tubitak_math2026/20|g8,0
Qwen3.6,Qwen3.5-9B,tubitak_math2026,consistent_error,Qwen3.5-9B|tubitak_math2026|tubitak_math2026/21|g20,0
Qwen3.6,Qwen3.5-9B,tubitak_math2026,consistent_error,Qwen3.5-9B|tubitak_math2026|tubitak_math2026/21|g3,0
Qwen3.6,Qwen3.5-9B,tubitak_math2026,consistent_error,Qwen3.5-9B|tubitak_math2026|tubitak_math2026/21|g44,0
Qwen3.6,Qwen3.5-9B,tubitak_math2026,consistent_error,Qwen3.5-9B|tubitak_math2026|tubitak_math2026/21|g56,0
Qwen3.6,Qwen3.5-9B,tubitak_math2026,consistent_error,Qwen3.5-9B|tubitak_math2026|tubitak_math2026/28|g3,0
Qwen3.6,Qwen3.5-9B,tubitak_math2026,consistent_error,Qwen3.5-9B|tubitak_math2026|tubitak_math2026/28|g34,1
Qwen3.6,Qwen3.5-9B,tubitak_math2026,consistent_error,Qwen3.5-9B|tubitak_math2026|tubitak_math2026/28|g39,0
Qwen3.6,Qwen3.5-9B,tubitak_math2026,consistent_error,Qwen3.5-9B|tubitak_math2026|tubitak_math2026/28|g49,0
Qwen3.6,Qwen3.5-9B,tubitak_math2026,consistent_error,Qwen3.5-9B|tubitak_math2026|tubitak_math2026/28|g58,0
Qwen3.6,Qwen3.5-9B,tubitak_math2026,consistent_error,Qwen3.5-9B|tubitak_math2026|tubitak_math2026/29|g17,1
Qwen3.6,Qwen3.5-9B,tubitak_math2026,consistent_error,Qwen3.5-9B|tubitak_math2026|tubitak_math2026/30|g0,1
Qwen3.6,Qwen3.5-9B,tubitak_math2026,consistent_error,Qwen3.5-9B|tubitak_math2026|tubitak_math2026/30|g27,1
Qwen3.6,Qwen3.5-9B,tubitak_math2026,consistent_error,Qwen3.5-9B|tubitak_math2026|tubitak_math2026/30|g30,1
Qwen3.6,Qwen3.5-9B,tubitak_math2026,consistent_error,Qwen3.5-9B|tubitak_math2026|tubitak_math2026/30|g53,0
Qwen3.6,Qwen3.5-9B,tubitak_math2026,consistent_error,Qwen3.5-9B|tubitak_math2026|tubitak_math2026/31|g21,0
Qwen3.6,Qwen3.5-9B,tubitak_math2026,consistent_error,Qwen3.5-9B|tubitak_math2026|tubitak_math2026/31|g23,0
Qwen3.6,Qwen3.5-9B,tubitak_math2026,consistent_error,Qwen3.5-9B|tubitak_math2026|tubitak_math2026/31|g49,0
Qwen3.6,Qwen3.5-9B,tubitak_math2026,consistent_error,Qwen3.5-9B|tubitak_math2026|tubitak_math2026/31|g53,0
Qwen3.6,Qwen3.5-9B,tubitak_math2026,consistent_error,Qwen3.5-9B|tubitak_math2026|tubitak_math2026/31|g56,1
Qwen3.6,Qwen3.5-9B,tubitak_math2026,consistent_error,Qwen3.5-9B|tubitak_math2026|tubitak_math2026/4|g23,0
Qwen3.6,Qwen3.5-9B,tubitak_math2026,consistent_error,Qwen3.5-9B|tubitak_math2026|tubitak_math2026/4|g28,1
Qwen3.6,Qwen3.5-9B,tubitak_math2026,consistent_error,Qwen3.5-9B|tubitak_math2026|tubitak_math2026/4|g55,0
Qwen3.6,Qwen3.5-9B,tubitak_math2026,consistent_error,Qwen3.5-9B|tubitak_math2026|tubitak_math2026/4|g6,1
Qwen3.6,Qwen3.5-9B,tubitak_math2026,consistent_error,Qwen3.5-9B|tubitak_math2026|tubitak_math2026/5|g35,0
Qwen3.6,Qwen3.5-9B,tubitak_math2026,consistent_error,Qwen3.5-9B|tubitak_math2026|tubitak_math2026/5|g53,0
Qwen3.6,Qwen3.5-9B,tubitak_math2026,consistent_error,Qwen3.5-9B|tubitak_math2026|tubitak_math2026/5|g54,1
Qwen3.6,Qwen3.5-9B,tubitak_math2026,consistent_error,Qwen3.5-9B|tubitak_math2026|tubitak_math2026/5|g8,0
Qwen3.6,Qwen3.5-9B,tubitak_math2026,consistent_error,Qwen3.5-9B|tubitak_math2026|tubitak_math2026/9|g15,1
Qwen3.6,Qwen3.5-9B,tubitak_math2026,consistent_error,Qwen3.5-9B|tubitak_math2026|tubitak_math2026/9|g44,0
Qwen3.6,Qwen3.5-9B,tubitak_math2026,consistent_error,Qwen3.5-9B|tubitak_math2026|tubitak_math2026/9|g55,1
Qwen3.6,Qwen3.5-9B,tubitak_math2026,consistent_error,Qwen3.5-9B|tubitak_math2026|tubitak_math2026/9|g60,0
Qwen3.6,Qwen3.5-9B,tubitak_math2026,consistent_error,Qwen3.5-9B|tubitak_math2026|tubitak_math2026/9|g62,0
Qwen3.6,Qwen3.5-9B,tubitak_math2026,intermediate_error,Qwen3.5-9B|tubitak_math2026|tubitak_math2026/1|g41,1
Qwen3.6,Qwen3.5-9B,tubitak_math2026,intermediate_error,Qwen3.5-9B|tubitak_math2026|tubitak_math2026/1|g48,1
Qwen3.6,Qwen3.5-9B,tubitak_math2026,intermediate_error,Qwen3.5-9B|tubitak_math2026|tubitak_math2026/1|g55,1
Qwen3.6,Qwen3.5-9B,tubitak_math2026,intermediate_error,Qwen3.5-9B|tubitak_math2026|tubitak_math2026/1|g7,1
Qwen3.6,Qwen3.5-9B,tubitak_math2026,intermediate_error,Qwen3.5-9B|tubitak_math2026|tubitak_math2026/1|g9,1
Qwen3.6,Qwen3.5-9B,tubitak_math2026,intermediate_error,Qwen3.5-9B|tubitak_math2026|tubitak_math2026/11|g19,1
Qwen3.6,Qwen3.5-9B,tubitak_math2026,intermediate_error,Qwen3.5-9B|tubitak_math2026|tubitak_math2026/11|g21,1
Qwen3.6,Qwen3.5-9B,tubitak_math2026,intermediate_error,Qwen3.5-9B|tubitak_math2026|tubitak_math2026/11|g40,1
Qwen3.6,Qwen3.5-9B,tubitak_math2026,intermediate_error,Qwen3.5-9B|tubitak_math2026|tubitak_math2026/11|g9,1
Qwen3.6,Qwen3.5-9B,tubitak_math2026,intermediate_error,Qwen3.5-9B|tubitak_math2026|tubitak_math2026/12|g20,1
Qwen3.6,Qwen3.5-9B,tubitak_math2026,intermediate_error,Qwen3.5-9B|tubitak_math2026|tubitak_math2026/12|g36,1
Qwen3.6,Qwen3.5-9B,tubitak_math2026,intermediate_error,Qwen3.5-9B|tubitak_math2026|tubitak_math2026/12|g46,1
Qwen3.6,Qwen3.5-9B,tubitak_math2026,intermediate_error,Qwen3.5-9B|tubitak_math2026|tubitak_math2026/12|g48,1
Qwen3.6,Qwen3.5-9B,tubitak_math2026,intermediate_error,Qwen3.5-9B|tubitak_math2026|tubitak_math2026/12|g49,1
Qwen3.6,Qwen3.5-9B,tubitak_math2026,intermediate_error,Qwen3.5-9B|tubitak_math2026|tubitak_math2026/13|g24,1
Qwen3.6,Qwen3.5-9B,tubitak_math2026,intermediate_error,Qwen3.5-9B|tubitak_math2026|tubitak_math2026/13|g26,1
Qwen3.6,Qwen3.5-9B,tubitak_math2026,intermediate_error,Qwen3.5-9B|tubitak_math2026|tubitak_math2026/13|g38,1
Qwen3.6,Qwen3.5-9B,tubitak_math2026,intermediate_error,Qwen3.5-9B|tubitak_math2026|tubitak_math2026/13|g41,0
Qwen3.6,Qwen3.5-9B,tubitak_math2026,intermediate_error,Qwen3.5-9B|tubitak_math2026|tubitak_math2026/13|g48,1
Qwen3.6,Qwen3.5-9B,tubitak_math2026,intermediate_error,Qwen3.5-9B|tubitak_math2026|tubitak_math2026/15|g1,1
Qwen3.6,Qwen3.5-9B,tubitak_math2026,intermediate_error,Qwen3.5-9B|tubitak_math2026|tubitak_math2026/15|g31,1
Qwen3.6,Qwen3.5-9B,tubitak_math2026,intermediate_error,Qwen3.5-9B|tubitak_math2026|tubitak_math2026/15|g32,1
Qwen3.6,Qwen3.5-9B,tubitak_math2026,intermediate_error,Qwen3.5-9B|tubitak_math2026|tubitak_math2026/15|g43,1
Qwen3.6,Qwen3.5-9B,tubitak_math2026,intermediate_error,Qwen3.5-9B|tubitak_math2026|tubitak_math2026/15|g49,1
Qwen3.6,Qwen3.5-9B,tubitak_math2026,intermediate_error,Qwen3.5-9B|tubitak_math2026|tubitak_math2026/16|g11,1
Qwen3.6,Qwen3.5-9B,tubitak_math2026,intermediate_error,Qwen3.5-9B|tubitak_math2026|tubitak_math2026/16|g25,1
Qwen3.6,Qwen3.5-9B,tubitak_math2026,intermediate_error,Qwen3.5-9B|tubitak_math2026|tubitak_math2026/16|g26,1
Qwen3.6,Qwen3.5-9B,tubitak_math2026,intermediate_error,Qwen3.5-9B|tubitak_math2026|tubitak_math2026/16|g47,1
Qwen3.6,Qwen3.5-9B,tubitak_math2026,intermediate_error,Qwen3.5-9B|tubitak_math2026|tubitak_math2026/16|g59,1
Qwen3.6,Qwen3.5-9B,tubitak_math2026,intermediate_error,Qwen3.5-9B|tubitak_math2026|tubitak_math2026/17|g16,1
Qwen3.6,Qwen3.5-9B,tubitak_math2026,intermediate_error,Qwen3.5-9B|tubitak_math2026|tubitak_math2026/17|g20,1
Qwen3.6,Qwen3.5-9B,tubitak_math2026,intermediate_error,Qwen3.5-9B|tubitak_math2026|tubitak_math2026/17|g39,1
Qwen3.6,Qwen3.5-9B,tubitak_math2026,intermediate_error,Qwen3.5-9B|tubitak_math2026|tubitak_math2026/17|g44,1
Qwen3.6,Qwen3.5-9B,tubitak_math2026,intermediate_error,Qwen3.5-9B|tubitak_math2026|tubitak_math2026/17|g7,1
Qwen3.6,Qwen3.5-9B,tubitak_math2026,intermediate_error,Qwen3.5-9B|tubitak_math2026|tubitak_math2026/20|g32,1
Qwen3.6,Qwen3.5-9B,tubitak_math2026,intermediate_error,Qwen3.5-9B|tubitak_math2026|tubitak_math2026/20|g37,1
Qwen3.6,Qwen3.5-9B,tubitak_math2026,intermediate_error,Qwen3.5-9B|tubitak_math2026|tubitak_math2026/20|g42,1
Qwen3.6,Qwen3.5-9B,tubitak_math2026,intermediate_error,Qwen3.5-9B|tubitak_math2026|tubitak_math2026/20|g53,1
Qwen3.6,Qwen3.5-9B,tubitak_math2026,intermediate_error,Qwen3.5-9B|tubitak_math2026|tubitak_math2026/20|g54,1
Qwen3.6,Qwen3.5-9B,tubitak_math2026,intermediate_error,Qwen3.5-9B|tubitak_math2026|tubitak_math2026/20|g8,1
Qwen3.6,Qwen3.5-9B,tubitak_math2026,intermediate_error,Qwen3.5-9B|tubitak_math2026|tubitak_math2026/21|g20,1
Qwen3.6,Qwen3.5-9B,tubitak_math2026,intermediate_error,Qwen3.5-9B|tubitak_math2026|tubitak_math2026/21|g3,1
Qwen3.6,Qwen3.5-9B,tubitak_math2026,intermediate_error,Qwen3.5-9B|tubitak_math2026|tubitak_math2026/21|g44,1
Qwen3.6,Qwen3.5-9B,tubitak_math2026,intermediate_error,Qwen3.5-9B|tubitak_math2026|tubitak_math2026/21|g56,1
Qwen3.6,Qwen3.5-9B,tubitak_math2026,intermediate_error,Qwen3.5-9B|tubitak_math2026|tubitak_math2026/28|g3,1
Qwen3.6,Qwen3.5-9B,tubitak_math2026,intermediate_error,Qwen3.5-9B|tubitak_math2026|tubitak_math2026/28|g34,1
Qwen3.6,Qwen3.5-9B,tubitak_math2026,intermediate_error,Qwen3.5-9B|tubitak_math2026|tubitak_math2026/28|g39,1
Qwen3.6,Qwen3.5-9B,tubitak_math2026,intermediate_error,Qwen3.5-9B|tubitak_math2026|tubitak_math2026/28|g49,1
Qwen3.6,Qwen3.5-9B,tubitak_math2026,intermediate_error,Qwen3.5-9B|tubitak_math2026|tubitak_math2026/28|g58,1
Qwen3.6,Qwen3.5-9B,tubitak_math2026,intermediate_error,Qwen3.5-9B|tubitak_math2026|tubitak_math2026/29|g17,1
Qwen3.6,Qwen3.5-9B,tubitak_math2026,intermediate_error,Qwen3.5-9B|tubitak_math2026|tubitak_math2026/30|g0,1
Qwen3.6,Qwen3.5-9B,tubitak_math2026,intermediate_error,Qwen3.5-9B|tubitak_math2026|tubitak_math2026/30|g27,1
Qwen3.6,Qwen3.5-9B,tubitak_math2026,intermediate_error,Qwen3.5-9B|tubitak_math2026|tubitak_math2026/30|g30,1
Qwen3.6,Qwen3.5-9B,tubitak_math2026,intermediate_error,Qwen3.5-9B|tubitak_math2026|tubitak_math2026/30|g53,1
Qwen3.6,Qwen3.5-9B,tubitak_math2026,intermediate_error,Qwen3.5-9B|tubitak_math2026|tubitak_math2026/31|g21,1
Qwen3.6,Qwen3.5-9B,tubitak_math2026,intermediate_error,Qwen3.5-9B|tubitak_math2026|tubitak_math2026/31|g23,1
Qwen3.6,Qwen3.5-9B,tubitak_math2026,intermediate_error,Qwen3.5-9B|tubitak_math2026|tubitak_math2026/31|g49,1
Qwen3.6,Qwen3.5-9B,tubitak_math2026,intermediate_error,Qwen3.5-9B|tubitak_math2026|tubitak_math2026/31|g53,1
Qwen3.6,Qwen3.5-9B,tubitak_math2026,intermediate_error,Qwen3.5-9B|tubitak_math2026|tubitak_math2026/31|g56,1
Qwen3.6,Qwen3.5-9B,tubitak_math2026,intermediate_error,Qwen3.5-9B|tubitak_math2026|tubitak_math2026/4|g23,1
Qwen3.6,Qwen3.5-9B,tubitak_math2026,intermediate_error,Qwen3.5-9B|tubitak_math2026|tubitak_math2026/4|g28,1
Qwen3.6,Qwen3.5-9B,tubitak_math2026,intermediate_error,Qwen3.5-9B|tubitak_math2026|tubitak_math2026/4|g55,1
Qwen3.6,Qwen3.5-9B,tubitak_math2026,intermediate_error,Qwen3.5-9B|tubitak_math2026|tubitak_math2026/4|g6,1
Qwen3.6,Qwen3.5-9B,tubitak_math2026,intermediate_error,Qwen3.5-9B|tubitak_math2026|tubitak_math2026/5|g35,1
Qwen3.6,Qwen3.5-9B,tubitak_math2026,intermediate_error,Qwen3.5-9B|tubitak_math2026|tubitak_math2026/5|g53,1
Qwen3.6,Qwen3.5-9B,tubitak_math2026,intermediate_error,Qwen3.5-9B|tubitak_math2026|tubitak_math2026/5|g54,1
Qwen3.6,Qwen3.5-9B,tubitak_math2026,intermediate_error,Qwen3.5-9B|tubitak_math2026|tubitak_math2026/5|g8,1
Qwen3.6,Qwen3.5-9B,tubitak_math2026,intermediate_error,Qwen3.5-9B|tubitak_math2026|tubitak_math2026/9|g15,1
Qwen3.6,Qwen3.5-9B,tubitak_math2026,intermediate_error,Qwen3.5-9B|tubitak_math2026|tubitak_math2026/9|g44,1
Qwen3.6,Qwen3.5-9B,tubitak_math2026,intermediate_error,Qwen3.5-9B|tubitak_math2026|tubitak_math2026/9|g55,1
Qwen3.6,Qwen3.5-9B,tubitak_math2026,intermediate_error,Qwen3.5-9B|tubitak_math2026|tubitak_math2026/9|g60,1
Qwen3.6,Qwen3.5-9B,tubitak_math2026,intermediate_error,Qwen3.5-9B|tubitak_math2026|tubitak_math2026/9|g62,1
Qwen3.6,Qwen3.5-9B,tubitak_math2026,truncated,Qwen3.5-9B|tubitak_math2026|tubitak_math2026/1|g41,1
Qwen3.6,Qwen3.5-9B,tubitak_math2026,truncated,Qwen3.5-9B|tubitak_math2026|tubitak_math2026/1|g48,1
Qwen3.6,Qwen3.5-9B,tubitak_math2026,truncated,Qwen3.5-9B|tubitak_math2026|tubitak_math2026/1|g55,1
Qwen3.6,Qwen3.5-9B,tubitak_math2026,truncated,Qwen3.5-9B|tubitak_math2026|tubitak_math2026/1|g7,1
Qwen3.6,Qwen3.5-9B,tubitak_math2026,truncated,Qwen3.5-9B|tubitak_math2026|tubitak_math2026/1|g9,1
Qwen3.6,Qwen3.5-9B,tubitak_math2026,truncated,Qwen3.5-9B|tubitak_math2026|tubitak_math2026/11|g19,1
Qwen3.6,Qwen3.5-9B,tubitak_math2026,truncated,Qwen3.5-9B|tubitak_math2026|tubitak_math2026/11|g21,1
Qwen3.6,Qwen3.5-9B,tubitak_math2026,truncated,Qwen3.5-9B|tubitak_math2026|tubitak_math2026/11|g40,1
Qwen3.6,Qwen3.5-9B,tubitak_math2026,truncated,Qwen3.5-9B|tubitak_math2026|tubitak_math2026/11|g9,1
Qwen3.6,Qwen3.5-9B,tubitak_math2026,truncated,Qwen3.5-9B|tubitak_math2026|tubitak_math2026/12|g20,1
Qwen3.6,Qwen3.5-9B,tubitak_math2026,truncated,Qwen3.5-9B|tubitak_math2026|tubitak_math2026/12|g36,1
Qwen3.6,Qwen3.5-9B,tubitak_math2026,truncated,Qwen3.5-9B|tubitak_math2026|tubitak_math2026/12|g46,1
Qwen3.6,Qwen3.5-9B,tubitak_math2026,truncated,Qwen3.5-9B|tubitak_math2026|tubitak_math2026/12|g48,1
Qwen3.6,Qwen3.5-9B,tubitak_math2026,truncated,Qwen3.5-9B|tubitak_math2026|tubitak_math2026/12|g49,1
Qwen3.6,Qwen3.5-9B,tubitak_math2026,truncated,Qwen3.5-9B|tubitak_math2026|tubitak_math2026/13|g24,0
Qwen3.6,Qwen3.5-9B,tubitak_math2026,truncated,Qwen3.5-9B|tubitak_math2026|tubitak_math2026/13|g26,1
Qwen3.6,Qwen3.5-9B,tubitak_math2026,truncated,Qwen3.5-9B|tubitak_math2026|tubitak_math2026/13|g38,1
Qwen3.6,Qwen3.5-9B,tubitak_math2026,truncated,Qwen3.5-9B|tubitak_math2026|tubitak_math2026/13|g41,1
Qwen3.6,Qwen3.5-9B,tubitak_math2026,truncated,Qwen3.5-9B|tubitak_math2026|tubitak_math2026/13|g48,1
Qwen3.6,Qwen3.5-9B,tubitak_math2026,truncated,Qwen3.5-9B|tubitak_math2026|tubitak_math2026/15|g1,1
Qwen3.6,Qwen3.5-9B,tubitak_math2026,truncated,Qwen3.5-9B|tubitak_math2026|tubitak_math2026/15|g31,1
Qwen3.6,Qwen3.5-9B,tubitak_math2026,truncated,Qwen3.5-9B|tubitak_math2026|tubitak_math2026/15|g32,1
Qwen3.6,Qwen3.5-9B,tubitak_math2026,truncated,Qwen3.5-9B|tubitak_math2026|tubitak_math2026/15|g43,1
Qwen3.6,Qwen3.5-9B,tubitak_math2026,truncated,Qwen3.5-9B|tubitak_math2026|tubitak_math2026/15|g49,1
Qwen3.6,Qwen3.5-9B,tubitak_math2026,truncated,Qwen3.5-9B|tubitak_math2026|tubitak_math2026/16|g11,1
Qwen3.6,Qwen3.5-9B,tubitak_math2026,truncated,Qwen3.5-9B|tubitak_math2026|tubitak_math2026/16|g25,1
Qwen3.6,Qwen3.5-9B,tubitak_math2026,truncated,Qwen3.5-9B|tubitak_math2026|tubitak_math2026/16|g26,1
Qwen3.6,Qwen3.5-9B,tubitak_math2026,truncated,Qwen3.5-9B|tubitak_math2026|tubitak_math2026/16|g47,0
Qwen3.6,Qwen3.5-9B,tubitak_math2026,truncated,Qwen3.5-9B|tubitak_math2026|tubitak_math2026/16|g59,1
Qwen3.6,Qwen3.5-9B,tubitak_math2026,truncated,Qwen3.5-9B|tubitak_math2026|tubitak_math2026/17|g16,1
Qwen3.6,Qwen3.5-9B,tubitak_math2026,truncated,Qwen3.5-9B|tubitak_math2026|tubitak_math2026/17|g20,1
Qwen3.6,Qwen3.5-9B,tubitak_math2026,truncated,Qwen3.5-9B|tubitak_math2026|tubitak_math2026/17|g39,1
Qwen3.6,Qwen3.5-9B,tubitak_math2026,truncated,Qwen3.5-9B|tubitak_math2026|tubitak_math2026/17|g44,1
Qwen3.6,Qwen3.5-9B,tubitak_math2026,truncated,Qwen3.5-9B|tubitak_math2026|tubitak_math2026/17|g7,1
Qwen3.6,Qwen3.5-9B,tubitak_math2026,truncated,Qwen3.5-9B|tubitak_math2026|tubitak_math2026/20|g32,1
Qwen3.6,Qwen3.5-9B,tubitak_math2026,truncated,Qwen3.5-9B|tubitak_math2026|tubitak_math2026/20|g37,1
Qwen3.6,Qwen3.5-9B,tubitak_math2026,truncated,Qwen3.5-9B|tubitak_math2026|tubitak_math2026/20|g42,1
Qwen3.6,Qwen3.5-9B,tubitak_math2026,truncated,Qwen3.5-9B|tubitak_math2026|tubitak_math2026/20|g53,1
Qwen3.6,Qwen3.5-9B,tubitak_math2026,truncated,Qwen3.5-9B|tubitak_math2026|tubitak_math2026/20|g54,1
Qwen3.6,Qwen3.5-9B,tubitak_math2026,truncated,Qwen3.5-9B|tubitak_math2026|tubitak_math2026/20|g8,1
Qwen3.6,Qwen3.5-9B,tubitak_math2026,truncated,Qwen3.5-9B|tubitak_math2026|tubitak_math2026/21|g20,1
Qwen3.6,Qwen3.5-9B,tubitak_math2026,truncated,Qwen3.5-9B|tubitak_math2026|tubitak_math2026/21|g3,1
Qwen3.6,Qwen3.5-9B,tubitak_math2026,truncated,Qwen3.5-9B|tubitak_math2026|tubitak_math2026/21|g44,0
Qwen3.6,Qwen3.5-9B,tubitak_math2026,truncated,Qwen3.5-9B|tubitak_math2026|tubitak_math2026/21|g56,0
Qwen3.6,Qwen3.5-9B,tubitak_math2026,truncated,Qwen3.5-9B|tubitak_math2026|tubitak_math2026/28|g3,1
Qwen3.6,Qwen3.5-9B,tubitak_math2026,truncated,Qwen3.5-9B|tubitak_math2026|tubitak_math2026/28|g34,1
Qwen3.6,Qwen3.5-9B,tubitak_math2026,truncated,Qwen3.5-9B|tubitak_math2026|tubitak_math2026/28|g39,1
Qwen3.6,Qwen3.5-9B,tubitak_math2026,truncated,Qwen3.5-9B|tubitak_math2026|tubitak_math2026/28|g49,1
Qwen3.6,Qwen3.5-9B,tubitak_math2026,truncated,Qwen3.5-9B|tubitak_math2026|tubitak_math2026/28|g58,1
Qwen3.6,Qwen3.5-9B,tubitak_math2026,truncated,Qwen3.5-9B|tubitak_math2026|tubitak_math2026/29|g17,1
Qwen3.6,Qwen3.5-9B,tubitak_math2026,truncated,Qwen3.5-9B|tubitak_math2026|tubitak_math2026/30|g0,1
Qwen3.6,Qwen3.5-9B,tubitak_math2026,truncated,Qwen3.5-9B|tubitak_math2026|tubitak_math2026/30|g27,1
Qwen3.6,Qwen3.5-9B,tubitak_math2026,truncated,Qwen3.5-9B|tubitak_math2026|tubitak_math2026/30|g30,1
Qwen3.6,Qwen3.5-9B,tubitak_math2026,truncated,Qwen3.5-9B|tubitak_math2026|tubitak_math2026/30|g53,1
Qwen3.6,Qwen3.5-9B,tubitak_math2026,truncated,Qwen3.5-9B|tubitak_math2026|tubitak_math2026/31|g21,1
Qwen3.6,Qwen3.5-9B,tubitak_math2026,truncated,Qwen3.5-9B|tubitak_math2026|tubitak_math2026/31|g23,0
Qwen3.6,Qwen3.5-9B,tubitak_math2026,truncated,Qwen3.5-9B|tubitak_math2026|tubitak_math2026/31|g49,1
Qwen3.6,Qwen3.5-9B,tubitak_math2026,truncated,Qwen3.5-9B|tubitak_math2026|tubitak_math2026/31|g53,1
Qwen3.6,Qwen3.5-9B,tubitak_math2026,truncated,Qwen3.5-9B|tubitak_math2026|tubitak_math2026/31|g56,1
Qwen3.6,Qwen3.5-9B,tubitak_math2026,truncated,Qwen3.5-9B|tubitak_math2026|tubitak_math2026/4|g23,1
Qwen3.6,Qwen3.5-9B,tubitak_math2026,truncated,Qwen3.5-9B|tubitak_math2026|tubitak_math2026/4|g28,1
Qwen3.6,Qwen3.5-9B,tubitak_math2026,truncated,Qwen3.5-9B|tubitak_math2026|tubitak_math2026/4|g55,1
Qwen3.6,Qwen3.5-9B,tubitak_math2026,truncated,Qwen3.5-9B|tubitak_math2026|tubitak_math2026/4|g6,1
Qwen3.6,Qwen3.5-9B,tubitak_math2026,truncated,Qwen3.5-9B|tubitak_math2026|tubitak_math2026/5|g35,1
Qwen3.6,Qwen3.5-9B,tubitak_math2026,truncated,Qwen3.5-9B|tubitak_math2026|tubitak_math2026/5|g53,1
Qwen3.6,Qwen3.5-9B,tubitak_math2026,truncated,Qwen3.5-9B|tubitak_math2026|tubitak_math2026/5|g54,1
Qwen3.6,Qwen3.5-9B,tubitak_math2026,truncated,Qwen3.5-9B|tubitak_math2026|tubitak_math2026/5|g8,1
Qwen3.6,Qwen3.5-9B,tubitak_math2026,truncated,Qwen3.5-9B|tubitak_math2026|tubitak_math2026/9|g15,1
Qwen3.6,Qwen3.5-9B,tubitak_math2026,truncated,Qwen3.5-9B|tubitak_math2026|tubitak_math2026/9|g44,1
Qwen3.6,Qwen3.5-9B,tubitak_math2026,truncated,Qwen3.5-9B|tubitak_math2026|tubitak_math2026/9|g55,1
Qwen3.6,Qwen3.5-9B,tubitak_math2026,truncated,Qwen3.5-9B|tubitak_math2026|tubitak_math2026/9|g60,1
Qwen3.6,Qwen3.5-9B,tubitak_math2026,truncated,Qwen3.5-9B|tubitak_math2026|tubitak_math2026/9|g62,1
V4-Flash,Qwen3.5-4B,aime2026,boxed_only,Qwen3.5-4B|aime2026|AIME2026/1|g15,0
V4-Flash,Qwen3.5-4B,aime2026,boxed_only,Qwen3.5-4B|aime2026|AIME2026/1|g28,0
V4-Flash,Qwen3.5-4B,aime2026,boxed_only,Qwen3.5-4B|aime2026|AIME2026/1|g42,0
V4-Flash,Qwen3.5-4B,aime2026,boxed_only,Qwen3.5-4B|aime2026|AIME2026/10|g18,1
V4-Flash,Qwen3.5-4B,aime2026,boxed_only,Qwen3.5-4B|aime2026|AIME2026/10|g2,1
V4-Flash,Qwen3.5-4B,aime2026,boxed_only,Qwen3.5-4B|aime2026|AIME2026/12|g30,0
V4-Flash,Qwen3.5-4B,aime2026,boxed_only,Qwen3.5-4B|aime2026|AIME2026/12|g54,1
V4-Flash,Qwen3.5-4B,aime2026,boxed_only,Qwen3.5-4B|aime2026|AIME2026/13|g21,0
V4-Flash,Qwen3.5-4B,aime2026,boxed_only,Qwen3.5-4B|aime2026|AIME2026/13|g44,1
V4-Flash,Qwen3.5-4B,aime2026,boxed_only,Qwen3.5-4B|aime2026|AIME2026/13|g51,0
V4-Flash,Qwen3.5-4B,aime2026,boxed_only,Qwen3.5-4B|aime2026|AIME2026/14|g30,0
V4-Flash,Qwen3.5-4B,aime2026,boxed_only,Qwen3.5-4B|aime2026|AIME2026/14|g48,0
V4-Flash,Qwen3.5-4B,aime2026,boxed_only,Qwen3.5-4B|aime2026|AIME2026/14|g63,0
V4-Flash,Qwen3.5-4B,aime2026,boxed_only,Qwen3.5-4B|aime2026|AIME2026/16|g49,1
V4-Flash,Qwen3.5-4B,aime2026,boxed_only,Qwen3.5-4B|aime2026|AIME2026/18|g22,0
V4-Flash,Qwen3.5-4B,aime2026,boxed_only,Qwen3.5-4B|aime2026|AIME2026/18|g23,0
V4-Flash,Qwen3.5-4B,aime2026,boxed_only,Qwen3.5-4B|aime2026|AIME2026/18|g62,0
V4-Flash,Qwen3.5-4B,aime2026,boxed_only,Qwen3.5-4B|aime2026|AIME2026/19|g26,1
V4-Flash,Qwen3.5-4B,aime2026,boxed_only,Qwen3.5-4B|aime2026|AIME2026/19|g54,0
V4-Flash,Qwen3.5-4B,aime2026,boxed_only,Qwen3.5-4B|aime2026|AIME2026/2|g20,0
V4-Flash,Qwen3.5-4B,aime2026,boxed_only,Qwen3.5-4B|aime2026|AIME2026/2|g26,1
V4-Flash,Qwen3.5-4B,aime2026,boxed_only,Qwen3.5-4B|aime2026|AIME2026/2|g59,0
V4-Flash,Qwen3.5-4B,aime2026,boxed_only,Qwen3.5-4B|aime2026|AIME2026/20|g18,0
V4-Flash,Qwen3.5-4B,aime2026,boxed_only,Qwen3.5-4B|aime2026|AIME2026/20|g21,0
V4-Flash,Qwen3.5-4B,aime2026,boxed_only,Qwen3.5-4B|aime2026|AIME2026/20|g34,0
V4-Flash,Qwen3.5-4B,aime2026,boxed_only,Qwen3.5-4B|aime2026|AIME2026/20|g53,0
V4-Flash,Qwen3.5-4B,aime2026,boxed_only,Qwen3.5-4B|aime2026|AIME2026/21|g0,0
V4-Flash,Qwen3.5-4B,aime2026,boxed_only,Qwen3.5-4B|aime2026|AIME2026/21|g11,0
V4-Flash,Qwen3.5-4B,aime2026,boxed_only,Qwen3.5-4B|aime2026|AIME2026/21|g38,0
V4-Flash,Qwen3.5-4B,aime2026,boxed_only,Qwen3.5-4B|aime2026|AIME2026/21|g52,0
V4-Flash,Qwen3.5-4B,aime2026,boxed_only,Qwen3.5-4B|aime2026|AIME2026/22|g18,0
V4-Flash,Qwen3.5-4B,aime2026,boxed_only,Qwen3.5-4B|aime2026|AIME2026/22|g22,0
V4-Flash,Qwen3.5-4B,aime2026,boxed_only,Qwen3.5-4B|aime2026|AIME2026/22|g31,1
V4-Flash,Qwen3.5-4B,aime2026,boxed_only,Qwen3.5-4B|aime2026|AIME2026/24|g19,0
V4-Flash,Qwen3.5-4B,aime2026,boxed_only,Qwen3.5-4B|aime2026|AIME2026/24|g20,1
V4-Flash,Qwen3.5-4B,aime2026,boxed_only,Qwen3.5-4B|aime2026|AIME2026/24|g24,0
V4-Flash,Qwen3.5-4B,aime2026,boxed_only,Qwen3.5-4B|aime2026|AIME2026/24|g46,0
V4-Flash,Qwen3.5-4B,aime2026,boxed_only,Qwen3.5-4B|aime2026|AIME2026/25|g14,0
V4-Flash,Qwen3.5-4B,aime2026,boxed_only,Qwen3.5-4B|aime2026|AIME2026/25|g26,1
V4-Flash,Qwen3.5-4B,aime2026,boxed_only,Qwen3.5-4B|aime2026|AIME2026/25|g30,1
V4-Flash,Qwen3.5-4B,aime2026,boxed_only,Qwen3.5-4B|aime2026|AIME2026/25|g44,0
V4-Flash,Qwen3.5-4B,aime2026,boxed_only,Qwen3.5-4B|aime2026|AIME2026/26|g14,1
V4-Flash,Qwen3.5-4B,aime2026,boxed_only,Qwen3.5-4B|aime2026|AIME2026/26|g30,1
V4-Flash,Qwen3.5-4B,aime2026,boxed_only,Qwen3.5-4B|aime2026|AIME2026/26|g49,0
V4-Flash,Qwen3.5-4B,aime2026,boxed_only,Qwen3.5-4B|aime2026|AIME2026/26|g58,0
V4-Flash,Qwen3.5-4B,aime2026,boxed_only,Qwen3.5-4B|aime2026|AIME2026/27|g2,1
V4-Flash,Qwen3.5-4B,aime2026,boxed_only,Qwen3.5-4B|aime2026|AIME2026/27|g35,1
V4-Flash,Qwen3.5-4B,aime2026,boxed_only,Qwen3.5-4B|aime2026|AIME2026/27|g55,1
V4-Flash,Qwen3.5-4B,aime2026,boxed_only,Qwen3.5-4B|aime2026|AIME2026/28|g29,0
V4-Flash,Qwen3.5-4B,aime2026,boxed_only,Qwen3.5-4B|aime2026|AIME2026/28|g45,1
V4-Flash,Qwen3.5-4B,aime2026,boxed_only,Qwen3.5-4B|aime2026|AIME2026/28|g52,0
V4-Flash,Qwen3.5-4B,aime2026,boxed_only,Qwen3.5-4B|aime2026|AIME2026/29|g29,0
V4-Flash,Qwen3.5-4B,aime2026,boxed_only,Qwen3.5-4B|aime2026|AIME2026/29|g50,1
V4-Flash,Qwen3.5-4B,aime2026,boxed_only,Qwen3.5-4B|aime2026|AIME2026/29|g59,1
V4-Flash,Qwen3.5-4B,aime2026,boxed_only,Qwen3.5-4B|aime2026|AIME2026/3|g13,0
V4-Flash,Qwen3.5-4B,aime2026,boxed_only,Qwen3.5-4B|aime2026|AIME2026/30|g4,1
V4-Flash,Qwen3.5-4B,aime2026,boxed_only,Qwen3.5-4B|aime2026|AIME2026/30|g50,0
V4-Flash,Qwen3.5-4B,aime2026,boxed_only,Qwen3.5-4B|aime2026|AIME2026/4|g12,1
V4-Flash,Qwen3.5-4B,aime2026,boxed_only,Qwen3.5-4B|aime2026|AIME2026/4|g32,1
V4-Flash,Qwen3.5-4B,aime2026,boxed_only,Qwen3.5-4B|aime2026|AIME2026/4|g7,0
V4-Flash,Qwen3.5-4B,aime2026,boxed_only,Qwen3.5-4B|aime2026|AIME2026/5|g22,0
V4-Flash,Qwen3.5-4B,aime2026,boxed_only,Qwen3.5-4B|aime2026|AIME2026/5|g35,0
V4-Flash,Qwen3.5-4B,aime2026,boxed_only,Qwen3.5-4B|aime2026|AIME2026/5|g5,0
V4-Flash,Qwen3.5-4B,aime2026,boxed_only,Qwen3.5-4B|aime2026|AIME2026/6|g49,0
V4-Flash,Qwen3.5-4B,aime2026,boxed_only,Qwen3.5-4B|aime2026|AIME2026/6|g52,0
V4-Flash,Qwen3.5-4B,aime2026,boxed_only,Qwen3.5-4B|aime2026|AIME2026/6|g56,1
V4-Flash,Qwen3.5-4B,aime2026,boxed_only,Qwen3.5-4B|aime2026|AIME2026/7|g25,0
V4-Flash,Qwen3.5-4B,aime2026,boxed_only,Qwen3.5-4B|aime2026|AIME2026/7|g3,0
V4-Flash,Qwen3.5-4B,aime2026,boxed_only,Qwen3.5-4B|aime2026|AIME2026/7|g45,0
V4-Flash,Qwen3.5-4B,aime2026,boxed_only,Qwen3.5-4B|aime2026|AIME2026/7|g60,0
V4-Flash,Qwen3.5-4B,aime2026,boxed_only,Qwen3.5-4B|aime2026|AIME2026/9|g31,0
V4-Flash,Qwen3.5-4B,aime2026,boxed_only,Qwen3.5-4B|aime2026|AIME2026/9|g49,0
V4-Flash,Qwen3.5-4B,aime2026,clean,Qwen3.5-4B|aime2026|AIME2026/1|g15,1
V4-Flash,Qwen3.5-4B,aime2026,clean,Qwen3.5-4B|aime2026|AIME2026/1|g28,1
V4-Flash,Qwen3.5-4B,aime2026,clean,Qwen3.5-4B|aime2026|AIME2026/1|g42,1
V4-Flash,Qwen3.5-4B,aime2026,clean,Qwen3.5-4B|aime2026|AIME2026/10|g18,0
V4-Flash,Qwen3.5-4B,aime2026,clean,Qwen3.5-4B|aime2026|AIME2026/10|g2,1
V4-Flash,Qwen3.5-4B,aime2026,clean,Qwen3.5-4B|aime2026|AIME2026/12|g30,1
V4-Flash,Qwen3.5-4B,aime2026,clean,Qwen3.5-4B|aime2026|AIME2026/12|g54,1
V4-Flash,Qwen3.5-4B,aime2026,clean,Qwen3.5-4B|aime2026|AIME2026/13|g21,1
V4-Flash,Qwen3.5-4B,aime2026,clean,Qwen3.5-4B|aime2026|AIME2026/13|g44,1
V4-Flash,Qwen3.5-4B,aime2026,clean,Qwen3.5-4B|aime2026|AIME2026/13|g51,1
V4-Flash,Qwen3.5-4B,aime2026,clean,Qwen3.5-4B|aime2026|AIME2026/14|g30,1
V4-Flash,Qwen3.5-4B,aime2026,clean,Qwen3.5-4B|aime2026|AIME2026/14|g48,1
V4-Flash,Qwen3.5-4B,aime2026,clean,Qwen3.5-4B|aime2026|AIME2026/14|g63,1
V4-Flash,Qwen3.5-4B,aime2026,clean,Qwen3.5-4B|aime2026|AIME2026/16|g49,1
V4-Flash,Qwen3.5-4B,aime2026,clean,Qwen3.5-4B|aime2026|AIME2026/18|g22,1
V4-Flash,Qwen3.5-4B,aime2026,clean,Qwen3.5-4B|aime2026|AIME2026/18|g23,1
V4-Flash,Qwen3.5-4B,aime2026,clean,Qwen3.5-4B|aime2026|AIME2026/18|g62,1
V4-Flash,Qwen3.5-4B,aime2026,clean,Qwen3.5-4B|aime2026|AIME2026/19|g26,1
V4-Flash,Qwen3.5-4B,aime2026,clean,Qwen3.5-4B|aime2026|AIME2026/19|g54,1
V4-Flash,Qwen3.5-4B,aime2026,clean,Qwen3.5-4B|aime2026|AIME2026/2|g20,1
V4-Flash,Qwen3.5-4B,aime2026,clean,Qwen3.5-4B|aime2026|AIME2026/2|g26,1
V4-Flash,Qwen3.5-4B,aime2026,clean,Qwen3.5-4B|aime2026|AIME2026/2|g59,1
V4-Flash,Qwen3.5-4B,aime2026,clean,Qwen3.5-4B|aime2026|AIME2026/20|g18,1
V4-Flash,Qwen3.5-4B,aime2026,clean,Qwen3.5-4B|aime2026|AIME2026/20|g21,1
V4-Flash,Qwen3.5-4B,aime2026,clean,Qwen3.5-4B|aime2026|AIME2026/20|g34,1
V4-Flash,Qwen3.5-4B,aime2026,clean,Qwen3.5-4B|aime2026|AIME2026/20|g53,1
V4-Flash,Qwen3.5-4B,aime2026,clean,Qwen3.5-4B|aime2026|AIME2026/21|g0,1
V4-Flash,Qwen3.5-4B,aime2026,clean,Qwen3.5-4B|aime2026|AIME2026/21|g11,1
V4-Flash,Qwen3.5-4B,aime2026,clean,Qwen3.5-4B|aime2026|AIME2026/21|g38,1
V4-Flash,Qwen3.5-4B,aime2026,clean,Qwen3.5-4B|aime2026|AIME2026/21|g52,1
V4-Flash,Qwen3.5-4B,aime2026,clean,Qwen3.5-4B|aime2026|AIME2026/22|g18,1
V4-Flash,Qwen3.5-4B,aime2026,clean,Qwen3.5-4B|aime2026|AIME2026/22|g22,1
V4-Flash,Qwen3.5-4B,aime2026,clean,Qwen3.5-4B|aime2026|AIME2026/22|g31,1
V4-Flash,Qwen3.5-4B,aime2026,clean,Qwen3.5-4B|aime2026|AIME2026/24|g19,1
V4-Flash,Qwen3.5-4B,aime2026,clean,Qwen3.5-4B|aime2026|AIME2026/24|g20,1
V4-Flash,Qwen3.5-4B,aime2026,clean,Qwen3.5-4B|aime2026|AIME2026/24|g24,1
V4-Flash,Qwen3.5-4B,aime2026,clean,Qwen3.5-4B|aime2026|AIME2026/24|g46,1
V4-Flash,Qwen3.5-4B,aime2026,clean,Qwen3.5-4B|aime2026|AIME2026/25|g14,1
V4-Flash,Qwen3.5-4B,aime2026,clean,Qwen3.5-4B|aime2026|AIME2026/25|g26,1
V4-Flash,Qwen3.5-4B,aime2026,clean,Qwen3.5-4B|aime2026|AIME2026/25|g30,1
V4-Flash,Qwen3.5-4B,aime2026,clean,Qwen3.5-4B|aime2026|AIME2026/25|g44,1
V4-Flash,Qwen3.5-4B,aime2026,clean,Qwen3.5-4B|aime2026|AIME2026/26|g14,1
V4-Flash,Qwen3.5-4B,aime2026,clean,Qwen3.5-4B|aime2026|AIME2026/26|g30,1
V4-Flash,Qwen3.5-4B,aime2026,clean,Qwen3.5-4B|aime2026|AIME2026/26|g49,1
V4-Flash,Qwen3.5-4B,aime2026,clean,Qwen3.5-4B|aime2026|AIME2026/26|g58,1
V4-Flash,Qwen3.5-4B,aime2026,clean,Qwen3.5-4B|aime2026|AIME2026/27|g2,1
V4-Flash,Qwen3.5-4B,aime2026,clean,Qwen3.5-4B|aime2026|AIME2026/27|g35,1
V4-Flash,Qwen3.5-4B,aime2026,clean,Qwen3.5-4B|aime2026|AIME2026/27|g55,1
V4-Flash,Qwen3.5-4B,aime2026,clean,Qwen3.5-4B|aime2026|AIME2026/28|g29,1
V4-Flash,Qwen3.5-4B,aime2026,clean,Qwen3.5-4B|aime2026|AIME2026/28|g45,1
V4-Flash,Qwen3.5-4B,aime2026,clean,Qwen3.5-4B|aime2026|AIME2026/28|g52,1
V4-Flash,Qwen3.5-4B,aime2026,clean,Qwen3.5-4B|aime2026|AIME2026/29|g29,1
V4-Flash,Qwen3.5-4B,aime2026,clean,Qwen3.5-4B|aime2026|AIME2026/29|g50,1
V4-Flash,Qwen3.5-4B,aime2026,clean,Qwen3.5-4B|aime2026|AIME2026/29|g59,1
V4-Flash,Qwen3.5-4B,aime2026,clean,Qwen3.5-4B|aime2026|AIME2026/3|g13,1
V4-Flash,Qwen3.5-4B,aime2026,clean,Qwen3.5-4B|aime2026|AIME2026/30|g4,1
V4-Flash,Qwen3.5-4B,aime2026,clean,Qwen3.5-4B|aime2026|AIME2026/30|g50,1
V4-Flash,Qwen3.5-4B,aime2026,clean,Qwen3.5-4B|aime2026|AIME2026/4|g12,1
V4-Flash,Qwen3.5-4B,aime2026,clean,Qwen3.5-4B|aime2026|AIME2026/4|g32,1
V4-Flash,Qwen3.5-4B,aime2026,clean,Qwen3.5-4B|aime2026|AIME2026/4|g7,1
V4-Flash,Qwen3.5-4B,aime2026,clean,Qwen3.5-4B|aime2026|AIME2026/5|g22,1
V4-Flash,Qwen3.5-4B,aime2026,clean,Qwen3.5-4B|aime2026|AIME2026/5|g35,1
V4-Flash,Qwen3.5-4B,aime2026,clean,Qwen3.5-4B|aime2026|AIME2026/5|g5,1
V4-Flash,Qwen3.5-4B,aime2026,clean,Qwen3.5-4B|aime2026|AIME2026/6|g49,1
V4-Flash,Qwen3.5-4B,aime2026,clean,Qwen3.5-4B|aime2026|AIME2026/6|g52,1
V4-Flash,Qwen3.5-4B,aime2026,clean,Qwen3.5-4B|aime2026|AIME2026/6|g56,1
V4-Flash,Qwen3.5-4B,aime2026,clean,Qwen3.5-4B|aime2026|AIME2026/7|g25,1
V4-Flash,Qwen3.5-4B,aime2026,clean,Qwen3.5-4B|aime2026|AIME2026/7|g3,1
V4-Flash,Qwen3.5-4B,aime2026,clean,Qwen3.5-4B|aime2026|AIME2026/7|g45,1
V4-Flash,Qwen3.5-4B,aime2026,clean,Qwen3.5-4B|aime2026|AIME2026/7|g60,1
V4-Flash,Qwen3.5-4B,aime2026,clean,Qwen3.5-4B|aime2026|AIME2026/9|g31,1
V4-Flash,Qwen3.5-4B,aime2026,clean,Qwen3.5-4B|aime2026|AIME2026/9|g49,1
V4-Flash,Qwen3.5-4B,aime2026,consistent_error,Qwen3.5-4B|aime2026|AIME2026/1|g15,1
V4-Flash,Qwen3.5-4B,aime2026,consistent_error,Qwen3.5-4B|aime2026|AIME2026/1|g28,1
V4-Flash,Qwen3.5-4B,aime2026,consistent_error,Qwen3.5-4B|aime2026|AIME2026/1|g42,1
V4-Flash,Qwen3.5-4B,aime2026,consistent_error,Qwen3.5-4B|aime2026|AIME2026/10|g18,0
V4-Flash,Qwen3.5-4B,aime2026,consistent_error,Qwen3.5-4B|aime2026|AIME2026/10|g2,0
V4-Flash,Qwen3.5-4B,aime2026,consistent_error,Qwen3.5-4B|aime2026|AIME2026/12|g30,1
V4-Flash,Qwen3.5-4B,aime2026,consistent_error,Qwen3.5-4B|aime2026|AIME2026/12|g54,1
V4-Flash,Qwen3.5-4B,aime2026,consistent_error,Qwen3.5-4B|aime2026|AIME2026/13|g21,0
V4-Flash,Qwen3.5-4B,aime2026,consistent_error,Qwen3.5-4B|aime2026|AIME2026/13|g44,0
V4-Flash,Qwen3.5-4B,aime2026,consistent_error,Qwen3.5-4B|aime2026|AIME2026/13|g51,0
V4-Flash,Qwen3.5-4B,aime2026,consistent_error,Qwen3.5-4B|aime2026|AIME2026/14|g30,1
V4-Flash,Qwen3.5-4B,aime2026,consistent_error,Qwen3.5-4B|aime2026|AIME2026/14|g48,1
V4-Flash,Qwen3.5-4B,aime2026,consistent_error,Qwen3.5-4B|aime2026|AIME2026/14|g63,1
V4-Flash,Qwen3.5-4B,aime2026,consistent_error,Qwen3.5-4B|aime2026|AIME2026/16|g49,1
V4-Flash,Qwen3.5-4B,aime2026,consistent_error,Qwen3.5-4B|aime2026|AIME2026/18|g22,0
V4-Flash,Qwen3.5-4B,aime2026,consistent_error,Qwen3.5-4B|aime2026|AIME2026/18|g23,0
V4-Flash,Qwen3.5-4B,aime2026,consistent_error,Qwen3.5-4B|aime2026|AIME2026/18|g62,0
V4-Flash,Qwen3.5-4B,aime2026,consistent_error,Qwen3.5-4B|aime2026|AIME2026/19|g26,0
V4-Flash,Qwen3.5-4B,aime2026,consistent_error,Qwen3.5-4B|aime2026|AIME2026/19|g54,0
V4-Flash,Qwen3.5-4B,aime2026,consistent_error,Qwen3.5-4B|aime2026|AIME2026/2|g20,0
V4-Flash,Qwen3.5-4B,aime2026,consistent_error,Qwen3.5-4B|aime2026|AIME2026/2|g26,0
V4-Flash,Qwen3.5-4B,aime2026,consistent_error,Qwen3.5-4B|aime2026|AIME2026/2|g59,1
V4-Flash,Qwen3.5-4B,aime2026,consistent_error,Qwen3.5-4B|aime2026|AIME2026/20|g18,0
V4-Flash,Qwen3.5-4B,aime2026,consistent_error,Qwen3.5-4B|aime2026|AIME2026/20|g21,0
V4-Flash,Qwen3.5-4B,aime2026,consistent_error,Qwen3.5-4B|aime2026|AIME2026/20|g34,0
V4-Flash,Qwen3.5-4B,aime2026,consistent_error,Qwen3.5-4B|aime2026|AIME2026/20|g53,0
V4-Flash,Qwen3.5-4B,aime2026,consistent_error,Qwen3.5-4B|aime2026|AIME2026/21|g0,1
V4-Flash,Qwen3.5-4B,aime2026,consistent_error,Qwen3.5-4B|aime2026|AIME2026/21|g11,1
V4-Flash,Qwen3.5-4B,aime2026,consistent_error,Qwen3.5-4B|aime2026|AIME2026/21|g38,1
V4-Flash,Qwen3.5-4B,aime2026,consistent_error,Qwen3.5-4B|aime2026|AIME2026/21|g52,1
V4-Flash,Qwen3.5-4B,aime2026,consistent_error,Qwen3.5-4B|aime2026|AIME2026/22|g18,1
V4-Flash,Qwen3.5-4B,aime2026,consistent_error,Qwen3.5-4B|aime2026|AIME2026/22|g22,1
V4-Flash,Qwen3.5-4B,aime2026,consistent_error,Qwen3.5-4B|aime2026|AIME2026/22|g31,1
V4-Flash,Qwen3.5-4B,aime2026,consistent_error,Qwen3.5-4B|aime2026|AIME2026/24|g19,0
V4-Flash,Qwen3.5-4B,aime2026,consistent_error,Qwen3.5-4B|aime2026|AIME2026/24|g20,0
V4-Flash,Qwen3.5-4B,aime2026,consistent_error,Qwen3.5-4B|aime2026|AIME2026/24|g24,0
V4-Flash,Qwen3.5-4B,aime2026,consistent_error,Qwen3.5-4B|aime2026|AIME2026/24|g46,1
V4-Flash,Qwen3.5-4B,aime2026,consistent_error,Qwen3.5-4B|aime2026|AIME2026/25|g14,1
V4-Flash,Qwen3.5-4B,aime2026,consistent_error,Qwen3.5-4B|aime2026|AIME2026/25|g26,0
V4-Flash,Qwen3.5-4B,aime2026,consistent_error,Qwen3.5-4B|aime2026|AIME2026/25|g30,0
V4-Flash,Qwen3.5-4B,aime2026,consistent_error,Qwen3.5-4B|aime2026|AIME2026/25|g44,1
V4-Flash,Qwen3.5-4B,aime2026,consistent_error,Qwen3.5-4B|aime2026|AIME2026/26|g14,0
V4-Flash,Qwen3.5-4B,aime2026,consistent_error,Qwen3.5-4B|aime2026|AIME2026/26|g30,0
V4-Flash,Qwen3.5-4B,aime2026,consistent_error,Qwen3.5-4B|aime2026|AIME2026/26|g49,0
V4-Flash,Qwen3.5-4B,aime2026,consistent_error,Qwen3.5-4B|aime2026|AIME2026/26|g58,0
V4-Flash,Qwen3.5-4B,aime2026,consistent_error,Qwen3.5-4B|aime2026|AIME2026/27|g2,1
V4-Flash,Qwen3.5-4B,aime2026,consistent_error,Qwen3.5-4B|aime2026|AIME2026/27|g35,1
V4-Flash,Qwen3.5-4B,aime2026,consistent_error,Qwen3.5-4B|aime2026|AIME2026/27|g55,1
V4-Flash,Qwen3.5-4B,aime2026,consistent_error,Qwen3.5-4B|aime2026|AIME2026/28|g29,0
V4-Flash,Qwen3.5-4B,aime2026,consistent_error,Qwen3.5-4B|aime2026|AIME2026/28|g45,0
V4-Flash,Qwen3.5-4B,aime2026,consistent_error,Qwen3.5-4B|aime2026|AIME2026/28|g52,0
V4-Flash,Qwen3.5-4B,aime2026,consistent_error,Qwen3.5-4B|aime2026|AIME2026/29|g29,1
V4-Flash,Qwen3.5-4B,aime2026,consistent_error,Qwen3.5-4B|aime2026|AIME2026/29|g50,0
V4-Flash,Qwen3.5-4B,aime2026,consistent_error,Qwen3.5-4B|aime2026|AIME2026/29|g59,0
V4-Flash,Qwen3.5-4B,aime2026,consistent_error,Qwen3.5-4B|aime2026|AIME2026/3|g13,1
V4-Flash,Qwen3.5-4B,aime2026,consistent_error,Qwen3.5-4B|aime2026|AIME2026/30|g4,1
V4-Flash,Qwen3.5-4B,aime2026,consistent_error,Qwen3.5-4B|aime2026|AIME2026/30|g50,1
V4-Flash,Qwen3.5-4B,aime2026,consistent_error,Qwen3.5-4B|aime2026|AIME2026/4|g12,0
V4-Flash,Qwen3.5-4B,aime2026,consistent_error,Qwen3.5-4B|aime2026|AIME2026/4|g32,1
V4-Flash,Qwen3.5-4B,aime2026,consistent_error,Qwen3.5-4B|aime2026|AIME2026/4|g7,0
V4-Flash,Qwen3.5-4B,aime2026,consistent_error,Qwen3.5-4B|aime2026|AIME2026/5|g22,1
V4-Flash,Qwen3.5-4B,aime2026,consistent_error,Qwen3.5-4B|aime2026|AIME2026/5|g35,1
V4-Flash,Qwen3.5-4B,aime2026,consistent_error,Qwen3.5-4B|aime2026|AIME2026/5|g5,1
V4-Flash,Qwen3.5-4B,aime2026,consistent_error,Qwen3.5-4B|aime2026|AIME2026/6|g49,0
V4-Flash,Qwen3.5-4B,aime2026,consistent_error,Qwen3.5-4B|aime2026|AIME2026/6|g52,0
V4-Flash,Qwen3.5-4B,aime2026,consistent_error,Qwen3.5-4B|aime2026|AIME2026/6|g56,0
V4-Flash,Qwen3.5-4B,aime2026,consistent_error,Qwen3.5-4B|aime2026|AIME2026/7|g25,1
V4-Flash,Qwen3.5-4B,aime2026,consistent_error,Qwen3.5-4B|aime2026|AIME2026/7|g3,0
V4-Flash,Qwen3.5-4B,aime2026,consistent_error,Qwen3.5-4B|aime2026|AIME2026/7|g45,1
V4-Flash,Qwen3.5-4B,aime2026,consistent_error,Qwen3.5-4B|aime2026|AIME2026/7|g60,0
V4-Flash,Qwen3.5-4B,aime2026,consistent_error,Qwen3.5-4B|aime2026|AIME2026/9|g31,1
V4-Flash,Qwen3.5-4B,aime2026,consistent_error,Qwen3.5-4B|aime2026|AIME2026/9|g49,1
V4-Flash,Qwen3.5-4B,aime2026,intermediate_error,Qwen3.5-4B|aime2026|AIME2026/1|g15,1
V4-Flash,Qwen3.5-4B,aime2026,intermediate_error,Qwen3.5-4B|aime2026|AIME2026/1|g28,1
V4-Flash,Qwen3.5-4B,aime2026,intermediate_error,Qwen3.5-4B|aime2026|AIME2026/1|g42,1
V4-Flash,Qwen3.5-4B,aime2026,intermediate_error,Qwen3.5-4B|aime2026|AIME2026/10|g18,1
V4-Flash,Qwen3.5-4B,aime2026,intermediate_error,Qwen3.5-4B|aime2026|AIME2026/10|g2,0
V4-Flash,Qwen3.5-4B,aime2026,intermediate_error,Qwen3.5-4B|aime2026|AIME2026/12|g30,1
V4-Flash,Qwen3.5-4B,aime2026,intermediate_error,Qwen3.5-4B|aime2026|AIME2026/12|g54,1
V4-Flash,Qwen3.5-4B,aime2026,intermediate_error,Qwen3.5-4B|aime2026|AIME2026/13|g21,1
V4-Flash,Qwen3.5-4B,aime2026,intermediate_error,Qwen3.5-4B|aime2026|AIME2026/13|g44,1
V4-Flash,Qwen3.5-4B,aime2026,intermediate_error,Qwen3.5-4B|aime2026|AIME2026/13|g51,1
V4-Flash,Qwen3.5-4B,aime2026,intermediate_error,Qwen3.5-4B|aime2026|AIME2026/14|g30,1
V4-Flash,Qwen3.5-4B,aime2026,intermediate_error,Qwen3.5-4B|aime2026|AIME2026/14|g48,1
V4-Flash,Qwen3.5-4B,aime2026,intermediate_error,Qwen3.5-4B|aime2026|AIME2026/14|g63,1
V4-Flash,Qwen3.5-4B,aime2026,intermediate_error,Qwen3.5-4B|aime2026|AIME2026/16|g49,1
V4-Flash,Qwen3.5-4B,aime2026,intermediate_error,Qwen3.5-4B|aime2026|AIME2026/18|g22,1
V4-Flash,Qwen3.5-4B,aime2026,intermediate_error,Qwen3.5-4B|aime2026|AIME2026/18|g23,1
V4-Flash,Qwen3.5-4B,aime2026,intermediate_error,Qwen3.5-4B|aime2026|AIME2026/18|g62,1
V4-Flash,Qwen3.5-4B,aime2026,intermediate_error,Qwen3.5-4B|aime2026|AIME2026/19|g26,1
V4-Flash,Qwen3.5-4B,aime2026,intermediate_error,Qwen3.5-4B|aime2026|AIME2026/19|g54,1
V4-Flash,Qwen3.5-4B,aime2026,intermediate_error,Qwen3.5-4B|aime2026|AIME2026/2|g20,1
V4-Flash,Qwen3.5-4B,aime2026,intermediate_error,Qwen3.5-4B|aime2026|AIME2026/2|g26,1
V4-Flash,Qwen3.5-4B,aime2026,intermediate_error,Qwen3.5-4B|aime2026|AIME2026/2|g59,1
V4-Flash,Qwen3.5-4B,aime2026,intermediate_error,Qwen3.5-4B|aime2026|AIME2026/20|g18,1
V4-Flash,Qwen3.5-4B,aime2026,intermediate_error,Qwen3.5-4B|aime2026|AIME2026/20|g21,1
V4-Flash,Qwen3.5-4B,aime2026,intermediate_error,Qwen3.5-4B|aime2026|AIME2026/20|g34,1
V4-Flash,Qwen3.5-4B,aime2026,intermediate_error,Qwen3.5-4B|aime2026|AIME2026/20|g53,1
V4-Flash,Qwen3.5-4B,aime2026,intermediate_error,Qwen3.5-4B|aime2026|AIME2026/21|g0,1
V4-Flash,Qwen3.5-4B,aime2026,intermediate_error,Qwen3.5-4B|aime2026|AIME2026/21|g11,1
V4-Flash,Qwen3.5-4B,aime2026,intermediate_error,Qwen3.5-4B|aime2026|AIME2026/21|g38,1
V4-Flash,Qwen3.5-4B,aime2026,intermediate_error,Qwen3.5-4B|aime2026|AIME2026/21|g52,1
V4-Flash,Qwen3.5-4B,aime2026,intermediate_error,Qwen3.5-4B|aime2026|AIME2026/22|g18,1
V4-Flash,Qwen3.5-4B,aime2026,intermediate_error,Qwen3.5-4B|aime2026|AIME2026/22|g22,1
V4-Flash,Qwen3.5-4B,aime2026,intermediate_error,Qwen3.5-4B|aime2026|AIME2026/22|g31,1
V4-Flash,Qwen3.5-4B,aime2026,intermediate_error,Qwen3.5-4B|aime2026|AIME2026/24|g19,1
V4-Flash,Qwen3.5-4B,aime2026,intermediate_error,Qwen3.5-4B|aime2026|AIME2026/24|g20,1
V4-Flash,Qwen3.5-4B,aime2026,intermediate_error,Qwen3.5-4B|aime2026|AIME2026/24|g24,1
V4-Flash,Qwen3.5-4B,aime2026,intermediate_error,Qwen3.5-4B|aime2026|AIME2026/24|g46,1
V4-Flash,Qwen3.5-4B,aime2026,intermediate_error,Qwen3.5-4B|aime2026|AIME2026/25|g14,1
V4-Flash,Qwen3.5-4B,aime2026,intermediate_error,Qwen3.5-4B|aime2026|AIME2026/25|g26,1
V4-Flash,Qwen3.5-4B,aime2026,intermediate_error,Qwen3.5-4B|aime2026|AIME2026/25|g30,1
V4-Flash,Qwen3.5-4B,aime2026,intermediate_error,Qwen3.5-4B|aime2026|AIME2026/25|g44,1
V4-Flash,Qwen3.5-4B,aime2026,intermediate_error,Qwen3.5-4B|aime2026|AIME2026/26|g14,1
V4-Flash,Qwen3.5-4B,aime2026,intermediate_error,Qwen3.5-4B|aime2026|AIME2026/26|g30,1
V4-Flash,Qwen3.5-4B,aime2026,intermediate_error,Qwen3.5-4B|aime2026|AIME2026/26|g49,1
V4-Flash,Qwen3.5-4B,aime2026,intermediate_error,Qwen3.5-4B|aime2026|AIME2026/26|g58,1
V4-Flash,Qwen3.5-4B,aime2026,intermediate_error,Qwen3.5-4B|aime2026|AIME2026/27|g2,1
V4-Flash,Qwen3.5-4B,aime2026,intermediate_error,Qwen3.5-4B|aime2026|AIME2026/27|g35,1
V4-Flash,Qwen3.5-4B,aime2026,intermediate_error,Qwen3.5-4B|aime2026|AIME2026/27|g55,1
V4-Flash,Qwen3.5-4B,aime2026,intermediate_error,Qwen3.5-4B|aime2026|AIME2026/28|g29,1
V4-Flash,Qwen3.5-4B,aime2026,intermediate_error,Qwen3.5-4B|aime2026|AIME2026/28|g45,0
V4-Flash,Qwen3.5-4B,aime2026,intermediate_error,Qwen3.5-4B|aime2026|AIME2026/28|g52,1
V4-Flash,Qwen3.5-4B,aime2026,intermediate_error,Qwen3.5-4B|aime2026|AIME2026/29|g29,1
V4-Flash,Qwen3.5-4B,aime2026,intermediate_error,Qwen3.5-4B|aime2026|AIME2026/29|g50,1
V4-Flash,Qwen3.5-4B,aime2026,intermediate_error,Qwen3.5-4B|aime2026|AIME2026/29|g59,1
V4-Flash,Qwen3.5-4B,aime2026,intermediate_error,Qwen3.5-4B|aime2026|AIME2026/3|g13,1
V4-Flash,Qwen3.5-4B,aime2026,intermediate_error,Qwen3.5-4B|aime2026|AIME2026/30|g4,1
V4-Flash,Qwen3.5-4B,aime2026,intermediate_error,Qwen3.5-4B|aime2026|AIME2026/30|g50,1
V4-Flash,Qwen3.5-4B,aime2026,intermediate_error,Qwen3.5-4B|aime2026|AIME2026/4|g12,1
V4-Flash,Qwen3.5-4B,aime2026,intermediate_error,Qwen3.5-4B|aime2026|AIME2026/4|g32,1
V4-Flash,Qwen3.5-4B,aime2026,intermediate_error,Qwen3.5-4B|aime2026|AIME2026/4|g7,1
V4-Flash,Qwen3.5-4B,aime2026,intermediate_error,Qwen3.5-4B|aime2026|AIME2026/5|g22,1
V4-Flash,Qwen3.5-4B,aime2026,intermediate_error,Qwen3.5-4B|aime2026|AIME2026/5|g35,1
V4-Flash,Qwen3.5-4B,aime2026,intermediate_error,Qwen3.5-4B|aime2026|AIME2026/5|g5,1
V4-Flash,Qwen3.5-4B,aime2026,intermediate_error,Qwen3.5-4B|aime2026|AIME2026/6|g49,1
V4-Flash,Qwen3.5-4B,aime2026,intermediate_error,Qwen3.5-4B|aime2026|AIME2026/6|g52,1
V4-Flash,Qwen3.5-4B,aime2026,intermediate_error,Qwen3.5-4B|aime2026|AIME2026/6|g56,1
V4-Flash,Qwen3.5-4B,aime2026,intermediate_error,Qwen3.5-4B|aime2026|AIME2026/7|g25,1
V4-Flash,Qwen3.5-4B,aime2026,intermediate_error,Qwen3.5-4B|aime2026|AIME2026/7|g3,1
V4-Flash,Qwen3.5-4B,aime2026,intermediate_error,Qwen3.5-4B|aime2026|AIME2026/7|g45,1
V4-Flash,Qwen3.5-4B,aime2026,intermediate_error,Qwen3.5-4B|aime2026|AIME2026/7|g60,1
V4-Flash,Qwen3.5-4B,aime2026,intermediate_error,Qwen3.5-4B|aime2026|AIME2026/9|g31,1
V4-Flash,Qwen3.5-4B,aime2026,intermediate_error,Qwen3.5-4B|aime2026|AIME2026/9|g49,1
V4-Flash,Qwen3.5-4B,aime2026,truncated,Qwen3.5-4B|aime2026|AIME2026/1|g15,1
V4-Flash,Qwen3.5-4B,aime2026,truncated,Qwen3.5-4B|aime2026|AIME2026/1|g28,1
V4-Flash,Qwen3.5-4B,aime2026,truncated,Qwen3.5-4B|aime2026|AIME2026/1|g42,1
V4-Flash,Qwen3.5-4B,aime2026,truncated,Qwen3.5-4B|aime2026|AIME2026/10|g18,0
V4-Flash,Qwen3.5-4B,aime2026,truncated,Qwen3.5-4B|aime2026|AIME2026/10|g2,1
V4-Flash,Qwen3.5-4B,aime2026,truncated,Qwen3.5-4B|aime2026|AIME2026/12|g30,1
V4-Flash,Qwen3.5-4B,aime2026,truncated,Qwen3.5-4B|aime2026|AIME2026/12|g54,1
V4-Flash,Qwen3.5-4B,aime2026,truncated,Qwen3.5-4B|aime2026|AIME2026/13|g21,1
V4-Flash,Qwen3.5-4B,aime2026,truncated,Qwen3.5-4B|aime2026|AIME2026/13|g44,1
V4-Flash,Qwen3.5-4B,aime2026,truncated,Qwen3.5-4B|aime2026|AIME2026/13|g51,1
V4-Flash,Qwen3.5-4B,aime2026,truncated,Qwen3.5-4B|aime2026|AIME2026/14|g30,1
V4-Flash,Qwen3.5-4B,aime2026,truncated,Qwen3.5-4B|aime2026|AIME2026/14|g48,0
V4-Flash,Qwen3.5-4B,aime2026,truncated,Qwen3.5-4B|aime2026|AIME2026/14|g63,1
V4-Flash,Qwen3.5-4B,aime2026,truncated,Qwen3.5-4B|aime2026|AIME2026/16|g49,1
V4-Flash,Qwen3.5-4B,aime2026,truncated,Qwen3.5-4B|aime2026|AIME2026/18|g22,1
V4-Flash,Qwen3.5-4B,aime2026,truncated,Qwen3.5-4B|aime2026|AIME2026/18|g23,0
V4-Flash,Qwen3.5-4B,aime2026,truncated,Qwen3.5-4B|aime2026|AIME2026/18|g62,1
V4-Flash,Qwen3.5-4B,aime2026,truncated,Qwen3.5-4B|aime2026|AIME2026/19|g26,1
V4-Flash,Qwen3.5-4B,aime2026,truncated,Qwen3.5-4B|aime2026|AIME2026/19|g54,1
V4-Flash,Qwen3.5-4B,aime2026,truncated,Qwen3.5-4B|aime2026|AIME2026/2|g20,1
V4-Flash,Qwen3.5-4B,aime2026,truncated,Qwen3.5-4B|aime2026|AIME2026/2|g26,1
V4-Flash,Qwen3.5-4B,aime2026,truncated,Qwen3.5-4B|aime2026|AIME2026/2|g59,1
V4-Flash,Qwen3.5-4B,aime2026,truncated,Qwen3.5-4B|aime2026|AIME2026/20|g18,1
V4-Flash,Qwen3.5-4B,aime2026,truncated,Qwen3.5-4B|aime2026|AIME2026/20|g21,1
V4-Flash,Qwen3.5-4B,aime2026,truncated,Qwen3.5-4B|aime2026|AIME2026/20|g34,1
V4-Flash,Qwen3.5-4B,aime2026,truncated,Qwen3.5-4B|aime2026|AIME2026/20|g53,1
V4-Flash,Qwen3.5-4B,aime2026,truncated,Qwen3.5-4B|aime2026|AIME2026/21|g0,1
V4-Flash,Qwen3.5-4B,aime2026,truncated,Qwen3.5-4B|aime2026|AIME2026/21|g11,1
V4-Flash,Qwen3.5-4B,aime2026,truncated,Qwen3.5-4B|aime2026|AIME2026/21|g38,1
V4-Flash,Qwen3.5-4B,aime2026,truncated,Qwen3.5-4B|aime2026|AIME2026/21|g52,1
V4-Flash,Qwen3.5-4B,aime2026,truncated,Qwen3.5-4B|aime2026|AIME2026/22|g18,1
V4-Flash,Qwen3.5-4B,aime2026,truncated,Qwen3.5-4B|aime2026|AIME2026/22|g22,1
V4-Flash,Qwen3.5-4B,aime2026,truncated,Qwen3.5-4B|aime2026|AIME2026/22|g31,1
V4-Flash,Qwen3.5-4B,aime2026,truncated,Qwen3.5-4B|aime2026|AIME2026/24|g19,1
V4-Flash,Qwen3.5-4B,aime2026,truncated,Qwen3.5-4B|aime2026|AIME2026/24|g20,1
V4-Flash,Qwen3.5-4B,aime2026,truncated,Qwen3.5-4B|aime2026|AIME2026/24|g24,1
V4-Flash,Qwen3.5-4B,aime2026,truncated,Qwen3.5-4B|aime2026|AIME2026/24|g46,1
V4-Flash,Qwen3.5-4B,aime2026,truncated,Qwen3.5-4B|aime2026|AIME2026/25|g14,1
V4-Flash,Qwen3.5-4B,aime2026,truncated,Qwen3.5-4B|aime2026|AIME2026/25|g26,1
V4-Flash,Qwen3.5-4B,aime2026,truncated,Qwen3.5-4B|aime2026|AIME2026/25|g30,1
V4-Flash,Qwen3.5-4B,aime2026,truncated,Qwen3.5-4B|aime2026|AIME2026/25|g44,1
V4-Flash,Qwen3.5-4B,aime2026,truncated,Qwen3.5-4B|aime2026|AIME2026/26|g14,1
V4-Flash,Qwen3.5-4B,aime2026,truncated,Qwen3.5-4B|aime2026|AIME2026/26|g30,1
V4-Flash,Qwen3.5-4B,aime2026,truncated,Qwen3.5-4B|aime2026|AIME2026/26|g49,1
V4-Flash,Qwen3.5-4B,aime2026,truncated,Qwen3.5-4B|aime2026|AIME2026/26|g58,1
V4-Flash,Qwen3.5-4B,aime2026,truncated,Qwen3.5-4B|aime2026|AIME2026/27|g2,1
V4-Flash,Qwen3.5-4B,aime2026,truncated,Qwen3.5-4B|aime2026|AIME2026/27|g35,1
V4-Flash,Qwen3.5-4B,aime2026,truncated,Qwen3.5-4B|aime2026|AIME2026/27|g55,1
V4-Flash,Qwen3.5-4B,aime2026,truncated,Qwen3.5-4B|aime2026|AIME2026/28|g29,0
V4-Flash,Qwen3.5-4B,aime2026,truncated,Qwen3.5-4B|aime2026|AIME2026/28|g45,1
V4-Flash,Qwen3.5-4B,aime2026,truncated,Qwen3.5-4B|aime2026|AIME2026/28|g52,0
V4-Flash,Qwen3.5-4B,aime2026,truncated,Qwen3.5-4B|aime2026|AIME2026/29|g29,0
V4-Flash,Qwen3.5-4B,aime2026,truncated,Qwen3.5-4B|aime2026|AIME2026/29|g50,0
V4-Flash,Qwen3.5-4B,aime2026,truncated,Qwen3.5-4B|aime2026|AIME2026/29|g59,1
V4-Flash,Qwen3.5-4B,aime2026,truncated,Qwen3.5-4B|aime2026|AIME2026/3|g13,1
V4-Flash,Qwen3.5-4B,aime2026,truncated,Qwen3.5-4B|aime2026|AIME2026/30|g4,1
V4-Flash,Qwen3.5-4B,aime2026,truncated,Qwen3.5-4B|aime2026|AIME2026/30|g50,0
V4-Flash,Qwen3.5-4B,aime2026,truncated,Qwen3.5-4B|aime2026|AIME2026/4|g12,1
V4-Flash,Qwen3.5-4B,aime2026,truncated,Qwen3.5-4B|aime2026|AIME2026/4|g32,1
V4-Flash,Qwen3.5-4B,aime2026,truncated,Qwen3.5-4B|aime2026|AIME2026/4|g7,1
V4-Flash,Qwen3.5-4B,aime2026,truncated,Qwen3.5-4B|aime2026|AIME2026/5|g22,1
V4-Flash,Qwen3.5-4B,aime2026,truncated,Qwen3.5-4B|aime2026|AIME2026/5|g35,1
V4-Flash,Qwen3.5-4B,aime2026,truncated,Qwen3.5-4B|aime2026|AIME2026/5|g5,1
V4-Flash,Qwen3.5-4B,aime2026,truncated,Qwen3.5-4B|aime2026|AIME2026/6|g49,1
V4-Flash,Qwen3.5-4B,aime2026,truncated,Qwen3.5-4B|aime2026|AIME2026/6|g52,1
V4-Flash,Qwen3.5-4B,aime2026,truncated,Qwen3.5-4B|aime2026|AIME2026/6|g56,1
V4-Flash,Qwen3.5-4B,aime2026,truncated,Qwen3.5-4B|aime2026|AIME2026/7|g25,1
V4-Flash,Qwen3.5-4B,aime2026,truncated,Qwen3.5-4B|aime2026|AIME2026/7|g3,1
V4-Flash,Qwen3.5-4B,aime2026,truncated,Qwen3.5-4B|aime2026|AIME2026/7|g45,0
V4-Flash,Qwen3.5-4B,aime2026,truncated,Qwen3.5-4B|aime2026|AIME2026/7|g60,1
V4-Flash,Qwen3.5-4B,aime2026,truncated,Qwen3.5-4B|aime2026|AIME2026/9|g31,1
V4-Flash,Qwen3.5-4B,aime2026,truncated,Qwen3.5-4B|aime2026|AIME2026/9|g49,1
V4-Flash,Qwen3.5-4B,aime2026_pt,boxed_only,Qwen3.5-4B|aime2026_pt|AIME2026-PT/1|g33,0
V4-Flash,Qwen3.5-4B,aime2026_pt,boxed_only,Qwen3.5-4B|aime2026_pt|AIME2026-PT/1|g42,0
V4-Flash,Qwen3.5-4B,aime2026_pt,boxed_only,Qwen3.5-4B|aime2026_pt|AIME2026-PT/1|g58,0
V4-Flash,Qwen3.5-4B,aime2026_pt,boxed_only,Qwen3.5-4B|aime2026_pt|AIME2026-PT/10|g45,0
V4-Flash,Qwen3.5-4B,aime2026_pt,boxed_only,Qwen3.5-4B|aime2026_pt|AIME2026-PT/12|g23,0
V4-Flash,Qwen3.5-4B,aime2026_pt,boxed_only,Qwen3.5-4B|aime2026_pt|AIME2026-PT/12|g4,0
V4-Flash,Qwen3.5-4B,aime2026_pt,boxed_only,Qwen3.5-4B|aime2026_pt|AIME2026-PT/13|g29,0
V4-Flash,Qwen3.5-4B,aime2026_pt,boxed_only,Qwen3.5-4B|aime2026_pt|AIME2026-PT/13|g40,0
V4-Flash,Qwen3.5-4B,aime2026_pt,boxed_only,Qwen3.5-4B|aime2026_pt|AIME2026-PT/14|g13,0
V4-Flash,Qwen3.5-4B,aime2026_pt,boxed_only,Qwen3.5-4B|aime2026_pt|AIME2026-PT/14|g15,0
V4-Flash,Qwen3.5-4B,aime2026_pt,boxed_only,Qwen3.5-4B|aime2026_pt|AIME2026-PT/14|g9,1
V4-Flash,Qwen3.5-4B,aime2026_pt,boxed_only,Qwen3.5-4B|aime2026_pt|AIME2026-PT/16|g12,0
V4-Flash,Qwen3.5-4B,aime2026_pt,boxed_only,Qwen3.5-4B|aime2026_pt|AIME2026-PT/16|g43,0
V4-Flash,Qwen3.5-4B,aime2026_pt,boxed_only,Qwen3.5-4B|aime2026_pt|AIME2026-PT/17|g41,0
V4-Flash,Qwen3.5-4B,aime2026_pt,boxed_only,Qwen3.5-4B|aime2026_pt|AIME2026-PT/17|g54,0
V4-Flash,Qwen3.5-4B,aime2026_pt,boxed_only,Qwen3.5-4B|aime2026_pt|AIME2026-PT/18|g26,0
V4-Flash,Qwen3.5-4B,aime2026_pt,boxed_only,Qwen3.5-4B|aime2026_pt|AIME2026-PT/18|g40,0
V4-Flash,Qwen3.5-4B,aime2026_pt,boxed_only,Qwen3.5-4B|aime2026_pt|AIME2026-PT/18|g47,0
V4-Flash,Qwen3.5-4B,aime2026_pt,boxed_only,Qwen3.5-4B|aime2026_pt|AIME2026-PT/19|g45,0
V4-Flash,Qwen3.5-4B,aime2026_pt,boxed_only,Qwen3.5-4B|aime2026_pt|AIME2026-PT/19|g46,0
V4-Flash,Qwen3.5-4B,aime2026_pt,boxed_only,Qwen3.5-4B|aime2026_pt|AIME2026-PT/19|g53,0
V4-Flash,Qwen3.5-4B,aime2026_pt,boxed_only,Qwen3.5-4B|aime2026_pt|AIME2026-PT/19|g54,1
V4-Flash,Qwen3.5-4B,aime2026_pt,boxed_only,Qwen3.5-4B|aime2026_pt|AIME2026-PT/2|g17,0
V4-Flash,Qwen3.5-4B,aime2026_pt,boxed_only,Qwen3.5-4B|aime2026_pt|AIME2026-PT/2|g25,1
V4-Flash,Qwen3.5-4B,aime2026_pt,boxed_only,Qwen3.5-4B|aime2026_pt|AIME2026-PT/2|g55,1
V4-Flash,Qwen3.5-4B,aime2026_pt,boxed_only,Qwen3.5-4B|aime2026_pt|AIME2026-PT/20|g21,0
V4-Flash,Qwen3.5-4B,aime2026_pt,boxed_only,Qwen3.5-4B|aime2026_pt|AIME2026-PT/20|g22,0
V4-Flash,Qwen3.5-4B,aime2026_pt,boxed_only,Qwen3.5-4B|aime2026_pt|AIME2026-PT/22|g42,0
V4-Flash,Qwen3.5-4B,aime2026_pt,boxed_only,Qwen3.5-4B|aime2026_pt|AIME2026-PT/22|g55,1
V4-Flash,Qwen3.5-4B,aime2026_pt,boxed_only,Qwen3.5-4B|aime2026_pt|AIME2026-PT/22|g57,0
V4-Flash,Qwen3.5-4B,aime2026_pt,boxed_only,Qwen3.5-4B|aime2026_pt|AIME2026-PT/23|g20,0
V4-Flash,Qwen3.5-4B,aime2026_pt,boxed_only,Qwen3.5-4B|aime2026_pt|AIME2026-PT/24|g11,0
V4-Flash,Qwen3.5-4B,aime2026_pt,boxed_only,Qwen3.5-4B|aime2026_pt|AIME2026-PT/24|g22,0
V4-Flash,Qwen3.5-4B,aime2026_pt,boxed_only,Qwen3.5-4B|aime2026_pt|AIME2026-PT/24|g63,0
V4-Flash,Qwen3.5-4B,aime2026_pt,boxed_only,Qwen3.5-4B|aime2026_pt|AIME2026-PT/25|g17,0
V4-Flash,Qwen3.5-4B,aime2026_pt,boxed_only,Qwen3.5-4B|aime2026_pt|AIME2026-PT/25|g18,0
V4-Flash,Qwen3.5-4B,aime2026_pt,boxed_only,Qwen3.5-4B|aime2026_pt|AIME2026-PT/25|g37,0
V4-Flash,Qwen3.5-4B,aime2026_pt,boxed_only,Qwen3.5-4B|aime2026_pt|AIME2026-PT/25|g6,1
V4-Flash,Qwen3.5-4B,aime2026_pt,boxed_only,Qwen3.5-4B|aime2026_pt|AIME2026-PT/25|g9,0
V4-Flash,Qwen3.5-4B,aime2026_pt,boxed_only,Qwen3.5-4B|aime2026_pt|AIME2026-PT/26|g1,0
V4-Flash,Qwen3.5-4B,aime2026_pt,boxed_only,Qwen3.5-4B|aime2026_pt|AIME2026-PT/26|g35,0
V4-Flash,Qwen3.5-4B,aime2026_pt,boxed_only,Qwen3.5-4B|aime2026_pt|AIME2026-PT/27|g35,0
V4-Flash,Qwen3.5-4B,aime2026_pt,boxed_only,Qwen3.5-4B|aime2026_pt|AIME2026-PT/27|g9,0
V4-Flash,Qwen3.5-4B,aime2026_pt,boxed_only,Qwen3.5-4B|aime2026_pt|AIME2026-PT/28|g32,0
V4-Flash,Qwen3.5-4B,aime2026_pt,boxed_only,Qwen3.5-4B|aime2026_pt|AIME2026-PT/28|g4,0
V4-Flash,Qwen3.5-4B,aime2026_pt,boxed_only,Qwen3.5-4B|aime2026_pt|AIME2026-PT/28|g42,0
V4-Flash,Qwen3.5-4B,aime2026_pt,boxed_only,Qwen3.5-4B|aime2026_pt|AIME2026-PT/28|g43,0
V4-Flash,Qwen3.5-4B,aime2026_pt,boxed_only,Qwen3.5-4B|aime2026_pt|AIME2026-PT/28|g46,0
V4-Flash,Qwen3.5-4B,aime2026_pt,boxed_only,Qwen3.5-4B|aime2026_pt|AIME2026-PT/29|g17,0
V4-Flash,Qwen3.5-4B,aime2026_pt,boxed_only,Qwen3.5-4B|aime2026_pt|AIME2026-PT/3|g23,0
V4-Flash,Qwen3.5-4B,aime2026_pt,boxed_only,Qwen3.5-4B|aime2026_pt|AIME2026-PT/3|g34,0
V4-Flash,Qwen3.5-4B,aime2026_pt,boxed_only,Qwen3.5-4B|aime2026_pt|AIME2026-PT/3|g42,0
V4-Flash,Qwen3.5-4B,aime2026_pt,boxed_only,Qwen3.5-4B|aime2026_pt|AIME2026-PT/3|g46,1
V4-Flash,Qwen3.5-4B,aime2026_pt,boxed_only,Qwen3.5-4B|aime2026_pt|AIME2026-PT/4|g21,0
V4-Flash,Qwen3.5-4B,aime2026_pt,boxed_only,Qwen3.5-4B|aime2026_pt|AIME2026-PT/4|g22,0
V4-Flash,Qwen3.5-4B,aime2026_pt,boxed_only,Qwen3.5-4B|aime2026_pt|AIME2026-PT/4|g4,0
V4-Flash,Qwen3.5-4B,aime2026_pt,boxed_only,Qwen3.5-4B|aime2026_pt|AIME2026-PT/4|g58,1
V4-Flash,Qwen3.5-4B,aime2026_pt,boxed_only,Qwen3.5-4B|aime2026_pt|AIME2026-PT/5|g11,0
V4-Flash,Qwen3.5-4B,aime2026_pt,boxed_only,Qwen3.5-4B|aime2026_pt|AIME2026-PT/5|g15,0
V4-Flash,Qwen3.5-4B,aime2026_pt,boxed_only,Qwen3.5-4B|aime2026_pt|AIME2026-PT/6|g0,0
V4-Flash,Qwen3.5-4B,aime2026_pt,boxed_only,Qwen3.5-4B|aime2026_pt|AIME2026-PT/6|g1,0
V4-Flash,Qwen3.5-4B,aime2026_pt,boxed_only,Qwen3.5-4B|aime2026_pt|AIME2026-PT/6|g57,0
V4-Flash,Qwen3.5-4B,aime2026_pt,boxed_only,Qwen3.5-4B|aime2026_pt|AIME2026-PT/6|g60,0
V4-Flash,Qwen3.5-4B,aime2026_pt,boxed_only,Qwen3.5-4B|aime2026_pt|AIME2026-PT/7|g11,0
V4-Flash,Qwen3.5-4B,aime2026_pt,boxed_only,Qwen3.5-4B|aime2026_pt|AIME2026-PT/7|g13,0
V4-Flash,Qwen3.5-4B,aime2026_pt,boxed_only,Qwen3.5-4B|aime2026_pt|AIME2026-PT/7|g19,0
V4-Flash,Qwen3.5-4B,aime2026_pt,boxed_only,Qwen3.5-4B|aime2026_pt|AIME2026-PT/7|g21,0
V4-Flash,Qwen3.5-4B,aime2026_pt,boxed_only,Qwen3.5-4B|aime2026_pt|AIME2026-PT/7|g28,0
V4-Flash,Qwen3.5-4B,aime2026_pt,boxed_only,Qwen3.5-4B|aime2026_pt|AIME2026-PT/7|g58,0
V4-Flash,Qwen3.5-4B,aime2026_pt,boxed_only,Qwen3.5-4B|aime2026_pt|AIME2026-PT/9|g14,0
V4-Flash,Qwen3.5-4B,aime2026_pt,boxed_only,Qwen3.5-4B|aime2026_pt|AIME2026-PT/9|g51,0
V4-Flash,Qwen3.5-4B,aime2026_pt,boxed_only,Qwen3.5-4B|aime2026_pt|AIME2026-PT/9|g63,1
V4-Flash,Qwen3.5-4B,aime2026_pt,clean,Qwen3.5-4B|aime2026_pt|AIME2026-PT/1|g33,1
V4-Flash,Qwen3.5-4B,aime2026_pt,clean,Qwen3.5-4B|aime2026_pt|AIME2026-PT/1|g42,1
V4-Flash,Qwen3.5-4B,aime2026_pt,clean,Qwen3.5-4B|aime2026_pt|AIME2026-PT/1|g58,1
V4-Flash,Qwen3.5-4B,aime2026_pt,clean,Qwen3.5-4B|aime2026_pt|AIME2026-PT/10|g45,0
V4-Flash,Qwen3.5-4B,aime2026_pt,clean,Qwen3.5-4B|aime2026_pt|AIME2026-PT/12|g23,1
V4-Flash,Qwen3.5-4B,aime2026_pt,clean,Qwen3.5-4B|aime2026_pt|AIME2026-PT/12|g4,1
V4-Flash,Qwen3.5-4B,aime2026_pt,clean,Qwen3.5-4B|aime2026_pt|AIME2026-PT/13|g29,1
V4-Flash,Qwen3.5-4B,aime2026_pt,clean,Qwen3.5-4B|aime2026_pt|AIME2026-PT/13|g40,1
V4-Flash,Qwen3.5-4B,aime2026_pt,clean,Qwen3.5-4B|aime2026_pt|AIME2026-PT/14|g13,1
V4-Flash,Qwen3.5-4B,aime2026_pt,clean,Qwen3.5-4B|aime2026_pt|AIME2026-PT/14|g15,1
V4-Flash,Qwen3.5-4B,aime2026_pt,clean,Qwen3.5-4B|aime2026_pt|AIME2026-PT/14|g9,1
V4-Flash,Qwen3.5-4B,aime2026_pt,clean,Qwen3.5-4B|aime2026_pt|AIME2026-PT/16|g12,1
V4-Flash,Qwen3.5-4B,aime2026_pt,clean,Qwen3.5-4B|aime2026_pt|AIME2026-PT/16|g43,1
V4-Flash,Qwen3.5-4B,aime2026_pt,clean,Qwen3.5-4B|aime2026_pt|AIME2026-PT/17|g41,0
V4-Flash,Qwen3.5-4B,aime2026_pt,clean,Qwen3.5-4B|aime2026_pt|AIME2026-PT/17|g54,1
V4-Flash,Qwen3.5-4B,aime2026_pt,clean,Qwen3.5-4B|aime2026_pt|AIME2026-PT/18|g26,0
V4-Flash,Qwen3.5-4B,aime2026_pt,clean,Qwen3.5-4B|aime2026_pt|AIME2026-PT/18|g40,1
V4-Flash,Qwen3.5-4B,aime2026_pt,clean,Qwen3.5-4B|aime2026_pt|AIME2026-PT/18|g47,1
V4-Flash,Qwen3.5-4B,aime2026_pt,clean,Qwen3.5-4B|aime2026_pt|AIME2026-PT/19|g45,1
V4-Flash,Qwen3.5-4B,aime2026_pt,clean,Qwen3.5-4B|aime2026_pt|AIME2026-PT/19|g46,1
V4-Flash,Qwen3.5-4B,aime2026_pt,clean,Qwen3.5-4B|aime2026_pt|AIME2026-PT/19|g53,1
V4-Flash,Qwen3.5-4B,aime2026_pt,clean,Qwen3.5-4B|aime2026_pt|AIME2026-PT/19|g54,1
V4-Flash,Qwen3.5-4B,aime2026_pt,clean,Qwen3.5-4B|aime2026_pt|AIME2026-PT/2|g17,1
V4-Flash,Qwen3.5-4B,aime2026_pt,clean,Qwen3.5-4B|aime2026_pt|AIME2026-PT/2|g25,1
V4-Flash,Qwen3.5-4B,aime2026_pt,clean,Qwen3.5-4B|aime2026_pt|AIME2026-PT/2|g55,1
V4-Flash,Qwen3.5-4B,aime2026_pt,clean,Qwen3.5-4B|aime2026_pt|AIME2026-PT/20|g21,0
V4-Flash,Qwen3.5-4B,aime2026_pt,clean,Qwen3.5-4B|aime2026_pt|AIME2026-PT/20|g22,1
V4-Flash,Qwen3.5-4B,aime2026_pt,clean,Qwen3.5-4B|aime2026_pt|AIME2026-PT/22|g42,1
V4-Flash,Qwen3.5-4B,aime2026_pt,clean,Qwen3.5-4B|aime2026_pt|AIME2026-PT/22|g55,1
V4-Flash,Qwen3.5-4B,aime2026_pt,clean,Qwen3.5-4B|aime2026_pt|AIME2026-PT/22|g57,1
V4-Flash,Qwen3.5-4B,aime2026_pt,clean,Qwen3.5-4B|aime2026_pt|AIME2026-PT/23|g20,1
V4-Flash,Qwen3.5-4B,aime2026_pt,clean,Qwen3.5-4B|aime2026_pt|AIME2026-PT/24|g11,0
V4-Flash,Qwen3.5-4B,aime2026_pt,clean,Qwen3.5-4B|aime2026_pt|AIME2026-PT/24|g22,1
V4-Flash,Qwen3.5-4B,aime2026_pt,clean,Qwen3.5-4B|aime2026_pt|AIME2026-PT/24|g63,1
V4-Flash,Qwen3.5-4B,aime2026_pt,clean,Qwen3.5-4B|aime2026_pt|AIME2026-PT/25|g17,1
V4-Flash,Qwen3.5-4B,aime2026_pt,clean,Qwen3.5-4B|aime2026_pt|AIME2026-PT/25|g18,1
V4-Flash,Qwen3.5-4B,aime2026_pt,clean,Qwen3.5-4B|aime2026_pt|AIME2026-PT/25|g37,1
V4-Flash,Qwen3.5-4B,aime2026_pt,clean,Qwen3.5-4B|aime2026_pt|AIME2026-PT/25|g6,1
V4-Flash,Qwen3.5-4B,aime2026_pt,clean,Qwen3.5-4B|aime2026_pt|AIME2026-PT/25|g9,1
V4-Flash,Qwen3.5-4B,aime2026_pt,clean,Qwen3.5-4B|aime2026_pt|AIME2026-PT/26|g1,1
V4-Flash,Qwen3.5-4B,aime2026_pt,clean,Qwen3.5-4B|aime2026_pt|AIME2026-PT/26|g35,1
V4-Flash,Qwen3.5-4B,aime2026_pt,clean,Qwen3.5-4B|aime2026_pt|AIME2026-PT/27|g35,1
V4-Flash,Qwen3.5-4B,aime2026_pt,clean,Qwen3.5-4B|aime2026_pt|AIME2026-PT/27|g9,1
V4-Flash,Qwen3.5-4B,aime2026_pt,clean,Qwen3.5-4B|aime2026_pt|AIME2026-PT/28|g32,0
V4-Flash,Qwen3.5-4B,aime2026_pt,clean,Qwen3.5-4B|aime2026_pt|AIME2026-PT/28|g4,0
V4-Flash,Qwen3.5-4B,aime2026_pt,clean,Qwen3.5-4B|aime2026_pt|AIME2026-PT/28|g42,1
V4-Flash,Qwen3.5-4B,aime2026_pt,clean,Qwen3.5-4B|aime2026_pt|AIME2026-PT/28|g43,1
V4-Flash,Qwen3.5-4B,aime2026_pt,clean,Qwen3.5-4B|aime2026_pt|AIME2026-PT/28|g46,1
V4-Flash,Qwen3.5-4B,aime2026_pt,clean,Qwen3.5-4B|aime2026_pt|AIME2026-PT/29|g17,1
V4-Flash,Qwen3.5-4B,aime2026_pt,clean,Qwen3.5-4B|aime2026_pt|AIME2026-PT/3|g23,1
V4-Flash,Qwen3.5-4B,aime2026_pt,clean,Qwen3.5-4B|aime2026_pt|AIME2026-PT/3|g34,1
V4-Flash,Qwen3.5-4B,aime2026_pt,clean,Qwen3.5-4B|aime2026_pt|AIME2026-PT/3|g42,1
V4-Flash,Qwen3.5-4B,aime2026_pt,clean,Qwen3.5-4B|aime2026_pt|AIME2026-PT/3|g46,1
V4-Flash,Qwen3.5-4B,aime2026_pt,clean,Qwen3.5-4B|aime2026_pt|AIME2026-PT/4|g21,1
V4-Flash,Qwen3.5-4B,aime2026_pt,clean,Qwen3.5-4B|aime2026_pt|AIME2026-PT/4|g22,1
V4-Flash,Qwen3.5-4B,aime2026_pt,clean,Qwen3.5-4B|aime2026_pt|AIME2026-PT/4|g4,1
V4-Flash,Qwen3.5-4B,aime2026_pt,clean,Qwen3.5-4B|aime2026_pt|AIME2026-PT/4|g58,1
V4-Flash,Qwen3.5-4B,aime2026_pt,clean,Qwen3.5-4B|aime2026_pt|AIME2026-PT/5|g11,1
V4-Flash,Qwen3.5-4B,aime2026_pt,clean,Qwen3.5-4B|aime2026_pt|AIME2026-PT/5|g15,1
V4-Flash,Qwen3.5-4B,aime2026_pt,clean,Qwen3.5-4B|aime2026_pt|AIME2026-PT/6|g0,1
V4-Flash,Qwen3.5-4B,aime2026_pt,clean,Qwen3.5-4B|aime2026_pt|AIME2026-PT/6|g1,1
V4-Flash,Qwen3.5-4B,aime2026_pt,clean,Qwen3.5-4B|aime2026_pt|AIME2026-PT/6|g57,1
V4-Flash,Qwen3.5-4B,aime2026_pt,clean,Qwen3.5-4B|aime2026_pt|AIME2026-PT/6|g60,1
V4-Flash,Qwen3.5-4B,aime2026_pt,clean,Qwen3.5-4B|aime2026_pt|AIME2026-PT/7|g11,1
V4-Flash,Qwen3.5-4B,aime2026_pt,clean,Qwen3.5-4B|aime2026_pt|AIME2026-PT/7|g13,1
V4-Flash,Qwen3.5-4B,aime2026_pt,clean,Qwen3.5-4B|aime2026_pt|AIME2026-PT/7|g19,1
V4-Flash,Qwen3.5-4B,aime2026_pt,clean,Qwen3.5-4B|aime2026_pt|AIME2026-PT/7|g21,1
V4-Flash,Qwen3.5-4B,aime2026_pt,clean,Qwen3.5-4B|aime2026_pt|AIME2026-PT/7|g28,1
V4-Flash,Qwen3.5-4B,aime2026_pt,clean,Qwen3.5-4B|aime2026_pt|AIME2026-PT/7|g58,1
V4-Flash,Qwen3.5-4B,aime2026_pt,clean,Qwen3.5-4B|aime2026_pt|AIME2026-PT/9|g14,1
V4-Flash,Qwen3.5-4B,aime2026_pt,clean,Qwen3.5-4B|aime2026_pt|AIME2026-PT/9|g51,1
V4-Flash,Qwen3.5-4B,aime2026_pt,clean,Qwen3.5-4B|aime2026_pt|AIME2026-PT/9|g63,1
V4-Flash,Qwen3.5-4B,aime2026_pt,consistent_error,Qwen3.5-4B|aime2026_pt|AIME2026-PT/1|g33,1
V4-Flash,Qwen3.5-4B,aime2026_pt,consistent_error,Qwen3.5-4B|aime2026_pt|AIME2026-PT/1|g42,1
V4-Flash,Qwen3.5-4B,aime2026_pt,consistent_error,Qwen3.5-4B|aime2026_pt|AIME2026-PT/1|g58,0
V4-Flash,Qwen3.5-4B,aime2026_pt,consistent_error,Qwen3.5-4B|aime2026_pt|AIME2026-PT/10|g45,0
V4-Flash,Qwen3.5-4B,aime2026_pt,consistent_error,Qwen3.5-4B|aime2026_pt|AIME2026-PT/12|g23,0
V4-Flash,Qwen3.5-4B,aime2026_pt,consistent_error,Qwen3.5-4B|aime2026_pt|AIME2026-PT/12|g4,0
V4-Flash,Qwen3.5-4B,aime2026_pt,consistent_error,Qwen3.5-4B|aime2026_pt|AIME2026-PT/13|g29,0
V4-Flash,Qwen3.5-4B,aime2026_pt,consistent_error,Qwen3.5-4B|aime2026_pt|AIME2026-PT/13|g40,0
V4-Flash,Qwen3.5-4B,aime2026_pt,consistent_error,Qwen3.5-4B|aime2026_pt|AIME2026-PT/14|g13,1
V4-Flash,Qwen3.5-4B,aime2026_pt,consistent_error,Qwen3.5-4B|aime2026_pt|AIME2026-PT/14|g15,0
V4-Flash,Qwen3.5-4B,aime2026_pt,consistent_error,Qwen3.5-4B|aime2026_pt|AIME2026-PT/14|g9,1
V4-Flash,Qwen3.5-4B,aime2026_pt,consistent_error,Qwen3.5-4B|aime2026_pt|AIME2026-PT/16|g12,0
V4-Flash,Qwen3.5-4B,aime2026_pt,consistent_error,Qwen3.5-4B|aime2026_pt|AIME2026-PT/16|g43,0
V4-Flash,Qwen3.5-4B,aime2026_pt,consistent_error,Qwen3.5-4B|aime2026_pt|AIME2026-PT/17|g41,0
V4-Flash,Qwen3.5-4B,aime2026_pt,consistent_error,Qwen3.5-4B|aime2026_pt|AIME2026-PT/17|g54,1
V4-Flash,Qwen3.5-4B,aime2026_pt,consistent_error,Qwen3.5-4B|aime2026_pt|AIME2026-PT/18|g26,0
V4-Flash,Qwen3.5-4B,aime2026_pt,consistent_error,Qwen3.5-4B|aime2026_pt|AIME2026-PT/18|g40,0
V4-Flash,Qwen3.5-4B,aime2026_pt,consistent_error,Qwen3.5-4B|aime2026_pt|AIME2026-PT/18|g47,0
V4-Flash,Qwen3.5-4B,aime2026_pt,consistent_error,Qwen3.5-4B|aime2026_pt|AIME2026-PT/19|g45,0
V4-Flash,Qwen3.5-4B,aime2026_pt,consistent_error,Qwen3.5-4B|aime2026_pt|AIME2026-PT/19|g46,1
V4-Flash,Qwen3.5-4B,aime2026_pt,consistent_error,Qwen3.5-4B|aime2026_pt|AIME2026-PT/19|g53,0
V4-Flash,Qwen3.5-4B,aime2026_pt,consistent_error,Qwen3.5-4B|aime2026_pt|AIME2026-PT/19|g54,0
V4-Flash,Qwen3.5-4B,aime2026_pt,consistent_error,Qwen3.5-4B|aime2026_pt|AIME2026-PT/2|g17,0
V4-Flash,Qwen3.5-4B,aime2026_pt,consistent_error,Qwen3.5-4B|aime2026_pt|AIME2026-PT/2|g25,0
V4-Flash,Qwen3.5-4B,aime2026_pt,consistent_error,Qwen3.5-4B|aime2026_pt|AIME2026-PT/2|g55,0
V4-Flash,Qwen3.5-4B,aime2026_pt,consistent_error,Qwen3.5-4B|aime2026_pt|AIME2026-PT/20|g21,0
V4-Flash,Qwen3.5-4B,aime2026_pt,consistent_error,Qwen3.5-4B|aime2026_pt|AIME2026-PT/20|g22,0
V4-Flash,Qwen3.5-4B,aime2026_pt,consistent_error,Qwen3.5-4B|aime2026_pt|AIME2026-PT/22|g42,0
V4-Flash,Qwen3.5-4B,aime2026_pt,consistent_error,Qwen3.5-4B|aime2026_pt|AIME2026-PT/22|g55,1
V4-Flash,Qwen3.5-4B,aime2026_pt,consistent_error,Qwen3.5-4B|aime2026_pt|AIME2026-PT/22|g57,1
V4-Flash,Qwen3.5-4B,aime2026_pt,consistent_error,Qwen3.5-4B|aime2026_pt|AIME2026-PT/23|g20,0
V4-Flash,Qwen3.5-4B,aime2026_pt,consistent_error,Qwen3.5-4B|aime2026_pt|AIME2026-PT/24|g11,0
V4-Flash,Qwen3.5-4B,aime2026_pt,consistent_error,Qwen3.5-4B|aime2026_pt|AIME2026-PT/24|g22,1
V4-Flash,Qwen3.5-4B,aime2026_pt,consistent_error,Qwen3.5-4B|aime2026_pt|AIME2026-PT/24|g63,1
V4-Flash,Qwen3.5-4B,aime2026_pt,consistent_error,Qwen3.5-4B|aime2026_pt|AIME2026-PT/25|g17,0
V4-Flash,Qwen3.5-4B,aime2026_pt,consistent_error,Qwen3.5-4B|aime2026_pt|AIME2026-PT/25|g18,0
V4-Flash,Qwen3.5-4B,aime2026_pt,consistent_error,Qwen3.5-4B|aime2026_pt|AIME2026-PT/25|g37,0
V4-Flash,Qwen3.5-4B,aime2026_pt,consistent_error,Qwen3.5-4B|aime2026_pt|AIME2026-PT/25|g6,1
V4-Flash,Qwen3.5-4B,aime2026_pt,consistent_error,Qwen3.5-4B|aime2026_pt|AIME2026-PT/25|g9,0
V4-Flash,Qwen3.5-4B,aime2026_pt,consistent_error,Qwen3.5-4B|aime2026_pt|AIME2026-PT/26|g1,0
V4-Flash,Qwen3.5-4B,aime2026_pt,consistent_error,Qwen3.5-4B|aime2026_pt|AIME2026-PT/26|g35,1
V4-Flash,Qwen3.5-4B,aime2026_pt,consistent_error,Qwen3.5-4B|aime2026_pt|AIME2026-PT/27|g35,0
V4-Flash,Qwen3.5-4B,aime2026_pt,consistent_error,Qwen3.5-4B|aime2026_pt|AIME2026-PT/27|g9,1
V4-Flash,Qwen3.5-4B,aime2026_pt,consistent_error,Qwen3.5-4B|aime2026_pt|AIME2026-PT/28|g32,0
V4-Flash,Qwen3.5-4B,aime2026_pt,consistent_error,Qwen3.5-4B|aime2026_pt|AIME2026-PT/28|g4,0
V4-Flash,Qwen3.5-4B,aime2026_pt,consistent_error,Qwen3.5-4B|aime2026_pt|AIME2026-PT/28|g42,0
V4-Flash,Qwen3.5-4B,aime2026_pt,consistent_error,Qwen3.5-4B|aime2026_pt|AIME2026-PT/28|g43,0
V4-Flash,Qwen3.5-4B,aime2026_pt,consistent_error,Qwen3.5-4B|aime2026_pt|AIME2026-PT/28|g46,0
V4-Flash,Qwen3.5-4B,aime2026_pt,consistent_error,Qwen3.5-4B|aime2026_pt|AIME2026-PT/29|g17,0
V4-Flash,Qwen3.5-4B,aime2026_pt,consistent_error,Qwen3.5-4B|aime2026_pt|AIME2026-PT/3|g23,1
V4-Flash,Qwen3.5-4B,aime2026_pt,consistent_error,Qwen3.5-4B|aime2026_pt|AIME2026-PT/3|g34,0
V4-Flash,Qwen3.5-4B,aime2026_pt,consistent_error,Qwen3.5-4B|aime2026_pt|AIME2026-PT/3|g42,0
V4-Flash,Qwen3.5-4B,aime2026_pt,consistent_error,Qwen3.5-4B|aime2026_pt|AIME2026-PT/3|g46,1
V4-Flash,Qwen3.5-4B,aime2026_pt,consistent_error,Qwen3.5-4B|aime2026_pt|AIME2026-PT/4|g21,0
V4-Flash,Qwen3.5-4B,aime2026_pt,consistent_error,Qwen3.5-4B|aime2026_pt|AIME2026-PT/4|g22,0
V4-Flash,Qwen3.5-4B,aime2026_pt,consistent_error,Qwen3.5-4B|aime2026_pt|AIME2026-PT/4|g4,1
V4-Flash,Qwen3.5-4B,aime2026_pt,consistent_error,Qwen3.5-4B|aime2026_pt|AIME2026-PT/4|g58,0
V4-Flash,Qwen3.5-4B,aime2026_pt,consistent_error,Qwen3.5-4B|aime2026_pt|AIME2026-PT/5|g11,1
V4-Flash,Qwen3.5-4B,aime2026_pt,consistent_error,Qwen3.5-4B|aime2026_pt|AIME2026-PT/5|g15,0
V4-Flash,Qwen3.5-4B,aime2026_pt,consistent_error,Qwen3.5-4B|aime2026_pt|AIME2026-PT/6|g0,0
V4-Flash,Qwen3.5-4B,aime2026_pt,consistent_error,Qwen3.5-4B|aime2026_pt|AIME2026-PT/6|g1,0
V4-Flash,Qwen3.5-4B,aime2026_pt,consistent_error,Qwen3.5-4B|aime2026_pt|AIME2026-PT/6|g57,0
V4-Flash,Qwen3.5-4B,aime2026_pt,consistent_error,Qwen3.5-4B|aime2026_pt|AIME2026-PT/6|g60,0
V4-Flash,Qwen3.5-4B,aime2026_pt,consistent_error,Qwen3.5-4B|aime2026_pt|AIME2026-PT/7|g11,0
V4-Flash,Qwen3.5-4B,aime2026_pt,consistent_error,Qwen3.5-4B|aime2026_pt|AIME2026-PT/7|g13,0
V4-Flash,Qwen3.5-4B,aime2026_pt,consistent_error,Qwen3.5-4B|aime2026_pt|AIME2026-PT/7|g19,0
V4-Flash,Qwen3.5-4B,aime2026_pt,consistent_error,Qwen3.5-4B|aime2026_pt|AIME2026-PT/7|g21,0
V4-Flash,Qwen3.5-4B,aime2026_pt,consistent_error,Qwen3.5-4B|aime2026_pt|AIME2026-PT/7|g28,0
V4-Flash,Qwen3.5-4B,aime2026_pt,consistent_error,Qwen3.5-4B|aime2026_pt|AIME2026-PT/7|g58,0
V4-Flash,Qwen3.5-4B,aime2026_pt,consistent_error,Qwen3.5-4B|aime2026_pt|AIME2026-PT/9|g14,0
V4-Flash,Qwen3.5-4B,aime2026_pt,consistent_error,Qwen3.5-4B|aime2026_pt|AIME2026-PT/9|g51,0
V4-Flash,Qwen3.5-4B,aime2026_pt,consistent_error,Qwen3.5-4B|aime2026_pt|AIME2026-PT/9|g63,0
V4-Flash,Qwen3.5-4B,aime2026_pt,intermediate_error,Qwen3.5-4B|aime2026_pt|AIME2026-PT/1|g33,1
V4-Flash,Qwen3.5-4B,aime2026_pt,intermediate_error,Qwen3.5-4B|aime2026_pt|AIME2026-PT/1|g42,1
V4-Flash,Qwen3.5-4B,aime2026_pt,intermediate_error,Qwen3.5-4B|aime2026_pt|AIME2026-PT/1|g58,1
V4-Flash,Qwen3.5-4B,aime2026_pt,intermediate_error,Qwen3.5-4B|aime2026_pt|AIME2026-PT/10|g45,0
V4-Flash,Qwen3.5-4B,aime2026_pt,intermediate_error,Qwen3.5-4B|aime2026_pt|AIME2026-PT/12|g23,1
V4-Flash,Qwen3.5-4B,aime2026_pt,intermediate_error,Qwen3.5-4B|aime2026_pt|AIME2026-PT/12|g4,1
V4-Flash,Qwen3.5-4B,aime2026_pt,intermediate_error,Qwen3.5-4B|aime2026_pt|AIME2026-PT/13|g29,1
V4-Flash,Qwen3.5-4B,aime2026_pt,intermediate_error,Qwen3.5-4B|aime2026_pt|AIME2026-PT/13|g40,1
V4-Flash,Qwen3.5-4B,aime2026_pt,intermediate_error,Qwen3.5-4B|aime2026_pt|AIME2026-PT/14|g13,1
V4-Flash,Qwen3.5-4B,aime2026_pt,intermediate_error,Qwen3.5-4B|aime2026_pt|AIME2026-PT/14|g15,1
V4-Flash,Qwen3.5-4B,aime2026_pt,intermediate_error,Qwen3.5-4B|aime2026_pt|AIME2026-PT/14|g9,1
V4-Flash,Qwen3.5-4B,aime2026_pt,intermediate_error,Qwen3.5-4B|aime2026_pt|AIME2026-PT/16|g12,1
V4-Flash,Qwen3.5-4B,aime2026_pt,intermediate_error,Qwen3.5-4B|aime2026_pt|AIME2026-PT/16|g43,1
V4-Flash,Qwen3.5-4B,aime2026_pt,intermediate_error,Qwen3.5-4B|aime2026_pt|AIME2026-PT/17|g41,0
V4-Flash,Qwen3.5-4B,aime2026_pt,intermediate_error,Qwen3.5-4B|aime2026_pt|AIME2026-PT/17|g54,1
V4-Flash,Qwen3.5-4B,aime2026_pt,intermediate_error,Qwen3.5-4B|aime2026_pt|AIME2026-PT/18|g26,0
V4-Flash,Qwen3.5-4B,aime2026_pt,intermediate_error,Qwen3.5-4B|aime2026_pt|AIME2026-PT/18|g40,1
V4-Flash,Qwen3.5-4B,aime2026_pt,intermediate_error,Qwen3.5-4B|aime2026_pt|AIME2026-PT/18|g47,1
V4-Flash,Qwen3.5-4B,aime2026_pt,intermediate_error,Qwen3.5-4B|aime2026_pt|AIME2026-PT/19|g45,1
V4-Flash,Qwen3.5-4B,aime2026_pt,intermediate_error,Qwen3.5-4B|aime2026_pt|AIME2026-PT/19|g46,1
V4-Flash,Qwen3.5-4B,aime2026_pt,intermediate_error,Qwen3.5-4B|aime2026_pt|AIME2026-PT/19|g53,1
V4-Flash,Qwen3.5-4B,aime2026_pt,intermediate_error,Qwen3.5-4B|aime2026_pt|AIME2026-PT/19|g54,1
V4-Flash,Qwen3.5-4B,aime2026_pt,intermediate_error,Qwen3.5-4B|aime2026_pt|AIME2026-PT/2|g17,1
V4-Flash,Qwen3.5-4B,aime2026_pt,intermediate_error,Qwen3.5-4B|aime2026_pt|AIME2026-PT/2|g25,1
V4-Flash,Qwen3.5-4B,aime2026_pt,intermediate_error,Qwen3.5-4B|aime2026_pt|AIME2026-PT/2|g55,1
V4-Flash,Qwen3.5-4B,aime2026_pt,intermediate_error,Qwen3.5-4B|aime2026_pt|AIME2026-PT/20|g21,0
V4-Flash,Qwen3.5-4B,aime2026_pt,intermediate_error,Qwen3.5-4B|aime2026_pt|AIME2026-PT/20|g22,1
V4-Flash,Qwen3.5-4B,aime2026_pt,intermediate_error,Qwen3.5-4B|aime2026_pt|AIME2026-PT/22|g42,1
V4-Flash,Qwen3.5-4B,aime2026_pt,intermediate_error,Qwen3.5-4B|aime2026_pt|AIME2026-PT/22|g55,1
V4-Flash,Qwen3.5-4B,aime2026_pt,intermediate_error,Qwen3.5-4B|aime2026_pt|AIME2026-PT/22|g57,1
V4-Flash,Qwen3.5-4B,aime2026_pt,intermediate_error,Qwen3.5-4B|aime2026_pt|AIME2026-PT/23|g20,1
V4-Flash,Qwen3.5-4B,aime2026_pt,intermediate_error,Qwen3.5-4B|aime2026_pt|AIME2026-PT/24|g11,0
V4-Flash,Qwen3.5-4B,aime2026_pt,intermediate_error,Qwen3.5-4B|aime2026_pt|AIME2026-PT/24|g22,1
V4-Flash,Qwen3.5-4B,aime2026_pt,intermediate_error,Qwen3.5-4B|aime2026_pt|AIME2026-PT/24|g63,1
V4-Flash,Qwen3.5-4B,aime2026_pt,intermediate_error,Qwen3.5-4B|aime2026_pt|AIME2026-PT/25|g17,1
V4-Flash,Qwen3.5-4B,aime2026_pt,intermediate_error,Qwen3.5-4B|aime2026_pt|AIME2026-PT/25|g18,1
V4-Flash,Qwen3.5-4B,aime2026_pt,intermediate_error,Qwen3.5-4B|aime2026_pt|AIME2026-PT/25|g37,1
V4-Flash,Qwen3.5-4B,aime2026_pt,intermediate_error,Qwen3.5-4B|aime2026_pt|AIME2026-PT/25|g6,1
V4-Flash,Qwen3.5-4B,aime2026_pt,intermediate_error,Qwen3.5-4B|aime2026_pt|AIME2026-PT/25|g9,1
V4-Flash,Qwen3.5-4B,aime2026_pt,intermediate_error,Qwen3.5-4B|aime2026_pt|AIME2026-PT/26|g1,1
V4-Flash,Qwen3.5-4B,aime2026_pt,intermediate_error,Qwen3.5-4B|aime2026_pt|AIME2026-PT/26|g35,1
V4-Flash,Qwen3.5-4B,aime2026_pt,intermediate_error,Qwen3.5-4B|aime2026_pt|AIME2026-PT/27|g35,1
V4-Flash,Qwen3.5-4B,aime2026_pt,intermediate_error,Qwen3.5-4B|aime2026_pt|AIME2026-PT/27|g9,1
V4-Flash,Qwen3.5-4B,aime2026_pt,intermediate_error,Qwen3.5-4B|aime2026_pt|AIME2026-PT/28|g32,0
V4-Flash,Qwen3.5-4B,aime2026_pt,intermediate_error,Qwen3.5-4B|aime2026_pt|AIME2026-PT/28|g4,0
V4-Flash,Qwen3.5-4B,aime2026_pt,intermediate_error,Qwen3.5-4B|aime2026_pt|AIME2026-PT/28|g42,1
V4-Flash,Qwen3.5-4B,aime2026_pt,intermediate_error,Qwen3.5-4B|aime2026_pt|AIME2026-PT/28|g43,1
V4-Flash,Qwen3.5-4B,aime2026_pt,intermediate_error,Qwen3.5-4B|aime2026_pt|AIME2026-PT/28|g46,0
V4-Flash,Qwen3.5-4B,aime2026_pt,intermediate_error,Qwen3.5-4B|aime2026_pt|AIME2026-PT/29|g17,1
V4-Flash,Qwen3.5-4B,aime2026_pt,intermediate_error,Qwen3.5-4B|aime2026_pt|AIME2026-PT/3|g23,1
V4-Flash,Qwen3.5-4B,aime2026_pt,intermediate_error,Qwen3.5-4B|aime2026_pt|AIME2026-PT/3|g34,1
V4-Flash,Qwen3.5-4B,aime2026_pt,intermediate_error,Qwen3.5-4B|aime2026_pt|AIME2026-PT/3|g42,1
V4-Flash,Qwen3.5-4B,aime2026_pt,intermediate_error,Qwen3.5-4B|aime2026_pt|AIME2026-PT/3|g46,1
V4-Flash,Qwen3.5-4B,aime2026_pt,intermediate_error,Qwen3.5-4B|aime2026_pt|AIME2026-PT/4|g21,1
V4-Flash,Qwen3.5-4B,aime2026_pt,intermediate_error,Qwen3.5-4B|aime2026_pt|AIME2026-PT/4|g22,1
V4-Flash,Qwen3.5-4B,aime2026_pt,intermediate_error,Qwen3.5-4B|aime2026_pt|AIME2026-PT/4|g4,1
V4-Flash,Qwen3.5-4B,aime2026_pt,intermediate_error,Qwen3.5-4B|aime2026_pt|AIME2026-PT/4|g58,1
V4-Flash,Qwen3.5-4B,aime2026_pt,intermediate_error,Qwen3.5-4B|aime2026_pt|AIME2026-PT/5|g11,1
V4-Flash,Qwen3.5-4B,aime2026_pt,intermediate_error,Qwen3.5-4B|aime2026_pt|AIME2026-PT/5|g15,1
V4-Flash,Qwen3.5-4B,aime2026_pt,intermediate_error,Qwen3.5-4B|aime2026_pt|AIME2026-PT/6|g0,1
V4-Flash,Qwen3.5-4B,aime2026_pt,intermediate_error,Qwen3.5-4B|aime2026_pt|AIME2026-PT/6|g1,1
V4-Flash,Qwen3.5-4B,aime2026_pt,intermediate_error,Qwen3.5-4B|aime2026_pt|AIME2026-PT/6|g57,1
V4-Flash,Qwen3.5-4B,aime2026_pt,intermediate_error,Qwen3.5-4B|aime2026_pt|AIME2026-PT/6|g60,1
V4-Flash,Qwen3.5-4B,aime2026_pt,intermediate_error,Qwen3.5-4B|aime2026_pt|AIME2026-PT/7|g11,1
V4-Flash,Qwen3.5-4B,aime2026_pt,intermediate_error,Qwen3.5-4B|aime2026_pt|AIME2026-PT/7|g13,1
V4-Flash,Qwen3.5-4B,aime2026_pt,intermediate_error,Qwen3.5-4B|aime2026_pt|AIME2026-PT/7|g19,1
V4-Flash,Qwen3.5-4B,aime2026_pt,intermediate_error,Qwen3.5-4B|aime2026_pt|AIME2026-PT/7|g21,1
V4-Flash,Qwen3.5-4B,aime2026_pt,intermediate_error,Qwen3.5-4B|aime2026_pt|AIME2026-PT/7|g28,1
V4-Flash,Qwen3.5-4B,aime2026_pt,intermediate_error,Qwen3.5-4B|aime2026_pt|AIME2026-PT/7|g58,1
V4-Flash,Qwen3.5-4B,aime2026_pt,intermediate_error,Qwen3.5-4B|aime2026_pt|AIME2026-PT/9|g14,1
V4-Flash,Qwen3.5-4B,aime2026_pt,intermediate_error,Qwen3.5-4B|aime2026_pt|AIME2026-PT/9|g51,1
V4-Flash,Qwen3.5-4B,aime2026_pt,intermediate_error,Qwen3.5-4B|aime2026_pt|AIME2026-PT/9|g63,1
V4-Flash,Qwen3.5-4B,aime2026_pt,truncated,Qwen3.5-4B|aime2026_pt|AIME2026-PT/1|g33,1
V4-Flash,Qwen3.5-4B,aime2026_pt,truncated,Qwen3.5-4B|aime2026_pt|AIME2026-PT/1|g42,1
V4-Flash,Qwen3.5-4B,aime2026_pt,truncated,Qwen3.5-4B|aime2026_pt|AIME2026-PT/1|g58,1
V4-Flash,Qwen3.5-4B,aime2026_pt,truncated,Qwen3.5-4B|aime2026_pt|AIME2026-PT/10|g45,0
V4-Flash,Qwen3.5-4B,aime2026_pt,truncated,Qwen3.5-4B|aime2026_pt|AIME2026-PT/12|g23,1
V4-Flash,Qwen3.5-4B,aime2026_pt,truncated,Qwen3.5-4B|aime2026_pt|AIME2026-PT/12|g4,1
V4-Flash,Qwen3.5-4B,aime2026_pt,truncated,Qwen3.5-4B|aime2026_pt|AIME2026-PT/13|g29,1
V4-Flash,Qwen3.5-4B,aime2026_pt,truncated,Qwen3.5-4B|aime2026_pt|AIME2026-PT/13|g40,1
V4-Flash,Qwen3.5-4B,aime2026_pt,truncated,Qwen3.5-4B|aime2026_pt|AIME2026-PT/14|g13,1
V4-Flash,Qwen3.5-4B,aime2026_pt,truncated,Qwen3.5-4B|aime2026_pt|AIME2026-PT/14|g15,1
V4-Flash,Qwen3.5-4B,aime2026_pt,truncated,Qwen3.5-4B|aime2026_pt|AIME2026-PT/14|g9,1
V4-Flash,Qwen3.5-4B,aime2026_pt,truncated,Qwen3.5-4B|aime2026_pt|AIME2026-PT/16|g12,1
V4-Flash,Qwen3.5-4B,aime2026_pt,truncated,Qwen3.5-4B|aime2026_pt|AIME2026-PT/16|g43,1
V4-Flash,Qwen3.5-4B,aime2026_pt,truncated,Qwen3.5-4B|aime2026_pt|AIME2026-PT/17|g41,0
V4-Flash,Qwen3.5-4B,aime2026_pt,truncated,Qwen3.5-4B|aime2026_pt|AIME2026-PT/17|g54,0
V4-Flash,Qwen3.5-4B,aime2026_pt,truncated,Qwen3.5-4B|aime2026_pt|AIME2026-PT/18|g26,0
V4-Flash,Qwen3.5-4B,aime2026_pt,truncated,Qwen3.5-4B|aime2026_pt|AIME2026-PT/18|g40,1
V4-Flash,Qwen3.5-4B,aime2026_pt,truncated,Qwen3.5-4B|aime2026_pt|AIME2026-PT/18|g47,1
V4-Flash,Qwen3.5-4B,aime2026_pt,truncated,Qwen3.5-4B|aime2026_pt|AIME2026-PT/19|g45,1
V4-Flash,Qwen3.5-4B,aime2026_pt,truncated,Qwen3.5-4B|aime2026_pt|AIME2026-PT/19|g46,1
V4-Flash,Qwen3.5-4B,aime2026_pt,truncated,Qwen3.5-4B|aime2026_pt|AIME2026-PT/19|g53,1
V4-Flash,Qwen3.5-4B,aime2026_pt,truncated,Qwen3.5-4B|aime2026_pt|AIME2026-PT/19|g54,1
V4-Flash,Qwen3.5-4B,aime2026_pt,truncated,Qwen3.5-4B|aime2026_pt|AIME2026-PT/2|g17,1
V4-Flash,Qwen3.5-4B,aime2026_pt,truncated,Qwen3.5-4B|aime2026_pt|AIME2026-PT/2|g25,1
V4-Flash,Qwen3.5-4B,aime2026_pt,truncated,Qwen3.5-4B|aime2026_pt|AIME2026-PT/2|g55,1
V4-Flash,Qwen3.5-4B,aime2026_pt,truncated,Qwen3.5-4B|aime2026_pt|AIME2026-PT/20|g21,0
V4-Flash,Qwen3.5-4B,aime2026_pt,truncated,Qwen3.5-4B|aime2026_pt|AIME2026-PT/20|g22,1
V4-Flash,Qwen3.5-4B,aime2026_pt,truncated,Qwen3.5-4B|aime2026_pt|AIME2026-PT/22|g42,1
V4-Flash,Qwen3.5-4B,aime2026_pt,truncated,Qwen3.5-4B|aime2026_pt|AIME2026-PT/22|g55,1
V4-Flash,Qwen3.5-4B,aime2026_pt,truncated,Qwen3.5-4B|aime2026_pt|AIME2026-PT/22|g57,1
V4-Flash,Qwen3.5-4B,aime2026_pt,truncated,Qwen3.5-4B|aime2026_pt|AIME2026-PT/23|g20,1
V4-Flash,Qwen3.5-4B,aime2026_pt,truncated,Qwen3.5-4B|aime2026_pt|AIME2026-PT/24|g11,1
V4-Flash,Qwen3.5-4B,aime2026_pt,truncated,Qwen3.5-4B|aime2026_pt|AIME2026-PT/24|g22,1
V4-Flash,Qwen3.5-4B,aime2026_pt,truncated,Qwen3.5-4B|aime2026_pt|AIME2026-PT/24|g63,1
V4-Flash,Qwen3.5-4B,aime2026_pt,truncated,Qwen3.5-4B|aime2026_pt|AIME2026-PT/25|g17,1
V4-Flash,Qwen3.5-4B,aime2026_pt,truncated,Qwen3.5-4B|aime2026_pt|AIME2026-PT/25|g18,1
V4-Flash,Qwen3.5-4B,aime2026_pt,truncated,Qwen3.5-4B|aime2026_pt|AIME2026-PT/25|g37,1
V4-Flash,Qwen3.5-4B,aime2026_pt,truncated,Qwen3.5-4B|aime2026_pt|AIME2026-PT/25|g6,1
V4-Flash,Qwen3.5-4B,aime2026_pt,truncated,Qwen3.5-4B|aime2026_pt|AIME2026-PT/25|g9,1
V4-Flash,Qwen3.5-4B,aime2026_pt,truncated,Qwen3.5-4B|aime2026_pt|AIME2026-PT/26|g1,1
V4-Flash,Qwen3.5-4B,aime2026_pt,truncated,Qwen3.5-4B|aime2026_pt|AIME2026-PT/26|g35,1
V4-Flash,Qwen3.5-4B,aime2026_pt,truncated,Qwen3.5-4B|aime2026_pt|AIME2026-PT/27|g35,0
V4-Flash,Qwen3.5-4B,aime2026_pt,truncated,Qwen3.5-4B|aime2026_pt|AIME2026-PT/27|g9,1
V4-Flash,Qwen3.5-4B,aime2026_pt,truncated,Qwen3.5-4B|aime2026_pt|AIME2026-PT/28|g32,0
V4-Flash,Qwen3.5-4B,aime2026_pt,truncated,Qwen3.5-4B|aime2026_pt|AIME2026-PT/28|g4,1
V4-Flash,Qwen3.5-4B,aime2026_pt,truncated,Qwen3.5-4B|aime2026_pt|AIME2026-PT/28|g42,0
V4-Flash,Qwen3.5-4B,aime2026_pt,truncated,Qwen3.5-4B|aime2026_pt|AIME2026-PT/28|g43,0
V4-Flash,Qwen3.5-4B,aime2026_pt,truncated,Qwen3.5-4B|aime2026_pt|AIME2026-PT/28|g46,0
V4-Flash,Qwen3.5-4B,aime2026_pt,truncated,Qwen3.5-4B|aime2026_pt|AIME2026-PT/29|g17,0
V4-Flash,Qwen3.5-4B,aime2026_pt,truncated,Qwen3.5-4B|aime2026_pt|AIME2026-PT/3|g23,1
V4-Flash,Qwen3.5-4B,aime2026_pt,truncated,Qwen3.5-4B|aime2026_pt|AIME2026-PT/3|g34,1
V4-Flash,Qwen3.5-4B,aime2026_pt,truncated,Qwen3.5-4B|aime2026_pt|AIME2026-PT/3|g42,1
V4-Flash,Qwen3.5-4B,aime2026_pt,truncated,Qwen3.5-4B|aime2026_pt|AIME2026-PT/3|g46,1
V4-Flash,Qwen3.5-4B,aime2026_pt,truncated,Qwen3.5-4B|aime2026_pt|AIME2026-PT/4|g21,1
V4-Flash,Qwen3.5-4B,aime2026_pt,truncated,Qwen3.5-4B|aime2026_pt|AIME2026-PT/4|g22,1
V4-Flash,Qwen3.5-4B,aime2026_pt,truncated,Qwen3.5-4B|aime2026_pt|AIME2026-PT/4|g4,1
V4-Flash,Qwen3.5-4B,aime2026_pt,truncated,Qwen3.5-4B|aime2026_pt|AIME2026-PT/4|g58,1
V4-Flash,Qwen3.5-4B,aime2026_pt,truncated,Qwen3.5-4B|aime2026_pt|AIME2026-PT/5|g11,1
V4-Flash,Qwen3.5-4B,aime2026_pt,truncated,Qwen3.5-4B|aime2026_pt|AIME2026-PT/5|g15,1
V4-Flash,Qwen3.5-4B,aime2026_pt,truncated,Qwen3.5-4B|aime2026_pt|AIME2026-PT/6|g0,1
V4-Flash,Qwen3.5-4B,aime2026_pt,truncated,Qwen3.5-4B|aime2026_pt|AIME2026-PT/6|g1,1
V4-Flash,Qwen3.5-4B,aime2026_pt,truncated,Qwen3.5-4B|aime2026_pt|AIME2026-PT/6|g57,1
V4-Flash,Qwen3.5-4B,aime2026_pt,truncated,Qwen3.5-4B|aime2026_pt|AIME2026-PT/6|g60,1
V4-Flash,Qwen3.5-4B,aime2026_pt,truncated,Qwen3.5-4B|aime2026_pt|AIME2026-PT/7|g11,1
V4-Flash,Qwen3.5-4B,aime2026_pt,truncated,Qwen3.5-4B|aime2026_pt|AIME2026-PT/7|g13,1
V4-Flash,Qwen3.5-4B,aime2026_pt,truncated,Qwen3.5-4B|aime2026_pt|AIME2026-PT/7|g19,1
V4-Flash,Qwen3.5-4B,aime2026_pt,truncated,Qwen3.5-4B|aime2026_pt|AIME2026-PT/7|g21,1
V4-Flash,Qwen3.5-4B,aime2026_pt,truncated,Qwen3.5-4B|aime2026_pt|AIME2026-PT/7|g28,1
V4-Flash,Qwen3.5-4B,aime2026_pt,truncated,Qwen3.5-4B|aime2026_pt|AIME2026-PT/7|g58,1
V4-Flash,Qwen3.5-4B,aime2026_pt,truncated,Qwen3.5-4B|aime2026_pt|AIME2026-PT/9|g14,0
V4-Flash,Qwen3.5-4B,aime2026_pt,truncated,Qwen3.5-4B|aime2026_pt|AIME2026-PT/9|g51,0
V4-Flash,Qwen3.5-4B,aime2026_pt,truncated,Qwen3.5-4B|aime2026_pt|AIME2026-PT/9|g63,0
V4-Flash,Qwen3.5-4B,aime2026_tr,boxed_only,Qwen3.5-4B|aime2026_tr|AIME2026-TR/1|g1,1
V4-Flash,Qwen3.5-4B,aime2026_tr,boxed_only,Qwen3.5-4B|aime2026_tr|AIME2026-TR/1|g16,0
V4-Flash,Qwen3.5-4B,aime2026_tr,boxed_only,Qwen3.5-4B|aime2026_tr|AIME2026-TR/1|g32,0
V4-Flash,Qwen3.5-4B,aime2026_tr,boxed_only,Qwen3.5-4B|aime2026_tr|AIME2026-TR/10|g32,0
V4-Flash,Qwen3.5-4B,aime2026_tr,boxed_only,Qwen3.5-4B|aime2026_tr|AIME2026-TR/10|g44,1
V4-Flash,Qwen3.5-4B,aime2026_tr,boxed_only,Qwen3.5-4B|aime2026_tr|AIME2026-TR/12|g21,0
V4-Flash,Qwen3.5-4B,aime2026_tr,boxed_only,Qwen3.5-4B|aime2026_tr|AIME2026-TR/12|g33,0
V4-Flash,Qwen3.5-4B,aime2026_tr,boxed_only,Qwen3.5-4B|aime2026_tr|AIME2026-TR/12|g63,0
V4-Flash,Qwen3.5-4B,aime2026_tr,boxed_only,Qwen3.5-4B|aime2026_tr|AIME2026-TR/13|g0,0
V4-Flash,Qwen3.5-4B,aime2026_tr,boxed_only,Qwen3.5-4B|aime2026_tr|AIME2026-TR/13|g21,1
V4-Flash,Qwen3.5-4B,aime2026_tr,boxed_only,Qwen3.5-4B|aime2026_tr|AIME2026-TR/14|g53,0
V4-Flash,Qwen3.5-4B,aime2026_tr,boxed_only,Qwen3.5-4B|aime2026_tr|AIME2026-TR/16|g17,0
V4-Flash,Qwen3.5-4B,aime2026_tr,boxed_only,Qwen3.5-4B|aime2026_tr|AIME2026-TR/16|g32,0
V4-Flash,Qwen3.5-4B,aime2026_tr,boxed_only,Qwen3.5-4B|aime2026_tr|AIME2026-TR/16|g9,0
V4-Flash,Qwen3.5-4B,aime2026_tr,boxed_only,Qwen3.5-4B|aime2026_tr|AIME2026-TR/17|g55,0
V4-Flash,Qwen3.5-4B,aime2026_tr,boxed_only,Qwen3.5-4B|aime2026_tr|AIME2026-TR/18|g22,0
V4-Flash,Qwen3.5-4B,aime2026_tr,boxed_only,Qwen3.5-4B|aime2026_tr|AIME2026-TR/18|g37,0
V4-Flash,Qwen3.5-4B,aime2026_tr,boxed_only,Qwen3.5-4B|aime2026_tr|AIME2026-TR/18|g6,0
V4-Flash,Qwen3.5-4B,aime2026_tr,boxed_only,Qwen3.5-4B|aime2026_tr|AIME2026-TR/18|g8,0
V4-Flash,Qwen3.5-4B,aime2026_tr,boxed_only,Qwen3.5-4B|aime2026_tr|AIME2026-TR/18|g9,0
V4-Flash,Qwen3.5-4B,aime2026_tr,boxed_only,Qwen3.5-4B|aime2026_tr|AIME2026-TR/19|g24,0
V4-Flash,Qwen3.5-4B,aime2026_tr,boxed_only,Qwen3.5-4B|aime2026_tr|AIME2026-TR/19|g36,0
V4-Flash,Qwen3.5-4B,aime2026_tr,boxed_only,Qwen3.5-4B|aime2026_tr|AIME2026-TR/19|g54,0
V4-Flash,Qwen3.5-4B,aime2026_tr,boxed_only,Qwen3.5-4B|aime2026_tr|AIME2026-TR/2|g34,0
V4-Flash,Qwen3.5-4B,aime2026_tr,boxed_only,Qwen3.5-4B|aime2026_tr|AIME2026-TR/2|g38,0
V4-Flash,Qwen3.5-4B,aime2026_tr,boxed_only,Qwen3.5-4B|aime2026_tr|AIME2026-TR/2|g47,0
V4-Flash,Qwen3.5-4B,aime2026_tr,boxed_only,Qwen3.5-4B|aime2026_tr|AIME2026-TR/20|g10,0
V4-Flash,Qwen3.5-4B,aime2026_tr,boxed_only,Qwen3.5-4B|aime2026_tr|AIME2026-TR/20|g13,0
V4-Flash,Qwen3.5-4B,aime2026_tr,boxed_only,Qwen3.5-4B|aime2026_tr|AIME2026-TR/20|g33,0
V4-Flash,Qwen3.5-4B,aime2026_tr,boxed_only,Qwen3.5-4B|aime2026_tr|AIME2026-TR/21|g0,0
V4-Flash,Qwen3.5-4B,aime2026_tr,boxed_only,Qwen3.5-4B|aime2026_tr|AIME2026-TR/21|g20,0
V4-Flash,Qwen3.5-4B,aime2026_tr,boxed_only,Qwen3.5-4B|aime2026_tr|AIME2026-TR/21|g39,0
V4-Flash,Qwen3.5-4B,aime2026_tr,boxed_only,Qwen3.5-4B|aime2026_tr|AIME2026-TR/21|g47,0
V4-Flash,Qwen3.5-4B,aime2026_tr,boxed_only,Qwen3.5-4B|aime2026_tr|AIME2026-TR/22|g18,0
V4-Flash,Qwen3.5-4B,aime2026_tr,boxed_only,Qwen3.5-4B|aime2026_tr|AIME2026-TR/22|g22,1
V4-Flash,Qwen3.5-4B,aime2026_tr,boxed_only,Qwen3.5-4B|aime2026_tr|AIME2026-TR/22|g26,1
V4-Flash,Qwen3.5-4B,aime2026_tr,boxed_only,Qwen3.5-4B|aime2026_tr|AIME2026-TR/22|g51,1
V4-Flash,Qwen3.5-4B,aime2026_tr,boxed_only,Qwen3.5-4B|aime2026_tr|AIME2026-TR/23|g9,0
V4-Flash,Qwen3.5-4B,aime2026_tr,boxed_only,Qwen3.5-4B|aime2026_tr|AIME2026-TR/24|g11,0
V4-Flash,Qwen3.5-4B,aime2026_tr,boxed_only,Qwen3.5-4B|aime2026_tr|AIME2026-TR/24|g22,0
V4-Flash,Qwen3.5-4B,aime2026_tr,boxed_only,Qwen3.5-4B|aime2026_tr|AIME2026-TR/24|g38,0
V4-Flash,Qwen3.5-4B,aime2026_tr,boxed_only,Qwen3.5-4B|aime2026_tr|AIME2026-TR/24|g8,0
V4-Flash,Qwen3.5-4B,aime2026_tr,boxed_only,Qwen3.5-4B|aime2026_tr|AIME2026-TR/25|g18,1
V4-Flash,Qwen3.5-4B,aime2026_tr,boxed_only,Qwen3.5-4B|aime2026_tr|AIME2026-TR/25|g35,0
V4-Flash,Qwen3.5-4B,aime2026_tr,boxed_only,Qwen3.5-4B|aime2026_tr|AIME2026-TR/26|g13,0
V4-Flash,Qwen3.5-4B,aime2026_tr,boxed_only,Qwen3.5-4B|aime2026_tr|AIME2026-TR/26|g31,0
V4-Flash,Qwen3.5-4B,aime2026_tr,boxed_only,Qwen3.5-4B|aime2026_tr|AIME2026-TR/26|g37,1
V4-Flash,Qwen3.5-4B,aime2026_tr,boxed_only,Qwen3.5-4B|aime2026_tr|AIME2026-TR/27|g14,0
V4-Flash,Qwen3.5-4B,aime2026_tr,boxed_only,Qwen3.5-4B|aime2026_tr|AIME2026-TR/27|g52,0
V4-Flash,Qwen3.5-4B,aime2026_tr,boxed_only,Qwen3.5-4B|aime2026_tr|AIME2026-TR/28|g0,0
V4-Flash,Qwen3.5-4B,aime2026_tr,boxed_only,Qwen3.5-4B|aime2026_tr|AIME2026-TR/28|g61,0
V4-Flash,Qwen3.5-4B,aime2026_tr,boxed_only,Qwen3.5-4B|aime2026_tr|AIME2026-TR/29|g6,1
V4-Flash,Qwen3.5-4B,aime2026_tr,boxed_only,Qwen3.5-4B|aime2026_tr|AIME2026-TR/3|g21,1
V4-Flash,Qwen3.5-4B,aime2026_tr,boxed_only,Qwen3.5-4B|aime2026_tr|AIME2026-TR/3|g26,1
V4-Flash,Qwen3.5-4B,aime2026_tr,boxed_only,Qwen3.5-4B|aime2026_tr|AIME2026-TR/3|g28,0
V4-Flash,Qwen3.5-4B,aime2026_tr,boxed_only,Qwen3.5-4B|aime2026_tr|AIME2026-TR/3|g34,0
V4-Flash,Qwen3.5-4B,aime2026_tr,boxed_only,Qwen3.5-4B|aime2026_tr|AIME2026-TR/4|g20,0
V4-Flash,Qwen3.5-4B,aime2026_tr,boxed_only,Qwen3.5-4B|aime2026_tr|AIME2026-TR/4|g38,0
V4-Flash,Qwen3.5-4B,aime2026_tr,boxed_only,Qwen3.5-4B|aime2026_tr|AIME2026-TR/4|g47,0
V4-Flash,Qwen3.5-4B,aime2026_tr,boxed_only,Qwen3.5-4B|aime2026_tr|AIME2026-TR/4|g51,0
V4-Flash,Qwen3.5-4B,aime2026_tr,boxed_only,Qwen3.5-4B|aime2026_tr|AIME2026-TR/4|g52,0
V4-Flash,Qwen3.5-4B,aime2026_tr,boxed_only,Qwen3.5-4B|aime2026_tr|AIME2026-TR/5|g35,0
V4-Flash,Qwen3.5-4B,aime2026_tr,boxed_only,Qwen3.5-4B|aime2026_tr|AIME2026-TR/5|g45,0
V4-Flash,Qwen3.5-4B,aime2026_tr,boxed_only,Qwen3.5-4B|aime2026_tr|AIME2026-TR/5|g5,0
V4-Flash,Qwen3.5-4B,aime2026_tr,boxed_only,Qwen3.5-4B|aime2026_tr|AIME2026-TR/5|g57,0
V4-Flash,Qwen3.5-4B,aime2026_tr,boxed_only,Qwen3.5-4B|aime2026_tr|AIME2026-TR/6|g3,0
V4-Flash,Qwen3.5-4B,aime2026_tr,boxed_only,Qwen3.5-4B|aime2026_tr|AIME2026-TR/6|g5,0
V4-Flash,Qwen3.5-4B,aime2026_tr,boxed_only,Qwen3.5-4B|aime2026_tr|AIME2026-TR/6|g59,0
V4-Flash,Qwen3.5-4B,aime2026_tr,boxed_only,Qwen3.5-4B|aime2026_tr|AIME2026-TR/6|g62,0
V4-Flash,Qwen3.5-4B,aime2026_tr,boxed_only,Qwen3.5-4B|aime2026_tr|AIME2026-TR/7|g20,0
V4-Flash,Qwen3.5-4B,aime2026_tr,boxed_only,Qwen3.5-4B|aime2026_tr|AIME2026-TR/7|g43,0
V4-Flash,Qwen3.5-4B,aime2026_tr,boxed_only,Qwen3.5-4B|aime2026_tr|AIME2026-TR/9|g37,0
V4-Flash,Qwen3.5-4B,aime2026_tr,clean,Qwen3.5-4B|aime2026_tr|AIME2026-TR/1|g1,1
V4-Flash,Qwen3.5-4B,aime2026_tr,clean,Qwen3.5-4B|aime2026_tr|AIME2026-TR/1|g16,1
V4-Flash,Qwen3.5-4B,aime2026_tr,clean,Qwen3.5-4B|aime2026_tr|AIME2026-TR/1|g32,1
V4-Flash,Qwen3.5-4B,aime2026_tr,clean,Qwen3.5-4B|aime2026_tr|AIME2026-TR/10|g32,1
V4-Flash,Qwen3.5-4B,aime2026_tr,clean,Qwen3.5-4B|aime2026_tr|AIME2026-TR/10|g44,1
V4-Flash,Qwen3.5-4B,aime2026_tr,clean,Qwen3.5-4B|aime2026_tr|AIME2026-TR/12|g21,1
V4-Flash,Qwen3.5-4B,aime2026_tr,clean,Qwen3.5-4B|aime2026_tr|AIME2026-TR/12|g33,1
V4-Flash,Qwen3.5-4B,aime2026_tr,clean,Qwen3.5-4B|aime2026_tr|AIME2026-TR/12|g63,1
V4-Flash,Qwen3.5-4B,aime2026_tr,clean,Qwen3.5-4B|aime2026_tr|AIME2026-TR/13|g0,1
V4-Flash,Qwen3.5-4B,aime2026_tr,clean,Qwen3.5-4B|aime2026_tr|AIME2026-TR/13|g21,1
V4-Flash,Qwen3.5-4B,aime2026_tr,clean,Qwen3.5-4B|aime2026_tr|AIME2026-TR/14|g53,1
V4-Flash,Qwen3.5-4B,aime2026_tr,clean,Qwen3.5-4B|aime2026_tr|AIME2026-TR/16|g17,1
V4-Flash,Qwen3.5-4B,aime2026_tr,clean,Qwen3.5-4B|aime2026_tr|AIME2026-TR/16|g32,1
V4-Flash,Qwen3.5-4B,aime2026_tr,clean,Qwen3.5-4B|aime2026_tr|AIME2026-TR/16|g9,1
V4-Flash,Qwen3.5-4B,aime2026_tr,clean,Qwen3.5-4B|aime2026_tr|AIME2026-TR/17|g55,0
V4-Flash,Qwen3.5-4B,aime2026_tr,clean,Qwen3.5-4B|aime2026_tr|AIME2026-TR/18|g22,1
V4-Flash,Qwen3.5-4B,aime2026_tr,clean,Qwen3.5-4B|aime2026_tr|AIME2026-TR/18|g37,1
V4-Flash,Qwen3.5-4B,aime2026_tr,clean,Qwen3.5-4B|aime2026_tr|AIME2026-TR/18|g6,0
V4-Flash,Qwen3.5-4B,aime2026_tr,clean,Qwen3.5-4B|aime2026_tr|AIME2026-TR/18|g8,1
V4-Flash,Qwen3.5-4B,aime2026_tr,clean,Qwen3.5-4B|aime2026_tr|AIME2026-TR/18|g9,1
V4-Flash,Qwen3.5-4B,aime2026_tr,clean,Qwen3.5-4B|aime2026_tr|AIME2026-TR/19|g24,1
V4-Flash,Qwen3.5-4B,aime2026_tr,clean,Qwen3.5-4B|aime2026_tr|AIME2026-TR/19|g36,1
V4-Flash,Qwen3.5-4B,aime2026_tr,clean,Qwen3.5-4B|aime2026_tr|AIME2026-TR/19|g54,1
V4-Flash,Qwen3.5-4B,aime2026_tr,clean,Qwen3.5-4B|aime2026_tr|AIME2026-TR/2|g34,1
V4-Flash,Qwen3.5-4B,aime2026_tr,clean,Qwen3.5-4B|aime2026_tr|AIME2026-TR/2|g38,1
V4-Flash,Qwen3.5-4B,aime2026_tr,clean,Qwen3.5-4B|aime2026_tr|AIME2026-TR/2|g47,1
V4-Flash,Qwen3.5-4B,aime2026_tr,clean,Qwen3.5-4B|aime2026_tr|AIME2026-TR/20|g10,0
V4-Flash,Qwen3.5-4B,aime2026_tr,clean,Qwen3.5-4B|aime2026_tr|AIME2026-TR/20|g13,1
V4-Flash,Qwen3.5-4B,aime2026_tr,clean,Qwen3.5-4B|aime2026_tr|AIME2026-TR/20|g33,1
V4-Flash,Qwen3.5-4B,aime2026_tr,clean,Qwen3.5-4B|aime2026_tr|AIME2026-TR/21|g0,1
V4-Flash,Qwen3.5-4B,aime2026_tr,clean,Qwen3.5-4B|aime2026_tr|AIME2026-TR/21|g20,1
V4-Flash,Qwen3.5-4B,aime2026_tr,clean,Qwen3.5-4B|aime2026_tr|AIME2026-TR/21|g39,1
V4-Flash,Qwen3.5-4B,aime2026_tr,clean,Qwen3.5-4B|aime2026_tr|AIME2026-TR/21|g47,1
V4-Flash,Qwen3.5-4B,aime2026_tr,clean,Qwen3.5-4B|aime2026_tr|AIME2026-TR/22|g18,1
V4-Flash,Qwen3.5-4B,aime2026_tr,clean,Qwen3.5-4B|aime2026_tr|AIME2026-TR/22|g22,1
V4-Flash,Qwen3.5-4B,aime2026_tr,clean,Qwen3.5-4B|aime2026_tr|AIME2026-TR/22|g26,1
V4-Flash,Qwen3.5-4B,aime2026_tr,clean,Qwen3.5-4B|aime2026_tr|AIME2026-TR/22|g51,1
V4-Flash,Qwen3.5-4B,aime2026_tr,clean,Qwen3.5-4B|aime2026_tr|AIME2026-TR/23|g9,1
V4-Flash,Qwen3.5-4B,aime2026_tr,clean,Qwen3.5-4B|aime2026_tr|AIME2026-TR/24|g11,1
V4-Flash,Qwen3.5-4B,aime2026_tr,clean,Qwen3.5-4B|aime2026_tr|AIME2026-TR/24|g22,1
V4-Flash,Qwen3.5-4B,aime2026_tr,clean,Qwen3.5-4B|aime2026_tr|AIME2026-TR/24|g38,1
V4-Flash,Qwen3.5-4B,aime2026_tr,clean,Qwen3.5-4B|aime2026_tr|AIME2026-TR/24|g8,1
V4-Flash,Qwen3.5-4B,aime2026_tr,clean,Qwen3.5-4B|aime2026_tr|AIME2026-TR/25|g18,1
V4-Flash,Qwen3.5-4B,aime2026_tr,clean,Qwen3.5-4B|aime2026_tr|AIME2026-TR/25|g35,1
V4-Flash,Qwen3.5-4B,aime2026_tr,clean,Qwen3.5-4B|aime2026_tr|AIME2026-TR/26|g13,0
V4-Flash,Qwen3.5-4B,aime2026_tr,clean,Qwen3.5-4B|aime2026_tr|AIME2026-TR/26|g31,1
V4-Flash,Qwen3.5-4B,aime2026_tr,clean,Qwen3.5-4B|aime2026_tr|AIME2026-TR/26|g37,1
V4-Flash,Qwen3.5-4B,aime2026_tr,clean,Qwen3.5-4B|aime2026_tr|AIME2026-TR/27|g14,1
V4-Flash,Qwen3.5-4B,aime2026_tr,clean,Qwen3.5-4B|aime2026_tr|AIME2026-TR/27|g52,1
V4-Flash,Qwen3.5-4B,aime2026_tr,clean,Qwen3.5-4B|aime2026_tr|AIME2026-TR/28|g0,1
V4-Flash,Qwen3.5-4B,aime2026_tr,clean,Qwen3.5-4B|aime2026_tr|AIME2026-TR/28|g61,0
V4-Flash,Qwen3.5-4B,aime2026_tr,clean,Qwen3.5-4B|aime2026_tr|AIME2026-TR/29|g6,1
V4-Flash,Qwen3.5-4B,aime2026_tr,clean,Qwen3.5-4B|aime2026_tr|AIME2026-TR/3|g21,1
V4-Flash,Qwen3.5-4B,aime2026_tr,clean,Qwen3.5-4B|aime2026_tr|AIME2026-TR/3|g26,1
V4-Flash,Qwen3.5-4B,aime2026_tr,clean,Qwen3.5-4B|aime2026_tr|AIME2026-TR/3|g28,1
V4-Flash,Qwen3.5-4B,aime2026_tr,clean,Qwen3.5-4B|aime2026_tr|AIME2026-TR/3|g34,1
V4-Flash,Qwen3.5-4B,aime2026_tr,clean,Qwen3.5-4B|aime2026_tr|AIME2026-TR/4|g20,1
V4-Flash,Qwen3.5-4B,aime2026_tr,clean,Qwen3.5-4B|aime2026_tr|AIME2026-TR/4|g38,1
V4-Flash,Qwen3.5-4B,aime2026_tr,clean,Qwen3.5-4B|aime2026_tr|AIME2026-TR/4|g47,1
V4-Flash,Qwen3.5-4B,aime2026_tr,clean,Qwen3.5-4B|aime2026_tr|AIME2026-TR/4|g51,1
V4-Flash,Qwen3.5-4B,aime2026_tr,clean,Qwen3.5-4B|aime2026_tr|AIME2026-TR/4|g52,1
V4-Flash,Qwen3.5-4B,aime2026_tr,clean,Qwen3.5-4B|aime2026_tr|AIME2026-TR/5|g35,1
V4-Flash,Qwen3.5-4B,aime2026_tr,clean,Qwen3.5-4B|aime2026_tr|AIME2026-TR/5|g45,1
V4-Flash,Qwen3.5-4B,aime2026_tr,clean,Qwen3.5-4B|aime2026_tr|AIME2026-TR/5|g5,1
V4-Flash,Qwen3.5-4B,aime2026_tr,clean,Qwen3.5-4B|aime2026_tr|AIME2026-TR/5|g57,1
V4-Flash,Qwen3.5-4B,aime2026_tr,clean,Qwen3.5-4B|aime2026_tr|AIME2026-TR/6|g3,1
V4-Flash,Qwen3.5-4B,aime2026_tr,clean,Qwen3.5-4B|aime2026_tr|AIME2026-TR/6|g5,1
V4-Flash,Qwen3.5-4B,aime2026_tr,clean,Qwen3.5-4B|aime2026_tr|AIME2026-TR/6|g59,1
V4-Flash,Qwen3.5-4B,aime2026_tr,clean,Qwen3.5-4B|aime2026_tr|AIME2026-TR/6|g62,1
V4-Flash,Qwen3.5-4B,aime2026_tr,clean,Qwen3.5-4B|aime2026_tr|AIME2026-TR/7|g20,1
V4-Flash,Qwen3.5-4B,aime2026_tr,clean,Qwen3.5-4B|aime2026_tr|AIME2026-TR/7|g43,1
V4-Flash,Qwen3.5-4B,aime2026_tr,clean,Qwen3.5-4B|aime2026_tr|AIME2026-TR/9|g37,1
V4-Flash,Qwen3.5-4B,aime2026_tr,consistent_error,Qwen3.5-4B|aime2026_tr|AIME2026-TR/1|g1,0
V4-Flash,Qwen3.5-4B,aime2026_tr,consistent_error,Qwen3.5-4B|aime2026_tr|AIME2026-TR/1|g16,1
V4-Flash,Qwen3.5-4B,aime2026_tr,consistent_error,Qwen3.5-4B|aime2026_tr|AIME2026-TR/1|g32,0
V4-Flash,Qwen3.5-4B,aime2026_tr,consistent_error,Qwen3.5-4B|aime2026_tr|AIME2026-TR/10|g32,0
V4-Flash,Qwen3.5-4B,aime2026_tr,consistent_error,Qwen3.5-4B|aime2026_tr|AIME2026-TR/10|g44,0
V4-Flash,Qwen3.5-4B,aime2026_tr,consistent_error,Qwen3.5-4B|aime2026_tr|AIME2026-TR/12|g21,0
V4-Flash,Qwen3.5-4B,aime2026_tr,consistent_error,Qwen3.5-4B|aime2026_tr|AIME2026-TR/12|g33,0
V4-Flash,Qwen3.5-4B,aime2026_tr,consistent_error,Qwen3.5-4B|aime2026_tr|AIME2026-TR/12|g63,0
V4-Flash,Qwen3.5-4B,aime2026_tr,consistent_error,Qwen3.5-4B|aime2026_tr|AIME2026-TR/13|g0,0
V4-Flash,Qwen3.5-4B,aime2026_tr,consistent_error,Qwen3.5-4B|aime2026_tr|AIME2026-TR/13|g21,0
V4-Flash,Qwen3.5-4B,aime2026_tr,consistent_error,Qwen3.5-4B|aime2026_tr|AIME2026-TR/14|g53,1
V4-Flash,Qwen3.5-4B,aime2026_tr,consistent_error,Qwen3.5-4B|aime2026_tr|AIME2026-TR/16|g17,1
V4-Flash,Qwen3.5-4B,aime2026_tr,consistent_error,Qwen3.5-4B|aime2026_tr|AIME2026-TR/16|g32,1
V4-Flash,Qwen3.5-4B,aime2026_tr,consistent_error,Qwen3.5-4B|aime2026_tr|AIME2026-TR/16|g9,0
V4-Flash,Qwen3.5-4B,aime2026_tr,consistent_error,Qwen3.5-4B|aime2026_tr|AIME2026-TR/17|g55,0
V4-Flash,Qwen3.5-4B,aime2026_tr,consistent_error,Qwen3.5-4B|aime2026_tr|AIME2026-TR/18|g22,0
V4-Flash,Qwen3.5-4B,aime2026_tr,consistent_error,Qwen3.5-4B|aime2026_tr|AIME2026-TR/18|g37,0
V4-Flash,Qwen3.5-4B,aime2026_tr,consistent_error,Qwen3.5-4B|aime2026_tr|AIME2026-TR/18|g6,0
V4-Flash,Qwen3.5-4B,aime2026_tr,consistent_error,Qwen3.5-4B|aime2026_tr|AIME2026-TR/18|g8,0
V4-Flash,Qwen3.5-4B,aime2026_tr,consistent_error,Qwen3.5-4B|aime2026_tr|AIME2026-TR/18|g9,0
V4-Flash,Qwen3.5-4B,aime2026_tr,consistent_error,Qwen3.5-4B|aime2026_tr|AIME2026-TR/19|g24,1
V4-Flash,Qwen3.5-4B,aime2026_tr,consistent_error,Qwen3.5-4B|aime2026_tr|AIME2026-TR/19|g36,0
V4-Flash,Qwen3.5-4B,aime2026_tr,consistent_error,Qwen3.5-4B|aime2026_tr|AIME2026-TR/19|g54,0
V4-Flash,Qwen3.5-4B,aime2026_tr,consistent_error,Qwen3.5-4B|aime2026_tr|AIME2026-TR/2|g34,0
V4-Flash,Qwen3.5-4B,aime2026_tr,consistent_error,Qwen3.5-4B|aime2026_tr|AIME2026-TR/2|g38,0
V4-Flash,Qwen3.5-4B,aime2026_tr,consistent_error,Qwen3.5-4B|aime2026_tr|AIME2026-TR/2|g47,1
V4-Flash,Qwen3.5-4B,aime2026_tr,consistent_error,Qwen3.5-4B|aime2026_tr|AIME2026-TR/20|g10,1
V4-Flash,Qwen3.5-4B,aime2026_tr,consistent_error,Qwen3.5-4B|aime2026_tr|AIME2026-TR/20|g13,0
V4-Flash,Qwen3.5-4B,aime2026_tr,consistent_error,Qwen3.5-4B|aime2026_tr|AIME2026-TR/20|g33,0
V4-Flash,Qwen3.5-4B,aime2026_tr,consistent_error,Qwen3.5-4B|aime2026_tr|AIME2026-TR/21|g0,1
V4-Flash,Qwen3.5-4B,aime2026_tr,consistent_error,Qwen3.5-4B|aime2026_tr|AIME2026-TR/21|g20,1
V4-Flash,Qwen3.5-4B,aime2026_tr,consistent_error,Qwen3.5-4B|aime2026_tr|AIME2026-TR/21|g39,1
V4-Flash,Qwen3.5-4B,aime2026_tr,consistent_error,Qwen3.5-4B|aime2026_tr|AIME2026-TR/21|g47,1
V4-Flash,Qwen3.5-4B,aime2026_tr,consistent_error,Qwen3.5-4B|aime2026_tr|AIME2026-TR/22|g18,0
V4-Flash,Qwen3.5-4B,aime2026_tr,consistent_error,Qwen3.5-4B|aime2026_tr|AIME2026-TR/22|g22,1
V4-Flash,Qwen3.5-4B,aime2026_tr,consistent_error,Qwen3.5-4B|aime2026_tr|AIME2026-TR/22|g26,1
V4-Flash,Qwen3.5-4B,aime2026_tr,consistent_error,Qwen3.5-4B|aime2026_tr|AIME2026-TR/22|g51,1
V4-Flash,Qwen3.5-4B,aime2026_tr,consistent_error,Qwen3.5-4B|aime2026_tr|AIME2026-TR/23|g9,0
V4-Flash,Qwen3.5-4B,aime2026_tr,consistent_error,Qwen3.5-4B|aime2026_tr|AIME2026-TR/24|g11,1
V4-Flash,Qwen3.5-4B,aime2026_tr,consistent_error,Qwen3.5-4B|aime2026_tr|AIME2026-TR/24|g22,1
V4-Flash,Qwen3.5-4B,aime2026_tr,consistent_error,Qwen3.5-4B|aime2026_tr|AIME2026-TR/24|g38,1
V4-Flash,Qwen3.5-4B,aime2026_tr,consistent_error,Qwen3.5-4B|aime2026_tr|AIME2026-TR/24|g8,1
V4-Flash,Qwen3.5-4B,aime2026_tr,consistent_error,Qwen3.5-4B|aime2026_tr|AIME2026-TR/25|g18,0
V4-Flash,Qwen3.5-4B,aime2026_tr,consistent_error,Qwen3.5-4B|aime2026_tr|AIME2026-TR/25|g35,0
V4-Flash,Qwen3.5-4B,aime2026_tr,consistent_error,Qwen3.5-4B|aime2026_tr|AIME2026-TR/26|g13,0
V4-Flash,Qwen3.5-4B,aime2026_tr,consistent_error,Qwen3.5-4B|aime2026_tr|AIME2026-TR/26|g31,0
V4-Flash,Qwen3.5-4B,aime2026_tr,consistent_error,Qwen3.5-4B|aime2026_tr|AIME2026-TR/26|g37,0
V4-Flash,Qwen3.5-4B,aime2026_tr,consistent_error,Qwen3.5-4B|aime2026_tr|AIME2026-TR/27|g14,1
V4-Flash,Qwen3.5-4B,aime2026_tr,consistent_error,Qwen3.5-4B|aime2026_tr|AIME2026-TR/27|g52,1
V4-Flash,Qwen3.5-4B,aime2026_tr,consistent_error,Qwen3.5-4B|aime2026_tr|AIME2026-TR/28|g0,0
V4-Flash,Qwen3.5-4B,aime2026_tr,consistent_error,Qwen3.5-4B|aime2026_tr|AIME2026-TR/28|g61,0
V4-Flash,Qwen3.5-4B,aime2026_tr,consistent_error,Qwen3.5-4B|aime2026_tr|AIME2026-TR/29|g6,0
V4-Flash,Qwen3.5-4B,aime2026_tr,consistent_error,Qwen3.5-4B|aime2026_tr|AIME2026-TR/3|g21,0
V4-Flash,Qwen3.5-4B,aime2026_tr,consistent_error,Qwen3.5-4B|aime2026_tr|AIME2026-TR/3|g26,0
V4-Flash,Qwen3.5-4B,aime2026_tr,consistent_error,Qwen3.5-4B|aime2026_tr|AIME2026-TR/3|g28,1
V4-Flash,Qwen3.5-4B,aime2026_tr,consistent_error,Qwen3.5-4B|aime2026_tr|AIME2026-TR/3|g34,1
V4-Flash,Qwen3.5-4B,aime2026_tr,consistent_error,Qwen3.5-4B|aime2026_tr|AIME2026-TR/4|g20,0
V4-Flash,Qwen3.5-4B,aime2026_tr,consistent_error,Qwen3.5-4B|aime2026_tr|AIME2026-TR/4|g38,0
V4-Flash,Qwen3.5-4B,aime2026_tr,consistent_error,Qwen3.5-4B|aime2026_tr|AIME2026-TR/4|g47,0
V4-Flash,Qwen3.5-4B,aime2026_tr,consistent_error,Qwen3.5-4B|aime2026_tr|AIME2026-TR/4|g51,0
V4-Flash,Qwen3.5-4B,aime2026_tr,consistent_error,Qwen3.5-4B|aime2026_tr|AIME2026-TR/4|g52,0
V4-Flash,Qwen3.5-4B,aime2026_tr,consistent_error,Qwen3.5-4B|aime2026_tr|AIME2026-TR/5|g35,1
V4-Flash,Qwen3.5-4B,aime2026_tr,consistent_error,Qwen3.5-4B|aime2026_tr|AIME2026-TR/5|g45,1
V4-Flash,Qwen3.5-4B,aime2026_tr,consistent_error,Qwen3.5-4B|aime2026_tr|AIME2026-TR/5|g5,1
V4-Flash,Qwen3.5-4B,aime2026_tr,consistent_error,Qwen3.5-4B|aime2026_tr|AIME2026-TR/5|g57,0
V4-Flash,Qwen3.5-4B,aime2026_tr,consistent_error,Qwen3.5-4B|aime2026_tr|AIME2026-TR/6|g3,0
V4-Flash,Qwen3.5-4B,aime2026_tr,consistent_error,Qwen3.5-4B|aime2026_tr|AIME2026-TR/6|g5,0
V4-Flash,Qwen3.5-4B,aime2026_tr,consistent_error,Qwen3.5-4B|aime2026_tr|AIME2026-TR/6|g59,0
V4-Flash,Qwen3.5-4B,aime2026_tr,consistent_error,Qwen3.5-4B|aime2026_tr|AIME2026-TR/6|g62,0
V4-Flash,Qwen3.5-4B,aime2026_tr,consistent_error,Qwen3.5-4B|aime2026_tr|AIME2026-TR/7|g20,0
V4-Flash,Qwen3.5-4B,aime2026_tr,consistent_error,Qwen3.5-4B|aime2026_tr|AIME2026-TR/7|g43,0
V4-Flash,Qwen3.5-4B,aime2026_tr,consistent_error,Qwen3.5-4B|aime2026_tr|AIME2026-TR/9|g37,0
V4-Flash,Qwen3.5-4B,aime2026_tr,intermediate_error,Qwen3.5-4B|aime2026_tr|AIME2026-TR/1|g1,1
V4-Flash,Qwen3.5-4B,aime2026_tr,intermediate_error,Qwen3.5-4B|aime2026_tr|AIME2026-TR/1|g16,1
V4-Flash,Qwen3.5-4B,aime2026_tr,intermediate_error,Qwen3.5-4B|aime2026_tr|AIME2026-TR/1|g32,1
V4-Flash,Qwen3.5-4B,aime2026_tr,intermediate_error,Qwen3.5-4B|aime2026_tr|AIME2026-TR/10|g32,0
V4-Flash,Qwen3.5-4B,aime2026_tr,intermediate_error,Qwen3.5-4B|aime2026_tr|AIME2026-TR/10|g44,1
V4-Flash,Qwen3.5-4B,aime2026_tr,intermediate_error,Qwen3.5-4B|aime2026_tr|AIME2026-TR/12|g21,1
V4-Flash,Qwen3.5-4B,aime2026_tr,intermediate_error,Qwen3.5-4B|aime2026_tr|AIME2026-TR/12|g33,1
V4-Flash,Qwen3.5-4B,aime2026_tr,intermediate_error,Qwen3.5-4B|aime2026_tr|AIME2026-TR/12|g63,1
V4-Flash,Qwen3.5-4B,aime2026_tr,intermediate_error,Qwen3.5-4B|aime2026_tr|AIME2026-TR/13|g0,1
V4-Flash,Qwen3.5-4B,aime2026_tr,intermediate_error,Qwen3.5-4B|aime2026_tr|AIME2026-TR/13|g21,1
V4-Flash,Qwen3.5-4B,aime2026_tr,intermediate_error,Qwen3.5-4B|aime2026_tr|AIME2026-TR/14|g53,1
V4-Flash,Qwen3.5-4B,aime2026_tr,intermediate_error,Qwen3.5-4B|aime2026_tr|AIME2026-TR/16|g17,1
V4-Flash,Qwen3.5-4B,aime2026_tr,intermediate_error,Qwen3.5-4B|aime2026_tr|AIME2026-TR/16|g32,1
V4-Flash,Qwen3.5-4B,aime2026_tr,intermediate_error,Qwen3.5-4B|aime2026_tr|AIME2026-TR/16|g9,1
V4-Flash,Qwen3.5-4B,aime2026_tr,intermediate_error,Qwen3.5-4B|aime2026_tr|AIME2026-TR/17|g55,0
V4-Flash,Qwen3.5-4B,aime2026_tr,intermediate_error,Qwen3.5-4B|aime2026_tr|AIME2026-TR/18|g22,1
V4-Flash,Qwen3.5-4B,aime2026_tr,intermediate_error,Qwen3.5-4B|aime2026_tr|AIME2026-TR/18|g37,1
V4-Flash,Qwen3.5-4B,aime2026_tr,intermediate_error,Qwen3.5-4B|aime2026_tr|AIME2026-TR/18|g6,0
V4-Flash,Qwen3.5-4B,aime2026_tr,intermediate_error,Qwen3.5-4B|aime2026_tr|AIME2026-TR/18|g8,1
V4-Flash,Qwen3.5-4B,aime2026_tr,intermediate_error,Qwen3.5-4B|aime2026_tr|AIME2026-TR/18|g9,1
V4-Flash,Qwen3.5-4B,aime2026_tr,intermediate_error,Qwen3.5-4B|aime2026_tr|AIME2026-TR/19|g24,1
V4-Flash,Qwen3.5-4B,aime2026_tr,intermediate_error,Qwen3.5-4B|aime2026_tr|AIME2026-TR/19|g36,1
V4-Flash,Qwen3.5-4B,aime2026_tr,intermediate_error,Qwen3.5-4B|aime2026_tr|AIME2026-TR/19|g54,1
V4-Flash,Qwen3.5-4B,aime2026_tr,intermediate_error,Qwen3.5-4B|aime2026_tr|AIME2026-TR/2|g34,1
V4-Flash,Qwen3.5-4B,aime2026_tr,intermediate_error,Qwen3.5-4B|aime2026_tr|AIME2026-TR/2|g38,1
V4-Flash,Qwen3.5-4B,aime2026_tr,intermediate_error,Qwen3.5-4B|aime2026_tr|AIME2026-TR/2|g47,1
V4-Flash,Qwen3.5-4B,aime2026_tr,intermediate_error,Qwen3.5-4B|aime2026_tr|AIME2026-TR/20|g10,0
V4-Flash,Qwen3.5-4B,aime2026_tr,intermediate_error,Qwen3.5-4B|aime2026_tr|AIME2026-TR/20|g13,1
V4-Flash,Qwen3.5-4B,aime2026_tr,intermediate_error,Qwen3.5-4B|aime2026_tr|AIME2026-TR/20|g33,1
V4-Flash,Qwen3.5-4B,aime2026_tr,intermediate_error,Qwen3.5-4B|aime2026_tr|AIME2026-TR/21|g0,1
V4-Flash,Qwen3.5-4B,aime2026_tr,intermediate_error,Qwen3.5-4B|aime2026_tr|AIME2026-TR/21|g20,1
V4-Flash,Qwen3.5-4B,aime2026_tr,intermediate_error,Qwen3.5-4B|aime2026_tr|AIME2026-TR/21|g39,1
V4-Flash,Qwen3.5-4B,aime2026_tr,intermediate_error,Qwen3.5-4B|aime2026_tr|AIME2026-TR/21|g47,1
V4-Flash,Qwen3.5-4B,aime2026_tr,intermediate_error,Qwen3.5-4B|aime2026_tr|AIME2026-TR/22|g18,1
V4-Flash,Qwen3.5-4B,aime2026_tr,intermediate_error,Qwen3.5-4B|aime2026_tr|AIME2026-TR/22|g22,1
V4-Flash,Qwen3.5-4B,aime2026_tr,intermediate_error,Qwen3.5-4B|aime2026_tr|AIME2026-TR/22|g26,1
V4-Flash,Qwen3.5-4B,aime2026_tr,intermediate_error,Qwen3.5-4B|aime2026_tr|AIME2026-TR/22|g51,1
V4-Flash,Qwen3.5-4B,aime2026_tr,intermediate_error,Qwen3.5-4B|aime2026_tr|AIME2026-TR/23|g9,1
V4-Flash,Qwen3.5-4B,aime2026_tr,intermediate_error,Qwen3.5-4B|aime2026_tr|AIME2026-TR/24|g11,1
V4-Flash,Qwen3.5-4B,aime2026_tr,intermediate_error,Qwen3.5-4B|aime2026_tr|AIME2026-TR/24|g22,1
V4-Flash,Qwen3.5-4B,aime2026_tr,intermediate_error,Qwen3.5-4B|aime2026_tr|AIME2026-TR/24|g38,1
V4-Flash,Qwen3.5-4B,aime2026_tr,intermediate_error,Qwen3.5-4B|aime2026_tr|AIME2026-TR/24|g8,1
V4-Flash,Qwen3.5-4B,aime2026_tr,intermediate_error,Qwen3.5-4B|aime2026_tr|AIME2026-TR/25|g18,1
V4-Flash,Qwen3.5-4B,aime2026_tr,intermediate_error,Qwen3.5-4B|aime2026_tr|AIME2026-TR/25|g35,1
V4-Flash,Qwen3.5-4B,aime2026_tr,intermediate_error,Qwen3.5-4B|aime2026_tr|AIME2026-TR/26|g13,0
V4-Flash,Qwen3.5-4B,aime2026_tr,intermediate_error,Qwen3.5-4B|aime2026_tr|AIME2026-TR/26|g31,1
V4-Flash,Qwen3.5-4B,aime2026_tr,intermediate_error,Qwen3.5-4B|aime2026_tr|AIME2026-TR/26|g37,1
V4-Flash,Qwen3.5-4B,aime2026_tr,intermediate_error,Qwen3.5-4B|aime2026_tr|AIME2026-TR/27|g14,1
V4-Flash,Qwen3.5-4B,aime2026_tr,intermediate_error,Qwen3.5-4B|aime2026_tr|AIME2026-TR/27|g52,1
V4-Flash,Qwen3.5-4B,aime2026_tr,intermediate_error,Qwen3.5-4B|aime2026_tr|AIME2026-TR/28|g0,1
V4-Flash,Qwen3.5-4B,aime2026_tr,intermediate_error,Qwen3.5-4B|aime2026_tr|AIME2026-TR/28|g61,0
V4-Flash,Qwen3.5-4B,aime2026_tr,intermediate_error,Qwen3.5-4B|aime2026_tr|AIME2026-TR/29|g6,1
V4-Flash,Qwen3.5-4B,aime2026_tr,intermediate_error,Qwen3.5-4B|aime2026_tr|AIME2026-TR/3|g21,1
V4-Flash,Qwen3.5-4B,aime2026_tr,intermediate_error,Qwen3.5-4B|aime2026_tr|AIME2026-TR/3|g26,1
V4-Flash,Qwen3.5-4B,aime2026_tr,intermediate_error,Qwen3.5-4B|aime2026_tr|AIME2026-TR/3|g28,1
V4-Flash,Qwen3.5-4B,aime2026_tr,intermediate_error,Qwen3.5-4B|aime2026_tr|AIME2026-TR/3|g34,1
V4-Flash,Qwen3.5-4B,aime2026_tr,intermediate_error,Qwen3.5-4B|aime2026_tr|AIME2026-TR/4|g20,1
V4-Flash,Qwen3.5-4B,aime2026_tr,intermediate_error,Qwen3.5-4B|aime2026_tr|AIME2026-TR/4|g38,1
V4-Flash,Qwen3.5-4B,aime2026_tr,intermediate_error,Qwen3.5-4B|aime2026_tr|AIME2026-TR/4|g47,1
V4-Flash,Qwen3.5-4B,aime2026_tr,intermediate_error,Qwen3.5-4B|aime2026_tr|AIME2026-TR/4|g51,1
V4-Flash,Qwen3.5-4B,aime2026_tr,intermediate_error,Qwen3.5-4B|aime2026_tr|AIME2026-TR/4|g52,1
V4-Flash,Qwen3.5-4B,aime2026_tr,intermediate_error,Qwen3.5-4B|aime2026_tr|AIME2026-TR/5|g35,1
V4-Flash,Qwen3.5-4B,aime2026_tr,intermediate_error,Qwen3.5-4B|aime2026_tr|AIME2026-TR/5|g45,1
V4-Flash,Qwen3.5-4B,aime2026_tr,intermediate_error,Qwen3.5-4B|aime2026_tr|AIME2026-TR/5|g5,1
V4-Flash,Qwen3.5-4B,aime2026_tr,intermediate_error,Qwen3.5-4B|aime2026_tr|AIME2026-TR/5|g57,1
V4-Flash,Qwen3.5-4B,aime2026_tr,intermediate_error,Qwen3.5-4B|aime2026_tr|AIME2026-TR/6|g3,1
V4-Flash,Qwen3.5-4B,aime2026_tr,intermediate_error,Qwen3.5-4B|aime2026_tr|AIME2026-TR/6|g5,1
V4-Flash,Qwen3.5-4B,aime2026_tr,intermediate_error,Qwen3.5-4B|aime2026_tr|AIME2026-TR/6|g59,1
V4-Flash,Qwen3.5-4B,aime2026_tr,intermediate_error,Qwen3.5-4B|aime2026_tr|AIME2026-TR/6|g62,1
V4-Flash,Qwen3.5-4B,aime2026_tr,intermediate_error,Qwen3.5-4B|aime2026_tr|AIME2026-TR/7|g20,1
V4-Flash,Qwen3.5-4B,aime2026_tr,intermediate_error,Qwen3.5-4B|aime2026_tr|AIME2026-TR/7|g43,1
V4-Flash,Qwen3.5-4B,aime2026_tr,intermediate_error,Qwen3.5-4B|aime2026_tr|AIME2026-TR/9|g37,1
V4-Flash,Qwen3.5-4B,aime2026_tr,truncated,Qwen3.5-4B|aime2026_tr|AIME2026-TR/1|g1,1
V4-Flash,Qwen3.5-4B,aime2026_tr,truncated,Qwen3.5-4B|aime2026_tr|AIME2026-TR/1|g16,1
V4-Flash,Qwen3.5-4B,aime2026_tr,truncated,Qwen3.5-4B|aime2026_tr|AIME2026-TR/1|g32,1
V4-Flash,Qwen3.5-4B,aime2026_tr,truncated,Qwen3.5-4B|aime2026_tr|AIME2026-TR/10|g32,1
V4-Flash,Qwen3.5-4B,aime2026_tr,truncated,Qwen3.5-4B|aime2026_tr|AIME2026-TR/10|g44,1
V4-Flash,Qwen3.5-4B,aime2026_tr,truncated,Qwen3.5-4B|aime2026_tr|AIME2026-TR/12|g21,1
V4-Flash,Qwen3.5-4B,aime2026_tr,truncated,Qwen3.5-4B|aime2026_tr|AIME2026-TR/12|g33,1
V4-Flash,Qwen3.5-4B,aime2026_tr,truncated,Qwen3.5-4B|aime2026_tr|AIME2026-TR/12|g63,0
V4-Flash,Qwen3.5-4B,aime2026_tr,truncated,Qwen3.5-4B|aime2026_tr|AIME2026-TR/13|g0,1
V4-Flash,Qwen3.5-4B,aime2026_tr,truncated,Qwen3.5-4B|aime2026_tr|AIME2026-TR/13|g21,1
V4-Flash,Qwen3.5-4B,aime2026_tr,truncated,Qwen3.5-4B|aime2026_tr|AIME2026-TR/14|g53,0
V4-Flash,Qwen3.5-4B,aime2026_tr,truncated,Qwen3.5-4B|aime2026_tr|AIME2026-TR/16|g17,0
V4-Flash,Qwen3.5-4B,aime2026_tr,truncated,Qwen3.5-4B|aime2026_tr|AIME2026-TR/16|g32,1
V4-Flash,Qwen3.5-4B,aime2026_tr,truncated,Qwen3.5-4B|aime2026_tr|AIME2026-TR/16|g9,1
V4-Flash,Qwen3.5-4B,aime2026_tr,truncated,Qwen3.5-4B|aime2026_tr|AIME2026-TR/17|g55,0
V4-Flash,Qwen3.5-4B,aime2026_tr,truncated,Qwen3.5-4B|aime2026_tr|AIME2026-TR/18|g22,1
V4-Flash,Qwen3.5-4B,aime2026_tr,truncated,Qwen3.5-4B|aime2026_tr|AIME2026-TR/18|g37,1
V4-Flash,Qwen3.5-4B,aime2026_tr,truncated,Qwen3.5-4B|aime2026_tr|AIME2026-TR/18|g6,0
V4-Flash,Qwen3.5-4B,aime2026_tr,truncated,Qwen3.5-4B|aime2026_tr|AIME2026-TR/18|g8,1
V4-Flash,Qwen3.5-4B,aime2026_tr,truncated,Qwen3.5-4B|aime2026_tr|AIME2026-TR/18|g9,1
V4-Flash,Qwen3.5-4B,aime2026_tr,truncated,Qwen3.5-4B|aime2026_tr|AIME2026-TR/19|g24,1
V4-Flash,Qwen3.5-4B,aime2026_tr,truncated,Qwen3.5-4B|aime2026_tr|AIME2026-TR/19|g36,1
V4-Flash,Qwen3.5-4B,aime2026_tr,truncated,Qwen3.5-4B|aime2026_tr|AIME2026-TR/19|g54,1
V4-Flash,Qwen3.5-4B,aime2026_tr,truncated,Qwen3.5-4B|aime2026_tr|AIME2026-TR/2|g34,1
V4-Flash,Qwen3.5-4B,aime2026_tr,truncated,Qwen3.5-4B|aime2026_tr|AIME2026-TR/2|g38,1
V4-Flash,Qwen3.5-4B,aime2026_tr,truncated,Qwen3.5-4B|aime2026_tr|AIME2026-TR/2|g47,1
V4-Flash,Qwen3.5-4B,aime2026_tr,truncated,Qwen3.5-4B|aime2026_tr|AIME2026-TR/20|g10,0
V4-Flash,Qwen3.5-4B,aime2026_tr,truncated,Qwen3.5-4B|aime2026_tr|AIME2026-TR/20|g13,1
V4-Flash,Qwen3.5-4B,aime2026_tr,truncated,Qwen3.5-4B|aime2026_tr|AIME2026-TR/20|g33,1
V4-Flash,Qwen3.5-4B,aime2026_tr,truncated,Qwen3.5-4B|aime2026_tr|AIME2026-TR/21|g0,1
V4-Flash,Qwen3.5-4B,aime2026_tr,truncated,Qwen3.5-4B|aime2026_tr|AIME2026-TR/21|g20,1
V4-Flash,Qwen3.5-4B,aime2026_tr,truncated,Qwen3.5-4B|aime2026_tr|AIME2026-TR/21|g39,1
V4-Flash,Qwen3.5-4B,aime2026_tr,truncated,Qwen3.5-4B|aime2026_tr|AIME2026-TR/21|g47,1
V4-Flash,Qwen3.5-4B,aime2026_tr,truncated,Qwen3.5-4B|aime2026_tr|AIME2026-TR/22|g18,1
V4-Flash,Qwen3.5-4B,aime2026_tr,truncated,Qwen3.5-4B|aime2026_tr|AIME2026-TR/22|g22,1
V4-Flash,Qwen3.5-4B,aime2026_tr,truncated,Qwen3.5-4B|aime2026_tr|AIME2026-TR/22|g26,1
V4-Flash,Qwen3.5-4B,aime2026_tr,truncated,Qwen3.5-4B|aime2026_tr|AIME2026-TR/22|g51,0
V4-Flash,Qwen3.5-4B,aime2026_tr,truncated,Qwen3.5-4B|aime2026_tr|AIME2026-TR/23|g9,0
V4-Flash,Qwen3.5-4B,aime2026_tr,truncated,Qwen3.5-4B|aime2026_tr|AIME2026-TR/24|g11,1
V4-Flash,Qwen3.5-4B,aime2026_tr,truncated,Qwen3.5-4B|aime2026_tr|AIME2026-TR/24|g22,0
V4-Flash,Qwen3.5-4B,aime2026_tr,truncated,Qwen3.5-4B|aime2026_tr|AIME2026-TR/24|g38,1
V4-Flash,Qwen3.5-4B,aime2026_tr,truncated,Qwen3.5-4B|aime2026_tr|AIME2026-TR/24|g8,1
V4-Flash,Qwen3.5-4B,aime2026_tr,truncated,Qwen3.5-4B|aime2026_tr|AIME2026-TR/25|g18,1
V4-Flash,Qwen3.5-4B,aime2026_tr,truncated,Qwen3.5-4B|aime2026_tr|AIME2026-TR/25|g35,1
V4-Flash,Qwen3.5-4B,aime2026_tr,truncated,Qwen3.5-4B|aime2026_tr|AIME2026-TR/26|g13,0
V4-Flash,Qwen3.5-4B,aime2026_tr,truncated,Qwen3.5-4B|aime2026_tr|AIME2026-TR/26|g31,1
V4-Flash,Qwen3.5-4B,aime2026_tr,truncated,Qwen3.5-4B|aime2026_tr|AIME2026-TR/26|g37,1
V4-Flash,Qwen3.5-4B,aime2026_tr,truncated,Qwen3.5-4B|aime2026_tr|AIME2026-TR/27|g14,1
V4-Flash,Qwen3.5-4B,aime2026_tr,truncated,Qwen3.5-4B|aime2026_tr|AIME2026-TR/27|g52,1
V4-Flash,Qwen3.5-4B,aime2026_tr,truncated,Qwen3.5-4B|aime2026_tr|AIME2026-TR/28|g0,0
V4-Flash,Qwen3.5-4B,aime2026_tr,truncated,Qwen3.5-4B|aime2026_tr|AIME2026-TR/28|g61,0
V4-Flash,Qwen3.5-4B,aime2026_tr,truncated,Qwen3.5-4B|aime2026_tr|AIME2026-TR/29|g6,0
V4-Flash,Qwen3.5-4B,aime2026_tr,truncated,Qwen3.5-4B|aime2026_tr|AIME2026-TR/3|g21,1
V4-Flash,Qwen3.5-4B,aime2026_tr,truncated,Qwen3.5-4B|aime2026_tr|AIME2026-TR/3|g26,1
V4-Flash,Qwen3.5-4B,aime2026_tr,truncated,Qwen3.5-4B|aime2026_tr|AIME2026-TR/3|g28,1
V4-Flash,Qwen3.5-4B,aime2026_tr,truncated,Qwen3.5-4B|aime2026_tr|AIME2026-TR/3|g34,1
V4-Flash,Qwen3.5-4B,aime2026_tr,truncated,Qwen3.5-4B|aime2026_tr|AIME2026-TR/4|g20,1
V4-Flash,Qwen3.5-4B,aime2026_tr,truncated,Qwen3.5-4B|aime2026_tr|AIME2026-TR/4|g38,1
V4-Flash,Qwen3.5-4B,aime2026_tr,truncated,Qwen3.5-4B|aime2026_tr|AIME2026-TR/4|g47,1
V4-Flash,Qwen3.5-4B,aime2026_tr,truncated,Qwen3.5-4B|aime2026_tr|AIME2026-TR/4|g51,1
V4-Flash,Qwen3.5-4B,aime2026_tr,truncated,Qwen3.5-4B|aime2026_tr|AIME2026-TR/4|g52,1
V4-Flash,Qwen3.5-4B,aime2026_tr,truncated,Qwen3.5-4B|aime2026_tr|AIME2026-TR/5|g35,1
V4-Flash,Qwen3.5-4B,aime2026_tr,truncated,Qwen3.5-4B|aime2026_tr|AIME2026-TR/5|g45,1
V4-Flash,Qwen3.5-4B,aime2026_tr,truncated,Qwen3.5-4B|aime2026_tr|AIME2026-TR/5|g5,1
V4-Flash,Qwen3.5-4B,aime2026_tr,truncated,Qwen3.5-4B|aime2026_tr|AIME2026-TR/5|g57,1
V4-Flash,Qwen3.5-4B,aime2026_tr,truncated,Qwen3.5-4B|aime2026_tr|AIME2026-TR/6|g3,1
V4-Flash,Qwen3.5-4B,aime2026_tr,truncated,Qwen3.5-4B|aime2026_tr|AIME2026-TR/6|g5,1
V4-Flash,Qwen3.5-4B,aime2026_tr,truncated,Qwen3.5-4B|aime2026_tr|AIME2026-TR/6|g59,1
V4-Flash,Qwen3.5-4B,aime2026_tr,truncated,Qwen3.5-4B|aime2026_tr|AIME2026-TR/6|g62,1
V4-Flash,Qwen3.5-4B,aime2026_tr,truncated,Qwen3.5-4B|aime2026_tr|AIME2026-TR/7|g20,1
V4-Flash,Qwen3.5-4B,aime2026_tr,truncated,Qwen3.5-4B|aime2026_tr|AIME2026-TR/7|g43,1
V4-Flash,Qwen3.5-4B,aime2026_tr,truncated,Qwen3.5-4B|aime2026_tr|AIME2026-TR/9|g37,1
V4-Flash,Qwen3.5-4B,pt_exams_math,boxed_only,Qwen3.5-4B|pt_exams_math|pt_exams_math/1|g7,0
V4-Flash,Qwen3.5-4B,pt_exams_math,boxed_only,Qwen3.5-4B|pt_exams_math|pt_exams_math/10|g3,0
V4-Flash,Qwen3.5-4B,pt_exams_math,boxed_only,Qwen3.5-4B|pt_exams_math|pt_exams_math/101|g12,0
V4-Flash,Qwen3.5-4B,pt_exams_math,boxed_only,Qwen3.5-4B|pt_exams_math|pt_exams_math/102|g5,0
V4-Flash,Qwen3.5-4B,pt_exams_math,boxed_only,Qwen3.5-4B|pt_exams_math|pt_exams_math/103|g2,0
V4-Flash,Qwen3.5-4B,pt_exams_math,boxed_only,Qwen3.5-4B|pt_exams_math|pt_exams_math/104|g7,0
V4-Flash,Qwen3.5-4B,pt_exams_math,boxed_only,Qwen3.5-4B|pt_exams_math|pt_exams_math/106|g12,0
V4-Flash,Qwen3.5-4B,pt_exams_math,boxed_only,Qwen3.5-4B|pt_exams_math|pt_exams_math/107|g5,0
V4-Flash,Qwen3.5-4B,pt_exams_math,boxed_only,Qwen3.5-4B|pt_exams_math|pt_exams_math/108|g15,0
V4-Flash,Qwen3.5-4B,pt_exams_math,boxed_only,Qwen3.5-4B|pt_exams_math|pt_exams_math/109|g3,0
V4-Flash,Qwen3.5-4B,pt_exams_math,boxed_only,Qwen3.5-4B|pt_exams_math|pt_exams_math/111|g1,0
V4-Flash,Qwen3.5-4B,pt_exams_math,boxed_only,Qwen3.5-4B|pt_exams_math|pt_exams_math/113|g7,0
V4-Flash,Qwen3.5-4B,pt_exams_math,boxed_only,Qwen3.5-4B|pt_exams_math|pt_exams_math/118|g13,0
V4-Flash,Qwen3.5-4B,pt_exams_math,boxed_only,Qwen3.5-4B|pt_exams_math|pt_exams_math/119|g14,0
V4-Flash,Qwen3.5-4B,pt_exams_math,boxed_only,Qwen3.5-4B|pt_exams_math|pt_exams_math/121|g12,1
V4-Flash,Qwen3.5-4B,pt_exams_math,boxed_only,Qwen3.5-4B|pt_exams_math|pt_exams_math/126|g15,0
V4-Flash,Qwen3.5-4B,pt_exams_math,boxed_only,Qwen3.5-4B|pt_exams_math|pt_exams_math/128|g1,0
V4-Flash,Qwen3.5-4B,pt_exams_math,boxed_only,Qwen3.5-4B|pt_exams_math|pt_exams_math/130|g1,0
V4-Flash,Qwen3.5-4B,pt_exams_math,boxed_only,Qwen3.5-4B|pt_exams_math|pt_exams_math/134|g3,0
V4-Flash,Qwen3.5-4B,pt_exams_math,boxed_only,Qwen3.5-4B|pt_exams_math|pt_exams_math/138|g7,0
V4-Flash,Qwen3.5-4B,pt_exams_math,boxed_only,Qwen3.5-4B|pt_exams_math|pt_exams_math/14|g7,0
V4-Flash,Qwen3.5-4B,pt_exams_math,boxed_only,Qwen3.5-4B|pt_exams_math|pt_exams_math/140|g5,0
V4-Flash,Qwen3.5-4B,pt_exams_math,boxed_only,Qwen3.5-4B|pt_exams_math|pt_exams_math/142|g9,0
V4-Flash,Qwen3.5-4B,pt_exams_math,boxed_only,Qwen3.5-4B|pt_exams_math|pt_exams_math/146|g9,0
V4-Flash,Qwen3.5-4B,pt_exams_math,boxed_only,Qwen3.5-4B|pt_exams_math|pt_exams_math/15|g5,0
V4-Flash,Qwen3.5-4B,pt_exams_math,boxed_only,Qwen3.5-4B|pt_exams_math|pt_exams_math/150|g9,0
V4-Flash,Qwen3.5-4B,pt_exams_math,boxed_only,Qwen3.5-4B|pt_exams_math|pt_exams_math/153|g3,0
V4-Flash,Qwen3.5-4B,pt_exams_math,boxed_only,Qwen3.5-4B|pt_exams_math|pt_exams_math/159|g8,0
V4-Flash,Qwen3.5-4B,pt_exams_math,boxed_only,Qwen3.5-4B|pt_exams_math|pt_exams_math/160|g4,0
V4-Flash,Qwen3.5-4B,pt_exams_math,boxed_only,Qwen3.5-4B|pt_exams_math|pt_exams_math/17|g10,0
V4-Flash,Qwen3.5-4B,pt_exams_math,boxed_only,Qwen3.5-4B|pt_exams_math|pt_exams_math/18|g14,0
V4-Flash,Qwen3.5-4B,pt_exams_math,boxed_only,Qwen3.5-4B|pt_exams_math|pt_exams_math/21|g1,0
V4-Flash,Qwen3.5-4B,pt_exams_math,boxed_only,Qwen3.5-4B|pt_exams_math|pt_exams_math/26|g0,0
V4-Flash,Qwen3.5-4B,pt_exams_math,boxed_only,Qwen3.5-4B|pt_exams_math|pt_exams_math/27|g6,0
V4-Flash,Qwen3.5-4B,pt_exams_math,boxed_only,Qwen3.5-4B|pt_exams_math|pt_exams_math/28|g4,0
V4-Flash,Qwen3.5-4B,pt_exams_math,boxed_only,Qwen3.5-4B|pt_exams_math|pt_exams_math/3|g13,0
V4-Flash,Qwen3.5-4B,pt_exams_math,boxed_only,Qwen3.5-4B|pt_exams_math|pt_exams_math/31|g10,0
V4-Flash,Qwen3.5-4B,pt_exams_math,boxed_only,Qwen3.5-4B|pt_exams_math|pt_exams_math/33|g1,0
V4-Flash,Qwen3.5-4B,pt_exams_math,boxed_only,Qwen3.5-4B|pt_exams_math|pt_exams_math/34|g10,0
V4-Flash,Qwen3.5-4B,pt_exams_math,boxed_only,Qwen3.5-4B|pt_exams_math|pt_exams_math/35|g6,0
V4-Flash,Qwen3.5-4B,pt_exams_math,boxed_only,Qwen3.5-4B|pt_exams_math|pt_exams_math/36|g2,0
V4-Flash,Qwen3.5-4B,pt_exams_math,boxed_only,Qwen3.5-4B|pt_exams_math|pt_exams_math/44|g10,0
V4-Flash,Qwen3.5-4B,pt_exams_math,boxed_only,Qwen3.5-4B|pt_exams_math|pt_exams_math/45|g2,0
V4-Flash,Qwen3.5-4B,pt_exams_math,boxed_only,Qwen3.5-4B|pt_exams_math|pt_exams_math/5|g8,0
V4-Flash,Qwen3.5-4B,pt_exams_math,boxed_only,Qwen3.5-4B|pt_exams_math|pt_exams_math/50|g15,0
V4-Flash,Qwen3.5-4B,pt_exams_math,boxed_only,Qwen3.5-4B|pt_exams_math|pt_exams_math/51|g11,0
V4-Flash,Qwen3.5-4B,pt_exams_math,boxed_only,Qwen3.5-4B|pt_exams_math|pt_exams_math/53|g9,0
V4-Flash,Qwen3.5-4B,pt_exams_math,boxed_only,Qwen3.5-4B|pt_exams_math|pt_exams_math/54|g4,0
V4-Flash,Qwen3.5-4B,pt_exams_math,boxed_only,Qwen3.5-4B|pt_exams_math|pt_exams_math/56|g0,0
V4-Flash,Qwen3.5-4B,pt_exams_math,boxed_only,Qwen3.5-4B|pt_exams_math|pt_exams_math/58|g4,0
V4-Flash,Qwen3.5-4B,pt_exams_math,boxed_only,Qwen3.5-4B|pt_exams_math|pt_exams_math/59|g4,0
V4-Flash,Qwen3.5-4B,pt_exams_math,boxed_only,Qwen3.5-4B|pt_exams_math|pt_exams_math/6|g6,0
V4-Flash,Qwen3.5-4B,pt_exams_math,boxed_only,Qwen3.5-4B|pt_exams_math|pt_exams_math/60|g10,0
V4-Flash,Qwen3.5-4B,pt_exams_math,boxed_only,Qwen3.5-4B|pt_exams_math|pt_exams_math/62|g15,0
V4-Flash,Qwen3.5-4B,pt_exams_math,boxed_only,Qwen3.5-4B|pt_exams_math|pt_exams_math/65|g2,0
V4-Flash,Qwen3.5-4B,pt_exams_math,boxed_only,Qwen3.5-4B|pt_exams_math|pt_exams_math/68|g2,0
V4-Flash,Qwen3.5-4B,pt_exams_math,boxed_only,Qwen3.5-4B|pt_exams_math|pt_exams_math/69|g10,0
V4-Flash,Qwen3.5-4B,pt_exams_math,boxed_only,Qwen3.5-4B|pt_exams_math|pt_exams_math/7|g6,0
V4-Flash,Qwen3.5-4B,pt_exams_math,boxed_only,Qwen3.5-4B|pt_exams_math|pt_exams_math/70|g13,0
V4-Flash,Qwen3.5-4B,pt_exams_math,boxed_only,Qwen3.5-4B|pt_exams_math|pt_exams_math/71|g13,0
V4-Flash,Qwen3.5-4B,pt_exams_math,boxed_only,Qwen3.5-4B|pt_exams_math|pt_exams_math/72|g7,0
V4-Flash,Qwen3.5-4B,pt_exams_math,boxed_only,Qwen3.5-4B|pt_exams_math|pt_exams_math/74|g10,0
V4-Flash,Qwen3.5-4B,pt_exams_math,boxed_only,Qwen3.5-4B|pt_exams_math|pt_exams_math/75|g4,0
V4-Flash,Qwen3.5-4B,pt_exams_math,boxed_only,Qwen3.5-4B|pt_exams_math|pt_exams_math/77|g9,0
V4-Flash,Qwen3.5-4B,pt_exams_math,boxed_only,Qwen3.5-4B|pt_exams_math|pt_exams_math/79|g14,0
V4-Flash,Qwen3.5-4B,pt_exams_math,boxed_only,Qwen3.5-4B|pt_exams_math|pt_exams_math/81|g1,0
V4-Flash,Qwen3.5-4B,pt_exams_math,boxed_only,Qwen3.5-4B|pt_exams_math|pt_exams_math/82|g13,0
V4-Flash,Qwen3.5-4B,pt_exams_math,boxed_only,Qwen3.5-4B|pt_exams_math|pt_exams_math/86|g11,0
V4-Flash,Qwen3.5-4B,pt_exams_math,boxed_only,Qwen3.5-4B|pt_exams_math|pt_exams_math/87|g14,0
V4-Flash,Qwen3.5-4B,pt_exams_math,boxed_only,Qwen3.5-4B|pt_exams_math|pt_exams_math/90|g15,0
V4-Flash,Qwen3.5-4B,pt_exams_math,boxed_only,Qwen3.5-4B|pt_exams_math|pt_exams_math/97|g0,0
V4-Flash,Qwen3.5-4B,pt_exams_math,boxed_only,Qwen3.5-4B|pt_exams_math|pt_exams_math/99|g12,0
V4-Flash,Qwen3.5-4B,pt_exams_math,clean,Qwen3.5-4B|pt_exams_math|pt_exams_math/1|g7,1
V4-Flash,Qwen3.5-4B,pt_exams_math,clean,Qwen3.5-4B|pt_exams_math|pt_exams_math/10|g3,1
V4-Flash,Qwen3.5-4B,pt_exams_math,clean,Qwen3.5-4B|pt_exams_math|pt_exams_math/101|g12,1
V4-Flash,Qwen3.5-4B,pt_exams_math,clean,Qwen3.5-4B|pt_exams_math|pt_exams_math/102|g5,1
V4-Flash,Qwen3.5-4B,pt_exams_math,clean,Qwen3.5-4B|pt_exams_math|pt_exams_math/103|g2,1
V4-Flash,Qwen3.5-4B,pt_exams_math,clean,Qwen3.5-4B|pt_exams_math|pt_exams_math/104|g7,1
V4-Flash,Qwen3.5-4B,pt_exams_math,clean,Qwen3.5-4B|pt_exams_math|pt_exams_math/106|g12,1
V4-Flash,Qwen3.5-4B,pt_exams_math,clean,Qwen3.5-4B|pt_exams_math|pt_exams_math/107|g5,1
V4-Flash,Qwen3.5-4B,pt_exams_math,clean,Qwen3.5-4B|pt_exams_math|pt_exams_math/108|g15,1
V4-Flash,Qwen3.5-4B,pt_exams_math,clean,Qwen3.5-4B|pt_exams_math|pt_exams_math/109|g3,1
V4-Flash,Qwen3.5-4B,pt_exams_math,clean,Qwen3.5-4B|pt_exams_math|pt_exams_math/111|g1,1
V4-Flash,Qwen3.5-4B,pt_exams_math,clean,Qwen3.5-4B|pt_exams_math|pt_exams_math/113|g7,1
V4-Flash,Qwen3.5-4B,pt_exams_math,clean,Qwen3.5-4B|pt_exams_math|pt_exams_math/118|g13,1
V4-Flash,Qwen3.5-4B,pt_exams_math,clean,Qwen3.5-4B|pt_exams_math|pt_exams_math/119|g14,1
V4-Flash,Qwen3.5-4B,pt_exams_math,clean,Qwen3.5-4B|pt_exams_math|pt_exams_math/121|g12,1
V4-Flash,Qwen3.5-4B,pt_exams_math,clean,Qwen3.5-4B|pt_exams_math|pt_exams_math/126|g15,1
V4-Flash,Qwen3.5-4B,pt_exams_math,clean,Qwen3.5-4B|pt_exams_math|pt_exams_math/128|g1,1
V4-Flash,Qwen3.5-4B,pt_exams_math,clean,Qwen3.5-4B|pt_exams_math|pt_exams_math/130|g1,1
V4-Flash,Qwen3.5-4B,pt_exams_math,clean,Qwen3.5-4B|pt_exams_math|pt_exams_math/134|g3,1
V4-Flash,Qwen3.5-4B,pt_exams_math,clean,Qwen3.5-4B|pt_exams_math|pt_exams_math/138|g7,1
V4-Flash,Qwen3.5-4B,pt_exams_math,clean,Qwen3.5-4B|pt_exams_math|pt_exams_math/14|g7,1
V4-Flash,Qwen3.5-4B,pt_exams_math,clean,Qwen3.5-4B|pt_exams_math|pt_exams_math/140|g5,1
V4-Flash,Qwen3.5-4B,pt_exams_math,clean,Qwen3.5-4B|pt_exams_math|pt_exams_math/142|g9,1
V4-Flash,Qwen3.5-4B,pt_exams_math,clean,Qwen3.5-4B|pt_exams_math|pt_exams_math/146|g9,1
V4-Flash,Qwen3.5-4B,pt_exams_math,clean,Qwen3.5-4B|pt_exams_math|pt_exams_math/15|g5,1
V4-Flash,Qwen3.5-4B,pt_exams_math,clean,Qwen3.5-4B|pt_exams_math|pt_exams_math/150|g9,1
V4-Flash,Qwen3.5-4B,pt_exams_math,clean,Qwen3.5-4B|pt_exams_math|pt_exams_math/153|g3,1
V4-Flash,Qwen3.5-4B,pt_exams_math,clean,Qwen3.5-4B|pt_exams_math|pt_exams_math/159|g8,1
V4-Flash,Qwen3.5-4B,pt_exams_math,clean,Qwen3.5-4B|pt_exams_math|pt_exams_math/160|g4,1
V4-Flash,Qwen3.5-4B,pt_exams_math,clean,Qwen3.5-4B|pt_exams_math|pt_exams_math/17|g10,1
V4-Flash,Qwen3.5-4B,pt_exams_math,clean,Qwen3.5-4B|pt_exams_math|pt_exams_math/18|g14,1
V4-Flash,Qwen3.5-4B,pt_exams_math,clean,Qwen3.5-4B|pt_exams_math|pt_exams_math/21|g1,1
V4-Flash,Qwen3.5-4B,pt_exams_math,clean,Qwen3.5-4B|pt_exams_math|pt_exams_math/26|g0,1
V4-Flash,Qwen3.5-4B,pt_exams_math,clean,Qwen3.5-4B|pt_exams_math|pt_exams_math/27|g6,1
V4-Flash,Qwen3.5-4B,pt_exams_math,clean,Qwen3.5-4B|pt_exams_math|pt_exams_math/28|g4,1
V4-Flash,Qwen3.5-4B,pt_exams_math,clean,Qwen3.5-4B|pt_exams_math|pt_exams_math/3|g13,1
V4-Flash,Qwen3.5-4B,pt_exams_math,clean,Qwen3.5-4B|pt_exams_math|pt_exams_math/31|g10,1
V4-Flash,Qwen3.5-4B,pt_exams_math,clean,Qwen3.5-4B|pt_exams_math|pt_exams_math/33|g1,1
V4-Flash,Qwen3.5-4B,pt_exams_math,clean,Qwen3.5-4B|pt_exams_math|pt_exams_math/34|g10,1
V4-Flash,Qwen3.5-4B,pt_exams_math,clean,Qwen3.5-4B|pt_exams_math|pt_exams_math/35|g6,1
V4-Flash,Qwen3.5-4B,pt_exams_math,clean,Qwen3.5-4B|pt_exams_math|pt_exams_math/36|g2,1
V4-Flash,Qwen3.5-4B,pt_exams_math,clean,Qwen3.5-4B|pt_exams_math|pt_exams_math/44|g10,1
V4-Flash,Qwen3.5-4B,pt_exams_math,clean,Qwen3.5-4B|pt_exams_math|pt_exams_math/45|g2,1
V4-Flash,Qwen3.5-4B,pt_exams_math,clean,Qwen3.5-4B|pt_exams_math|pt_exams_math/5|g8,1
V4-Flash,Qwen3.5-4B,pt_exams_math,clean,Qwen3.5-4B|pt_exams_math|pt_exams_math/50|g15,1
V4-Flash,Qwen3.5-4B,pt_exams_math,clean,Qwen3.5-4B|pt_exams_math|pt_exams_math/51|g11,1
V4-Flash,Qwen3.5-4B,pt_exams_math,clean,Qwen3.5-4B|pt_exams_math|pt_exams_math/53|g9,1
V4-Flash,Qwen3.5-4B,pt_exams_math,clean,Qwen3.5-4B|pt_exams_math|pt_exams_math/54|g4,1
V4-Flash,Qwen3.5-4B,pt_exams_math,clean,Qwen3.5-4B|pt_exams_math|pt_exams_math/56|g0,1
V4-Flash,Qwen3.5-4B,pt_exams_math,clean,Qwen3.5-4B|pt_exams_math|pt_exams_math/58|g4,1
V4-Flash,Qwen3.5-4B,pt_exams_math,clean,Qwen3.5-4B|pt_exams_math|pt_exams_math/59|g4,1
V4-Flash,Qwen3.5-4B,pt_exams_math,clean,Qwen3.5-4B|pt_exams_math|pt_exams_math/6|g6,1
V4-Flash,Qwen3.5-4B,pt_exams_math,clean,Qwen3.5-4B|pt_exams_math|pt_exams_math/60|g10,1
V4-Flash,Qwen3.5-4B,pt_exams_math,clean,Qwen3.5-4B|pt_exams_math|pt_exams_math/62|g15,1
V4-Flash,Qwen3.5-4B,pt_exams_math,clean,Qwen3.5-4B|pt_exams_math|pt_exams_math/65|g2,1
V4-Flash,Qwen3.5-4B,pt_exams_math,clean,Qwen3.5-4B|pt_exams_math|pt_exams_math/68|g2,1
V4-Flash,Qwen3.5-4B,pt_exams_math,clean,Qwen3.5-4B|pt_exams_math|pt_exams_math/69|g10,1
V4-Flash,Qwen3.5-4B,pt_exams_math,clean,Qwen3.5-4B|pt_exams_math|pt_exams_math/7|g6,1
V4-Flash,Qwen3.5-4B,pt_exams_math,clean,Qwen3.5-4B|pt_exams_math|pt_exams_math/70|g13,1
V4-Flash,Qwen3.5-4B,pt_exams_math,clean,Qwen3.5-4B|pt_exams_math|pt_exams_math/71|g13,1
V4-Flash,Qwen3.5-4B,pt_exams_math,clean,Qwen3.5-4B|pt_exams_math|pt_exams_math/72|g7,1
V4-Flash,Qwen3.5-4B,pt_exams_math,clean,Qwen3.5-4B|pt_exams_math|pt_exams_math/74|g10,1
V4-Flash,Qwen3.5-4B,pt_exams_math,clean,Qwen3.5-4B|pt_exams_math|pt_exams_math/75|g4,1
V4-Flash,Qwen3.5-4B,pt_exams_math,clean,Qwen3.5-4B|pt_exams_math|pt_exams_math/77|g9,1
V4-Flash,Qwen3.5-4B,pt_exams_math,clean,Qwen3.5-4B|pt_exams_math|pt_exams_math/79|g14,1
V4-Flash,Qwen3.5-4B,pt_exams_math,clean,Qwen3.5-4B|pt_exams_math|pt_exams_math/81|g1,1
V4-Flash,Qwen3.5-4B,pt_exams_math,clean,Qwen3.5-4B|pt_exams_math|pt_exams_math/82|g13,1
V4-Flash,Qwen3.5-4B,pt_exams_math,clean,Qwen3.5-4B|pt_exams_math|pt_exams_math/86|g11,1
V4-Flash,Qwen3.5-4B,pt_exams_math,clean,Qwen3.5-4B|pt_exams_math|pt_exams_math/87|g14,1
V4-Flash,Qwen3.5-4B,pt_exams_math,clean,Qwen3.5-4B|pt_exams_math|pt_exams_math/90|g15,1
V4-Flash,Qwen3.5-4B,pt_exams_math,clean,Qwen3.5-4B|pt_exams_math|pt_exams_math/97|g0,1
V4-Flash,Qwen3.5-4B,pt_exams_math,clean,Qwen3.5-4B|pt_exams_math|pt_exams_math/99|g12,1
V4-Flash,Qwen3.5-4B,pt_exams_math,consistent_error,Qwen3.5-4B|pt_exams_math|pt_exams_math/1|g7,0
V4-Flash,Qwen3.5-4B,pt_exams_math,consistent_error,Qwen3.5-4B|pt_exams_math|pt_exams_math/10|g3,0
V4-Flash,Qwen3.5-4B,pt_exams_math,consistent_error,Qwen3.5-4B|pt_exams_math|pt_exams_math/101|g12,0
V4-Flash,Qwen3.5-4B,pt_exams_math,consistent_error,Qwen3.5-4B|pt_exams_math|pt_exams_math/102|g5,0
V4-Flash,Qwen3.5-4B,pt_exams_math,consistent_error,Qwen3.5-4B|pt_exams_math|pt_exams_math/103|g2,1
V4-Flash,Qwen3.5-4B,pt_exams_math,consistent_error,Qwen3.5-4B|pt_exams_math|pt_exams_math/104|g7,0
V4-Flash,Qwen3.5-4B,pt_exams_math,consistent_error,Qwen3.5-4B|pt_exams_math|pt_exams_math/106|g12,0
V4-Flash,Qwen3.5-4B,pt_exams_math,consistent_error,Qwen3.5-4B|pt_exams_math|pt_exams_math/107|g5,0
V4-Flash,Qwen3.5-4B,pt_exams_math,consistent_error,Qwen3.5-4B|pt_exams_math|pt_exams_math/108|g15,0
V4-Flash,Qwen3.5-4B,pt_exams_math,consistent_error,Qwen3.5-4B|pt_exams_math|pt_exams_math/109|g3,0
V4-Flash,Qwen3.5-4B,pt_exams_math,consistent_error,Qwen3.5-4B|pt_exams_math|pt_exams_math/111|g1,1
V4-Flash,Qwen3.5-4B,pt_exams_math,consistent_error,Qwen3.5-4B|pt_exams_math|pt_exams_math/113|g7,0
V4-Flash,Qwen3.5-4B,pt_exams_math,consistent_error,Qwen3.5-4B|pt_exams_math|pt_exams_math/118|g13,1
V4-Flash,Qwen3.5-4B,pt_exams_math,consistent_error,Qwen3.5-4B|pt_exams_math|pt_exams_math/119|g14,0
V4-Flash,Qwen3.5-4B,pt_exams_math,consistent_error,Qwen3.5-4B|pt_exams_math|pt_exams_math/121|g12,0
V4-Flash,Qwen3.5-4B,pt_exams_math,consistent_error,Qwen3.5-4B|pt_exams_math|pt_exams_math/126|g15,0
V4-Flash,Qwen3.5-4B,pt_exams_math,consistent_error,Qwen3.5-4B|pt_exams_math|pt_exams_math/128|g1,0
V4-Flash,Qwen3.5-4B,pt_exams_math,consistent_error,Qwen3.5-4B|pt_exams_math|pt_exams_math/130|g1,0
V4-Flash,Qwen3.5-4B,pt_exams_math,consistent_error,Qwen3.5-4B|pt_exams_math|pt_exams_math/134|g3,0
V4-Flash,Qwen3.5-4B,pt_exams_math,consistent_error,Qwen3.5-4B|pt_exams_math|pt_exams_math/138|g7,0
V4-Flash,Qwen3.5-4B,pt_exams_math,consistent_error,Qwen3.5-4B|pt_exams_math|pt_exams_math/14|g7,0
V4-Flash,Qwen3.5-4B,pt_exams_math,consistent_error,Qwen3.5-4B|pt_exams_math|pt_exams_math/140|g5,0
V4-Flash,Qwen3.5-4B,pt_exams_math,consistent_error,Qwen3.5-4B|pt_exams_math|pt_exams_math/142|g9,0
V4-Flash,Qwen3.5-4B,pt_exams_math,consistent_error,Qwen3.5-4B|pt_exams_math|pt_exams_math/146|g9,0
V4-Flash,Qwen3.5-4B,pt_exams_math,consistent_error,Qwen3.5-4B|pt_exams_math|pt_exams_math/15|g5,0
V4-Flash,Qwen3.5-4B,pt_exams_math,consistent_error,Qwen3.5-4B|pt_exams_math|pt_exams_math/150|g9,0
V4-Flash,Qwen3.5-4B,pt_exams_math,consistent_error,Qwen3.5-4B|pt_exams_math|pt_exams_math/153|g3,0
V4-Flash,Qwen3.5-4B,pt_exams_math,consistent_error,Qwen3.5-4B|pt_exams_math|pt_exams_math/159|g8,0
V4-Flash,Qwen3.5-4B,pt_exams_math,consistent_error,Qwen3.5-4B|pt_exams_math|pt_exams_math/160|g4,0
V4-Flash,Qwen3.5-4B,pt_exams_math,consistent_error,Qwen3.5-4B|pt_exams_math|pt_exams_math/17|g10,0
V4-Flash,Qwen3.5-4B,pt_exams_math,consistent_error,Qwen3.5-4B|pt_exams_math|pt_exams_math/18|g14,0
V4-Flash,Qwen3.5-4B,pt_exams_math,consistent_error,Qwen3.5-4B|pt_exams_math|pt_exams_math/21|g1,1
V4-Flash,Qwen3.5-4B,pt_exams_math,consistent_error,Qwen3.5-4B|pt_exams_math|pt_exams_math/26|g0,0
V4-Flash,Qwen3.5-4B,pt_exams_math,consistent_error,Qwen3.5-4B|pt_exams_math|pt_exams_math/27|g6,0
V4-Flash,Qwen3.5-4B,pt_exams_math,consistent_error,Qwen3.5-4B|pt_exams_math|pt_exams_math/28|g4,0
V4-Flash,Qwen3.5-4B,pt_exams_math,consistent_error,Qwen3.5-4B|pt_exams_math|pt_exams_math/3|g13,0
V4-Flash,Qwen3.5-4B,pt_exams_math,consistent_error,Qwen3.5-4B|pt_exams_math|pt_exams_math/31|g10,0
V4-Flash,Qwen3.5-4B,pt_exams_math,consistent_error,Qwen3.5-4B|pt_exams_math|pt_exams_math/33|g1,0
V4-Flash,Qwen3.5-4B,pt_exams_math,consistent_error,Qwen3.5-4B|pt_exams_math|pt_exams_math/34|g10,0
V4-Flash,Qwen3.5-4B,pt_exams_math,consistent_error,Qwen3.5-4B|pt_exams_math|pt_exams_math/35|g6,0
V4-Flash,Qwen3.5-4B,pt_exams_math,consistent_error,Qwen3.5-4B|pt_exams_math|pt_exams_math/36|g2,0
V4-Flash,Qwen3.5-4B,pt_exams_math,consistent_error,Qwen3.5-4B|pt_exams_math|pt_exams_math/44|g10,0
V4-Flash,Qwen3.5-4B,pt_exams_math,consistent_error,Qwen3.5-4B|pt_exams_math|pt_exams_math/45|g2,0
V4-Flash,Qwen3.5-4B,pt_exams_math,consistent_error,Qwen3.5-4B|pt_exams_math|pt_exams_math/5|g8,0
V4-Flash,Qwen3.5-4B,pt_exams_math,consistent_error,Qwen3.5-4B|pt_exams_math|pt_exams_math/50|g15,1
V4-Flash,Qwen3.5-4B,pt_exams_math,consistent_error,Qwen3.5-4B|pt_exams_math|pt_exams_math/51|g11,0
V4-Flash,Qwen3.5-4B,pt_exams_math,consistent_error,Qwen3.5-4B|pt_exams_math|pt_exams_math/53|g9,0
V4-Flash,Qwen3.5-4B,pt_exams_math,consistent_error,Qwen3.5-4B|pt_exams_math|pt_exams_math/54|g4,0
V4-Flash,Qwen3.5-4B,pt_exams_math,consistent_error,Qwen3.5-4B|pt_exams_math|pt_exams_math/56|g0,0
V4-Flash,Qwen3.5-4B,pt_exams_math,consistent_error,Qwen3.5-4B|pt_exams_math|pt_exams_math/58|g4,0
V4-Flash,Qwen3.5-4B,pt_exams_math,consistent_error,Qwen3.5-4B|pt_exams_math|pt_exams_math/59|g4,0
V4-Flash,Qwen3.5-4B,pt_exams_math,consistent_error,Qwen3.5-4B|pt_exams_math|pt_exams_math/6|g6,0
V4-Flash,Qwen3.5-4B,pt_exams_math,consistent_error,Qwen3.5-4B|pt_exams_math|pt_exams_math/60|g10,1
V4-Flash,Qwen3.5-4B,pt_exams_math,consistent_error,Qwen3.5-4B|pt_exams_math|pt_exams_math/62|g15,0
V4-Flash,Qwen3.5-4B,pt_exams_math,consistent_error,Qwen3.5-4B|pt_exams_math|pt_exams_math/65|g2,0
V4-Flash,Qwen3.5-4B,pt_exams_math,consistent_error,Qwen3.5-4B|pt_exams_math|pt_exams_math/68|g2,1
V4-Flash,Qwen3.5-4B,pt_exams_math,consistent_error,Qwen3.5-4B|pt_exams_math|pt_exams_math/69|g10,0
V4-Flash,Qwen3.5-4B,pt_exams_math,consistent_error,Qwen3.5-4B|pt_exams_math|pt_exams_math/7|g6,0
V4-Flash,Qwen3.5-4B,pt_exams_math,consistent_error,Qwen3.5-4B|pt_exams_math|pt_exams_math/70|g13,0
V4-Flash,Qwen3.5-4B,pt_exams_math,consistent_error,Qwen3.5-4B|pt_exams_math|pt_exams_math/71|g13,0
V4-Flash,Qwen3.5-4B,pt_exams_math,consistent_error,Qwen3.5-4B|pt_exams_math|pt_exams_math/72|g7,0
V4-Flash,Qwen3.5-4B,pt_exams_math,consistent_error,Qwen3.5-4B|pt_exams_math|pt_exams_math/74|g10,0
V4-Flash,Qwen3.5-4B,pt_exams_math,consistent_error,Qwen3.5-4B|pt_exams_math|pt_exams_math/75|g4,0
V4-Flash,Qwen3.5-4B,pt_exams_math,consistent_error,Qwen3.5-4B|pt_exams_math|pt_exams_math/77|g9,0
V4-Flash,Qwen3.5-4B,pt_exams_math,consistent_error,Qwen3.5-4B|pt_exams_math|pt_exams_math/79|g14,0
V4-Flash,Qwen3.5-4B,pt_exams_math,consistent_error,Qwen3.5-4B|pt_exams_math|pt_exams_math/81|g1,0
V4-Flash,Qwen3.5-4B,pt_exams_math,consistent_error,Qwen3.5-4B|pt_exams_math|pt_exams_math/82|g13,0
V4-Flash,Qwen3.5-4B,pt_exams_math,consistent_error,Qwen3.5-4B|pt_exams_math|pt_exams_math/86|g11,0
V4-Flash,Qwen3.5-4B,pt_exams_math,consistent_error,Qwen3.5-4B|pt_exams_math|pt_exams_math/87|g14,0
V4-Flash,Qwen3.5-4B,pt_exams_math,consistent_error,Qwen3.5-4B|pt_exams_math|pt_exams_math/90|g15,0
V4-Flash,Qwen3.5-4B,pt_exams_math,consistent_error,Qwen3.5-4B|pt_exams_math|pt_exams_math/97|g0,1
V4-Flash,Qwen3.5-4B,pt_exams_math,consistent_error,Qwen3.5-4B|pt_exams_math|pt_exams_math/99|g12,0
V4-Flash,Qwen3.5-4B,pt_exams_math,intermediate_error,Qwen3.5-4B|pt_exams_math|pt_exams_math/1|g7,1
V4-Flash,Qwen3.5-4B,pt_exams_math,intermediate_error,Qwen3.5-4B|pt_exams_math|pt_exams_math/10|g3,1
V4-Flash,Qwen3.5-4B,pt_exams_math,intermediate_error,Qwen3.5-4B|pt_exams_math|pt_exams_math/101|g12,1
V4-Flash,Qwen3.5-4B,pt_exams_math,intermediate_error,Qwen3.5-4B|pt_exams_math|pt_exams_math/102|g5,1
V4-Flash,Qwen3.5-4B,pt_exams_math,intermediate_error,Qwen3.5-4B|pt_exams_math|pt_exams_math/103|g2,1
V4-Flash,Qwen3.5-4B,pt_exams_math,intermediate_error,Qwen3.5-4B|pt_exams_math|pt_exams_math/104|g7,1
V4-Flash,Qwen3.5-4B,pt_exams_math,intermediate_error,Qwen3.5-4B|pt_exams_math|pt_exams_math/106|g12,1
V4-Flash,Qwen3.5-4B,pt_exams_math,intermediate_error,Qwen3.5-4B|pt_exams_math|pt_exams_math/107|g5,1
V4-Flash,Qwen3.5-4B,pt_exams_math,intermediate_error,Qwen3.5-4B|pt_exams_math|pt_exams_math/108|g15,1
V4-Flash,Qwen3.5-4B,pt_exams_math,intermediate_error,Qwen3.5-4B|pt_exams_math|pt_exams_math/109|g3,1
V4-Flash,Qwen3.5-4B,pt_exams_math,intermediate_error,Qwen3.5-4B|pt_exams_math|pt_exams_math/111|g1,1
V4-Flash,Qwen3.5-4B,pt_exams_math,intermediate_error,Qwen3.5-4B|pt_exams_math|pt_exams_math/113|g7,1
V4-Flash,Qwen3.5-4B,pt_exams_math,intermediate_error,Qwen3.5-4B|pt_exams_math|pt_exams_math/118|g13,1
V4-Flash,Qwen3.5-4B,pt_exams_math,intermediate_error,Qwen3.5-4B|pt_exams_math|pt_exams_math/119|g14,1
V4-Flash,Qwen3.5-4B,pt_exams_math,intermediate_error,Qwen3.5-4B|pt_exams_math|pt_exams_math/121|g12,1
V4-Flash,Qwen3.5-4B,pt_exams_math,intermediate_error,Qwen3.5-4B|pt_exams_math|pt_exams_math/126|g15,1
V4-Flash,Qwen3.5-4B,pt_exams_math,intermediate_error,Qwen3.5-4B|pt_exams_math|pt_exams_math/128|g1,1
V4-Flash,Qwen3.5-4B,pt_exams_math,intermediate_error,Qwen3.5-4B|pt_exams_math|pt_exams_math/130|g1,1
V4-Flash,Qwen3.5-4B,pt_exams_math,intermediate_error,Qwen3.5-4B|pt_exams_math|pt_exams_math/134|g3,1
V4-Flash,Qwen3.5-4B,pt_exams_math,intermediate_error,Qwen3.5-4B|pt_exams_math|pt_exams_math/138|g7,1
V4-Flash,Qwen3.5-4B,pt_exams_math,intermediate_error,Qwen3.5-4B|pt_exams_math|pt_exams_math/14|g7,1
V4-Flash,Qwen3.5-4B,pt_exams_math,intermediate_error,Qwen3.5-4B|pt_exams_math|pt_exams_math/140|g5,1
V4-Flash,Qwen3.5-4B,pt_exams_math,intermediate_error,Qwen3.5-4B|pt_exams_math|pt_exams_math/142|g9,1
V4-Flash,Qwen3.5-4B,pt_exams_math,intermediate_error,Qwen3.5-4B|pt_exams_math|pt_exams_math/146|g9,1
V4-Flash,Qwen3.5-4B,pt_exams_math,intermediate_error,Qwen3.5-4B|pt_exams_math|pt_exams_math/15|g5,1
V4-Flash,Qwen3.5-4B,pt_exams_math,intermediate_error,Qwen3.5-4B|pt_exams_math|pt_exams_math/150|g9,1
V4-Flash,Qwen3.5-4B,pt_exams_math,intermediate_error,Qwen3.5-4B|pt_exams_math|pt_exams_math/153|g3,1
V4-Flash,Qwen3.5-4B,pt_exams_math,intermediate_error,Qwen3.5-4B|pt_exams_math|pt_exams_math/159|g8,1
V4-Flash,Qwen3.5-4B,pt_exams_math,intermediate_error,Qwen3.5-4B|pt_exams_math|pt_exams_math/160|g4,1
V4-Flash,Qwen3.5-4B,pt_exams_math,intermediate_error,Qwen3.5-4B|pt_exams_math|pt_exams_math/17|g10,1
V4-Flash,Qwen3.5-4B,pt_exams_math,intermediate_error,Qwen3.5-4B|pt_exams_math|pt_exams_math/18|g14,1
V4-Flash,Qwen3.5-4B,pt_exams_math,intermediate_error,Qwen3.5-4B|pt_exams_math|pt_exams_math/21|g1,1
V4-Flash,Qwen3.5-4B,pt_exams_math,intermediate_error,Qwen3.5-4B|pt_exams_math|pt_exams_math/26|g0,1
V4-Flash,Qwen3.5-4B,pt_exams_math,intermediate_error,Qwen3.5-4B|pt_exams_math|pt_exams_math/27|g6,1
V4-Flash,Qwen3.5-4B,pt_exams_math,intermediate_error,Qwen3.5-4B|pt_exams_math|pt_exams_math/28|g4,1
V4-Flash,Qwen3.5-4B,pt_exams_math,intermediate_error,Qwen3.5-4B|pt_exams_math|pt_exams_math/3|g13,1
V4-Flash,Qwen3.5-4B,pt_exams_math,intermediate_error,Qwen3.5-4B|pt_exams_math|pt_exams_math/31|g10,1
V4-Flash,Qwen3.5-4B,pt_exams_math,intermediate_error,Qwen3.5-4B|pt_exams_math|pt_exams_math/33|g1,1
V4-Flash,Qwen3.5-4B,pt_exams_math,intermediate_error,Qwen3.5-4B|pt_exams_math|pt_exams_math/34|g10,1
V4-Flash,Qwen3.5-4B,pt_exams_math,intermediate_error,Qwen3.5-4B|pt_exams_math|pt_exams_math/35|g6,1
V4-Flash,Qwen3.5-4B,pt_exams_math,intermediate_error,Qwen3.5-4B|pt_exams_math|pt_exams_math/36|g2,1
V4-Flash,Qwen3.5-4B,pt_exams_math,intermediate_error,Qwen3.5-4B|pt_exams_math|pt_exams_math/44|g10,1
V4-Flash,Qwen3.5-4B,pt_exams_math,intermediate_error,Qwen3.5-4B|pt_exams_math|pt_exams_math/45|g2,1
V4-Flash,Qwen3.5-4B,pt_exams_math,intermediate_error,Qwen3.5-4B|pt_exams_math|pt_exams_math/5|g8,1
V4-Flash,Qwen3.5-4B,pt_exams_math,intermediate_error,Qwen3.5-4B|pt_exams_math|pt_exams_math/50|g15,1
V4-Flash,Qwen3.5-4B,pt_exams_math,intermediate_error,Qwen3.5-4B|pt_exams_math|pt_exams_math/51|g11,1
V4-Flash,Qwen3.5-4B,pt_exams_math,intermediate_error,Qwen3.5-4B|pt_exams_math|pt_exams_math/53|g9,1
V4-Flash,Qwen3.5-4B,pt_exams_math,intermediate_error,Qwen3.5-4B|pt_exams_math|pt_exams_math/54|g4,1
V4-Flash,Qwen3.5-4B,pt_exams_math,intermediate_error,Qwen3.5-4B|pt_exams_math|pt_exams_math/56|g0,1
V4-Flash,Qwen3.5-4B,pt_exams_math,intermediate_error,Qwen3.5-4B|pt_exams_math|pt_exams_math/58|g4,1
V4-Flash,Qwen3.5-4B,pt_exams_math,intermediate_error,Qwen3.5-4B|pt_exams_math|pt_exams_math/59|g4,1
V4-Flash,Qwen3.5-4B,pt_exams_math,intermediate_error,Qwen3.5-4B|pt_exams_math|pt_exams_math/6|g6,1
V4-Flash,Qwen3.5-4B,pt_exams_math,intermediate_error,Qwen3.5-4B|pt_exams_math|pt_exams_math/60|g10,1
V4-Flash,Qwen3.5-4B,pt_exams_math,intermediate_error,Qwen3.5-4B|pt_exams_math|pt_exams_math/62|g15,1
V4-Flash,Qwen3.5-4B,pt_exams_math,intermediate_error,Qwen3.5-4B|pt_exams_math|pt_exams_math/65|g2,1
V4-Flash,Qwen3.5-4B,pt_exams_math,intermediate_error,Qwen3.5-4B|pt_exams_math|pt_exams_math/68|g2,1
V4-Flash,Qwen3.5-4B,pt_exams_math,intermediate_error,Qwen3.5-4B|pt_exams_math|pt_exams_math/69|g10,1
V4-Flash,Qwen3.5-4B,pt_exams_math,intermediate_error,Qwen3.5-4B|pt_exams_math|pt_exams_math/7|g6,1
V4-Flash,Qwen3.5-4B,pt_exams_math,intermediate_error,Qwen3.5-4B|pt_exams_math|pt_exams_math/70|g13,1
V4-Flash,Qwen3.5-4B,pt_exams_math,intermediate_error,Qwen3.5-4B|pt_exams_math|pt_exams_math/71|g13,1
V4-Flash,Qwen3.5-4B,pt_exams_math,intermediate_error,Qwen3.5-4B|pt_exams_math|pt_exams_math/72|g7,1
V4-Flash,Qwen3.5-4B,pt_exams_math,intermediate_error,Qwen3.5-4B|pt_exams_math|pt_exams_math/74|g10,1
V4-Flash,Qwen3.5-4B,pt_exams_math,intermediate_error,Qwen3.5-4B|pt_exams_math|pt_exams_math/75|g4,1
V4-Flash,Qwen3.5-4B,pt_exams_math,intermediate_error,Qwen3.5-4B|pt_exams_math|pt_exams_math/77|g9,1
V4-Flash,Qwen3.5-4B,pt_exams_math,intermediate_error,Qwen3.5-4B|pt_exams_math|pt_exams_math/79|g14,1
V4-Flash,Qwen3.5-4B,pt_exams_math,intermediate_error,Qwen3.5-4B|pt_exams_math|pt_exams_math/81|g1,1
V4-Flash,Qwen3.5-4B,pt_exams_math,intermediate_error,Qwen3.5-4B|pt_exams_math|pt_exams_math/82|g13,1
V4-Flash,Qwen3.5-4B,pt_exams_math,intermediate_error,Qwen3.5-4B|pt_exams_math|pt_exams_math/86|g11,1
V4-Flash,Qwen3.5-4B,pt_exams_math,intermediate_error,Qwen3.5-4B|pt_exams_math|pt_exams_math/87|g14,1
V4-Flash,Qwen3.5-4B,pt_exams_math,intermediate_error,Qwen3.5-4B|pt_exams_math|pt_exams_math/90|g15,1
V4-Flash,Qwen3.5-4B,pt_exams_math,intermediate_error,Qwen3.5-4B|pt_exams_math|pt_exams_math/97|g0,1
V4-Flash,Qwen3.5-4B,pt_exams_math,intermediate_error,Qwen3.5-4B|pt_exams_math|pt_exams_math/99|g12,1
V4-Flash,Qwen3.5-4B,pt_exams_math,truncated,Qwen3.5-4B|pt_exams_math|pt_exams_math/1|g7,1
V4-Flash,Qwen3.5-4B,pt_exams_math,truncated,Qwen3.5-4B|pt_exams_math|pt_exams_math/10|g3,1
V4-Flash,Qwen3.5-4B,pt_exams_math,truncated,Qwen3.5-4B|pt_exams_math|pt_exams_math/101|g12,1
V4-Flash,Qwen3.5-4B,pt_exams_math,truncated,Qwen3.5-4B|pt_exams_math|pt_exams_math/102|g5,1
V4-Flash,Qwen3.5-4B,pt_exams_math,truncated,Qwen3.5-4B|pt_exams_math|pt_exams_math/103|g2,1
V4-Flash,Qwen3.5-4B,pt_exams_math,truncated,Qwen3.5-4B|pt_exams_math|pt_exams_math/104|g7,1
V4-Flash,Qwen3.5-4B,pt_exams_math,truncated,Qwen3.5-4B|pt_exams_math|pt_exams_math/106|g12,1
V4-Flash,Qwen3.5-4B,pt_exams_math,truncated,Qwen3.5-4B|pt_exams_math|pt_exams_math/107|g5,1
V4-Flash,Qwen3.5-4B,pt_exams_math,truncated,Qwen3.5-4B|pt_exams_math|pt_exams_math/108|g15,1
V4-Flash,Qwen3.5-4B,pt_exams_math,truncated,Qwen3.5-4B|pt_exams_math|pt_exams_math/109|g3,1
V4-Flash,Qwen3.5-4B,pt_exams_math,truncated,Qwen3.5-4B|pt_exams_math|pt_exams_math/111|g1,1
V4-Flash,Qwen3.5-4B,pt_exams_math,truncated,Qwen3.5-4B|pt_exams_math|pt_exams_math/113|g7,1
V4-Flash,Qwen3.5-4B,pt_exams_math,truncated,Qwen3.5-4B|pt_exams_math|pt_exams_math/118|g13,1
V4-Flash,Qwen3.5-4B,pt_exams_math,truncated,Qwen3.5-4B|pt_exams_math|pt_exams_math/119|g14,1
V4-Flash,Qwen3.5-4B,pt_exams_math,truncated,Qwen3.5-4B|pt_exams_math|pt_exams_math/121|g12,1
V4-Flash,Qwen3.5-4B,pt_exams_math,truncated,Qwen3.5-4B|pt_exams_math|pt_exams_math/126|g15,1
V4-Flash,Qwen3.5-4B,pt_exams_math,truncated,Qwen3.5-4B|pt_exams_math|pt_exams_math/128|g1,1
V4-Flash,Qwen3.5-4B,pt_exams_math,truncated,Qwen3.5-4B|pt_exams_math|pt_exams_math/130|g1,1
V4-Flash,Qwen3.5-4B,pt_exams_math,truncated,Qwen3.5-4B|pt_exams_math|pt_exams_math/134|g3,1
V4-Flash,Qwen3.5-4B,pt_exams_math,truncated,Qwen3.5-4B|pt_exams_math|pt_exams_math/138|g7,1
V4-Flash,Qwen3.5-4B,pt_exams_math,truncated,Qwen3.5-4B|pt_exams_math|pt_exams_math/14|g7,1
V4-Flash,Qwen3.5-4B,pt_exams_math,truncated,Qwen3.5-4B|pt_exams_math|pt_exams_math/140|g5,1
V4-Flash,Qwen3.5-4B,pt_exams_math,truncated,Qwen3.5-4B|pt_exams_math|pt_exams_math/142|g9,1
V4-Flash,Qwen3.5-4B,pt_exams_math,truncated,Qwen3.5-4B|pt_exams_math|pt_exams_math/146|g9,1
V4-Flash,Qwen3.5-4B,pt_exams_math,truncated,Qwen3.5-4B|pt_exams_math|pt_exams_math/15|g5,1
V4-Flash,Qwen3.5-4B,pt_exams_math,truncated,Qwen3.5-4B|pt_exams_math|pt_exams_math/150|g9,1
V4-Flash,Qwen3.5-4B,pt_exams_math,truncated,Qwen3.5-4B|pt_exams_math|pt_exams_math/153|g3,1
V4-Flash,Qwen3.5-4B,pt_exams_math,truncated,Qwen3.5-4B|pt_exams_math|pt_exams_math/159|g8,1
V4-Flash,Qwen3.5-4B,pt_exams_math,truncated,Qwen3.5-4B|pt_exams_math|pt_exams_math/160|g4,1
V4-Flash,Qwen3.5-4B,pt_exams_math,truncated,Qwen3.5-4B|pt_exams_math|pt_exams_math/17|g10,1
V4-Flash,Qwen3.5-4B,pt_exams_math,truncated,Qwen3.5-4B|pt_exams_math|pt_exams_math/18|g14,1
V4-Flash,Qwen3.5-4B,pt_exams_math,truncated,Qwen3.5-4B|pt_exams_math|pt_exams_math/21|g1,1
V4-Flash,Qwen3.5-4B,pt_exams_math,truncated,Qwen3.5-4B|pt_exams_math|pt_exams_math/26|g0,1
V4-Flash,Qwen3.5-4B,pt_exams_math,truncated,Qwen3.5-4B|pt_exams_math|pt_exams_math/27|g6,1
V4-Flash,Qwen3.5-4B,pt_exams_math,truncated,Qwen3.5-4B|pt_exams_math|pt_exams_math/28|g4,1
V4-Flash,Qwen3.5-4B,pt_exams_math,truncated,Qwen3.5-4B|pt_exams_math|pt_exams_math/3|g13,1
V4-Flash,Qwen3.5-4B,pt_exams_math,truncated,Qwen3.5-4B|pt_exams_math|pt_exams_math/31|g10,1
V4-Flash,Qwen3.5-4B,pt_exams_math,truncated,Qwen3.5-4B|pt_exams_math|pt_exams_math/33|g1,1
V4-Flash,Qwen3.5-4B,pt_exams_math,truncated,Qwen3.5-4B|pt_exams_math|pt_exams_math/34|g10,1
V4-Flash,Qwen3.5-4B,pt_exams_math,truncated,Qwen3.5-4B|pt_exams_math|pt_exams_math/35|g6,1
V4-Flash,Qwen3.5-4B,pt_exams_math,truncated,Qwen3.5-4B|pt_exams_math|pt_exams_math/36|g2,1
V4-Flash,Qwen3.5-4B,pt_exams_math,truncated,Qwen3.5-4B|pt_exams_math|pt_exams_math/44|g10,1
V4-Flash,Qwen3.5-4B,pt_exams_math,truncated,Qwen3.5-4B|pt_exams_math|pt_exams_math/45|g2,1
V4-Flash,Qwen3.5-4B,pt_exams_math,truncated,Qwen3.5-4B|pt_exams_math|pt_exams_math/5|g8,1
V4-Flash,Qwen3.5-4B,pt_exams_math,truncated,Qwen3.5-4B|pt_exams_math|pt_exams_math/50|g15,1
V4-Flash,Qwen3.5-4B,pt_exams_math,truncated,Qwen3.5-4B|pt_exams_math|pt_exams_math/51|g11,1
V4-Flash,Qwen3.5-4B,pt_exams_math,truncated,Qwen3.5-4B|pt_exams_math|pt_exams_math/53|g9,1
V4-Flash,Qwen3.5-4B,pt_exams_math,truncated,Qwen3.5-4B|pt_exams_math|pt_exams_math/54|g4,1
V4-Flash,Qwen3.5-4B,pt_exams_math,truncated,Qwen3.5-4B|pt_exams_math|pt_exams_math/56|g0,1
V4-Flash,Qwen3.5-4B,pt_exams_math,truncated,Qwen3.5-4B|pt_exams_math|pt_exams_math/58|g4,1
V4-Flash,Qwen3.5-4B,pt_exams_math,truncated,Qwen3.5-4B|pt_exams_math|pt_exams_math/59|g4,1
V4-Flash,Qwen3.5-4B,pt_exams_math,truncated,Qwen3.5-4B|pt_exams_math|pt_exams_math/6|g6,1
V4-Flash,Qwen3.5-4B,pt_exams_math,truncated,Qwen3.5-4B|pt_exams_math|pt_exams_math/60|g10,1
V4-Flash,Qwen3.5-4B,pt_exams_math,truncated,Qwen3.5-4B|pt_exams_math|pt_exams_math/62|g15,1
V4-Flash,Qwen3.5-4B,pt_exams_math,truncated,Qwen3.5-4B|pt_exams_math|pt_exams_math/65|g2,1
V4-Flash,Qwen3.5-4B,pt_exams_math,truncated,Qwen3.5-4B|pt_exams_math|pt_exams_math/68|g2,1
V4-Flash,Qwen3.5-4B,pt_exams_math,truncated,Qwen3.5-4B|pt_exams_math|pt_exams_math/69|g10,1
V4-Flash,Qwen3.5-4B,pt_exams_math,truncated,Qwen3.5-4B|pt_exams_math|pt_exams_math/7|g6,1
V4-Flash,Qwen3.5-4B,pt_exams_math,truncated,Qwen3.5-4B|pt_exams_math|pt_exams_math/70|g13,1
V4-Flash,Qwen3.5-4B,pt_exams_math,truncated,Qwen3.5-4B|pt_exams_math|pt_exams_math/71|g13,1
V4-Flash,Qwen3.5-4B,pt_exams_math,truncated,Qwen3.5-4B|pt_exams_math|pt_exams_math/72|g7,1
V4-Flash,Qwen3.5-4B,pt_exams_math,truncated,Qwen3.5-4B|pt_exams_math|pt_exams_math/74|g10,1
V4-Flash,Qwen3.5-4B,pt_exams_math,truncated,Qwen3.5-4B|pt_exams_math|pt_exams_math/75|g4,1
V4-Flash,Qwen3.5-4B,pt_exams_math,truncated,Qwen3.5-4B|pt_exams_math|pt_exams_math/77|g9,1
V4-Flash,Qwen3.5-4B,pt_exams_math,truncated,Qwen3.5-4B|pt_exams_math|pt_exams_math/79|g14,1
V4-Flash,Qwen3.5-4B,pt_exams_math,truncated,Qwen3.5-4B|pt_exams_math|pt_exams_math/81|g1,1
V4-Flash,Qwen3.5-4B,pt_exams_math,truncated,Qwen3.5-4B|pt_exams_math|pt_exams_math/82|g13,0
V4-Flash,Qwen3.5-4B,pt_exams_math,truncated,Qwen3.5-4B|pt_exams_math|pt_exams_math/86|g11,1
V4-Flash,Qwen3.5-4B,pt_exams_math,truncated,Qwen3.5-4B|pt_exams_math|pt_exams_math/87|g14,1
V4-Flash,Qwen3.5-4B,pt_exams_math,truncated,Qwen3.5-4B|pt_exams_math|pt_exams_math/90|g15,1
V4-Flash,Qwen3.5-4B,pt_exams_math,truncated,Qwen3.5-4B|pt_exams_math|pt_exams_math/97|g0,1
V4-Flash,Qwen3.5-4B,pt_exams_math,truncated,Qwen3.5-4B|pt_exams_math|pt_exams_math/99|g12,1
V4-Flash,Qwen3.5-4B,tubitak_math2026,boxed_only,Qwen3.5-4B|tubitak_math2026|tubitak_math2026/1|g0,1
V4-Flash,Qwen3.5-4B,tubitak_math2026,boxed_only,Qwen3.5-4B|tubitak_math2026|tubitak_math2026/1|g1,0
V4-Flash,Qwen3.5-4B,tubitak_math2026,boxed_only,Qwen3.5-4B|tubitak_math2026|tubitak_math2026/1|g21,0
V4-Flash,Qwen3.5-4B,tubitak_math2026,boxed_only,Qwen3.5-4B|tubitak_math2026|tubitak_math2026/1|g31,0
V4-Flash,Qwen3.5-4B,tubitak_math2026,boxed_only,Qwen3.5-4B|tubitak_math2026|tubitak_math2026/1|g59,0
V4-Flash,Qwen3.5-4B,tubitak_math2026,boxed_only,Qwen3.5-4B|tubitak_math2026|tubitak_math2026/11|g14,0
V4-Flash,Qwen3.5-4B,tubitak_math2026,boxed_only,Qwen3.5-4B|tubitak_math2026|tubitak_math2026/11|g18,0
V4-Flash,Qwen3.5-4B,tubitak_math2026,boxed_only,Qwen3.5-4B|tubitak_math2026|tubitak_math2026/11|g26,0
V4-Flash,Qwen3.5-4B,tubitak_math2026,boxed_only,Qwen3.5-4B|tubitak_math2026|tubitak_math2026/11|g37,0
V4-Flash,Qwen3.5-4B,tubitak_math2026,boxed_only,Qwen3.5-4B|tubitak_math2026|tubitak_math2026/12|g1,0
V4-Flash,Qwen3.5-4B,tubitak_math2026,boxed_only,Qwen3.5-4B|tubitak_math2026|tubitak_math2026/12|g18,1
V4-Flash,Qwen3.5-4B,tubitak_math2026,boxed_only,Qwen3.5-4B|tubitak_math2026|tubitak_math2026/12|g21,0
V4-Flash,Qwen3.5-4B,tubitak_math2026,boxed_only,Qwen3.5-4B|tubitak_math2026|tubitak_math2026/12|g38,0
V4-Flash,Qwen3.5-4B,tubitak_math2026,boxed_only,Qwen3.5-4B|tubitak_math2026|tubitak_math2026/12|g6,0
V4-Flash,Qwen3.5-4B,tubitak_math2026,boxed_only,Qwen3.5-4B|tubitak_math2026|tubitak_math2026/13|g10,0
V4-Flash,Qwen3.5-4B,tubitak_math2026,boxed_only,Qwen3.5-4B|tubitak_math2026|tubitak_math2026/13|g16,0
V4-Flash,Qwen3.5-4B,tubitak_math2026,boxed_only,Qwen3.5-4B|tubitak_math2026|tubitak_math2026/13|g23,1
V4-Flash,Qwen3.5-4B,tubitak_math2026,boxed_only,Qwen3.5-4B|tubitak_math2026|tubitak_math2026/13|g33,1
V4-Flash,Qwen3.5-4B,tubitak_math2026,boxed_only,Qwen3.5-4B|tubitak_math2026|tubitak_math2026/13|g51,1
V4-Flash,Qwen3.5-4B,tubitak_math2026,boxed_only,Qwen3.5-4B|tubitak_math2026|tubitak_math2026/15|g41,0
V4-Flash,Qwen3.5-4B,tubitak_math2026,boxed_only,Qwen3.5-4B|tubitak_math2026|tubitak_math2026/15|g52,0
V4-Flash,Qwen3.5-4B,tubitak_math2026,boxed_only,Qwen3.5-4B|tubitak_math2026|tubitak_math2026/15|g59,0
V4-Flash,Qwen3.5-4B,tubitak_math2026,boxed_only,Qwen3.5-4B|tubitak_math2026|tubitak_math2026/15|g60,0
V4-Flash,Qwen3.5-4B,tubitak_math2026,boxed_only,Qwen3.5-4B|tubitak_math2026|tubitak_math2026/15|g61,0
V4-Flash,Qwen3.5-4B,tubitak_math2026,boxed_only,Qwen3.5-4B|tubitak_math2026|tubitak_math2026/16|g21,0
V4-Flash,Qwen3.5-4B,tubitak_math2026,boxed_only,Qwen3.5-4B|tubitak_math2026|tubitak_math2026/16|g22,0
V4-Flash,Qwen3.5-4B,tubitak_math2026,boxed_only,Qwen3.5-4B|tubitak_math2026|tubitak_math2026/16|g27,0
V4-Flash,Qwen3.5-4B,tubitak_math2026,boxed_only,Qwen3.5-4B|tubitak_math2026|tubitak_math2026/16|g43,0
V4-Flash,Qwen3.5-4B,tubitak_math2026,boxed_only,Qwen3.5-4B|tubitak_math2026|tubitak_math2026/16|g60,0
V4-Flash,Qwen3.5-4B,tubitak_math2026,boxed_only,Qwen3.5-4B|tubitak_math2026|tubitak_math2026/17|g1,0
V4-Flash,Qwen3.5-4B,tubitak_math2026,boxed_only,Qwen3.5-4B|tubitak_math2026|tubitak_math2026/17|g15,0
V4-Flash,Qwen3.5-4B,tubitak_math2026,boxed_only,Qwen3.5-4B|tubitak_math2026|tubitak_math2026/17|g28,1
V4-Flash,Qwen3.5-4B,tubitak_math2026,boxed_only,Qwen3.5-4B|tubitak_math2026|tubitak_math2026/17|g45,1
V4-Flash,Qwen3.5-4B,tubitak_math2026,boxed_only,Qwen3.5-4B|tubitak_math2026|tubitak_math2026/17|g8,1
V4-Flash,Qwen3.5-4B,tubitak_math2026,boxed_only,Qwen3.5-4B|tubitak_math2026|tubitak_math2026/20|g20,0
V4-Flash,Qwen3.5-4B,tubitak_math2026,boxed_only,Qwen3.5-4B|tubitak_math2026|tubitak_math2026/20|g45,0
V4-Flash,Qwen3.5-4B,tubitak_math2026,boxed_only,Qwen3.5-4B|tubitak_math2026|tubitak_math2026/20|g56,0
V4-Flash,Qwen3.5-4B,tubitak_math2026,boxed_only,Qwen3.5-4B|tubitak_math2026|tubitak_math2026/20|g63,0
V4-Flash,Qwen3.5-4B,tubitak_math2026,boxed_only,Qwen3.5-4B|tubitak_math2026|tubitak_math2026/20|g8,0
V4-Flash,Qwen3.5-4B,tubitak_math2026,boxed_only,Qwen3.5-4B|tubitak_math2026|tubitak_math2026/21|g10,0
V4-Flash,Qwen3.5-4B,tubitak_math2026,boxed_only,Qwen3.5-4B|tubitak_math2026|tubitak_math2026/21|g44,0
V4-Flash,Qwen3.5-4B,tubitak_math2026,boxed_only,Qwen3.5-4B|tubitak_math2026|tubitak_math2026/28|g0,0
V4-Flash,Qwen3.5-4B,tubitak_math2026,boxed_only,Qwen3.5-4B|tubitak_math2026|tubitak_math2026/28|g23,0
V4-Flash,Qwen3.5-4B,tubitak_math2026,boxed_only,Qwen3.5-4B|tubitak_math2026|tubitak_math2026/28|g38,0
V4-Flash,Qwen3.5-4B,tubitak_math2026,boxed_only,Qwen3.5-4B|tubitak_math2026|tubitak_math2026/28|g52,0
V4-Flash,Qwen3.5-4B,tubitak_math2026,boxed_only,Qwen3.5-4B|tubitak_math2026|tubitak_math2026/28|g63,0
V4-Flash,Qwen3.5-4B,tubitak_math2026,boxed_only,Qwen3.5-4B|tubitak_math2026|tubitak_math2026/30|g20,0
V4-Flash,Qwen3.5-4B,tubitak_math2026,boxed_only,Qwen3.5-4B|tubitak_math2026|tubitak_math2026/30|g28,0
V4-Flash,Qwen3.5-4B,tubitak_math2026,boxed_only,Qwen3.5-4B|tubitak_math2026|tubitak_math2026/30|g31,0
V4-Flash,Qwen3.5-4B,tubitak_math2026,boxed_only,Qwen3.5-4B|tubitak_math2026|tubitak_math2026/30|g42,0
V4-Flash,Qwen3.5-4B,tubitak_math2026,boxed_only,Qwen3.5-4B|tubitak_math2026|tubitak_math2026/30|g7,1
V4-Flash,Qwen3.5-4B,tubitak_math2026,boxed_only,Qwen3.5-4B|tubitak_math2026|tubitak_math2026/31|g0,1
V4-Flash,Qwen3.5-4B,tubitak_math2026,boxed_only,Qwen3.5-4B|tubitak_math2026|tubitak_math2026/31|g33,0
V4-Flash,Qwen3.5-4B,tubitak_math2026,boxed_only,Qwen3.5-4B|tubitak_math2026|tubitak_math2026/31|g5,1
V4-Flash,Qwen3.5-4B,tubitak_math2026,boxed_only,Qwen3.5-4B|tubitak_math2026|tubitak_math2026/31|g55,0
V4-Flash,Qwen3.5-4B,tubitak_math2026,boxed_only,Qwen3.5-4B|tubitak_math2026|tubitak_math2026/31|g57,0
V4-Flash,Qwen3.5-4B,tubitak_math2026,boxed_only,Qwen3.5-4B|tubitak_math2026|tubitak_math2026/4|g0,1
V4-Flash,Qwen3.5-4B,tubitak_math2026,boxed_only,Qwen3.5-4B|tubitak_math2026|tubitak_math2026/4|g18,1
V4-Flash,Qwen3.5-4B,tubitak_math2026,boxed_only,Qwen3.5-4B|tubitak_math2026|tubitak_math2026/4|g24,1
V4-Flash,Qwen3.5-4B,tubitak_math2026,boxed_only,Qwen3.5-4B|tubitak_math2026|tubitak_math2026/4|g28,0
V4-Flash,Qwen3.5-4B,tubitak_math2026,boxed_only,Qwen3.5-4B|tubitak_math2026|tubitak_math2026/4|g57,1
V4-Flash,Qwen3.5-4B,tubitak_math2026,boxed_only,Qwen3.5-4B|tubitak_math2026|tubitak_math2026/5|g12,0
V4-Flash,Qwen3.5-4B,tubitak_math2026,boxed_only,Qwen3.5-4B|tubitak_math2026|tubitak_math2026/5|g15,1
V4-Flash,Qwen3.5-4B,tubitak_math2026,boxed_only,Qwen3.5-4B|tubitak_math2026|tubitak_math2026/5|g21,1
V4-Flash,Qwen3.5-4B,tubitak_math2026,boxed_only,Qwen3.5-4B|tubitak_math2026|tubitak_math2026/5|g61,0
V4-Flash,Qwen3.5-4B,tubitak_math2026,boxed_only,Qwen3.5-4B|tubitak_math2026|tubitak_math2026/5|g8,0
V4-Flash,Qwen3.5-4B,tubitak_math2026,boxed_only,Qwen3.5-4B|tubitak_math2026|tubitak_math2026/9|g16,0
V4-Flash,Qwen3.5-4B,tubitak_math2026,boxed_only,Qwen3.5-4B|tubitak_math2026|tubitak_math2026/9|g34,0
V4-Flash,Qwen3.5-4B,tubitak_math2026,boxed_only,Qwen3.5-4B|tubitak_math2026|tubitak_math2026/9|g36,0
V4-Flash,Qwen3.5-4B,tubitak_math2026,boxed_only,Qwen3.5-4B|tubitak_math2026|tubitak_math2026/9|g42,1
V4-Flash,Qwen3.5-4B,tubitak_math2026,boxed_only,Qwen3.5-4B|tubitak_math2026|tubitak_math2026/9|g55,1
V4-Flash,Qwen3.5-4B,tubitak_math2026,boxed_only,Qwen3.5-4B|tubitak_math2026|tubitak_math2026/9|g59,0
V4-Flash,Qwen3.5-4B,tubitak_math2026,clean,Qwen3.5-4B|tubitak_math2026|tubitak_math2026/1|g0,1
V4-Flash,Qwen3.5-4B,tubitak_math2026,clean,Qwen3.5-4B|tubitak_math2026|tubitak_math2026/1|g1,0
V4-Flash,Qwen3.5-4B,tubitak_math2026,clean,Qwen3.5-4B|tubitak_math2026|tubitak_math2026/1|g21,0
V4-Flash,Qwen3.5-4B,tubitak_math2026,clean,Qwen3.5-4B|tubitak_math2026|tubitak_math2026/1|g31,0
V4-Flash,Qwen3.5-4B,tubitak_math2026,clean,Qwen3.5-4B|tubitak_math2026|tubitak_math2026/1|g59,0
V4-Flash,Qwen3.5-4B,tubitak_math2026,clean,Qwen3.5-4B|tubitak_math2026|tubitak_math2026/11|g14,1
V4-Flash,Qwen3.5-4B,tubitak_math2026,clean,Qwen3.5-4B|tubitak_math2026|tubitak_math2026/11|g18,1
V4-Flash,Qwen3.5-4B,tubitak_math2026,clean,Qwen3.5-4B|tubitak_math2026|tubitak_math2026/11|g26,1
V4-Flash,Qwen3.5-4B,tubitak_math2026,clean,Qwen3.5-4B|tubitak_math2026|tubitak_math2026/11|g37,1
V4-Flash,Qwen3.5-4B,tubitak_math2026,clean,Qwen3.5-4B|tubitak_math2026|tubitak_math2026/12|g1,1
V4-Flash,Qwen3.5-4B,tubitak_math2026,clean,Qwen3.5-4B|tubitak_math2026|tubitak_math2026/12|g18,1
V4-Flash,Qwen3.5-4B,tubitak_math2026,clean,Qwen3.5-4B|tubitak_math2026|tubitak_math2026/12|g21,1
V4-Flash,Qwen3.5-4B,tubitak_math2026,clean,Qwen3.5-4B|tubitak_math2026|tubitak_math2026/12|g38,1
V4-Flash,Qwen3.5-4B,tubitak_math2026,clean,Qwen3.5-4B|tubitak_math2026|tubitak_math2026/12|g6,1
V4-Flash,Qwen3.5-4B,tubitak_math2026,clean,Qwen3.5-4B|tubitak_math2026|tubitak_math2026/13|g10,1
V4-Flash,Qwen3.5-4B,tubitak_math2026,clean,Qwen3.5-4B|tubitak_math2026|tubitak_math2026/13|g16,0
V4-Flash,Qwen3.5-4B,tubitak_math2026,clean,Qwen3.5-4B|tubitak_math2026|tubitak_math2026/13|g23,1
V4-Flash,Qwen3.5-4B,tubitak_math2026,clean,Qwen3.5-4B|tubitak_math2026|tubitak_math2026/13|g33,1
V4-Flash,Qwen3.5-4B,tubitak_math2026,clean,Qwen3.5-4B|tubitak_math2026|tubitak_math2026/13|g51,1
V4-Flash,Qwen3.5-4B,tubitak_math2026,clean,Qwen3.5-4B|tubitak_math2026|tubitak_math2026/15|g41,1
V4-Flash,Qwen3.5-4B,tubitak_math2026,clean,Qwen3.5-4B|tubitak_math2026|tubitak_math2026/15|g52,1
V4-Flash,Qwen3.5-4B,tubitak_math2026,clean,Qwen3.5-4B|tubitak_math2026|tubitak_math2026/15|g59,1
V4-Flash,Qwen3.5-4B,tubitak_math2026,clean,Qwen3.5-4B|tubitak_math2026|tubitak_math2026/15|g60,1
V4-Flash,Qwen3.5-4B,tubitak_math2026,clean,Qwen3.5-4B|tubitak_math2026|tubitak_math2026/15|g61,1
V4-Flash,Qwen3.5-4B,tubitak_math2026,clean,Qwen3.5-4B|tubitak_math2026|tubitak_math2026/16|g21,0
V4-Flash,Qwen3.5-4B,tubitak_math2026,clean,Qwen3.5-4B|tubitak_math2026|tubitak_math2026/16|g22,0
V4-Flash,Qwen3.5-4B,tubitak_math2026,clean,Qwen3.5-4B|tubitak_math2026|tubitak_math2026/16|g27,0
V4-Flash,Qwen3.5-4B,tubitak_math2026,clean,Qwen3.5-4B|tubitak_math2026|tubitak_math2026/16|g43,0
V4-Flash,Qwen3.5-4B,tubitak_math2026,clean,Qwen3.5-4B|tubitak_math2026|tubitak_math2026/16|g60,0
V4-Flash,Qwen3.5-4B,tubitak_math2026,clean,Qwen3.5-4B|tubitak_math2026|tubitak_math2026/17|g1,1
V4-Flash,Qwen3.5-4B,tubitak_math2026,clean,Qwen3.5-4B|tubitak_math2026|tubitak_math2026/17|g15,1
V4-Flash,Qwen3.5-4B,tubitak_math2026,clean,Qwen3.5-4B|tubitak_math2026|tubitak_math2026/17|g28,1
V4-Flash,Qwen3.5-4B,tubitak_math2026,clean,Qwen3.5-4B|tubitak_math2026|tubitak_math2026/17|g45,1
V4-Flash,Qwen3.5-4B,tubitak_math2026,clean,Qwen3.5-4B|tubitak_math2026|tubitak_math2026/17|g8,1
V4-Flash,Qwen3.5-4B,tubitak_math2026,clean,Qwen3.5-4B|tubitak_math2026|tubitak_math2026/20|g20,1
V4-Flash,Qwen3.5-4B,tubitak_math2026,clean,Qwen3.5-4B|tubitak_math2026|tubitak_math2026/20|g45,1
V4-Flash,Qwen3.5-4B,tubitak_math2026,clean,Qwen3.5-4B|tubitak_math2026|tubitak_math2026/20|g56,1
V4-Flash,Qwen3.5-4B,tubitak_math2026,clean,Qwen3.5-4B|tubitak_math2026|tubitak_math2026/20|g63,1
V4-Flash,Qwen3.5-4B,tubitak_math2026,clean,Qwen3.5-4B|tubitak_math2026|tubitak_math2026/20|g8,1
V4-Flash,Qwen3.5-4B,tubitak_math2026,clean,Qwen3.5-4B|tubitak_math2026|tubitak_math2026/21|g10,0
V4-Flash,Qwen3.5-4B,tubitak_math2026,clean,Qwen3.5-4B|tubitak_math2026|tubitak_math2026/21|g44,0
V4-Flash,Qwen3.5-4B,tubitak_math2026,clean,Qwen3.5-4B|tubitak_math2026|tubitak_math2026/28|g0,0
V4-Flash,Qwen3.5-4B,tubitak_math2026,clean,Qwen3.5-4B|tubitak_math2026|tubitak_math2026/28|g23,0
V4-Flash,Qwen3.5-4B,tubitak_math2026,clean,Qwen3.5-4B|tubitak_math2026|tubitak_math2026/28|g38,1
V4-Flash,Qwen3.5-4B,tubitak_math2026,clean,Qwen3.5-4B|tubitak_math2026|tubitak_math2026/28|g52,0
V4-Flash,Qwen3.5-4B,tubitak_math2026,clean,Qwen3.5-4B|tubitak_math2026|tubitak_math2026/28|g63,0
V4-Flash,Qwen3.5-4B,tubitak_math2026,clean,Qwen3.5-4B|tubitak_math2026|tubitak_math2026/30|g20,1
V4-Flash,Qwen3.5-4B,tubitak_math2026,clean,Qwen3.5-4B|tubitak_math2026|tubitak_math2026/30|g28,1
V4-Flash,Qwen3.5-4B,tubitak_math2026,clean,Qwen3.5-4B|tubitak_math2026|tubitak_math2026/30|g31,0
V4-Flash,Qwen3.5-4B,tubitak_math2026,clean,Qwen3.5-4B|tubitak_math2026|tubitak_math2026/30|g42,1
V4-Flash,Qwen3.5-4B,tubitak_math2026,clean,Qwen3.5-4B|tubitak_math2026|tubitak_math2026/30|g7,1
V4-Flash,Qwen3.5-4B,tubitak_math2026,clean,Qwen3.5-4B|tubitak_math2026|tubitak_math2026/31|g0,1
V4-Flash,Qwen3.5-4B,tubitak_math2026,clean,Qwen3.5-4B|tubitak_math2026|tubitak_math2026/31|g33,1
V4-Flash,Qwen3.5-4B,tubitak_math2026,clean,Qwen3.5-4B|tubitak_math2026|tubitak_math2026/31|g5,1
V4-Flash,Qwen3.5-4B,tubitak_math2026,clean,Qwen3.5-4B|tubitak_math2026|tubitak_math2026/31|g55,1
V4-Flash,Qwen3.5-4B,tubitak_math2026,clean,Qwen3.5-4B|tubitak_math2026|tubitak_math2026/31|g57,1
V4-Flash,Qwen3.5-4B,tubitak_math2026,clean,Qwen3.5-4B|tubitak_math2026|tubitak_math2026/4|g0,1
V4-Flash,Qwen3.5-4B,tubitak_math2026,clean,Qwen3.5-4B|tubitak_math2026|tubitak_math2026/4|g18,1
V4-Flash,Qwen3.5-4B,tubitak_math2026,clean,Qwen3.5-4B|tubitak_math2026|tubitak_math2026/4|g24,1
V4-Flash,Qwen3.5-4B,tubitak_math2026,clean,Qwen3.5-4B|tubitak_math2026|tubitak_math2026/4|g28,1
V4-Flash,Qwen3.5-4B,tubitak_math2026,clean,Qwen3.5-4B|tubitak_math2026|tubitak_math2026/4|g57,1
V4-Flash,Qwen3.5-4B,tubitak_math2026,clean,Qwen3.5-4B|tubitak_math2026|tubitak_math2026/5|g12,1
V4-Flash,Qwen3.5-4B,tubitak_math2026,clean,Qwen3.5-4B|tubitak_math2026|tubitak_math2026/5|g15,1
V4-Flash,Qwen3.5-4B,tubitak_math2026,clean,Qwen3.5-4B|tubitak_math2026|tubitak_math2026/5|g21,1
V4-Flash,Qwen3.5-4B,tubitak_math2026,clean,Qwen3.5-4B|tubitak_math2026|tubitak_math2026/5|g61,1
V4-Flash,Qwen3.5-4B,tubitak_math2026,clean,Qwen3.5-4B|tubitak_math2026|tubitak_math2026/5|g8,1
V4-Flash,Qwen3.5-4B,tubitak_math2026,clean,Qwen3.5-4B|tubitak_math2026|tubitak_math2026/9|g16,1
V4-Flash,Qwen3.5-4B,tubitak_math2026,clean,Qwen3.5-4B|tubitak_math2026|tubitak_math2026/9|g34,1
V4-Flash,Qwen3.5-4B,tubitak_math2026,clean,Qwen3.5-4B|tubitak_math2026|tubitak_math2026/9|g36,1
V4-Flash,Qwen3.5-4B,tubitak_math2026,clean,Qwen3.5-4B|tubitak_math2026|tubitak_math2026/9|g42,1
V4-Flash,Qwen3.5-4B,tubitak_math2026,clean,Qwen3.5-4B|tubitak_math2026|tubitak_math2026/9|g55,1
V4-Flash,Qwen3.5-4B,tubitak_math2026,clean,Qwen3.5-4B|tubitak_math2026|tubitak_math2026/9|g59,0
V4-Flash,Qwen3.5-4B,tubitak_math2026,consistent_error,Qwen3.5-4B|tubitak_math2026|tubitak_math2026/1|g0,0
V4-Flash,Qwen3.5-4B,tubitak_math2026,consistent_error,Qwen3.5-4B|tubitak_math2026|tubitak_math2026/1|g1,0
V4-Flash,Qwen3.5-4B,tubitak_math2026,consistent_error,Qwen3.5-4B|tubitak_math2026|tubitak_math2026/1|g21,0
V4-Flash,Qwen3.5-4B,tubitak_math2026,consistent_error,Qwen3.5-4B|tubitak_math2026|tubitak_math2026/1|g31,0
V4-Flash,Qwen3.5-4B,tubitak_math2026,consistent_error,Qwen3.5-4B|tubitak_math2026|tubitak_math2026/1|g59,0
V4-Flash,Qwen3.5-4B,tubitak_math2026,consistent_error,Qwen3.5-4B|tubitak_math2026|tubitak_math2026/11|g14,0
V4-Flash,Qwen3.5-4B,tubitak_math2026,consistent_error,Qwen3.5-4B|tubitak_math2026|tubitak_math2026/11|g18,0
V4-Flash,Qwen3.5-4B,tubitak_math2026,consistent_error,Qwen3.5-4B|tubitak_math2026|tubitak_math2026/11|g26,0
V4-Flash,Qwen3.5-4B,tubitak_math2026,consistent_error,Qwen3.5-4B|tubitak_math2026|tubitak_math2026/11|g37,0
V4-Flash,Qwen3.5-4B,tubitak_math2026,consistent_error,Qwen3.5-4B|tubitak_math2026|tubitak_math2026/12|g1,0
V4-Flash,Qwen3.5-4B,tubitak_math2026,consistent_error,Qwen3.5-4B|tubitak_math2026|tubitak_math2026/12|g18,0
V4-Flash,Qwen3.5-4B,tubitak_math2026,consistent_error,Qwen3.5-4B|tubitak_math2026|tubitak_math2026/12|g21,0
V4-Flash,Qwen3.5-4B,tubitak_math2026,consistent_error,Qwen3.5-4B|tubitak_math2026|tubitak_math2026/12|g38,0
V4-Flash,Qwen3.5-4B,tubitak_math2026,consistent_error,Qwen3.5-4B|tubitak_math2026|tubitak_math2026/12|g6,0
V4-Flash,Qwen3.5-4B,tubitak_math2026,consistent_error,Qwen3.5-4B|tubitak_math2026|tubitak_math2026/13|g10,0
V4-Flash,Qwen3.5-4B,tubitak_math2026,consistent_error,Qwen3.5-4B|tubitak_math2026|tubitak_math2026/13|g16,0
V4-Flash,Qwen3.5-4B,tubitak_math2026,consistent_error,Qwen3.5-4B|tubitak_math2026|tubitak_math2026/13|g23,0
V4-Flash,Qwen3.5-4B,tubitak_math2026,consistent_error,Qwen3.5-4B|tubitak_math2026|tubitak_math2026/13|g33,0
V4-Flash,Qwen3.5-4B,tubitak_math2026,consistent_error,Qwen3.5-4B|tubitak_math2026|tubitak_math2026/13|g51,0
V4-Flash,Qwen3.5-4B,tubitak_math2026,consistent_error,Qwen3.5-4B|tubitak_math2026|tubitak_math2026/15|g41,0
V4-Flash,Qwen3.5-4B,tubitak_math2026,consistent_error,Qwen3.5-4B|tubitak_math2026|tubitak_math2026/15|g52,0
V4-Flash,Qwen3.5-4B,tubitak_math2026,consistent_error,Qwen3.5-4B|tubitak_math2026|tubitak_math2026/15|g59,0
V4-Flash,Qwen3.5-4B,tubitak_math2026,consistent_error,Qwen3.5-4B|tubitak_math2026|tubitak_math2026/15|g60,0
V4-Flash,Qwen3.5-4B,tubitak_math2026,consistent_error,Qwen3.5-4B|tubitak_math2026|tubitak_math2026/15|g61,0
V4-Flash,Qwen3.5-4B,tubitak_math2026,consistent_error,Qwen3.5-4B|tubitak_math2026|tubitak_math2026/16|g21,0
V4-Flash,Qwen3.5-4B,tubitak_math2026,consistent_error,Qwen3.5-4B|tubitak_math2026|tubitak_math2026/16|g22,0
V4-Flash,Qwen3.5-4B,tubitak_math2026,consistent_error,Qwen3.5-4B|tubitak_math2026|tubitak_math2026/16|g27,0
V4-Flash,Qwen3.5-4B,tubitak_math2026,consistent_error,Qwen3.5-4B|tubitak_math2026|tubitak_math2026/16|g43,0
V4-Flash,Qwen3.5-4B,tubitak_math2026,consistent_error,Qwen3.5-4B|tubitak_math2026|tubitak_math2026/16|g60,0
V4-Flash,Qwen3.5-4B,tubitak_math2026,consistent_error,Qwen3.5-4B|tubitak_math2026|tubitak_math2026/17|g1,0
V4-Flash,Qwen3.5-4B,tubitak_math2026,consistent_error,Qwen3.5-4B|tubitak_math2026|tubitak_math2026/17|g15,0
V4-Flash,Qwen3.5-4B,tubitak_math2026,consistent_error,Qwen3.5-4B|tubitak_math2026|tubitak_math2026/17|g28,0
V4-Flash,Qwen3.5-4B,tubitak_math2026,consistent_error,Qwen3.5-4B|tubitak_math2026|tubitak_math2026/17|g45,0
V4-Flash,Qwen3.5-4B,tubitak_math2026,consistent_error,Qwen3.5-4B|tubitak_math2026|tubitak_math2026/17|g8,0
V4-Flash,Qwen3.5-4B,tubitak_math2026,consistent_error,Qwen3.5-4B|tubitak_math2026|tubitak_math2026/20|g20,0
V4-Flash,Qwen3.5-4B,tubitak_math2026,consistent_error,Qwen3.5-4B|tubitak_math2026|tubitak_math2026/20|g45,0
V4-Flash,Qwen3.5-4B,tubitak_math2026,consistent_error,Qwen3.5-4B|tubitak_math2026|tubitak_math2026/20|g56,0
V4-Flash,Qwen3.5-4B,tubitak_math2026,consistent_error,Qwen3.5-4B|tubitak_math2026|tubitak_math2026/20|g63,0
V4-Flash,Qwen3.5-4B,tubitak_math2026,consistent_error,Qwen3.5-4B|tubitak_math2026|tubitak_math2026/20|g8,0
V4-Flash,Qwen3.5-4B,tubitak_math2026,consistent_error,Qwen3.5-4B|tubitak_math2026|tubitak_math2026/21|g10,0
V4-Flash,Qwen3.5-4B,tubitak_math2026,consistent_error,Qwen3.5-4B|tubitak_math2026|tubitak_math2026/21|g44,0
V4-Flash,Qwen3.5-4B,tubitak_math2026,consistent_error,Qwen3.5-4B|tubitak_math2026|tubitak_math2026/28|g0,0
V4-Flash,Qwen3.5-4B,tubitak_math2026,consistent_error,Qwen3.5-4B|tubitak_math2026|tubitak_math2026/28|g23,0
V4-Flash,Qwen3.5-4B,tubitak_math2026,consistent_error,Qwen3.5-4B|tubitak_math2026|tubitak_math2026/28|g38,0
V4-Flash,Qwen3.5-4B,tubitak_math2026,consistent_error,Qwen3.5-4B|tubitak_math2026|tubitak_math2026/28|g52,0
V4-Flash,Qwen3.5-4B,tubitak_math2026,consistent_error,Qwen3.5-4B|tubitak_math2026|tubitak_math2026/28|g63,0
V4-Flash,Qwen3.5-4B,tubitak_math2026,consistent_error,Qwen3.5-4B|tubitak_math2026|tubitak_math2026/30|g20,0
V4-Flash,Qwen3.5-4B,tubitak_math2026,consistent_error,Qwen3.5-4B|tubitak_math2026|tubitak_math2026/30|g28,0
V4-Flash,Qwen3.5-4B,tubitak_math2026,consistent_error,Qwen3.5-4B|tubitak_math2026|tubitak_math2026/30|g31,0
V4-Flash,Qwen3.5-4B,tubitak_math2026,consistent_error,Qwen3.5-4B|tubitak_math2026|tubitak_math2026/30|g42,0
V4-Flash,Qwen3.5-4B,tubitak_math2026,consistent_error,Qwen3.5-4B|tubitak_math2026|tubitak_math2026/30|g7,0
V4-Flash,Qwen3.5-4B,tubitak_math2026,consistent_error,Qwen3.5-4B|tubitak_math2026|tubitak_math2026/31|g0,0
V4-Flash,Qwen3.5-4B,tubitak_math2026,consistent_error,Qwen3.5-4B|tubitak_math2026|tubitak_math2026/31|g33,0
V4-Flash,Qwen3.5-4B,tubitak_math2026,consistent_error,Qwen3.5-4B|tubitak_math2026|tubitak_math2026/31|g5,1
V4-Flash,Qwen3.5-4B,tubitak_math2026,consistent_error,Qwen3.5-4B|tubitak_math2026|tubitak_math2026/31|g55,0
V4-Flash,Qwen3.5-4B,tubitak_math2026,consistent_error,Qwen3.5-4B|tubitak_math2026|tubitak_math2026/31|g57,0
V4-Flash,Qwen3.5-4B,tubitak_math2026,consistent_error,Qwen3.5-4B|tubitak_math2026|tubitak_math2026/4|g0,0
V4-Flash,Qwen3.5-4B,tubitak_math2026,consistent_error,Qwen3.5-4B|tubitak_math2026|tubitak_math2026/4|g18,0
V4-Flash,Qwen3.5-4B,tubitak_math2026,consistent_error,Qwen3.5-4B|tubitak_math2026|tubitak_math2026/4|g24,0
V4-Flash,Qwen3.5-4B,tubitak_math2026,consistent_error,Qwen3.5-4B|tubitak_math2026|tubitak_math2026/4|g28,0
V4-Flash,Qwen3.5-4B,tubitak_math2026,consistent_error,Qwen3.5-4B|tubitak_math2026|tubitak_math2026/4|g57,0
V4-Flash,Qwen3.5-4B,tubitak_math2026,consistent_error,Qwen3.5-4B|tubitak_math2026|tubitak_math2026/5|g12,0
V4-Flash,Qwen3.5-4B,tubitak_math2026,consistent_error,Qwen3.5-4B|tubitak_math2026|tubitak_math2026/5|g15,1
V4-Flash,Qwen3.5-4B,tubitak_math2026,consistent_error,Qwen3.5-4B|tubitak_math2026|tubitak_math2026/5|g21,0
V4-Flash,Qwen3.5-4B,tubitak_math2026,consistent_error,Qwen3.5-4B|tubitak_math2026|tubitak_math2026/5|g61,0
V4-Flash,Qwen3.5-4B,tubitak_math2026,consistent_error,Qwen3.5-4B|tubitak_math2026|tubitak_math2026/5|g8,0
V4-Flash,Qwen3.5-4B,tubitak_math2026,consistent_error,Qwen3.5-4B|tubitak_math2026|tubitak_math2026/9|g16,0
V4-Flash,Qwen3.5-4B,tubitak_math2026,consistent_error,Qwen3.5-4B|tubitak_math2026|tubitak_math2026/9|g34,1
V4-Flash,Qwen3.5-4B,tubitak_math2026,consistent_error,Qwen3.5-4B|tubitak_math2026|tubitak_math2026/9|g36,0
V4-Flash,Qwen3.5-4B,tubitak_math2026,consistent_error,Qwen3.5-4B|tubitak_math2026|tubitak_math2026/9|g42,0
V4-Flash,Qwen3.5-4B,tubitak_math2026,consistent_error,Qwen3.5-4B|tubitak_math2026|tubitak_math2026/9|g55,0
V4-Flash,Qwen3.5-4B,tubitak_math2026,consistent_error,Qwen3.5-4B|tubitak_math2026|tubitak_math2026/9|g59,0
V4-Flash,Qwen3.5-4B,tubitak_math2026,intermediate_error,Qwen3.5-4B|tubitak_math2026|tubitak_math2026/1|g0,1
V4-Flash,Qwen3.5-4B,tubitak_math2026,intermediate_error,Qwen3.5-4B|tubitak_math2026|tubitak_math2026/1|g1,0
V4-Flash,Qwen3.5-4B,tubitak_math2026,intermediate_error,Qwen3.5-4B|tubitak_math2026|tubitak_math2026/1|g21,0
V4-Flash,Qwen3.5-4B,tubitak_math2026,intermediate_error,Qwen3.5-4B|tubitak_math2026|tubitak_math2026/1|g31,0
V4-Flash,Qwen3.5-4B,tubitak_math2026,intermediate_error,Qwen3.5-4B|tubitak_math2026|tubitak_math2026/1|g59,0
V4-Flash,Qwen3.5-4B,tubitak_math2026,intermediate_error,Qwen3.5-4B|tubitak_math2026|tubitak_math2026/11|g14,1
V4-Flash,Qwen3.5-4B,tubitak_math2026,intermediate_error,Qwen3.5-4B|tubitak_math2026|tubitak_math2026/11|g18,1
V4-Flash,Qwen3.5-4B,tubitak_math2026,intermediate_error,Qwen3.5-4B|tubitak_math2026|tubitak_math2026/11|g26,1
V4-Flash,Qwen3.5-4B,tubitak_math2026,intermediate_error,Qwen3.5-4B|tubitak_math2026|tubitak_math2026/11|g37,1
V4-Flash,Qwen3.5-4B,tubitak_math2026,intermediate_error,Qwen3.5-4B|tubitak_math2026|tubitak_math2026/12|g1,1
V4-Flash,Qwen3.5-4B,tubitak_math2026,intermediate_error,Qwen3.5-4B|tubitak_math2026|tubitak_math2026/12|g18,1
V4-Flash,Qwen3.5-4B,tubitak_math2026,intermediate_error,Qwen3.5-4B|tubitak_math2026|tubitak_math2026/12|g21,1
V4-Flash,Qwen3.5-4B,tubitak_math2026,intermediate_error,Qwen3.5-4B|tubitak_math2026|tubitak_math2026/12|g38,1
V4-Flash,Qwen3.5-4B,tubitak_math2026,intermediate_error,Qwen3.5-4B|tubitak_math2026|tubitak_math2026/12|g6,1
V4-Flash,Qwen3.5-4B,tubitak_math2026,intermediate_error,Qwen3.5-4B|tubitak_math2026|tubitak_math2026/13|g10,0
V4-Flash,Qwen3.5-4B,tubitak_math2026,intermediate_error,Qwen3.5-4B|tubitak_math2026|tubitak_math2026/13|g16,0
V4-Flash,Qwen3.5-4B,tubitak_math2026,intermediate_error,Qwen3.5-4B|tubitak_math2026|tubitak_math2026/13|g23,1
V4-Flash,Qwen3.5-4B,tubitak_math2026,intermediate_error,Qwen3.5-4B|tubitak_math2026|tubitak_math2026/13|g33,1
V4-Flash,Qwen3.5-4B,tubitak_math2026,intermediate_error,Qwen3.5-4B|tubitak_math2026|tubitak_math2026/13|g51,1
V4-Flash,Qwen3.5-4B,tubitak_math2026,intermediate_error,Qwen3.5-4B|tubitak_math2026|tubitak_math2026/15|g41,1
V4-Flash,Qwen3.5-4B,tubitak_math2026,intermediate_error,Qwen3.5-4B|tubitak_math2026|tubitak_math2026/15|g52,1
V4-Flash,Qwen3.5-4B,tubitak_math2026,intermediate_error,Qwen3.5-4B|tubitak_math2026|tubitak_math2026/15|g59,1
V4-Flash,Qwen3.5-4B,tubitak_math2026,intermediate_error,Qwen3.5-4B|tubitak_math2026|tubitak_math2026/15|g60,1
V4-Flash,Qwen3.5-4B,tubitak_math2026,intermediate_error,Qwen3.5-4B|tubitak_math2026|tubitak_math2026/15|g61,1
V4-Flash,Qwen3.5-4B,tubitak_math2026,intermediate_error,Qwen3.5-4B|tubitak_math2026|tubitak_math2026/16|g21,0
V4-Flash,Qwen3.5-4B,tubitak_math2026,intermediate_error,Qwen3.5-4B|tubitak_math2026|tubitak_math2026/16|g22,0
V4-Flash,Qwen3.5-4B,tubitak_math2026,intermediate_error,Qwen3.5-4B|tubitak_math2026|tubitak_math2026/16|g27,0
V4-Flash,Qwen3.5-4B,tubitak_math2026,intermediate_error,Qwen3.5-4B|tubitak_math2026|tubitak_math2026/16|g43,0
V4-Flash,Qwen3.5-4B,tubitak_math2026,intermediate_error,Qwen3.5-4B|tubitak_math2026|tubitak_math2026/16|g60,1
V4-Flash,Qwen3.5-4B,tubitak_math2026,intermediate_error,Qwen3.5-4B|tubitak_math2026|tubitak_math2026/17|g1,1
V4-Flash,Qwen3.5-4B,tubitak_math2026,intermediate_error,Qwen3.5-4B|tubitak_math2026|tubitak_math2026/17|g15,1
V4-Flash,Qwen3.5-4B,tubitak_math2026,intermediate_error,Qwen3.5-4B|tubitak_math2026|tubitak_math2026/17|g28,1
V4-Flash,Qwen3.5-4B,tubitak_math2026,intermediate_error,Qwen3.5-4B|tubitak_math2026|tubitak_math2026/17|g45,1
V4-Flash,Qwen3.5-4B,tubitak_math2026,intermediate_error,Qwen3.5-4B|tubitak_math2026|tubitak_math2026/17|g8,1
V4-Flash,Qwen3.5-4B,tubitak_math2026,intermediate_error,Qwen3.5-4B|tubitak_math2026|tubitak_math2026/20|g20,1
V4-Flash,Qwen3.5-4B,tubitak_math2026,intermediate_error,Qwen3.5-4B|tubitak_math2026|tubitak_math2026/20|g45,1
V4-Flash,Qwen3.5-4B,tubitak_math2026,intermediate_error,Qwen3.5-4B|tubitak_math2026|tubitak_math2026/20|g56,1
V4-Flash,Qwen3.5-4B,tubitak_math2026,intermediate_error,Qwen3.5-4B|tubitak_math2026|tubitak_math2026/20|g63,1
V4-Flash,Qwen3.5-4B,tubitak_math2026,intermediate_error,Qwen3.5-4B|tubitak_math2026|tubitak_math2026/20|g8,1
V4-Flash,Qwen3.5-4B,tubitak_math2026,intermediate_error,Qwen3.5-4B|tubitak_math2026|tubitak_math2026/21|g10,0
V4-Flash,Qwen3.5-4B,tubitak_math2026,intermediate_error,Qwen3.5-4B|tubitak_math2026|tubitak_math2026/21|g44,0
V4-Flash,Qwen3.5-4B,tubitak_math2026,intermediate_error,Qwen3.5-4B|tubitak_math2026|tubitak_math2026/28|g0,1
V4-Flash,Qwen3.5-4B,tubitak_math2026,intermediate_error,Qwen3.5-4B|tubitak_math2026|tubitak_math2026/28|g23,0
V4-Flash,Qwen3.5-4B,tubitak_math2026,intermediate_error,Qwen3.5-4B|tubitak_math2026|tubitak_math2026/28|g38,0
V4-Flash,Qwen3.5-4B,tubitak_math2026,intermediate_error,Qwen3.5-4B|tubitak_math2026|tubitak_math2026/28|g52,1
V4-Flash,Qwen3.5-4B,tubitak_math2026,intermediate_error,Qwen3.5-4B|tubitak_math2026|tubitak_math2026/28|g63,1
V4-Flash,Qwen3.5-4B,tubitak_math2026,intermediate_error,Qwen3.5-4B|tubitak_math2026|tubitak_math2026/30|g20,1
V4-Flash,Qwen3.5-4B,tubitak_math2026,intermediate_error,Qwen3.5-4B|tubitak_math2026|tubitak_math2026/30|g28,1
V4-Flash,Qwen3.5-4B,tubitak_math2026,intermediate_error,Qwen3.5-4B|tubitak_math2026|tubitak_math2026/30|g31,0
V4-Flash,Qwen3.5-4B,tubitak_math2026,intermediate_error,Qwen3.5-4B|tubitak_math2026|tubitak_math2026/30|g42,1
V4-Flash,Qwen3.5-4B,tubitak_math2026,intermediate_error,Qwen3.5-4B|tubitak_math2026|tubitak_math2026/30|g7,1
V4-Flash,Qwen3.5-4B,tubitak_math2026,intermediate_error,Qwen3.5-4B|tubitak_math2026|tubitak_math2026/31|g0,1
V4-Flash,Qwen3.5-4B,tubitak_math2026,intermediate_error,Qwen3.5-4B|tubitak_math2026|tubitak_math2026/31|g33,1
V4-Flash,Qwen3.5-4B,tubitak_math2026,intermediate_error,Qwen3.5-4B|tubitak_math2026|tubitak_math2026/31|g5,1
V4-Flash,Qwen3.5-4B,tubitak_math2026,intermediate_error,Qwen3.5-4B|tubitak_math2026|tubitak_math2026/31|g55,1
V4-Flash,Qwen3.5-4B,tubitak_math2026,intermediate_error,Qwen3.5-4B|tubitak_math2026|tubitak_math2026/31|g57,1
V4-Flash,Qwen3.5-4B,tubitak_math2026,intermediate_error,Qwen3.5-4B|tubitak_math2026|tubitak_math2026/4|g0,1
V4-Flash,Qwen3.5-4B,tubitak_math2026,intermediate_error,Qwen3.5-4B|tubitak_math2026|tubitak_math2026/4|g18,1
V4-Flash,Qwen3.5-4B,tubitak_math2026,intermediate_error,Qwen3.5-4B|tubitak_math2026|tubitak_math2026/4|g24,1
V4-Flash,Qwen3.5-4B,tubitak_math2026,intermediate_error,Qwen3.5-4B|tubitak_math2026|tubitak_math2026/4|g28,1
V4-Flash,Qwen3.5-4B,tubitak_math2026,intermediate_error,Qwen3.5-4B|tubitak_math2026|tubitak_math2026/4|g57,1
V4-Flash,Qwen3.5-4B,tubitak_math2026,intermediate_error,Qwen3.5-4B|tubitak_math2026|tubitak_math2026/5|g12,1
V4-Flash,Qwen3.5-4B,tubitak_math2026,intermediate_error,Qwen3.5-4B|tubitak_math2026|tubitak_math2026/5|g15,1
V4-Flash,Qwen3.5-4B,tubitak_math2026,intermediate_error,Qwen3.5-4B|tubitak_math2026|tubitak_math2026/5|g21,1
V4-Flash,Qwen3.5-4B,tubitak_math2026,intermediate_error,Qwen3.5-4B|tubitak_math2026|tubitak_math2026/5|g61,1
V4-Flash,Qwen3.5-4B,tubitak_math2026,intermediate_error,Qwen3.5-4B|tubitak_math2026|tubitak_math2026/5|g8,1
V4-Flash,Qwen3.5-4B,tubitak_math2026,intermediate_error,Qwen3.5-4B|tubitak_math2026|tubitak_math2026/9|g16,1
V4-Flash,Qwen3.5-4B,tubitak_math2026,intermediate_error,Qwen3.5-4B|tubitak_math2026|tubitak_math2026/9|g34,1
V4-Flash,Qwen3.5-4B,tubitak_math2026,intermediate_error,Qwen3.5-4B|tubitak_math2026|tubitak_math2026/9|g36,1
V4-Flash,Qwen3.5-4B,tubitak_math2026,intermediate_error,Qwen3.5-4B|tubitak_math2026|tubitak_math2026/9|g42,1
V4-Flash,Qwen3.5-4B,tubitak_math2026,intermediate_error,Qwen3.5-4B|tubitak_math2026|tubitak_math2026/9|g55,1
V4-Flash,Qwen3.5-4B,tubitak_math2026,intermediate_error,Qwen3.5-4B|tubitak_math2026|tubitak_math2026/9|g59,0
V4-Flash,Qwen3.5-4B,tubitak_math2026,truncated,Qwen3.5-4B|tubitak_math2026|tubitak_math2026/1|g0,1
V4-Flash,Qwen3.5-4B,tubitak_math2026,truncated,Qwen3.5-4B|tubitak_math2026|tubitak_math2026/1|g1,0
V4-Flash,Qwen3.5-4B,tubitak_math2026,truncated,Qwen3.5-4B|tubitak_math2026|tubitak_math2026/1|g21,0
V4-Flash,Qwen3.5-4B,tubitak_math2026,truncated,Qwen3.5-4B|tubitak_math2026|tubitak_math2026/1|g31,0
V4-Flash,Qwen3.5-4B,tubitak_math2026,truncated,Qwen3.5-4B|tubitak_math2026|tubitak_math2026/1|g59,0
V4-Flash,Qwen3.5-4B,tubitak_math2026,truncated,Qwen3.5-4B|tubitak_math2026|tubitak_math2026/11|g14,1
V4-Flash,Qwen3.5-4B,tubitak_math2026,truncated,Qwen3.5-4B|tubitak_math2026|tubitak_math2026/11|g18,1
V4-Flash,Qwen3.5-4B,tubitak_math2026,truncated,Qwen3.5-4B|tubitak_math2026|tubitak_math2026/11|g26,1
V4-Flash,Qwen3.5-4B,tubitak_math2026,truncated,Qwen3.5-4B|tubitak_math2026|tubitak_math2026/11|g37,1
V4-Flash,Qwen3.5-4B,tubitak_math2026,truncated,Qwen3.5-4B|tubitak_math2026|tubitak_math2026/12|g1,1
V4-Flash,Qwen3.5-4B,tubitak_math2026,truncated,Qwen3.5-4B|tubitak_math2026|tubitak_math2026/12|g18,1
V4-Flash,Qwen3.5-4B,tubitak_math2026,truncated,Qwen3.5-4B|tubitak_math2026|tubitak_math2026/12|g21,1
V4-Flash,Qwen3.5-4B,tubitak_math2026,truncated,Qwen3.5-4B|tubitak_math2026|tubitak_math2026/12|g38,1
V4-Flash,Qwen3.5-4B,tubitak_math2026,truncated,Qwen3.5-4B|tubitak_math2026|tubitak_math2026/12|g6,1
V4-Flash,Qwen3.5-4B,tubitak_math2026,truncated,Qwen3.5-4B|tubitak_math2026|tubitak_math2026/13|g10,0
V4-Flash,Qwen3.5-4B,tubitak_math2026,truncated,Qwen3.5-4B|tubitak_math2026|tubitak_math2026/13|g16,0
V4-Flash,Qwen3.5-4B,tubitak_math2026,truncated,Qwen3.5-4B|tubitak_math2026|tubitak_math2026/13|g23,1
V4-Flash,Qwen3.5-4B,tubitak_math2026,truncated,Qwen3.5-4B|tubitak_math2026|tubitak_math2026/13|g33,1
V4-Flash,Qwen3.5-4B,tubitak_math2026,truncated,Qwen3.5-4B|tubitak_math2026|tubitak_math2026/13|g51,1
V4-Flash,Qwen3.5-4B,tubitak_math2026,truncated,Qwen3.5-4B|tubitak_math2026|tubitak_math2026/15|g41,1
V4-Flash,Qwen3.5-4B,tubitak_math2026,truncated,Qwen3.5-4B|tubitak_math2026|tubitak_math2026/15|g52,1
V4-Flash,Qwen3.5-4B,tubitak_math2026,truncated,Qwen3.5-4B|tubitak_math2026|tubitak_math2026/15|g59,1
V4-Flash,Qwen3.5-4B,tubitak_math2026,truncated,Qwen3.5-4B|tubitak_math2026|tubitak_math2026/15|g60,1
V4-Flash,Qwen3.5-4B,tubitak_math2026,truncated,Qwen3.5-4B|tubitak_math2026|tubitak_math2026/15|g61,1
V4-Flash,Qwen3.5-4B,tubitak_math2026,truncated,Qwen3.5-4B|tubitak_math2026|tubitak_math2026/16|g21,0
V4-Flash,Qwen3.5-4B,tubitak_math2026,truncated,Qwen3.5-4B|tubitak_math2026|tubitak_math2026/16|g22,0
V4-Flash,Qwen3.5-4B,tubitak_math2026,truncated,Qwen3.5-4B|tubitak_math2026|tubitak_math2026/16|g27,0
V4-Flash,Qwen3.5-4B,tubitak_math2026,truncated,Qwen3.5-4B|tubitak_math2026|tubitak_math2026/16|g43,0
V4-Flash,Qwen3.5-4B,tubitak_math2026,truncated,Qwen3.5-4B|tubitak_math2026|tubitak_math2026/16|g60,0
V4-Flash,Qwen3.5-4B,tubitak_math2026,truncated,Qwen3.5-4B|tubitak_math2026|tubitak_math2026/17|g1,1
V4-Flash,Qwen3.5-4B,tubitak_math2026,truncated,Qwen3.5-4B|tubitak_math2026|tubitak_math2026/17|g15,1
V4-Flash,Qwen3.5-4B,tubitak_math2026,truncated,Qwen3.5-4B|tubitak_math2026|tubitak_math2026/17|g28,1
V4-Flash,Qwen3.5-4B,tubitak_math2026,truncated,Qwen3.5-4B|tubitak_math2026|tubitak_math2026/17|g45,1
V4-Flash,Qwen3.5-4B,tubitak_math2026,truncated,Qwen3.5-4B|tubitak_math2026|tubitak_math2026/17|g8,1
V4-Flash,Qwen3.5-4B,tubitak_math2026,truncated,Qwen3.5-4B|tubitak_math2026|tubitak_math2026/20|g20,1
V4-Flash,Qwen3.5-4B,tubitak_math2026,truncated,Qwen3.5-4B|tubitak_math2026|tubitak_math2026/20|g45,1
V4-Flash,Qwen3.5-4B,tubitak_math2026,truncated,Qwen3.5-4B|tubitak_math2026|tubitak_math2026/20|g56,1
V4-Flash,Qwen3.5-4B,tubitak_math2026,truncated,Qwen3.5-4B|tubitak_math2026|tubitak_math2026/20|g63,0
V4-Flash,Qwen3.5-4B,tubitak_math2026,truncated,Qwen3.5-4B|tubitak_math2026|tubitak_math2026/20|g8,1
V4-Flash,Qwen3.5-4B,tubitak_math2026,truncated,Qwen3.5-4B|tubitak_math2026|tubitak_math2026/21|g10,0
V4-Flash,Qwen3.5-4B,tubitak_math2026,truncated,Qwen3.5-4B|tubitak_math2026|tubitak_math2026/21|g44,1
V4-Flash,Qwen3.5-4B,tubitak_math2026,truncated,Qwen3.5-4B|tubitak_math2026|tubitak_math2026/28|g0,0
V4-Flash,Qwen3.5-4B,tubitak_math2026,truncated,Qwen3.5-4B|tubitak_math2026|tubitak_math2026/28|g23,0
V4-Flash,Qwen3.5-4B,tubitak_math2026,truncated,Qwen3.5-4B|tubitak_math2026|tubitak_math2026/28|g38,0
V4-Flash,Qwen3.5-4B,tubitak_math2026,truncated,Qwen3.5-4B|tubitak_math2026|tubitak_math2026/28|g52,0
V4-Flash,Qwen3.5-4B,tubitak_math2026,truncated,Qwen3.5-4B|tubitak_math2026|tubitak_math2026/28|g63,0
V4-Flash,Qwen3.5-4B,tubitak_math2026,truncated,Qwen3.5-4B|tubitak_math2026|tubitak_math2026/30|g20,1
V4-Flash,Qwen3.5-4B,tubitak_math2026,truncated,Qwen3.5-4B|tubitak_math2026|tubitak_math2026/30|g28,1
V4-Flash,Qwen3.5-4B,tubitak_math2026,truncated,Qwen3.5-4B|tubitak_math2026|tubitak_math2026/30|g31,0
V4-Flash,Qwen3.5-4B,tubitak_math2026,truncated,Qwen3.5-4B|tubitak_math2026|tubitak_math2026/30|g42,1
V4-Flash,Qwen3.5-4B,tubitak_math2026,truncated,Qwen3.5-4B|tubitak_math2026|tubitak_math2026/30|g7,1
V4-Flash,Qwen3.5-4B,tubitak_math2026,truncated,Qwen3.5-4B|tubitak_math2026|tubitak_math2026/31|g0,0
V4-Flash,Qwen3.5-4B,tubitak_math2026,truncated,Qwen3.5-4B|tubitak_math2026|tubitak_math2026/31|g33,0
V4-Flash,Qwen3.5-4B,tubitak_math2026,truncated,Qwen3.5-4B|tubitak_math2026|tubitak_math2026/31|g5,0
V4-Flash,Qwen3.5-4B,tubitak_math2026,truncated,Qwen3.5-4B|tubitak_math2026|tubitak_math2026/31|g55,1
V4-Flash,Qwen3.5-4B,tubitak_math2026,truncated,Qwen3.5-4B|tubitak_math2026|tubitak_math2026/31|g57,0
V4-Flash,Qwen3.5-4B,tubitak_math2026,truncated,Qwen3.5-4B|tubitak_math2026|tubitak_math2026/4|g0,1
V4-Flash,Qwen3.5-4B,tubitak_math2026,truncated,Qwen3.5-4B|tubitak_math2026|tubitak_math2026/4|g18,1
V4-Flash,Qwen3.5-4B,tubitak_math2026,truncated,Qwen3.5-4B|tubitak_math2026|tubitak_math2026/4|g24,1
V4-Flash,Qwen3.5-4B,tubitak_math2026,truncated,Qwen3.5-4B|tubitak_math2026|tubitak_math2026/4|g28,1
V4-Flash,Qwen3.5-4B,tubitak_math2026,truncated,Qwen3.5-4B|tubitak_math2026|tubitak_math2026/4|g57,1
V4-Flash,Qwen3.5-4B,tubitak_math2026,truncated,Qwen3.5-4B|tubitak_math2026|tubitak_math2026/5|g12,1
V4-Flash,Qwen3.5-4B,tubitak_math2026,truncated,Qwen3.5-4B|tubitak_math2026|tubitak_math2026/5|g15,1
V4-Flash,Qwen3.5-4B,tubitak_math2026,truncated,Qwen3.5-4B|tubitak_math2026|tubitak_math2026/5|g21,1
V4-Flash,Qwen3.5-4B,tubitak_math2026,truncated,Qwen3.5-4B|tubitak_math2026|tubitak_math2026/5|g61,1
V4-Flash,Qwen3.5-4B,tubitak_math2026,truncated,Qwen3.5-4B|tubitak_math2026|tubitak_math2026/5|g8,1
V4-Flash,Qwen3.5-4B,tubitak_math2026,truncated,Qwen3.5-4B|tubitak_math2026|tubitak_math2026/9|g16,1
V4-Flash,Qwen3.5-4B,tubitak_math2026,truncated,Qwen3.5-4B|tubitak_math2026|tubitak_math2026/9|g34,1
V4-Flash,Qwen3.5-4B,tubitak_math2026,truncated,Qwen3.5-4B|tubitak_math2026|tubitak_math2026/9|g36,0
V4-Flash,Qwen3.5-4B,tubitak_math2026,truncated,Qwen3.5-4B|tubitak_math2026|tubitak_math2026/9|g42,1
V4-Flash,Qwen3.5-4B,tubitak_math2026,truncated,Qwen3.5-4B|tubitak_math2026|tubitak_math2026/9|g55,1
V4-Flash,Qwen3.5-4B,tubitak_math2026,truncated,Qwen3.5-4B|tubitak_math2026|tubitak_math2026/9|g59,0
V4-Flash,Qwen3.5-9B,aime2026,boxed_only,Qwen3.5-9B|aime2026|AIME2026/1|g19,0
V4-Flash,Qwen3.5-9B,aime2026,boxed_only,Qwen3.5-9B|aime2026|AIME2026/1|g26,0
V4-Flash,Qwen3.5-9B,aime2026,boxed_only,Qwen3.5-9B|aime2026|AIME2026/1|g31,1
V4-Flash,Qwen3.5-9B,aime2026,boxed_only,Qwen3.5-9B|aime2026|AIME2026/1|g49,0
V4-Flash,Qwen3.5-9B,aime2026,boxed_only,Qwen3.5-9B|aime2026|AIME2026/10|g13,0
V4-Flash,Qwen3.5-9B,aime2026,boxed_only,Qwen3.5-9B|aime2026|AIME2026/12|g10,1
V4-Flash,Qwen3.5-9B,aime2026,boxed_only,Qwen3.5-9B|aime2026|AIME2026/12|g43,0
V4-Flash,Qwen3.5-9B,aime2026,boxed_only,Qwen3.5-9B|aime2026|AIME2026/12|g61,1
V4-Flash,Qwen3.5-9B,aime2026,boxed_only,Qwen3.5-9B|aime2026|AIME2026/13|g13,1
V4-Flash,Qwen3.5-9B,aime2026,boxed_only,Qwen3.5-9B|aime2026|AIME2026/13|g36,1
V4-Flash,Qwen3.5-9B,aime2026,boxed_only,Qwen3.5-9B|aime2026|AIME2026/14|g19,1
V4-Flash,Qwen3.5-9B,aime2026,boxed_only,Qwen3.5-9B|aime2026|AIME2026/14|g5,1
V4-Flash,Qwen3.5-9B,aime2026,boxed_only,Qwen3.5-9B|aime2026|AIME2026/14|g8,1
V4-Flash,Qwen3.5-9B,aime2026,boxed_only,Qwen3.5-9B|aime2026|AIME2026/16|g33,0
V4-Flash,Qwen3.5-9B,aime2026,boxed_only,Qwen3.5-9B|aime2026|AIME2026/16|g34,1
V4-Flash,Qwen3.5-9B,aime2026,boxed_only,Qwen3.5-9B|aime2026|AIME2026/16|g40,0
V4-Flash,Qwen3.5-9B,aime2026,boxed_only,Qwen3.5-9B|aime2026|AIME2026/16|g43,0
V4-Flash,Qwen3.5-9B,aime2026,boxed_only,Qwen3.5-9B|aime2026|AIME2026/16|g51,1
V4-Flash,Qwen3.5-9B,aime2026,boxed_only,Qwen3.5-9B|aime2026|AIME2026/17|g2,0
V4-Flash,Qwen3.5-9B,aime2026,boxed_only,Qwen3.5-9B|aime2026|AIME2026/17|g50,1
V4-Flash,Qwen3.5-9B,aime2026,boxed_only,Qwen3.5-9B|aime2026|AIME2026/18|g49,0
V4-Flash,Qwen3.5-9B,aime2026,boxed_only,Qwen3.5-9B|aime2026|AIME2026/19|g0,0
V4-Flash,Qwen3.5-9B,aime2026,boxed_only,Qwen3.5-9B|aime2026|AIME2026/19|g22,1
V4-Flash,Qwen3.5-9B,aime2026,boxed_only,Qwen3.5-9B|aime2026|AIME2026/19|g51,0
V4-Flash,Qwen3.5-9B,aime2026,boxed_only,Qwen3.5-9B|aime2026|AIME2026/2|g29,1
V4-Flash,Qwen3.5-9B,aime2026,boxed_only,Qwen3.5-9B|aime2026|AIME2026/2|g45,0
V4-Flash,Qwen3.5-9B,aime2026,boxed_only,Qwen3.5-9B|aime2026|AIME2026/2|g47,0
V4-Flash,Qwen3.5-9B,aime2026,boxed_only,Qwen3.5-9B|aime2026|AIME2026/20|g36,1
V4-Flash,Qwen3.5-9B,aime2026,boxed_only,Qwen3.5-9B|aime2026|AIME2026/20|g38,1
V4-Flash,Qwen3.5-9B,aime2026,boxed_only,Qwen3.5-9B|aime2026|AIME2026/20|g44,1
V4-Flash,Qwen3.5-9B,aime2026,boxed_only,Qwen3.5-9B|aime2026|AIME2026/21|g62,0
V4-Flash,Qwen3.5-9B,aime2026,boxed_only,Qwen3.5-9B|aime2026|AIME2026/22|g14,1
V4-Flash,Qwen3.5-9B,aime2026,boxed_only,Qwen3.5-9B|aime2026|AIME2026/22|g3,1
V4-Flash,Qwen3.5-9B,aime2026,boxed_only,Qwen3.5-9B|aime2026|AIME2026/23|g12,0
V4-Flash,Qwen3.5-9B,aime2026,boxed_only,Qwen3.5-9B|aime2026|AIME2026/24|g14,1
V4-Flash,Qwen3.5-9B,aime2026,boxed_only,Qwen3.5-9B|aime2026|AIME2026/24|g48,0
V4-Flash,Qwen3.5-9B,aime2026,boxed_only,Qwen3.5-9B|aime2026|AIME2026/24|g5,1
V4-Flash,Qwen3.5-9B,aime2026,boxed_only,Qwen3.5-9B|aime2026|AIME2026/25|g21,0
V4-Flash,Qwen3.5-9B,aime2026,boxed_only,Qwen3.5-9B|aime2026|AIME2026/25|g51,1
V4-Flash,Qwen3.5-9B,aime2026,boxed_only,Qwen3.5-9B|aime2026|AIME2026/25|g63,1
V4-Flash,Qwen3.5-9B,aime2026,boxed_only,Qwen3.5-9B|aime2026|AIME2026/26|g28,0
V4-Flash,Qwen3.5-9B,aime2026,boxed_only,Qwen3.5-9B|aime2026|AIME2026/26|g55,1
V4-Flash,Qwen3.5-9B,aime2026,boxed_only,Qwen3.5-9B|aime2026|AIME2026/27|g45,0
V4-Flash,Qwen3.5-9B,aime2026,boxed_only,Qwen3.5-9B|aime2026|AIME2026/28|g16,0
V4-Flash,Qwen3.5-9B,aime2026,boxed_only,Qwen3.5-9B|aime2026|AIME2026/28|g45,0
V4-Flash,Qwen3.5-9B,aime2026,boxed_only,Qwen3.5-9B|aime2026|AIME2026/28|g51,0
V4-Flash,Qwen3.5-9B,aime2026,boxed_only,Qwen3.5-9B|aime2026|AIME2026/28|g9,1
V4-Flash,Qwen3.5-9B,aime2026,boxed_only,Qwen3.5-9B|aime2026|AIME2026/29|g21,1
V4-Flash,Qwen3.5-9B,aime2026,boxed_only,Qwen3.5-9B|aime2026|AIME2026/29|g28,0
V4-Flash,Qwen3.5-9B,aime2026,boxed_only,Qwen3.5-9B|aime2026|AIME2026/29|g35,0
V4-Flash,Qwen3.5-9B,aime2026,boxed_only,Qwen3.5-9B|aime2026|AIME2026/29|g60,1
V4-Flash,Qwen3.5-9B,aime2026,boxed_only,Qwen3.5-9B|aime2026|AIME2026/3|g15,1
V4-Flash,Qwen3.5-9B,aime2026,boxed_only,Qwen3.5-9B|aime2026|AIME2026/3|g21,0
V4-Flash,Qwen3.5-9B,aime2026,boxed_only,Qwen3.5-9B|aime2026|AIME2026/3|g35,1
V4-Flash,Qwen3.5-9B,aime2026,boxed_only,Qwen3.5-9B|aime2026|AIME2026/3|g50,0
V4-Flash,Qwen3.5-9B,aime2026,boxed_only,Qwen3.5-9B|aime2026|AIME2026/30|g16,1
V4-Flash,Qwen3.5-9B,aime2026,boxed_only,Qwen3.5-9B|aime2026|AIME2026/30|g28,1
V4-Flash,Qwen3.5-9B,aime2026,boxed_only,Qwen3.5-9B|aime2026|AIME2026/30|g35,0
V4-Flash,Qwen3.5-9B,aime2026,boxed_only,Qwen3.5-9B|aime2026|AIME2026/4|g12,0
V4-Flash,Qwen3.5-9B,aime2026,boxed_only,Qwen3.5-9B|aime2026|AIME2026/4|g32,0
V4-Flash,Qwen3.5-9B,aime2026,boxed_only,Qwen3.5-9B|aime2026|AIME2026/4|g33,0
V4-Flash,Qwen3.5-9B,aime2026,boxed_only,Qwen3.5-9B|aime2026|AIME2026/4|g58,0
V4-Flash,Qwen3.5-9B,aime2026,boxed_only,Qwen3.5-9B|aime2026|AIME2026/5|g21,0
V4-Flash,Qwen3.5-9B,aime2026,boxed_only,Qwen3.5-9B|aime2026|AIME2026/6|g11,0
V4-Flash,Qwen3.5-9B,aime2026,boxed_only,Qwen3.5-9B|aime2026|AIME2026/6|g17,0
V4-Flash,Qwen3.5-9B,aime2026,boxed_only,Qwen3.5-9B|aime2026|AIME2026/6|g35,0
V4-Flash,Qwen3.5-9B,aime2026,boxed_only,Qwen3.5-9B|aime2026|AIME2026/7|g24,0
V4-Flash,Qwen3.5-9B,aime2026,boxed_only,Qwen3.5-9B|aime2026|AIME2026/7|g39,0
V4-Flash,Qwen3.5-9B,aime2026,boxed_only,Qwen3.5-9B|aime2026|AIME2026/7|g7,0
V4-Flash,Qwen3.5-9B,aime2026,boxed_only,Qwen3.5-9B|aime2026|AIME2026/9|g11,1
V4-Flash,Qwen3.5-9B,aime2026,boxed_only,Qwen3.5-9B|aime2026|AIME2026/9|g14,0
V4-Flash,Qwen3.5-9B,aime2026,boxed_only,Qwen3.5-9B|aime2026|AIME2026/9|g59,1
V4-Flash,Qwen3.5-9B,aime2026,clean,Qwen3.5-9B|aime2026|AIME2026/1|g19,1
V4-Flash,Qwen3.5-9B,aime2026,clean,Qwen3.5-9B|aime2026|AIME2026/1|g26,1
V4-Flash,Qwen3.5-9B,aime2026,clean,Qwen3.5-9B|aime2026|AIME2026/1|g31,1
V4-Flash,Qwen3.5-9B,aime2026,clean,Qwen3.5-9B|aime2026|AIME2026/1|g49,1
V4-Flash,Qwen3.5-9B,aime2026,clean,Qwen3.5-9B|aime2026|AIME2026/10|g13,0
V4-Flash,Qwen3.5-9B,aime2026,clean,Qwen3.5-9B|aime2026|AIME2026/12|g10,1
V4-Flash,Qwen3.5-9B,aime2026,clean,Qwen3.5-9B|aime2026|AIME2026/12|g43,1
V4-Flash,Qwen3.5-9B,aime2026,clean,Qwen3.5-9B|aime2026|AIME2026/12|g61,1
V4-Flash,Qwen3.5-9B,aime2026,clean,Qwen3.5-9B|aime2026|AIME2026/13|g13,1
V4-Flash,Qwen3.5-9B,aime2026,clean,Qwen3.5-9B|aime2026|AIME2026/13|g36,1
V4-Flash,Qwen3.5-9B,aime2026,clean,Qwen3.5-9B|aime2026|AIME2026/14|g19,1
V4-Flash,Qwen3.5-9B,aime2026,clean,Qwen3.5-9B|aime2026|AIME2026/14|g5,1
V4-Flash,Qwen3.5-9B,aime2026,clean,Qwen3.5-9B|aime2026|AIME2026/14|g8,1
V4-Flash,Qwen3.5-9B,aime2026,clean,Qwen3.5-9B|aime2026|AIME2026/16|g33,1
V4-Flash,Qwen3.5-9B,aime2026,clean,Qwen3.5-9B|aime2026|AIME2026/16|g34,1
V4-Flash,Qwen3.5-9B,aime2026,clean,Qwen3.5-9B|aime2026|AIME2026/16|g40,1
V4-Flash,Qwen3.5-9B,aime2026,clean,Qwen3.5-9B|aime2026|AIME2026/16|g43,1
V4-Flash,Qwen3.5-9B,aime2026,clean,Qwen3.5-9B|aime2026|AIME2026/16|g51,1
V4-Flash,Qwen3.5-9B,aime2026,clean,Qwen3.5-9B|aime2026|AIME2026/17|g2,1
V4-Flash,Qwen3.5-9B,aime2026,clean,Qwen3.5-9B|aime2026|AIME2026/17|g50,1
V4-Flash,Qwen3.5-9B,aime2026,clean,Qwen3.5-9B|aime2026|AIME2026/18|g49,1
V4-Flash,Qwen3.5-9B,aime2026,clean,Qwen3.5-9B|aime2026|AIME2026/19|g0,1
V4-Flash,Qwen3.5-9B,aime2026,clean,Qwen3.5-9B|aime2026|AIME2026/19|g22,1
V4-Flash,Qwen3.5-9B,aime2026,clean,Qwen3.5-9B|aime2026|AIME2026/19|g51,0
V4-Flash,Qwen3.5-9B,aime2026,clean,Qwen3.5-9B|aime2026|AIME2026/2|g29,1
V4-Flash,Qwen3.5-9B,aime2026,clean,Qwen3.5-9B|aime2026|AIME2026/2|g45,1
V4-Flash,Qwen3.5-9B,aime2026,clean,Qwen3.5-9B|aime2026|AIME2026/2|g47,1
V4-Flash,Qwen3.5-9B,aime2026,clean,Qwen3.5-9B|aime2026|AIME2026/20|g36,1
V4-Flash,Qwen3.5-9B,aime2026,clean,Qwen3.5-9B|aime2026|AIME2026/20|g38,1
V4-Flash,Qwen3.5-9B,aime2026,clean,Qwen3.5-9B|aime2026|AIME2026/20|g44,1
V4-Flash,Qwen3.5-9B,aime2026,clean,Qwen3.5-9B|aime2026|AIME2026/21|g62,1
V4-Flash,Qwen3.5-9B,aime2026,clean,Qwen3.5-9B|aime2026|AIME2026/22|g14,1
V4-Flash,Qwen3.5-9B,aime2026,clean,Qwen3.5-9B|aime2026|AIME2026/22|g3,1
V4-Flash,Qwen3.5-9B,aime2026,clean,Qwen3.5-9B|aime2026|AIME2026/23|g12,1
V4-Flash,Qwen3.5-9B,aime2026,clean,Qwen3.5-9B|aime2026|AIME2026/24|g14,1
V4-Flash,Qwen3.5-9B,aime2026,clean,Qwen3.5-9B|aime2026|AIME2026/24|g48,1
V4-Flash,Qwen3.5-9B,aime2026,clean,Qwen3.5-9B|aime2026|AIME2026/24|g5,1
V4-Flash,Qwen3.5-9B,aime2026,clean,Qwen3.5-9B|aime2026|AIME2026/25|g21,1
V4-Flash,Qwen3.5-9B,aime2026,clean,Qwen3.5-9B|aime2026|AIME2026/25|g51,1
V4-Flash,Qwen3.5-9B,aime2026,clean,Qwen3.5-9B|aime2026|AIME2026/25|g63,1
V4-Flash,Qwen3.5-9B,aime2026,clean,Qwen3.5-9B|aime2026|AIME2026/26|g28,0
V4-Flash,Qwen3.5-9B,aime2026,clean,Qwen3.5-9B|aime2026|AIME2026/26|g55,1
V4-Flash,Qwen3.5-9B,aime2026,clean,Qwen3.5-9B|aime2026|AIME2026/27|g45,1
V4-Flash,Qwen3.5-9B,aime2026,clean,Qwen3.5-9B|aime2026|AIME2026/28|g16,1
V4-Flash,Qwen3.5-9B,aime2026,clean,Qwen3.5-9B|aime2026|AIME2026/28|g45,1
V4-Flash,Qwen3.5-9B,aime2026,clean,Qwen3.5-9B|aime2026|AIME2026/28|g51,1
V4-Flash,Qwen3.5-9B,aime2026,clean,Qwen3.5-9B|aime2026|AIME2026/28|g9,1
V4-Flash,Qwen3.5-9B,aime2026,clean,Qwen3.5-9B|aime2026|AIME2026/29|g21,1
V4-Flash,Qwen3.5-9B,aime2026,clean,Qwen3.5-9B|aime2026|AIME2026/29|g28,1
V4-Flash,Qwen3.5-9B,aime2026,clean,Qwen3.5-9B|aime2026|AIME2026/29|g35,1
V4-Flash,Qwen3.5-9B,aime2026,clean,Qwen3.5-9B|aime2026|AIME2026/29|g60,1
V4-Flash,Qwen3.5-9B,aime2026,clean,Qwen3.5-9B|aime2026|AIME2026/3|g15,1
V4-Flash,Qwen3.5-9B,aime2026,clean,Qwen3.5-9B|aime2026|AIME2026/3|g21,1
V4-Flash,Qwen3.5-9B,aime2026,clean,Qwen3.5-9B|aime2026|AIME2026/3|g35,1
V4-Flash,Qwen3.5-9B,aime2026,clean,Qwen3.5-9B|aime2026|AIME2026/3|g50,1
V4-Flash,Qwen3.5-9B,aime2026,clean,Qwen3.5-9B|aime2026|AIME2026/30|g16,1
V4-Flash,Qwen3.5-9B,aime2026,clean,Qwen3.5-9B|aime2026|AIME2026/30|g28,1
V4-Flash,Qwen3.5-9B,aime2026,clean,Qwen3.5-9B|aime2026|AIME2026/30|g35,1
V4-Flash,Qwen3.5-9B,aime2026,clean,Qwen3.5-9B|aime2026|AIME2026/4|g12,1
V4-Flash,Qwen3.5-9B,aime2026,clean,Qwen3.5-9B|aime2026|AIME2026/4|g32,1
V4-Flash,Qwen3.5-9B,aime2026,clean,Qwen3.5-9B|aime2026|AIME2026/4|g33,1
V4-Flash,Qwen3.5-9B,aime2026,clean,Qwen3.5-9B|aime2026|AIME2026/4|g58,1
V4-Flash,Qwen3.5-9B,aime2026,clean,Qwen3.5-9B|aime2026|AIME2026/5|g21,1
V4-Flash,Qwen3.5-9B,aime2026,clean,Qwen3.5-9B|aime2026|AIME2026/6|g11,1
V4-Flash,Qwen3.5-9B,aime2026,clean,Qwen3.5-9B|aime2026|AIME2026/6|g17,1
V4-Flash,Qwen3.5-9B,aime2026,clean,Qwen3.5-9B|aime2026|AIME2026/6|g35,1
V4-Flash,Qwen3.5-9B,aime2026,clean,Qwen3.5-9B|aime2026|AIME2026/7|g24,1
V4-Flash,Qwen3.5-9B,aime2026,clean,Qwen3.5-9B|aime2026|AIME2026/7|g39,1
V4-Flash,Qwen3.5-9B,aime2026,clean,Qwen3.5-9B|aime2026|AIME2026/7|g7,1
V4-Flash,Qwen3.5-9B,aime2026,clean,Qwen3.5-9B|aime2026|AIME2026/9|g11,1
V4-Flash,Qwen3.5-9B,aime2026,clean,Qwen3.5-9B|aime2026|AIME2026/9|g14,1
V4-Flash,Qwen3.5-9B,aime2026,clean,Qwen3.5-9B|aime2026|AIME2026/9|g59,1
V4-Flash,Qwen3.5-9B,aime2026,consistent_error,Qwen3.5-9B|aime2026|AIME2026/1|g19,1
V4-Flash,Qwen3.5-9B,aime2026,consistent_error,Qwen3.5-9B|aime2026|AIME2026/1|g26,1
V4-Flash,Qwen3.5-9B,aime2026,consistent_error,Qwen3.5-9B|aime2026|AIME2026/1|g31,1
V4-Flash,Qwen3.5-9B,aime2026,consistent_error,Qwen3.5-9B|aime2026|AIME2026/1|g49,1
V4-Flash,Qwen3.5-9B,aime2026,consistent_error,Qwen3.5-9B|aime2026|AIME2026/10|g13,0
V4-Flash,Qwen3.5-9B,aime2026,consistent_error,Qwen3.5-9B|aime2026|AIME2026/12|g10,1
V4-Flash,Qwen3.5-9B,aime2026,consistent_error,Qwen3.5-9B|aime2026|AIME2026/12|g43,0
V4-Flash,Qwen3.5-9B,aime2026,consistent_error,Qwen3.5-9B|aime2026|AIME2026/12|g61,1
V4-Flash,Qwen3.5-9B,aime2026,consistent_error,Qwen3.5-9B|aime2026|AIME2026/13|g13,0
V4-Flash,Qwen3.5-9B,aime2026,consistent_error,Qwen3.5-9B|aime2026|AIME2026/13|g36,0
V4-Flash,Qwen3.5-9B,aime2026,consistent_error,Qwen3.5-9B|aime2026|AIME2026/14|g19,0
V4-Flash,Qwen3.5-9B,aime2026,consistent_error,Qwen3.5-9B|aime2026|AIME2026/14|g5,1
V4-Flash,Qwen3.5-9B,aime2026,consistent_error,Qwen3.5-9B|aime2026|AIME2026/14|g8,1
V4-Flash,Qwen3.5-9B,aime2026,consistent_error,Qwen3.5-9B|aime2026|AIME2026/16|g33,0
V4-Flash,Qwen3.5-9B,aime2026,consistent_error,Qwen3.5-9B|aime2026|AIME2026/16|g34,1
V4-Flash,Qwen3.5-9B,aime2026,consistent_error,Qwen3.5-9B|aime2026|AIME2026/16|g40,1
V4-Flash,Qwen3.5-9B,aime2026,consistent_error,Qwen3.5-9B|aime2026|AIME2026/16|g43,0
V4-Flash,Qwen3.5-9B,aime2026,consistent_error,Qwen3.5-9B|aime2026|AIME2026/16|g51,1
V4-Flash,Qwen3.5-9B,aime2026,consistent_error,Qwen3.5-9B|aime2026|AIME2026/17|g2,0
V4-Flash,Qwen3.5-9B,aime2026,consistent_error,Qwen3.5-9B|aime2026|AIME2026/17|g50,1
V4-Flash,Qwen3.5-9B,aime2026,consistent_error,Qwen3.5-9B|aime2026|AIME2026/18|g49,0
V4-Flash,Qwen3.5-9B,aime2026,consistent_error,Qwen3.5-9B|aime2026|AIME2026/19|g0,0
V4-Flash,Qwen3.5-9B,aime2026,consistent_error,Qwen3.5-9B|aime2026|AIME2026/19|g22,0
V4-Flash,Qwen3.5-9B,aime2026,consistent_error,Qwen3.5-9B|aime2026|AIME2026/19|g51,0
V4-Flash,Qwen3.5-9B,aime2026,consistent_error,Qwen3.5-9B|aime2026|AIME2026/2|g29,0
V4-Flash,Qwen3.5-9B,aime2026,consistent_error,Qwen3.5-9B|aime2026|AIME2026/2|g45,0
V4-Flash,Qwen3.5-9B,aime2026,consistent_error,Qwen3.5-9B|aime2026|AIME2026/2|g47,1
V4-Flash,Qwen3.5-9B,aime2026,consistent_error,Qwen3.5-9B|aime2026|AIME2026/20|g36,0
V4-Flash,Qwen3.5-9B,aime2026,consistent_error,Qwen3.5-9B|aime2026|AIME2026/20|g38,0
V4-Flash,Qwen3.5-9B,aime2026,consistent_error,Qwen3.5-9B|aime2026|AIME2026/20|g44,1
V4-Flash,Qwen3.5-9B,aime2026,consistent_error,Qwen3.5-9B|aime2026|AIME2026/21|g62,1
V4-Flash,Qwen3.5-9B,aime2026,consistent_error,Qwen3.5-9B|aime2026|AIME2026/22|g14,1
V4-Flash,Qwen3.5-9B,aime2026,consistent_error,Qwen3.5-9B|aime2026|AIME2026/22|g3,1
V4-Flash,Qwen3.5-9B,aime2026,consistent_error,Qwen3.5-9B|aime2026|AIME2026/23|g12,0
V4-Flash,Qwen3.5-9B,aime2026,consistent_error,Qwen3.5-9B|aime2026|AIME2026/24|g14,0
V4-Flash,Qwen3.5-9B,aime2026,consistent_error,Qwen3.5-9B|aime2026|AIME2026/24|g48,1
V4-Flash,Qwen3.5-9B,aime2026,consistent_error,Qwen3.5-9B|aime2026|AIME2026/24|g5,0
V4-Flash,Qwen3.5-9B,aime2026,consistent_error,Qwen3.5-9B|aime2026|AIME2026/25|g21,1
V4-Flash,Qwen3.5-9B,aime2026,consistent_error,Qwen3.5-9B|aime2026|AIME2026/25|g51,0
V4-Flash,Qwen3.5-9B,aime2026,consistent_error,Qwen3.5-9B|aime2026|AIME2026/25|g63,0
V4-Flash,Qwen3.5-9B,aime2026,consistent_error,Qwen3.5-9B|aime2026|AIME2026/26|g28,1
V4-Flash,Qwen3.5-9B,aime2026,consistent_error,Qwen3.5-9B|aime2026|AIME2026/26|g55,0
V4-Flash,Qwen3.5-9B,aime2026,consistent_error,Qwen3.5-9B|aime2026|AIME2026/27|g45,0
V4-Flash,Qwen3.5-9B,aime2026,consistent_error,Qwen3.5-9B|aime2026|AIME2026/28|g16,0
V4-Flash,Qwen3.5-9B,aime2026,consistent_error,Qwen3.5-9B|aime2026|AIME2026/28|g45,1
V4-Flash,Qwen3.5-9B,aime2026,consistent_error,Qwen3.5-9B|aime2026|AIME2026/28|g51,0
V4-Flash,Qwen3.5-9B,aime2026,consistent_error,Qwen3.5-9B|aime2026|AIME2026/28|g9,0
V4-Flash,Qwen3.5-9B,aime2026,consistent_error,Qwen3.5-9B|aime2026|AIME2026/29|g21,0
V4-Flash,Qwen3.5-9B,aime2026,consistent_error,Qwen3.5-9B|aime2026|AIME2026/29|g28,0
V4-Flash,Qwen3.5-9B,aime2026,consistent_error,Qwen3.5-9B|aime2026|AIME2026/29|g35,0
V4-Flash,Qwen3.5-9B,aime2026,consistent_error,Qwen3.5-9B|aime2026|AIME2026/29|g60,1
V4-Flash,Qwen3.5-9B,aime2026,consistent_error,Qwen3.5-9B|aime2026|AIME2026/3|g15,0
V4-Flash,Qwen3.5-9B,aime2026,consistent_error,Qwen3.5-9B|aime2026|AIME2026/3|g21,1
V4-Flash,Qwen3.5-9B,aime2026,consistent_error,Qwen3.5-9B|aime2026|AIME2026/3|g35,1
V4-Flash,Qwen3.5-9B,aime2026,consistent_error,Qwen3.5-9B|aime2026|AIME2026/3|g50,0
V4-Flash,Qwen3.5-9B,aime2026,consistent_error,Qwen3.5-9B|aime2026|AIME2026/30|g16,0
V4-Flash,Qwen3.5-9B,aime2026,consistent_error,Qwen3.5-9B|aime2026|AIME2026/30|g28,0
V4-Flash,Qwen3.5-9B,aime2026,consistent_error,Qwen3.5-9B|aime2026|AIME2026/30|g35,0
V4-Flash,Qwen3.5-9B,aime2026,consistent_error,Qwen3.5-9B|aime2026|AIME2026/4|g12,1
V4-Flash,Qwen3.5-9B,aime2026,consistent_error,Qwen3.5-9B|aime2026|AIME2026/4|g32,0
V4-Flash,Qwen3.5-9B,aime2026,consistent_error,Qwen3.5-9B|aime2026|AIME2026/4|g33,0
V4-Flash,Qwen3.5-9B,aime2026,consistent_error,Qwen3.5-9B|aime2026|AIME2026/4|g58,0
V4-Flash,Qwen3.5-9B,aime2026,consistent_error,Qwen3.5-9B|aime2026|AIME2026/5|g21,1
V4-Flash,Qwen3.5-9B,aime2026,consistent_error,Qwen3.5-9B|aime2026|AIME2026/6|g11,0
V4-Flash,Qwen3.5-9B,aime2026,consistent_error,Qwen3.5-9B|aime2026|AIME2026/6|g17,0
V4-Flash,Qwen3.5-9B,aime2026,consistent_error,Qwen3.5-9B|aime2026|AIME2026/6|g35,0
V4-Flash,Qwen3.5-9B,aime2026,consistent_error,Qwen3.5-9B|aime2026|AIME2026/7|g24,0
V4-Flash,Qwen3.5-9B,aime2026,consistent_error,Qwen3.5-9B|aime2026|AIME2026/7|g39,0
V4-Flash,Qwen3.5-9B,aime2026,consistent_error,Qwen3.5-9B|aime2026|AIME2026/7|g7,1
V4-Flash,Qwen3.5-9B,aime2026,consistent_error,Qwen3.5-9B|aime2026|AIME2026/9|g11,0
V4-Flash,Qwen3.5-9B,aime2026,consistent_error,Qwen3.5-9B|aime2026|AIME2026/9|g14,1
V4-Flash,Qwen3.5-9B,aime2026,consistent_error,Qwen3.5-9B|aime2026|AIME2026/9|g59,0
V4-Flash,Qwen3.5-9B,aime2026,intermediate_error,Qwen3.5-9B|aime2026|AIME2026/1|g19,1
V4-Flash,Qwen3.5-9B,aime2026,intermediate_error,Qwen3.5-9B|aime2026|AIME2026/1|g26,1
V4-Flash,Qwen3.5-9B,aime2026,intermediate_error,Qwen3.5-9B|aime2026|AIME2026/1|g31,1
V4-Flash,Qwen3.5-9B,aime2026,intermediate_error,Qwen3.5-9B|aime2026|AIME2026/1|g49,1
V4-Flash,Qwen3.5-9B,aime2026,intermediate_error,Qwen3.5-9B|aime2026|AIME2026/10|g13,0
V4-Flash,Qwen3.5-9B,aime2026,intermediate_error,Qwen3.5-9B|aime2026|AIME2026/12|g10,1
V4-Flash,Qwen3.5-9B,aime2026,intermediate_error,Qwen3.5-9B|aime2026|AIME2026/12|g43,1
V4-Flash,Qwen3.5-9B,aime2026,intermediate_error,Qwen3.5-9B|aime2026|AIME2026/12|g61,1
V4-Flash,Qwen3.5-9B,aime2026,intermediate_error,Qwen3.5-9B|aime2026|AIME2026/13|g13,1
V4-Flash,Qwen3.5-9B,aime2026,intermediate_error,Qwen3.5-9B|aime2026|AIME2026/13|g36,1
V4-Flash,Qwen3.5-9B,aime2026,intermediate_error,Qwen3.5-9B|aime2026|AIME2026/14|g19,1
V4-Flash,Qwen3.5-9B,aime2026,intermediate_error,Qwen3.5-9B|aime2026|AIME2026/14|g5,1
V4-Flash,Qwen3.5-9B,aime2026,intermediate_error,Qwen3.5-9B|aime2026|AIME2026/14|g8,1
V4-Flash,Qwen3.5-9B,aime2026,intermediate_error,Qwen3.5-9B|aime2026|AIME2026/16|g33,1
V4-Flash,Qwen3.5-9B,aime2026,intermediate_error,Qwen3.5-9B|aime2026|AIME2026/16|g34,1
V4-Flash,Qwen3.5-9B,aime2026,intermediate_error,Qwen3.5-9B|aime2026|AIME2026/16|g40,1
V4-Flash,Qwen3.5-9B,aime2026,intermediate_error,Qwen3.5-9B|aime2026|AIME2026/16|g43,1
V4-Flash,Qwen3.5-9B,aime2026,intermediate_error,Qwen3.5-9B|aime2026|AIME2026/16|g51,1
V4-Flash,Qwen3.5-9B,aime2026,intermediate_error,Qwen3.5-9B|aime2026|AIME2026/17|g2,1
V4-Flash,Qwen3.5-9B,aime2026,intermediate_error,Qwen3.5-9B|aime2026|AIME2026/17|g50,1
V4-Flash,Qwen3.5-9B,aime2026,intermediate_error,Qwen3.5-9B|aime2026|AIME2026/18|g49,1
V4-Flash,Qwen3.5-9B,aime2026,intermediate_error,Qwen3.5-9B|aime2026|AIME2026/19|g0,1
V4-Flash,Qwen3.5-9B,aime2026,intermediate_error,Qwen3.5-9B|aime2026|AIME2026/19|g22,1
V4-Flash,Qwen3.5-9B,aime2026,intermediate_error,Qwen3.5-9B|aime2026|AIME2026/19|g51,1
V4-Flash,Qwen3.5-9B,aime2026,intermediate_error,Qwen3.5-9B|aime2026|AIME2026/2|g29,1
V4-Flash,Qwen3.5-9B,aime2026,intermediate_error,Qwen3.5-9B|aime2026|AIME2026/2|g45,1
V4-Flash,Qwen3.5-9B,aime2026,intermediate_error,Qwen3.5-9B|aime2026|AIME2026/2|g47,1
V4-Flash,Qwen3.5-9B,aime2026,intermediate_error,Qwen3.5-9B|aime2026|AIME2026/20|g36,1
V4-Flash,Qwen3.5-9B,aime2026,intermediate_error,Qwen3.5-9B|aime2026|AIME2026/20|g38,1
V4-Flash,Qwen3.5-9B,aime2026,intermediate_error,Qwen3.5-9B|aime2026|AIME2026/20|g44,1
V4-Flash,Qwen3.5-9B,aime2026,intermediate_error,Qwen3.5-9B|aime2026|AIME2026/21|g62,1
V4-Flash,Qwen3.5-9B,aime2026,intermediate_error,Qwen3.5-9B|aime2026|AIME2026/22|g14,1
V4-Flash,Qwen3.5-9B,aime2026,intermediate_error,Qwen3.5-9B|aime2026|AIME2026/22|g3,1
V4-Flash,Qwen3.5-9B,aime2026,intermediate_error,Qwen3.5-9B|aime2026|AIME2026/23|g12,1
V4-Flash,Qwen3.5-9B,aime2026,intermediate_error,Qwen3.5-9B|aime2026|AIME2026/24|g14,1
V4-Flash,Qwen3.5-9B,aime2026,intermediate_error,Qwen3.5-9B|aime2026|AIME2026/24|g48,1
V4-Flash,Qwen3.5-9B,aime2026,intermediate_error,Qwen3.5-9B|aime2026|AIME2026/24|g5,1
V4-Flash,Qwen3.5-9B,aime2026,intermediate_error,Qwen3.5-9B|aime2026|AIME2026/25|g21,1
V4-Flash,Qwen3.5-9B,aime2026,intermediate_error,Qwen3.5-9B|aime2026|AIME2026/25|g51,1
V4-Flash,Qwen3.5-9B,aime2026,intermediate_error,Qwen3.5-9B|aime2026|AIME2026/25|g63,1
V4-Flash,Qwen3.5-9B,aime2026,intermediate_error,Qwen3.5-9B|aime2026|AIME2026/26|g28,1
V4-Flash,Qwen3.5-9B,aime2026,intermediate_error,Qwen3.5-9B|aime2026|AIME2026/26|g55,1
V4-Flash,Qwen3.5-9B,aime2026,intermediate_error,Qwen3.5-9B|aime2026|AIME2026/27|g45,1
V4-Flash,Qwen3.5-9B,aime2026,intermediate_error,Qwen3.5-9B|aime2026|AIME2026/28|g16,1
V4-Flash,Qwen3.5-9B,aime2026,intermediate_error,Qwen3.5-9B|aime2026|AIME2026/28|g45,1
V4-Flash,Qwen3.5-9B,aime2026,intermediate_error,Qwen3.5-9B|aime2026|AIME2026/28|g51,1
V4-Flash,Qwen3.5-9B,aime2026,intermediate_error,Qwen3.5-9B|aime2026|AIME2026/28|g9,1
V4-Flash,Qwen3.5-9B,aime2026,intermediate_error,Qwen3.5-9B|aime2026|AIME2026/29|g21,1
V4-Flash,Qwen3.5-9B,aime2026,intermediate_error,Qwen3.5-9B|aime2026|AIME2026/29|g28,1
V4-Flash,Qwen3.5-9B,aime2026,intermediate_error,Qwen3.5-9B|aime2026|AIME2026/29|g35,1
V4-Flash,Qwen3.5-9B,aime2026,intermediate_error,Qwen3.5-9B|aime2026|AIME2026/29|g60,1
V4-Flash,Qwen3.5-9B,aime2026,intermediate_error,Qwen3.5-9B|aime2026|AIME2026/3|g15,1
V4-Flash,Qwen3.5-9B,aime2026,intermediate_error,Qwen3.5-9B|aime2026|AIME2026/3|g21,1
V4-Flash,Qwen3.5-9B,aime2026,intermediate_error,Qwen3.5-9B|aime2026|AIME2026/3|g35,1
V4-Flash,Qwen3.5-9B,aime2026,intermediate_error,Qwen3.5-9B|aime2026|AIME2026/3|g50,1
V4-Flash,Qwen3.5-9B,aime2026,intermediate_error,Qwen3.5-9B|aime2026|AIME2026/30|g16,1
V4-Flash,Qwen3.5-9B,aime2026,intermediate_error,Qwen3.5-9B|aime2026|AIME2026/30|g28,1
V4-Flash,Qwen3.5-9B,aime2026,intermediate_error,Qwen3.5-9B|aime2026|AIME2026/30|g35,1
V4-Flash,Qwen3.5-9B,aime2026,intermediate_error,Qwen3.5-9B|aime2026|AIME2026/4|g12,1
V4-Flash,Qwen3.5-9B,aime2026,intermediate_error,Qwen3.5-9B|aime2026|AIME2026/4|g32,1
V4-Flash,Qwen3.5-9B,aime2026,intermediate_error,Qwen3.5-9B|aime2026|AIME2026/4|g33,1
V4-Flash,Qwen3.5-9B,aime2026,intermediate_error,Qwen3.5-9B|aime2026|AIME2026/4|g58,1
V4-Flash,Qwen3.5-9B,aime2026,intermediate_error,Qwen3.5-9B|aime2026|AIME2026/5|g21,1
V4-Flash,Qwen3.5-9B,aime2026,intermediate_error,Qwen3.5-9B|aime2026|AIME2026/6|g11,1
V4-Flash,Qwen3.5-9B,aime2026,intermediate_error,Qwen3.5-9B|aime2026|AIME2026/6|g17,1
V4-Flash,Qwen3.5-9B,aime2026,intermediate_error,Qwen3.5-9B|aime2026|AIME2026/6|g35,1
V4-Flash,Qwen3.5-9B,aime2026,intermediate_error,Qwen3.5-9B|aime2026|AIME2026/7|g24,1
V4-Flash,Qwen3.5-9B,aime2026,intermediate_error,Qwen3.5-9B|aime2026|AIME2026/7|g39,1
V4-Flash,Qwen3.5-9B,aime2026,intermediate_error,Qwen3.5-9B|aime2026|AIME2026/7|g7,1
V4-Flash,Qwen3.5-9B,aime2026,intermediate_error,Qwen3.5-9B|aime2026|AIME2026/9|g11,1
V4-Flash,Qwen3.5-9B,aime2026,intermediate_error,Qwen3.5-9B|aime2026|AIME2026/9|g14,1
V4-Flash,Qwen3.5-9B,aime2026,intermediate_error,Qwen3.5-9B|aime2026|AIME2026/9|g59,1
V4-Flash,Qwen3.5-9B,aime2026,truncated,Qwen3.5-9B|aime2026|AIME2026/1|g19,1
V4-Flash,Qwen3.5-9B,aime2026,truncated,Qwen3.5-9B|aime2026|AIME2026/1|g26,1
V4-Flash,Qwen3.5-9B,aime2026,truncated,Qwen3.5-9B|aime2026|AIME2026/1|g31,1
V4-Flash,Qwen3.5-9B,aime2026,truncated,Qwen3.5-9B|aime2026|AIME2026/1|g49,1
V4-Flash,Qwen3.5-9B,aime2026,truncated,Qwen3.5-9B|aime2026|AIME2026/10|g13,0
V4-Flash,Qwen3.5-9B,aime2026,truncated,Qwen3.5-9B|aime2026|AIME2026/12|g10,1
V4-Flash,Qwen3.5-9B,aime2026,truncated,Qwen3.5-9B|aime2026|AIME2026/12|g43,1
V4-Flash,Qwen3.5-9B,aime2026,truncated,Qwen3.5-9B|aime2026|AIME2026/12|g61,1
V4-Flash,Qwen3.5-9B,aime2026,truncated,Qwen3.5-9B|aime2026|AIME2026/13|g13,1
V4-Flash,Qwen3.5-9B,aime2026,truncated,Qwen3.5-9B|aime2026|AIME2026/13|g36,1
V4-Flash,Qwen3.5-9B,aime2026,truncated,Qwen3.5-9B|aime2026|AIME2026/14|g19,0
V4-Flash,Qwen3.5-9B,aime2026,truncated,Qwen3.5-9B|aime2026|AIME2026/14|g5,1
V4-Flash,Qwen3.5-9B,aime2026,truncated,Qwen3.5-9B|aime2026|AIME2026/14|g8,1
V4-Flash,Qwen3.5-9B,aime2026,truncated,Qwen3.5-9B|aime2026|AIME2026/16|g33,1
V4-Flash,Qwen3.5-9B,aime2026,truncated,Qwen3.5-9B|aime2026|AIME2026/16|g34,1
V4-Flash,Qwen3.5-9B,aime2026,truncated,Qwen3.5-9B|aime2026|AIME2026/16|g40,1
V4-Flash,Qwen3.5-9B,aime2026,truncated,Qwen3.5-9B|aime2026|AIME2026/16|g43,1
V4-Flash,Qwen3.5-9B,aime2026,truncated,Qwen3.5-9B|aime2026|AIME2026/16|g51,1
V4-Flash,Qwen3.5-9B,aime2026,truncated,Qwen3.5-9B|aime2026|AIME2026/17|g2,1
V4-Flash,Qwen3.5-9B,aime2026,truncated,Qwen3.5-9B|aime2026|AIME2026/17|g50,1
V4-Flash,Qwen3.5-9B,aime2026,truncated,Qwen3.5-9B|aime2026|AIME2026/18|g49,1
V4-Flash,Qwen3.5-9B,aime2026,truncated,Qwen3.5-9B|aime2026|AIME2026/19|g0,1
V4-Flash,Qwen3.5-9B,aime2026,truncated,Qwen3.5-9B|aime2026|AIME2026/19|g22,1
V4-Flash,Qwen3.5-9B,aime2026,truncated,Qwen3.5-9B|aime2026|AIME2026/19|g51,1
V4-Flash,Qwen3.5-9B,aime2026,truncated,Qwen3.5-9B|aime2026|AIME2026/2|g29,1
V4-Flash,Qwen3.5-9B,aime2026,truncated,Qwen3.5-9B|aime2026|AIME2026/2|g45,1
V4-Flash,Qwen3.5-9B,aime2026,truncated,Qwen3.5-9B|aime2026|AIME2026/2|g47,1
V4-Flash,Qwen3.5-9B,aime2026,truncated,Qwen3.5-9B|aime2026|AIME2026/20|g36,1
V4-Flash,Qwen3.5-9B,aime2026,truncated,Qwen3.5-9B|aime2026|AIME2026/20|g38,1
V4-Flash,Qwen3.5-9B,aime2026,truncated,Qwen3.5-9B|aime2026|AIME2026/20|g44,1
V4-Flash,Qwen3.5-9B,aime2026,truncated,Qwen3.5-9B|aime2026|AIME2026/21|g62,1
V4-Flash,Qwen3.5-9B,aime2026,truncated,Qwen3.5-9B|aime2026|AIME2026/22|g14,1
V4-Flash,Qwen3.5-9B,aime2026,truncated,Qwen3.5-9B|aime2026|AIME2026/22|g3,1
V4-Flash,Qwen3.5-9B,aime2026,truncated,Qwen3.5-9B|aime2026|AIME2026/23|g12,1
V4-Flash,Qwen3.5-9B,aime2026,truncated,Qwen3.5-9B|aime2026|AIME2026/24|g14,1
V4-Flash,Qwen3.5-9B,aime2026,truncated,Qwen3.5-9B|aime2026|AIME2026/24|g48,1
V4-Flash,Qwen3.5-9B,aime2026,truncated,Qwen3.5-9B|aime2026|AIME2026/24|g5,1
V4-Flash,Qwen3.5-9B,aime2026,truncated,Qwen3.5-9B|aime2026|AIME2026/25|g21,1
V4-Flash,Qwen3.5-9B,aime2026,truncated,Qwen3.5-9B|aime2026|AIME2026/25|g51,1
V4-Flash,Qwen3.5-9B,aime2026,truncated,Qwen3.5-9B|aime2026|AIME2026/25|g63,1
V4-Flash,Qwen3.5-9B,aime2026,truncated,Qwen3.5-9B|aime2026|AIME2026/26|g28,0
V4-Flash,Qwen3.5-9B,aime2026,truncated,Qwen3.5-9B|aime2026|AIME2026/26|g55,1
V4-Flash,Qwen3.5-9B,aime2026,truncated,Qwen3.5-9B|aime2026|AIME2026/27|g45,1
V4-Flash,Qwen3.5-9B,aime2026,truncated,Qwen3.5-9B|aime2026|AIME2026/28|g16,0
V4-Flash,Qwen3.5-9B,aime2026,truncated,Qwen3.5-9B|aime2026|AIME2026/28|g45,0
V4-Flash,Qwen3.5-9B,aime2026,truncated,Qwen3.5-9B|aime2026|AIME2026/28|g51,0
V4-Flash,Qwen3.5-9B,aime2026,truncated,Qwen3.5-9B|aime2026|AIME2026/28|g9,1
V4-Flash,Qwen3.5-9B,aime2026,truncated,Qwen3.5-9B|aime2026|AIME2026/29|g21,1
V4-Flash,Qwen3.5-9B,aime2026,truncated,Qwen3.5-9B|aime2026|AIME2026/29|g28,0
V4-Flash,Qwen3.5-9B,aime2026,truncated,Qwen3.5-9B|aime2026|AIME2026/29|g35,0
V4-Flash,Qwen3.5-9B,aime2026,truncated,Qwen3.5-9B|aime2026|AIME2026/29|g60,0
V4-Flash,Qwen3.5-9B,aime2026,truncated,Qwen3.5-9B|aime2026|AIME2026/3|g15,1
V4-Flash,Qwen3.5-9B,aime2026,truncated,Qwen3.5-9B|aime2026|AIME2026/3|g21,1
V4-Flash,Qwen3.5-9B,aime2026,truncated,Qwen3.5-9B|aime2026|AIME2026/3|g35,1
V4-Flash,Qwen3.5-9B,aime2026,truncated,Qwen3.5-9B|aime2026|AIME2026/3|g50,1
V4-Flash,Qwen3.5-9B,aime2026,truncated,Qwen3.5-9B|aime2026|AIME2026/30|g16,1
V4-Flash,Qwen3.5-9B,aime2026,truncated,Qwen3.5-9B|aime2026|AIME2026/30|g28,1
V4-Flash,Qwen3.5-9B,aime2026,truncated,Qwen3.5-9B|aime2026|AIME2026/30|g35,0
V4-Flash,Qwen3.5-9B,aime2026,truncated,Qwen3.5-9B|aime2026|AIME2026/4|g12,1
V4-Flash,Qwen3.5-9B,aime2026,truncated,Qwen3.5-9B|aime2026|AIME2026/4|g32,1
V4-Flash,Qwen3.5-9B,aime2026,truncated,Qwen3.5-9B|aime2026|AIME2026/4|g33,1
V4-Flash,Qwen3.5-9B,aime2026,truncated,Qwen3.5-9B|aime2026|AIME2026/4|g58,1
V4-Flash,Qwen3.5-9B,aime2026,truncated,Qwen3.5-9B|aime2026|AIME2026/5|g21,1
V4-Flash,Qwen3.5-9B,aime2026,truncated,Qwen3.5-9B|aime2026|AIME2026/6|g11,1
V4-Flash,Qwen3.5-9B,aime2026,truncated,Qwen3.5-9B|aime2026|AIME2026/6|g17,1
V4-Flash,Qwen3.5-9B,aime2026,truncated,Qwen3.5-9B|aime2026|AIME2026/6|g35,1
V4-Flash,Qwen3.5-9B,aime2026,truncated,Qwen3.5-9B|aime2026|AIME2026/7|g24,1
V4-Flash,Qwen3.5-9B,aime2026,truncated,Qwen3.5-9B|aime2026|AIME2026/7|g39,1
V4-Flash,Qwen3.5-9B,aime2026,truncated,Qwen3.5-9B|aime2026|AIME2026/7|g7,1
V4-Flash,Qwen3.5-9B,aime2026,truncated,Qwen3.5-9B|aime2026|AIME2026/9|g11,1
V4-Flash,Qwen3.5-9B,aime2026,truncated,Qwen3.5-9B|aime2026|AIME2026/9|g14,1
V4-Flash,Qwen3.5-9B,aime2026,truncated,Qwen3.5-9B|aime2026|AIME2026/9|g59,1
V4-Flash,Qwen3.5-9B,aime2026_pt,boxed_only,Qwen3.5-9B|aime2026_pt|AIME2026-PT/1|g36,0
V4-Flash,Qwen3.5-9B,aime2026_pt,boxed_only,Qwen3.5-9B|aime2026_pt|AIME2026-PT/1|g59,0
V4-Flash,Qwen3.5-9B,aime2026_pt,boxed_only,Qwen3.5-9B|aime2026_pt|AIME2026-PT/1|g7,0
V4-Flash,Qwen3.5-9B,aime2026_pt,boxed_only,Qwen3.5-9B|aime2026_pt|AIME2026-PT/10|g58,0
V4-Flash,Qwen3.5-9B,aime2026_pt,boxed_only,Qwen3.5-9B|aime2026_pt|AIME2026-PT/12|g24,0
V4-Flash,Qwen3.5-9B,aime2026_pt,boxed_only,Qwen3.5-9B|aime2026_pt|AIME2026-PT/12|g29,0
V4-Flash,Qwen3.5-9B,aime2026_pt,boxed_only,Qwen3.5-9B|aime2026_pt|AIME2026-PT/12|g57,0
V4-Flash,Qwen3.5-9B,aime2026_pt,boxed_only,Qwen3.5-9B|aime2026_pt|AIME2026-PT/13|g29,0
V4-Flash,Qwen3.5-9B,aime2026_pt,boxed_only,Qwen3.5-9B|aime2026_pt|AIME2026-PT/14|g4,0
V4-Flash,Qwen3.5-9B,aime2026_pt,boxed_only,Qwen3.5-9B|aime2026_pt|AIME2026-PT/14|g43,0
V4-Flash,Qwen3.5-9B,aime2026_pt,boxed_only,Qwen3.5-9B|aime2026_pt|AIME2026-PT/14|g44,0
V4-Flash,Qwen3.5-9B,aime2026_pt,boxed_only,Qwen3.5-9B|aime2026_pt|AIME2026-PT/14|g55,0
V4-Flash,Qwen3.5-9B,aime2026_pt,boxed_only,Qwen3.5-9B|aime2026_pt|AIME2026-PT/16|g1,0
V4-Flash,Qwen3.5-9B,aime2026_pt,boxed_only,Qwen3.5-9B|aime2026_pt|AIME2026-PT/16|g17,0
V4-Flash,Qwen3.5-9B,aime2026_pt,boxed_only,Qwen3.5-9B|aime2026_pt|AIME2026-PT/16|g18,0
V4-Flash,Qwen3.5-9B,aime2026_pt,boxed_only,Qwen3.5-9B|aime2026_pt|AIME2026-PT/16|g47,0
V4-Flash,Qwen3.5-9B,aime2026_pt,boxed_only,Qwen3.5-9B|aime2026_pt|AIME2026-PT/17|g12,0
V4-Flash,Qwen3.5-9B,aime2026_pt,boxed_only,Qwen3.5-9B|aime2026_pt|AIME2026-PT/17|g18,0
V4-Flash,Qwen3.5-9B,aime2026_pt,boxed_only,Qwen3.5-9B|aime2026_pt|AIME2026-PT/17|g36,0
V4-Flash,Qwen3.5-9B,aime2026_pt,boxed_only,Qwen3.5-9B|aime2026_pt|AIME2026-PT/17|g52,0
V4-Flash,Qwen3.5-9B,aime2026_pt,boxed_only,Qwen3.5-9B|aime2026_pt|AIME2026-PT/18|g43,0
V4-Flash,Qwen3.5-9B,aime2026_pt,boxed_only,Qwen3.5-9B|aime2026_pt|AIME2026-PT/18|g58,0
V4-Flash,Qwen3.5-9B,aime2026_pt,boxed_only,Qwen3.5-9B|aime2026_pt|AIME2026-PT/19|g26,0
V4-Flash,Qwen3.5-9B,aime2026_pt,boxed_only,Qwen3.5-9B|aime2026_pt|AIME2026-PT/19|g3,0
V4-Flash,Qwen3.5-9B,aime2026_pt,boxed_only,Qwen3.5-9B|aime2026_pt|AIME2026-PT/19|g56,1
V4-Flash,Qwen3.5-9B,aime2026_pt,boxed_only,Qwen3.5-9B|aime2026_pt|AIME2026-PT/2|g53,0
V4-Flash,Qwen3.5-9B,aime2026_pt,boxed_only,Qwen3.5-9B|aime2026_pt|AIME2026-PT/2|g7,0
V4-Flash,Qwen3.5-9B,aime2026_pt,boxed_only,Qwen3.5-9B|aime2026_pt|AIME2026-PT/20|g4,0
V4-Flash,Qwen3.5-9B,aime2026_pt,boxed_only,Qwen3.5-9B|aime2026_pt|AIME2026-PT/20|g48,0
V4-Flash,Qwen3.5-9B,aime2026_pt,boxed_only,Qwen3.5-9B|aime2026_pt|AIME2026-PT/20|g49,0
V4-Flash,Qwen3.5-9B,aime2026_pt,boxed_only,Qwen3.5-9B|aime2026_pt|AIME2026-PT/20|g53,0
V4-Flash,Qwen3.5-9B,aime2026_pt,boxed_only,Qwen3.5-9B|aime2026_pt|AIME2026-PT/21|g42,0
V4-Flash,Qwen3.5-9B,aime2026_pt,boxed_only,Qwen3.5-9B|aime2026_pt|AIME2026-PT/21|g8,0
V4-Flash,Qwen3.5-9B,aime2026_pt,boxed_only,Qwen3.5-9B|aime2026_pt|AIME2026-PT/22|g40,0
V4-Flash,Qwen3.5-9B,aime2026_pt,boxed_only,Qwen3.5-9B|aime2026_pt|AIME2026-PT/22|g58,0
V4-Flash,Qwen3.5-9B,aime2026_pt,boxed_only,Qwen3.5-9B|aime2026_pt|AIME2026-PT/23|g2,0
V4-Flash,Qwen3.5-9B,aime2026_pt,boxed_only,Qwen3.5-9B|aime2026_pt|AIME2026-PT/24|g15,0
V4-Flash,Qwen3.5-9B,aime2026_pt,boxed_only,Qwen3.5-9B|aime2026_pt|AIME2026-PT/24|g41,0
V4-Flash,Qwen3.5-9B,aime2026_pt,boxed_only,Qwen3.5-9B|aime2026_pt|AIME2026-PT/24|g44,0
V4-Flash,Qwen3.5-9B,aime2026_pt,boxed_only,Qwen3.5-9B|aime2026_pt|AIME2026-PT/24|g62,0
V4-Flash,Qwen3.5-9B,aime2026_pt,boxed_only,Qwen3.5-9B|aime2026_pt|AIME2026-PT/25|g24,0
V4-Flash,Qwen3.5-9B,aime2026_pt,boxed_only,Qwen3.5-9B|aime2026_pt|AIME2026-PT/25|g28,0
V4-Flash,Qwen3.5-9B,aime2026_pt,boxed_only,Qwen3.5-9B|aime2026_pt|AIME2026-PT/25|g44,0
V4-Flash,Qwen3.5-9B,aime2026_pt,boxed_only,Qwen3.5-9B|aime2026_pt|AIME2026-PT/26|g17,0
V4-Flash,Qwen3.5-9B,aime2026_pt,boxed_only,Qwen3.5-9B|aime2026_pt|AIME2026-PT/26|g20,1
V4-Flash,Qwen3.5-9B,aime2026_pt,boxed_only,Qwen3.5-9B|aime2026_pt|AIME2026-PT/26|g22,0
V4-Flash,Qwen3.5-9B,aime2026_pt,boxed_only,Qwen3.5-9B|aime2026_pt|AIME2026-PT/26|g27,0
V4-Flash,Qwen3.5-9B,aime2026_pt,boxed_only,Qwen3.5-9B|aime2026_pt|AIME2026-PT/27|g11,1
V4-Flash,Qwen3.5-9B,aime2026_pt,boxed_only,Qwen3.5-9B|aime2026_pt|AIME2026-PT/27|g19,0
V4-Flash,Qwen3.5-9B,aime2026_pt,boxed_only,Qwen3.5-9B|aime2026_pt|AIME2026-PT/27|g20,0
V4-Flash,Qwen3.5-9B,aime2026_pt,boxed_only,Qwen3.5-9B|aime2026_pt|AIME2026-PT/27|g3,0
V4-Flash,Qwen3.5-9B,aime2026_pt,boxed_only,Qwen3.5-9B|aime2026_pt|AIME2026-PT/27|g41,0
V4-Flash,Qwen3.5-9B,aime2026_pt,boxed_only,Qwen3.5-9B|aime2026_pt|AIME2026-PT/28|g42,0
V4-Flash,Qwen3.5-9B,aime2026_pt,boxed_only,Qwen3.5-9B|aime2026_pt|AIME2026-PT/28|g61,1
V4-Flash,Qwen3.5-9B,aime2026_pt,boxed_only,Qwen3.5-9B|aime2026_pt|AIME2026-PT/29|g17,0
V4-Flash,Qwen3.5-9B,aime2026_pt,boxed_only,Qwen3.5-9B|aime2026_pt|AIME2026-PT/29|g36,0
V4-Flash,Qwen3.5-9B,aime2026_pt,boxed_only,Qwen3.5-9B|aime2026_pt|AIME2026-PT/3|g19,1
V4-Flash,Qwen3.5-9B,aime2026_pt,boxed_only,Qwen3.5-9B|aime2026_pt|AIME2026-PT/3|g2,0
V4-Flash,Qwen3.5-9B,aime2026_pt,boxed_only,Qwen3.5-9B|aime2026_pt|AIME2026-PT/3|g23,1
V4-Flash,Qwen3.5-9B,aime2026_pt,boxed_only,Qwen3.5-9B|aime2026_pt|AIME2026-PT/3|g6,0
V4-Flash,Qwen3.5-9B,aime2026_pt,boxed_only,Qwen3.5-9B|aime2026_pt|AIME2026-PT/4|g3,0
V4-Flash,Qwen3.5-9B,aime2026_pt,boxed_only,Qwen3.5-9B|aime2026_pt|AIME2026-PT/4|g43,0
V4-Flash,Qwen3.5-9B,aime2026_pt,boxed_only,Qwen3.5-9B|aime2026_pt|AIME2026-PT/4|g45,0
V4-Flash,Qwen3.5-9B,aime2026_pt,boxed_only,Qwen3.5-9B|aime2026_pt|AIME2026-PT/5|g18,0
V4-Flash,Qwen3.5-9B,aime2026_pt,boxed_only,Qwen3.5-9B|aime2026_pt|AIME2026-PT/5|g24,0
V4-Flash,Qwen3.5-9B,aime2026_pt,boxed_only,Qwen3.5-9B|aime2026_pt|AIME2026-PT/6|g13,0
V4-Flash,Qwen3.5-9B,aime2026_pt,boxed_only,Qwen3.5-9B|aime2026_pt|AIME2026-PT/6|g17,0
V4-Flash,Qwen3.5-9B,aime2026_pt,boxed_only,Qwen3.5-9B|aime2026_pt|AIME2026-PT/7|g38,0
V4-Flash,Qwen3.5-9B,aime2026_pt,boxed_only,Qwen3.5-9B|aime2026_pt|AIME2026-PT/7|g48,0
V4-Flash,Qwen3.5-9B,aime2026_pt,boxed_only,Qwen3.5-9B|aime2026_pt|AIME2026-PT/7|g49,0
V4-Flash,Qwen3.5-9B,aime2026_pt,boxed_only,Qwen3.5-9B|aime2026_pt|AIME2026-PT/9|g60,0
V4-Flash,Qwen3.5-9B,aime2026_pt,boxed_only,Qwen3.5-9B|aime2026_pt|AIME2026-PT/9|g9,1
V4-Flash,Qwen3.5-9B,aime2026_pt,clean,Qwen3.5-9B|aime2026_pt|AIME2026-PT/1|g36,1
V4-Flash,Qwen3.5-9B,aime2026_pt,clean,Qwen3.5-9B|aime2026_pt|AIME2026-PT/1|g59,1
V4-Flash,Qwen3.5-9B,aime2026_pt,clean,Qwen3.5-9B|aime2026_pt|AIME2026-PT/1|g7,1
V4-Flash,Qwen3.5-9B,aime2026_pt,clean,Qwen3.5-9B|aime2026_pt|AIME2026-PT/10|g58,0
V4-Flash,Qwen3.5-9B,aime2026_pt,clean,Qwen3.5-9B|aime2026_pt|AIME2026-PT/12|g24,1
V4-Flash,Qwen3.5-9B,aime2026_pt,clean,Qwen3.5-9B|aime2026_pt|AIME2026-PT/12|g29,1
V4-Flash,Qwen3.5-9B,aime2026_pt,clean,Qwen3.5-9B|aime2026_pt|AIME2026-PT/12|g57,1
V4-Flash,Qwen3.5-9B,aime2026_pt,clean,Qwen3.5-9B|aime2026_pt|AIME2026-PT/13|g29,0
V4-Flash,Qwen3.5-9B,aime2026_pt,clean,Qwen3.5-9B|aime2026_pt|AIME2026-PT/14|g4,1
V4-Flash,Qwen3.5-9B,aime2026_pt,clean,Qwen3.5-9B|aime2026_pt|AIME2026-PT/14|g43,1
V4-Flash,Qwen3.5-9B,aime2026_pt,clean,Qwen3.5-9B|aime2026_pt|AIME2026-PT/14|g44,1
V4-Flash,Qwen3.5-9B,aime2026_pt,clean,Qwen3.5-9B|aime2026_pt|AIME2026-PT/14|g55,1
V4-Flash,Qwen3.5-9B,aime2026_pt,clean,Qwen3.5-9B|aime2026_pt|AIME2026-PT/16|g1,1
V4-Flash,Qwen3.5-9B,aime2026_pt,clean,Qwen3.5-9B|aime2026_pt|AIME2026-PT/16|g17,1
V4-Flash,Qwen3.5-9B,aime2026_pt,clean,Qwen3.5-9B|aime2026_pt|AIME2026-PT/16|g18,1
V4-Flash,Qwen3.5-9B,aime2026_pt,clean,Qwen3.5-9B|aime2026_pt|AIME2026-PT/16|g47,1
V4-Flash,Qwen3.5-9B,aime2026_pt,clean,Qwen3.5-9B|aime2026_pt|AIME2026-PT/17|g12,1
V4-Flash,Qwen3.5-9B,aime2026_pt,clean,Qwen3.5-9B|aime2026_pt|AIME2026-PT/17|g18,1
V4-Flash,Qwen3.5-9B,aime2026_pt,clean,Qwen3.5-9B|aime2026_pt|AIME2026-PT/17|g36,1
V4-Flash,Qwen3.5-9B,aime2026_pt,clean,Qwen3.5-9B|aime2026_pt|AIME2026-PT/17|g52,0
V4-Flash,Qwen3.5-9B,aime2026_pt,clean,Qwen3.5-9B|aime2026_pt|AIME2026-PT/18|g43,1
V4-Flash,Qwen3.5-9B,aime2026_pt,clean,Qwen3.5-9B|aime2026_pt|AIME2026-PT/18|g58,1
V4-Flash,Qwen3.5-9B,aime2026_pt,clean,Qwen3.5-9B|aime2026_pt|AIME2026-PT/19|g26,1
V4-Flash,Qwen3.5-9B,aime2026_pt,clean,Qwen3.5-9B|aime2026_pt|AIME2026-PT/19|g3,1
V4-Flash,Qwen3.5-9B,aime2026_pt,clean,Qwen3.5-9B|aime2026_pt|AIME2026-PT/19|g56,1
V4-Flash,Qwen3.5-9B,aime2026_pt,clean,Qwen3.5-9B|aime2026_pt|AIME2026-PT/2|g53,1
V4-Flash,Qwen3.5-9B,aime2026_pt,clean,Qwen3.5-9B|aime2026_pt|AIME2026-PT/2|g7,1
V4-Flash,Qwen3.5-9B,aime2026_pt,clean,Qwen3.5-9B|aime2026_pt|AIME2026-PT/20|g4,1
V4-Flash,Qwen3.5-9B,aime2026_pt,clean,Qwen3.5-9B|aime2026_pt|AIME2026-PT/20|g48,1
V4-Flash,Qwen3.5-9B,aime2026_pt,clean,Qwen3.5-9B|aime2026_pt|AIME2026-PT/20|g49,1
V4-Flash,Qwen3.5-9B,aime2026_pt,clean,Qwen3.5-9B|aime2026_pt|AIME2026-PT/20|g53,1
V4-Flash,Qwen3.5-9B,aime2026_pt,clean,Qwen3.5-9B|aime2026_pt|AIME2026-PT/21|g42,1
V4-Flash,Qwen3.5-9B,aime2026_pt,clean,Qwen3.5-9B|aime2026_pt|AIME2026-PT/21|g8,1
V4-Flash,Qwen3.5-9B,aime2026_pt,clean,Qwen3.5-9B|aime2026_pt|AIME2026-PT/22|g40,1
V4-Flash,Qwen3.5-9B,aime2026_pt,clean,Qwen3.5-9B|aime2026_pt|AIME2026-PT/22|g58,1
V4-Flash,Qwen3.5-9B,aime2026_pt,clean,Qwen3.5-9B|aime2026_pt|AIME2026-PT/23|g2,1
V4-Flash,Qwen3.5-9B,aime2026_pt,clean,Qwen3.5-9B|aime2026_pt|AIME2026-PT/24|g15,1
V4-Flash,Qwen3.5-9B,aime2026_pt,clean,Qwen3.5-9B|aime2026_pt|AIME2026-PT/24|g41,1
V4-Flash,Qwen3.5-9B,aime2026_pt,clean,Qwen3.5-9B|aime2026_pt|AIME2026-PT/24|g44,1
V4-Flash,Qwen3.5-9B,aime2026_pt,clean,Qwen3.5-9B|aime2026_pt|AIME2026-PT/24|g62,1
V4-Flash,Qwen3.5-9B,aime2026_pt,clean,Qwen3.5-9B|aime2026_pt|AIME2026-PT/25|g24,1
V4-Flash,Qwen3.5-9B,aime2026_pt,clean,Qwen3.5-9B|aime2026_pt|AIME2026-PT/25|g28,1
V4-Flash,Qwen3.5-9B,aime2026_pt,clean,Qwen3.5-9B|aime2026_pt|AIME2026-PT/25|g44,1
V4-Flash,Qwen3.5-9B,aime2026_pt,clean,Qwen3.5-9B|aime2026_pt|AIME2026-PT/26|g17,1
V4-Flash,Qwen3.5-9B,aime2026_pt,clean,Qwen3.5-9B|aime2026_pt|AIME2026-PT/26|g20,1
V4-Flash,Qwen3.5-9B,aime2026_pt,clean,Qwen3.5-9B|aime2026_pt|AIME2026-PT/26|g22,1
V4-Flash,Qwen3.5-9B,aime2026_pt,clean,Qwen3.5-9B|aime2026_pt|AIME2026-PT/26|g27,1
V4-Flash,Qwen3.5-9B,aime2026_pt,clean,Qwen3.5-9B|aime2026_pt|AIME2026-PT/27|g11,1
V4-Flash,Qwen3.5-9B,aime2026_pt,clean,Qwen3.5-9B|aime2026_pt|AIME2026-PT/27|g19,1
V4-Flash,Qwen3.5-9B,aime2026_pt,clean,Qwen3.5-9B|aime2026_pt|AIME2026-PT/27|g20,1
V4-Flash,Qwen3.5-9B,aime2026_pt,clean,Qwen3.5-9B|aime2026_pt|AIME2026-PT/27|g3,1
V4-Flash,Qwen3.5-9B,aime2026_pt,clean,Qwen3.5-9B|aime2026_pt|AIME2026-PT/27|g41,1
V4-Flash,Qwen3.5-9B,aime2026_pt,clean,Qwen3.5-9B|aime2026_pt|AIME2026-PT/28|g42,1
V4-Flash,Qwen3.5-9B,aime2026_pt,clean,Qwen3.5-9B|aime2026_pt|AIME2026-PT/28|g61,1
V4-Flash,Qwen3.5-9B,aime2026_pt,clean,Qwen3.5-9B|aime2026_pt|AIME2026-PT/29|g17,1
V4-Flash,Qwen3.5-9B,aime2026_pt,clean,Qwen3.5-9B|aime2026_pt|AIME2026-PT/29|g36,1
V4-Flash,Qwen3.5-9B,aime2026_pt,clean,Qwen3.5-9B|aime2026_pt|AIME2026-PT/3|g19,1
V4-Flash,Qwen3.5-9B,aime2026_pt,clean,Qwen3.5-9B|aime2026_pt|AIME2026-PT/3|g2,1
V4-Flash,Qwen3.5-9B,aime2026_pt,clean,Qwen3.5-9B|aime2026_pt|AIME2026-PT/3|g23,1
V4-Flash,Qwen3.5-9B,aime2026_pt,clean,Qwen3.5-9B|aime2026_pt|AIME2026-PT/3|g6,1
V4-Flash,Qwen3.5-9B,aime2026_pt,clean,Qwen3.5-9B|aime2026_pt|AIME2026-PT/4|g3,1
V4-Flash,Qwen3.5-9B,aime2026_pt,clean,Qwen3.5-9B|aime2026_pt|AIME2026-PT/4|g43,1
V4-Flash,Qwen3.5-9B,aime2026_pt,clean,Qwen3.5-9B|aime2026_pt|AIME2026-PT/4|g45,1
V4-Flash,Qwen3.5-9B,aime2026_pt,clean,Qwen3.5-9B|aime2026_pt|AIME2026-PT/5|g18,1
V4-Flash,Qwen3.5-9B,aime2026_pt,clean,Qwen3.5-9B|aime2026_pt|AIME2026-PT/5|g24,1
V4-Flash,Qwen3.5-9B,aime2026_pt,clean,Qwen3.5-9B|aime2026_pt|AIME2026-PT/6|g13,1
V4-Flash,Qwen3.5-9B,aime2026_pt,clean,Qwen3.5-9B|aime2026_pt|AIME2026-PT/6|g17,1
V4-Flash,Qwen3.5-9B,aime2026_pt,clean,Qwen3.5-9B|aime2026_pt|AIME2026-PT/7|g38,1
V4-Flash,Qwen3.5-9B,aime2026_pt,clean,Qwen3.5-9B|aime2026_pt|AIME2026-PT/7|g48,1
V4-Flash,Qwen3.5-9B,aime2026_pt,clean,Qwen3.5-9B|aime2026_pt|AIME2026-PT/7|g49,1
V4-Flash,Qwen3.5-9B,aime2026_pt,clean,Qwen3.5-9B|aime2026_pt|AIME2026-PT/9|g60,1
V4-Flash,Qwen3.5-9B,aime2026_pt,clean,Qwen3.5-9B|aime2026_pt|AIME2026-PT/9|g9,1
V4-Flash,Qwen3.5-9B,aime2026_pt,consistent_error,Qwen3.5-9B|aime2026_pt|AIME2026-PT/1|g36,0
V4-Flash,Qwen3.5-9B,aime2026_pt,consistent_error,Qwen3.5-9B|aime2026_pt|AIME2026-PT/1|g59,0
V4-Flash,Qwen3.5-9B,aime2026_pt,consistent_error,Qwen3.5-9B|aime2026_pt|AIME2026-PT/1|g7,0
V4-Flash,Qwen3.5-9B,aime2026_pt,consistent_error,Qwen3.5-9B|aime2026_pt|AIME2026-PT/10|g58,0
V4-Flash,Qwen3.5-9B,aime2026_pt,consistent_error,Qwen3.5-9B|aime2026_pt|AIME2026-PT/12|g24,0
V4-Flash,Qwen3.5-9B,aime2026_pt,consistent_error,Qwen3.5-9B|aime2026_pt|AIME2026-PT/12|g29,0
V4-Flash,Qwen3.5-9B,aime2026_pt,consistent_error,Qwen3.5-9B|aime2026_pt|AIME2026-PT/12|g57,1
V4-Flash,Qwen3.5-9B,aime2026_pt,consistent_error,Qwen3.5-9B|aime2026_pt|AIME2026-PT/13|g29,0
V4-Flash,Qwen3.5-9B,aime2026_pt,consistent_error,Qwen3.5-9B|aime2026_pt|AIME2026-PT/14|g4,1
V4-Flash,Qwen3.5-9B,aime2026_pt,consistent_error,Qwen3.5-9B|aime2026_pt|AIME2026-PT/14|g43,0
V4-Flash,Qwen3.5-9B,aime2026_pt,consistent_error,Qwen3.5-9B|aime2026_pt|AIME2026-PT/14|g44,1
V4-Flash,Qwen3.5-9B,aime2026_pt,consistent_error,Qwen3.5-9B|aime2026_pt|AIME2026-PT/14|g55,1
V4-Flash,Qwen3.5-9B,aime2026_pt,consistent_error,Qwen3.5-9B|aime2026_pt|AIME2026-PT/16|g1,1
V4-Flash,Qwen3.5-9B,aime2026_pt,consistent_error,Qwen3.5-9B|aime2026_pt|AIME2026-PT/16|g17,1
V4-Flash,Qwen3.5-9B,aime2026_pt,consistent_error,Qwen3.5-9B|aime2026_pt|AIME2026-PT/16|g18,0
V4-Flash,Qwen3.5-9B,aime2026_pt,consistent_error,Qwen3.5-9B|aime2026_pt|AIME2026-PT/16|g47,1
V4-Flash,Qwen3.5-9B,aime2026_pt,consistent_error,Qwen3.5-9B|aime2026_pt|AIME2026-PT/17|g12,0
V4-Flash,Qwen3.5-9B,aime2026_pt,consistent_error,Qwen3.5-9B|aime2026_pt|AIME2026-PT/17|g18,0
V4-Flash,Qwen3.5-9B,aime2026_pt,consistent_error,Qwen3.5-9B|aime2026_pt|AIME2026-PT/17|g36,0
V4-Flash,Qwen3.5-9B,aime2026_pt,consistent_error,Qwen3.5-9B|aime2026_pt|AIME2026-PT/17|g52,0
V4-Flash,Qwen3.5-9B,aime2026_pt,consistent_error,Qwen3.5-9B|aime2026_pt|AIME2026-PT/18|g43,0
V4-Flash,Qwen3.5-9B,aime2026_pt,consistent_error,Qwen3.5-9B|aime2026_pt|AIME2026-PT/18|g58,0
V4-Flash,Qwen3.5-9B,aime2026_pt,consistent_error,Qwen3.5-9B|aime2026_pt|AIME2026-PT/19|g26,0
V4-Flash,Qwen3.5-9B,aime2026_pt,consistent_error,Qwen3.5-9B|aime2026_pt|AIME2026-PT/19|g3,0
V4-Flash,Qwen3.5-9B,aime2026_pt,consistent_error,Qwen3.5-9B|aime2026_pt|AIME2026-PT/19|g56,0
V4-Flash,Qwen3.5-9B,aime2026_pt,consistent_error,Qwen3.5-9B|aime2026_pt|AIME2026-PT/2|g53,0
V4-Flash,Qwen3.5-9B,aime2026_pt,consistent_error,Qwen3.5-9B|aime2026_pt|AIME2026-PT/2|g7,1
V4-Flash,Qwen3.5-9B,aime2026_pt,consistent_error,Qwen3.5-9B|aime2026_pt|AIME2026-PT/20|g4,0
V4-Flash,Qwen3.5-9B,aime2026_pt,consistent_error,Qwen3.5-9B|aime2026_pt|AIME2026-PT/20|g48,1
V4-Flash,Qwen3.5-9B,aime2026_pt,consistent_error,Qwen3.5-9B|aime2026_pt|AIME2026-PT/20|g49,0
V4-Flash,Qwen3.5-9B,aime2026_pt,consistent_error,Qwen3.5-9B|aime2026_pt|AIME2026-PT/20|g53,0
V4-Flash,Qwen3.5-9B,aime2026_pt,consistent_error,Qwen3.5-9B|aime2026_pt|AIME2026-PT/21|g42,1
V4-Flash,Qwen3.5-9B,aime2026_pt,consistent_error,Qwen3.5-9B|aime2026_pt|AIME2026-PT/21|g8,1
V4-Flash,Qwen3.5-9B,aime2026_pt,consistent_error,Qwen3.5-9B|aime2026_pt|AIME2026-PT/22|g40,1
V4-Flash,Qwen3.5-9B,aime2026_pt,consistent_error,Qwen3.5-9B|aime2026_pt|AIME2026-PT/22|g58,1
V4-Flash,Qwen3.5-9B,aime2026_pt,consistent_error,Qwen3.5-9B|aime2026_pt|AIME2026-PT/23|g2,0
V4-Flash,Qwen3.5-9B,aime2026_pt,consistent_error,Qwen3.5-9B|aime2026_pt|AIME2026-PT/24|g15,1
V4-Flash,Qwen3.5-9B,aime2026_pt,consistent_error,Qwen3.5-9B|aime2026_pt|AIME2026-PT/24|g41,0
V4-Flash,Qwen3.5-9B,aime2026_pt,consistent_error,Qwen3.5-9B|aime2026_pt|AIME2026-PT/24|g44,1
V4-Flash,Qwen3.5-9B,aime2026_pt,consistent_error,Qwen3.5-9B|aime2026_pt|AIME2026-PT/24|g62,0
V4-Flash,Qwen3.5-9B,aime2026_pt,consistent_error,Qwen3.5-9B|aime2026_pt|AIME2026-PT/25|g24,0
V4-Flash,Qwen3.5-9B,aime2026_pt,consistent_error,Qwen3.5-9B|aime2026_pt|AIME2026-PT/25|g28,0
V4-Flash,Qwen3.5-9B,aime2026_pt,consistent_error,Qwen3.5-9B|aime2026_pt|AIME2026-PT/25|g44,0
V4-Flash,Qwen3.5-9B,aime2026_pt,consistent_error,Qwen3.5-9B|aime2026_pt|AIME2026-PT/26|g17,0
V4-Flash,Qwen3.5-9B,aime2026_pt,consistent_error,Qwen3.5-9B|aime2026_pt|AIME2026-PT/26|g20,0
V4-Flash,Qwen3.5-9B,aime2026_pt,consistent_error,Qwen3.5-9B|aime2026_pt|AIME2026-PT/26|g22,1
V4-Flash,Qwen3.5-9B,aime2026_pt,consistent_error,Qwen3.5-9B|aime2026_pt|AIME2026-PT/26|g27,0
V4-Flash,Qwen3.5-9B,aime2026_pt,consistent_error,Qwen3.5-9B|aime2026_pt|AIME2026-PT/27|g11,1
V4-Flash,Qwen3.5-9B,aime2026_pt,consistent_error,Qwen3.5-9B|aime2026_pt|AIME2026-PT/27|g19,1
V4-Flash,Qwen3.5-9B,aime2026_pt,consistent_error,Qwen3.5-9B|aime2026_pt|AIME2026-PT/27|g20,1
V4-Flash,Qwen3.5-9B,aime2026_pt,consistent_error,Qwen3.5-9B|aime2026_pt|AIME2026-PT/27|g3,0
V4-Flash,Qwen3.5-9B,aime2026_pt,consistent_error,Qwen3.5-9B|aime2026_pt|AIME2026-PT/27|g41,0
V4-Flash,Qwen3.5-9B,aime2026_pt,consistent_error,Qwen3.5-9B|aime2026_pt|AIME2026-PT/28|g42,0
V4-Flash,Qwen3.5-9B,aime2026_pt,consistent_error,Qwen3.5-9B|aime2026_pt|AIME2026-PT/28|g61,0
V4-Flash,Qwen3.5-9B,aime2026_pt,consistent_error,Qwen3.5-9B|aime2026_pt|AIME2026-PT/29|g17,0
V4-Flash,Qwen3.5-9B,aime2026_pt,consistent_error,Qwen3.5-9B|aime2026_pt|AIME2026-PT/29|g36,0
V4-Flash,Qwen3.5-9B,aime2026_pt,consistent_error,Qwen3.5-9B|aime2026_pt|AIME2026-PT/3|g19,0
V4-Flash,Qwen3.5-9B,aime2026_pt,consistent_error,Qwen3.5-9B|aime2026_pt|AIME2026-PT/3|g2,1
V4-Flash,Qwen3.5-9B,aime2026_pt,consistent_error,Qwen3.5-9B|aime2026_pt|AIME2026-PT/3|g23,0
V4-Flash,Qwen3.5-9B,aime2026_pt,consistent_error,Qwen3.5-9B|aime2026_pt|AIME2026-PT/3|g6,1
V4-Flash,Qwen3.5-9B,aime2026_pt,consistent_error,Qwen3.5-9B|aime2026_pt|AIME2026-PT/4|g3,1
V4-Flash,Qwen3.5-9B,aime2026_pt,consistent_error,Qwen3.5-9B|aime2026_pt|AIME2026-PT/4|g43,0
V4-Flash,Qwen3.5-9B,aime2026_pt,consistent_error,Qwen3.5-9B|aime2026_pt|AIME2026-PT/4|g45,0
V4-Flash,Qwen3.5-9B,aime2026_pt,consistent_error,Qwen3.5-9B|aime2026_pt|AIME2026-PT/5|g18,1
V4-Flash,Qwen3.5-9B,aime2026_pt,consistent_error,Qwen3.5-9B|aime2026_pt|AIME2026-PT/5|g24,1
V4-Flash,Qwen3.5-9B,aime2026_pt,consistent_error,Qwen3.5-9B|aime2026_pt|AIME2026-PT/6|g13,0
V4-Flash,Qwen3.5-9B,aime2026_pt,consistent_error,Qwen3.5-9B|aime2026_pt|AIME2026-PT/6|g17,0
V4-Flash,Qwen3.5-9B,aime2026_pt,consistent_error,Qwen3.5-9B|aime2026_pt|AIME2026-PT/7|g38,0
V4-Flash,Qwen3.5-9B,aime2026_pt,consistent_error,Qwen3.5-9B|aime2026_pt|AIME2026-PT/7|g48,0
V4-Flash,Qwen3.5-9B,aime2026_pt,consistent_error,Qwen3.5-9B|aime2026_pt|AIME2026-PT/7|g49,0
V4-Flash,Qwen3.5-9B,aime2026_pt,consistent_error,Qwen3.5-9B|aime2026_pt|AIME2026-PT/9|g60,0
V4-Flash,Qwen3.5-9B,aime2026_pt,consistent_error,Qwen3.5-9B|aime2026_pt|AIME2026-PT/9|g9,0
V4-Flash,Qwen3.5-9B,aime2026_pt,intermediate_error,Qwen3.5-9B|aime2026_pt|AIME2026-PT/1|g36,1
V4-Flash,Qwen3.5-9B,aime2026_pt,intermediate_error,Qwen3.5-9B|aime2026_pt|AIME2026-PT/1|g59,1
V4-Flash,Qwen3.5-9B,aime2026_pt,intermediate_error,Qwen3.5-9B|aime2026_pt|AIME2026-PT/1|g7,1
V4-Flash,Qwen3.5-9B,aime2026_pt,intermediate_error,Qwen3.5-9B|aime2026_pt|AIME2026-PT/10|g58,0
V4-Flash,Qwen3.5-9B,aime2026_pt,intermediate_error,Qwen3.5-9B|aime2026_pt|AIME2026-PT/12|g24,1
V4-Flash,Qwen3.5-9B,aime2026_pt,intermediate_error,Qwen3.5-9B|aime2026_pt|AIME2026-PT/12|g29,1
V4-Flash,Qwen3.5-9B,aime2026_pt,intermediate_error,Qwen3.5-9B|aime2026_pt|AIME2026-PT/12|g57,1
V4-Flash,Qwen3.5-9B,aime2026_pt,intermediate_error,Qwen3.5-9B|aime2026_pt|AIME2026-PT/13|g29,0
V4-Flash,Qwen3.5-9B,aime2026_pt,intermediate_error,Qwen3.5-9B|aime2026_pt|AIME2026-PT/14|g4,1
V4-Flash,Qwen3.5-9B,aime2026_pt,intermediate_error,Qwen3.5-9B|aime2026_pt|AIME2026-PT/14|g43,1
V4-Flash,Qwen3.5-9B,aime2026_pt,intermediate_error,Qwen3.5-9B|aime2026_pt|AIME2026-PT/14|g44,1
V4-Flash,Qwen3.5-9B,aime2026_pt,intermediate_error,Qwen3.5-9B|aime2026_pt|AIME2026-PT/14|g55,1
V4-Flash,Qwen3.5-9B,aime2026_pt,intermediate_error,Qwen3.5-9B|aime2026_pt|AIME2026-PT/16|g1,1
V4-Flash,Qwen3.5-9B,aime2026_pt,intermediate_error,Qwen3.5-9B|aime2026_pt|AIME2026-PT/16|g17,1
V4-Flash,Qwen3.5-9B,aime2026_pt,intermediate_error,Qwen3.5-9B|aime2026_pt|AIME2026-PT/16|g18,1
V4-Flash,Qwen3.5-9B,aime2026_pt,intermediate_error,Qwen3.5-9B|aime2026_pt|AIME2026-PT/16|g47,1
V4-Flash,Qwen3.5-9B,aime2026_pt,intermediate_error,Qwen3.5-9B|aime2026_pt|AIME2026-PT/17|g12,1
V4-Flash,Qwen3.5-9B,aime2026_pt,intermediate_error,Qwen3.5-9B|aime2026_pt|AIME2026-PT/17|g18,1
V4-Flash,Qwen3.5-9B,aime2026_pt,intermediate_error,Qwen3.5-9B|aime2026_pt|AIME2026-PT/17|g36,1
V4-Flash,Qwen3.5-9B,aime2026_pt,intermediate_error,Qwen3.5-9B|aime2026_pt|AIME2026-PT/17|g52,0
V4-Flash,Qwen3.5-9B,aime2026_pt,intermediate_error,Qwen3.5-9B|aime2026_pt|AIME2026-PT/18|g43,1
V4-Flash,Qwen3.5-9B,aime2026_pt,intermediate_error,Qwen3.5-9B|aime2026_pt|AIME2026-PT/18|g58,1
V4-Flash,Qwen3.5-9B,aime2026_pt,intermediate_error,Qwen3.5-9B|aime2026_pt|AIME2026-PT/19|g26,1
V4-Flash,Qwen3.5-9B,aime2026_pt,intermediate_error,Qwen3.5-9B|aime2026_pt|AIME2026-PT/19|g3,1
V4-Flash,Qwen3.5-9B,aime2026_pt,intermediate_error,Qwen3.5-9B|aime2026_pt|AIME2026-PT/19|g56,1
V4-Flash,Qwen3.5-9B,aime2026_pt,intermediate_error,Qwen3.5-9B|aime2026_pt|AIME2026-PT/2|g53,1
V4-Flash,Qwen3.5-9B,aime2026_pt,intermediate_error,Qwen3.5-9B|aime2026_pt|AIME2026-PT/2|g7,1
V4-Flash,Qwen3.5-9B,aime2026_pt,intermediate_error,Qwen3.5-9B|aime2026_pt|AIME2026-PT/20|g4,1
V4-Flash,Qwen3.5-9B,aime2026_pt,intermediate_error,Qwen3.5-9B|aime2026_pt|AIME2026-PT/20|g48,1
V4-Flash,Qwen3.5-9B,aime2026_pt,intermediate_error,Qwen3.5-9B|aime2026_pt|AIME2026-PT/20|g49,1
V4-Flash,Qwen3.5-9B,aime2026_pt,intermediate_error,Qwen3.5-9B|aime2026_pt|AIME2026-PT/20|g53,1
V4-Flash,Qwen3.5-9B,aime2026_pt,intermediate_error,Qwen3.5-9B|aime2026_pt|AIME2026-PT/21|g42,1
V4-Flash,Qwen3.5-9B,aime2026_pt,intermediate_error,Qwen3.5-9B|aime2026_pt|AIME2026-PT/21|g8,1
V4-Flash,Qwen3.5-9B,aime2026_pt,intermediate_error,Qwen3.5-9B|aime2026_pt|AIME2026-PT/22|g40,1
V4-Flash,Qwen3.5-9B,aime2026_pt,intermediate_error,Qwen3.5-9B|aime2026_pt|AIME2026-PT/22|g58,1
V4-Flash,Qwen3.5-9B,aime2026_pt,intermediate_error,Qwen3.5-9B|aime2026_pt|AIME2026-PT/23|g2,1
V4-Flash,Qwen3.5-9B,aime2026_pt,intermediate_error,Qwen3.5-9B|aime2026_pt|AIME2026-PT/24|g15,1
V4-Flash,Qwen3.5-9B,aime2026_pt,intermediate_error,Qwen3.5-9B|aime2026_pt|AIME2026-PT/24|g41,1
V4-Flash,Qwen3.5-9B,aime2026_pt,intermediate_error,Qwen3.5-9B|aime2026_pt|AIME2026-PT/24|g44,1
V4-Flash,Qwen3.5-9B,aime2026_pt,intermediate_error,Qwen3.5-9B|aime2026_pt|AIME2026-PT/24|g62,1
V4-Flash,Qwen3.5-9B,aime2026_pt,intermediate_error,Qwen3.5-9B|aime2026_pt|AIME2026-PT/25|g24,1
V4-Flash,Qwen3.5-9B,aime2026_pt,intermediate_error,Qwen3.5-9B|aime2026_pt|AIME2026-PT/25|g28,1
V4-Flash,Qwen3.5-9B,aime2026_pt,intermediate_error,Qwen3.5-9B|aime2026_pt|AIME2026-PT/25|g44,1
V4-Flash,Qwen3.5-9B,aime2026_pt,intermediate_error,Qwen3.5-9B|aime2026_pt|AIME2026-PT/26|g17,0
V4-Flash,Qwen3.5-9B,aime2026_pt,intermediate_error,Qwen3.5-9B|aime2026_pt|AIME2026-PT/26|g20,1
V4-Flash,Qwen3.5-9B,aime2026_pt,intermediate_error,Qwen3.5-9B|aime2026_pt|AIME2026-PT/26|g22,1
V4-Flash,Qwen3.5-9B,aime2026_pt,intermediate_error,Qwen3.5-9B|aime2026_pt|AIME2026-PT/26|g27,1
V4-Flash,Qwen3.5-9B,aime2026_pt,intermediate_error,Qwen3.5-9B|aime2026_pt|AIME2026-PT/27|g11,1
V4-Flash,Qwen3.5-9B,aime2026_pt,intermediate_error,Qwen3.5-9B|aime2026_pt|AIME2026-PT/27|g19,1
V4-Flash,Qwen3.5-9B,aime2026_pt,intermediate_error,Qwen3.5-9B|aime2026_pt|AIME2026-PT/27|g20,1
V4-Flash,Qwen3.5-9B,aime2026_pt,intermediate_error,Qwen3.5-9B|aime2026_pt|AIME2026-PT/27|g3,1
V4-Flash,Qwen3.5-9B,aime2026_pt,intermediate_error,Qwen3.5-9B|aime2026_pt|AIME2026-PT/27|g41,1
V4-Flash,Qwen3.5-9B,aime2026_pt,intermediate_error,Qwen3.5-9B|aime2026_pt|AIME2026-PT/28|g42,1
V4-Flash,Qwen3.5-9B,aime2026_pt,intermediate_error,Qwen3.5-9B|aime2026_pt|AIME2026-PT/28|g61,1
V4-Flash,Qwen3.5-9B,aime2026_pt,intermediate_error,Qwen3.5-9B|aime2026_pt|AIME2026-PT/29|g17,1
V4-Flash,Qwen3.5-9B,aime2026_pt,intermediate_error,Qwen3.5-9B|aime2026_pt|AIME2026-PT/29|g36,1
V4-Flash,Qwen3.5-9B,aime2026_pt,intermediate_error,Qwen3.5-9B|aime2026_pt|AIME2026-PT/3|g19,1
V4-Flash,Qwen3.5-9B,aime2026_pt,intermediate_error,Qwen3.5-9B|aime2026_pt|AIME2026-PT/3|g2,1
V4-Flash,Qwen3.5-9B,aime2026_pt,intermediate_error,Qwen3.5-9B|aime2026_pt|AIME2026-PT/3|g23,1
V4-Flash,Qwen3.5-9B,aime2026_pt,intermediate_error,Qwen3.5-9B|aime2026_pt|AIME2026-PT/3|g6,1
V4-Flash,Qwen3.5-9B,aime2026_pt,intermediate_error,Qwen3.5-9B|aime2026_pt|AIME2026-PT/4|g3,1
V4-Flash,Qwen3.5-9B,aime2026_pt,intermediate_error,Qwen3.5-9B|aime2026_pt|AIME2026-PT/4|g43,1
V4-Flash,Qwen3.5-9B,aime2026_pt,intermediate_error,Qwen3.5-9B|aime2026_pt|AIME2026-PT/4|g45,1
V4-Flash,Qwen3.5-9B,aime2026_pt,intermediate_error,Qwen3.5-9B|aime2026_pt|AIME2026-PT/5|g18,1
V4-Flash,Qwen3.5-9B,aime2026_pt,intermediate_error,Qwen3.5-9B|aime2026_pt|AIME2026-PT/5|g24,1
V4-Flash,Qwen3.5-9B,aime2026_pt,intermediate_error,Qwen3.5-9B|aime2026_pt|AIME2026-PT/6|g13,1
V4-Flash,Qwen3.5-9B,aime2026_pt,intermediate_error,Qwen3.5-9B|aime2026_pt|AIME2026-PT/6|g17,1
V4-Flash,Qwen3.5-9B,aime2026_pt,intermediate_error,Qwen3.5-9B|aime2026_pt|AIME2026-PT/7|g38,1
V4-Flash,Qwen3.5-9B,aime2026_pt,intermediate_error,Qwen3.5-9B|aime2026_pt|AIME2026-PT/7|g48,1
V4-Flash,Qwen3.5-9B,aime2026_pt,intermediate_error,Qwen3.5-9B|aime2026_pt|AIME2026-PT/7|g49,1
V4-Flash,Qwen3.5-9B,aime2026_pt,intermediate_error,Qwen3.5-9B|aime2026_pt|AIME2026-PT/9|g60,1
V4-Flash,Qwen3.5-9B,aime2026_pt,intermediate_error,Qwen3.5-9B|aime2026_pt|AIME2026-PT/9|g9,1
V4-Flash,Qwen3.5-9B,aime2026_pt,truncated,Qwen3.5-9B|aime2026_pt|AIME2026-PT/1|g36,1
V4-Flash,Qwen3.5-9B,aime2026_pt,truncated,Qwen3.5-9B|aime2026_pt|AIME2026-PT/1|g59,1
V4-Flash,Qwen3.5-9B,aime2026_pt,truncated,Qwen3.5-9B|aime2026_pt|AIME2026-PT/1|g7,1
V4-Flash,Qwen3.5-9B,aime2026_pt,truncated,Qwen3.5-9B|aime2026_pt|AIME2026-PT/10|g58,0
V4-Flash,Qwen3.5-9B,aime2026_pt,truncated,Qwen3.5-9B|aime2026_pt|AIME2026-PT/12|g24,0
V4-Flash,Qwen3.5-9B,aime2026_pt,truncated,Qwen3.5-9B|aime2026_pt|AIME2026-PT/12|g29,1
V4-Flash,Qwen3.5-9B,aime2026_pt,truncated,Qwen3.5-9B|aime2026_pt|AIME2026-PT/12|g57,1
V4-Flash,Qwen3.5-9B,aime2026_pt,truncated,Qwen3.5-9B|aime2026_pt|AIME2026-PT/13|g29,0
V4-Flash,Qwen3.5-9B,aime2026_pt,truncated,Qwen3.5-9B|aime2026_pt|AIME2026-PT/14|g4,1
V4-Flash,Qwen3.5-9B,aime2026_pt,truncated,Qwen3.5-9B|aime2026_pt|AIME2026-PT/14|g43,1
V4-Flash,Qwen3.5-9B,aime2026_pt,truncated,Qwen3.5-9B|aime2026_pt|AIME2026-PT/14|g44,1
V4-Flash,Qwen3.5-9B,aime2026_pt,truncated,Qwen3.5-9B|aime2026_pt|AIME2026-PT/14|g55,0
V4-Flash,Qwen3.5-9B,aime2026_pt,truncated,Qwen3.5-9B|aime2026_pt|AIME2026-PT/16|g1,1
V4-Flash,Qwen3.5-9B,aime2026_pt,truncated,Qwen3.5-9B|aime2026_pt|AIME2026-PT/16|g17,1
V4-Flash,Qwen3.5-9B,aime2026_pt,truncated,Qwen3.5-9B|aime2026_pt|AIME2026-PT/16|g18,1
V4-Flash,Qwen3.5-9B,aime2026_pt,truncated,Qwen3.5-9B|aime2026_pt|AIME2026-PT/16|g47,1
V4-Flash,Qwen3.5-9B,aime2026_pt,truncated,Qwen3.5-9B|aime2026_pt|AIME2026-PT/17|g12,1
V4-Flash,Qwen3.5-9B,aime2026_pt,truncated,Qwen3.5-9B|aime2026_pt|AIME2026-PT/17|g18,1
V4-Flash,Qwen3.5-9B,aime2026_pt,truncated,Qwen3.5-9B|aime2026_pt|AIME2026-PT/17|g36,1
V4-Flash,Qwen3.5-9B,aime2026_pt,truncated,Qwen3.5-9B|aime2026_pt|AIME2026-PT/17|g52,0
V4-Flash,Qwen3.5-9B,aime2026_pt,truncated,Qwen3.5-9B|aime2026_pt|AIME2026-PT/18|g43,1
V4-Flash,Qwen3.5-9B,aime2026_pt,truncated,Qwen3.5-9B|aime2026_pt|AIME2026-PT/18|g58,1
V4-Flash,Qwen3.5-9B,aime2026_pt,truncated,Qwen3.5-9B|aime2026_pt|AIME2026-PT/19|g26,1
V4-Flash,Qwen3.5-9B,aime2026_pt,truncated,Qwen3.5-9B|aime2026_pt|AIME2026-PT/19|g3,1
V4-Flash,Qwen3.5-9B,aime2026_pt,truncated,Qwen3.5-9B|aime2026_pt|AIME2026-PT/19|g56,1
V4-Flash,Qwen3.5-9B,aime2026_pt,truncated,Qwen3.5-9B|aime2026_pt|AIME2026-PT/2|g53,1
V4-Flash,Qwen3.5-9B,aime2026_pt,truncated,Qwen3.5-9B|aime2026_pt|AIME2026-PT/2|g7,1
V4-Flash,Qwen3.5-9B,aime2026_pt,truncated,Qwen3.5-9B|aime2026_pt|AIME2026-PT/20|g4,1
V4-Flash,Qwen3.5-9B,aime2026_pt,truncated,Qwen3.5-9B|aime2026_pt|AIME2026-PT/20|g48,1
V4-Flash,Qwen3.5-9B,aime2026_pt,truncated,Qwen3.5-9B|aime2026_pt|AIME2026-PT/20|g49,1
V4-Flash,Qwen3.5-9B,aime2026_pt,truncated,Qwen3.5-9B|aime2026_pt|AIME2026-PT/20|g53,1
V4-Flash,Qwen3.5-9B,aime2026_pt,truncated,Qwen3.5-9B|aime2026_pt|AIME2026-PT/21|g42,1
V4-Flash,Qwen3.5-9B,aime2026_pt,truncated,Qwen3.5-9B|aime2026_pt|AIME2026-PT/21|g8,1
V4-Flash,Qwen3.5-9B,aime2026_pt,truncated,Qwen3.5-9B|aime2026_pt|AIME2026-PT/22|g40,1
V4-Flash,Qwen3.5-9B,aime2026_pt,truncated,Qwen3.5-9B|aime2026_pt|AIME2026-PT/22|g58,1
V4-Flash,Qwen3.5-9B,aime2026_pt,truncated,Qwen3.5-9B|aime2026_pt|AIME2026-PT/23|g2,1
V4-Flash,Qwen3.5-9B,aime2026_pt,truncated,Qwen3.5-9B|aime2026_pt|AIME2026-PT/24|g15,1
V4-Flash,Qwen3.5-9B,aime2026_pt,truncated,Qwen3.5-9B|aime2026_pt|AIME2026-PT/24|g41,1
V4-Flash,Qwen3.5-9B,aime2026_pt,truncated,Qwen3.5-9B|aime2026_pt|AIME2026-PT/24|g44,1
V4-Flash,Qwen3.5-9B,aime2026_pt,truncated,Qwen3.5-9B|aime2026_pt|AIME2026-PT/24|g62,1
V4-Flash,Qwen3.5-9B,aime2026_pt,truncated,Qwen3.5-9B|aime2026_pt|AIME2026-PT/25|g24,1
V4-Flash,Qwen3.5-9B,aime2026_pt,truncated,Qwen3.5-9B|aime2026_pt|AIME2026-PT/25|g28,1
V4-Flash,Qwen3.5-9B,aime2026_pt,truncated,Qwen3.5-9B|aime2026_pt|AIME2026-PT/25|g44,1
V4-Flash,Qwen3.5-9B,aime2026_pt,truncated,Qwen3.5-9B|aime2026_pt|AIME2026-PT/26|g17,0
V4-Flash,Qwen3.5-9B,aime2026_pt,truncated,Qwen3.5-9B|aime2026_pt|AIME2026-PT/26|g20,1
V4-Flash,Qwen3.5-9B,aime2026_pt,truncated,Qwen3.5-9B|aime2026_pt|AIME2026-PT/26|g22,1
V4-Flash,Qwen3.5-9B,aime2026_pt,truncated,Qwen3.5-9B|aime2026_pt|AIME2026-PT/26|g27,1
V4-Flash,Qwen3.5-9B,aime2026_pt,truncated,Qwen3.5-9B|aime2026_pt|AIME2026-PT/27|g11,1
V4-Flash,Qwen3.5-9B,aime2026_pt,truncated,Qwen3.5-9B|aime2026_pt|AIME2026-PT/27|g19,1
V4-Flash,Qwen3.5-9B,aime2026_pt,truncated,Qwen3.5-9B|aime2026_pt|AIME2026-PT/27|g20,1
V4-Flash,Qwen3.5-9B,aime2026_pt,truncated,Qwen3.5-9B|aime2026_pt|AIME2026-PT/27|g3,1
V4-Flash,Qwen3.5-9B,aime2026_pt,truncated,Qwen3.5-9B|aime2026_pt|AIME2026-PT/27|g41,1
V4-Flash,Qwen3.5-9B,aime2026_pt,truncated,Qwen3.5-9B|aime2026_pt|AIME2026-PT/28|g42,0
V4-Flash,Qwen3.5-9B,aime2026_pt,truncated,Qwen3.5-9B|aime2026_pt|AIME2026-PT/28|g61,1
V4-Flash,Qwen3.5-9B,aime2026_pt,truncated,Qwen3.5-9B|aime2026_pt|AIME2026-PT/29|g17,0
V4-Flash,Qwen3.5-9B,aime2026_pt,truncated,Qwen3.5-9B|aime2026_pt|AIME2026-PT/29|g36,0
V4-Flash,Qwen3.5-9B,aime2026_pt,truncated,Qwen3.5-9B|aime2026_pt|AIME2026-PT/3|g19,1
V4-Flash,Qwen3.5-9B,aime2026_pt,truncated,Qwen3.5-9B|aime2026_pt|AIME2026-PT/3|g2,1
V4-Flash,Qwen3.5-9B,aime2026_pt,truncated,Qwen3.5-9B|aime2026_pt|AIME2026-PT/3|g23,1
V4-Flash,Qwen3.5-9B,aime2026_pt,truncated,Qwen3.5-9B|aime2026_pt|AIME2026-PT/3|g6,1
V4-Flash,Qwen3.5-9B,aime2026_pt,truncated,Qwen3.5-9B|aime2026_pt|AIME2026-PT/4|g3,1
V4-Flash,Qwen3.5-9B,aime2026_pt,truncated,Qwen3.5-9B|aime2026_pt|AIME2026-PT/4|g43,1
V4-Flash,Qwen3.5-9B,aime2026_pt,truncated,Qwen3.5-9B|aime2026_pt|AIME2026-PT/4|g45,1
V4-Flash,Qwen3.5-9B,aime2026_pt,truncated,Qwen3.5-9B|aime2026_pt|AIME2026-PT/5|g18,1
V4-Flash,Qwen3.5-9B,aime2026_pt,truncated,Qwen3.5-9B|aime2026_pt|AIME2026-PT/5|g24,1
V4-Flash,Qwen3.5-9B,aime2026_pt,truncated,Qwen3.5-9B|aime2026_pt|AIME2026-PT/6|g13,1
V4-Flash,Qwen3.5-9B,aime2026_pt,truncated,Qwen3.5-9B|aime2026_pt|AIME2026-PT/6|g17,1
V4-Flash,Qwen3.5-9B,aime2026_pt,truncated,Qwen3.5-9B|aime2026_pt|AIME2026-PT/7|g38,1
V4-Flash,Qwen3.5-9B,aime2026_pt,truncated,Qwen3.5-9B|aime2026_pt|AIME2026-PT/7|g48,1
V4-Flash,Qwen3.5-9B,aime2026_pt,truncated,Qwen3.5-9B|aime2026_pt|AIME2026-PT/7|g49,1
V4-Flash,Qwen3.5-9B,aime2026_pt,truncated,Qwen3.5-9B|aime2026_pt|AIME2026-PT/9|g60,1
V4-Flash,Qwen3.5-9B,aime2026_pt,truncated,Qwen3.5-9B|aime2026_pt|AIME2026-PT/9|g9,1
V4-Flash,Qwen3.5-9B,aime2026_tr,boxed_only,Qwen3.5-9B|aime2026_tr|AIME2026-TR/1|g32,0
V4-Flash,Qwen3.5-9B,aime2026_tr,boxed_only,Qwen3.5-9B|aime2026_tr|AIME2026-TR/10|g24,0
V4-Flash,Qwen3.5-9B,aime2026_tr,boxed_only,Qwen3.5-9B|aime2026_tr|AIME2026-TR/10|g27,0
V4-Flash,Qwen3.5-9B,aime2026_tr,boxed_only,Qwen3.5-9B|aime2026_tr|AIME2026-TR/10|g42,0
V4-Flash,Qwen3.5-9B,aime2026_tr,boxed_only,Qwen3.5-9B|aime2026_tr|AIME2026-TR/12|g14,1
V4-Flash,Qwen3.5-9B,aime2026_tr,boxed_only,Qwen3.5-9B|aime2026_tr|AIME2026-TR/12|g19,1
V4-Flash,Qwen3.5-9B,aime2026_tr,boxed_only,Qwen3.5-9B|aime2026_tr|AIME2026-TR/13|g1,0
V4-Flash,Qwen3.5-9B,aime2026_tr,boxed_only,Qwen3.5-9B|aime2026_tr|AIME2026-TR/13|g15,0
V4-Flash,Qwen3.5-9B,aime2026_tr,boxed_only,Qwen3.5-9B|aime2026_tr|AIME2026-TR/13|g6,1
V4-Flash,Qwen3.5-9B,aime2026_tr,boxed_only,Qwen3.5-9B|aime2026_tr|AIME2026-TR/14|g15,0
V4-Flash,Qwen3.5-9B,aime2026_tr,boxed_only,Qwen3.5-9B|aime2026_tr|AIME2026-TR/14|g36,0
V4-Flash,Qwen3.5-9B,aime2026_tr,boxed_only,Qwen3.5-9B|aime2026_tr|AIME2026-TR/14|g48,0
V4-Flash,Qwen3.5-9B,aime2026_tr,boxed_only,Qwen3.5-9B|aime2026_tr|AIME2026-TR/14|g52,0
V4-Flash,Qwen3.5-9B,aime2026_tr,boxed_only,Qwen3.5-9B|aime2026_tr|AIME2026-TR/16|g18,0
V4-Flash,Qwen3.5-9B,aime2026_tr,boxed_only,Qwen3.5-9B|aime2026_tr|AIME2026-TR/16|g27,0
V4-Flash,Qwen3.5-9B,aime2026_tr,boxed_only,Qwen3.5-9B|aime2026_tr|AIME2026-TR/16|g45,0
V4-Flash,Qwen3.5-9B,aime2026_tr,boxed_only,Qwen3.5-9B|aime2026_tr|AIME2026-TR/17|g12,1
V4-Flash,Qwen3.5-9B,aime2026_tr,boxed_only,Qwen3.5-9B|aime2026_tr|AIME2026-TR/17|g39,0
V4-Flash,Qwen3.5-9B,aime2026_tr,boxed_only,Qwen3.5-9B|aime2026_tr|AIME2026-TR/17|g6,0
V4-Flash,Qwen3.5-9B,aime2026_tr,boxed_only,Qwen3.5-9B|aime2026_tr|AIME2026-TR/18|g24,0
V4-Flash,Qwen3.5-9B,aime2026_tr,boxed_only,Qwen3.5-9B|aime2026_tr|AIME2026-TR/18|g35,0
V4-Flash,Qwen3.5-9B,aime2026_tr,boxed_only,Qwen3.5-9B|aime2026_tr|AIME2026-TR/18|g56,0
V4-Flash,Qwen3.5-9B,aime2026_tr,boxed_only,Qwen3.5-9B|aime2026_tr|AIME2026-TR/19|g19,0
V4-Flash,Qwen3.5-9B,aime2026_tr,boxed_only,Qwen3.5-9B|aime2026_tr|AIME2026-TR/19|g24,0
V4-Flash,Qwen3.5-9B,aime2026_tr,boxed_only,Qwen3.5-9B|aime2026_tr|AIME2026-TR/19|g50,0
V4-Flash,Qwen3.5-9B,aime2026_tr,boxed_only,Qwen3.5-9B|aime2026_tr|AIME2026-TR/2|g12,0
V4-Flash,Qwen3.5-9B,aime2026_tr,boxed_only,Qwen3.5-9B|aime2026_tr|AIME2026-TR/2|g22,0
V4-Flash,Qwen3.5-9B,aime2026_tr,boxed_only,Qwen3.5-9B|aime2026_tr|AIME2026-TR/2|g36,0
V4-Flash,Qwen3.5-9B,aime2026_tr,boxed_only,Qwen3.5-9B|aime2026_tr|AIME2026-TR/2|g6,0
V4-Flash,Qwen3.5-9B,aime2026_tr,boxed_only,Qwen3.5-9B|aime2026_tr|AIME2026-TR/20|g15,0
V4-Flash,Qwen3.5-9B,aime2026_tr,boxed_only,Qwen3.5-9B|aime2026_tr|AIME2026-TR/20|g19,0
V4-Flash,Qwen3.5-9B,aime2026_tr,boxed_only,Qwen3.5-9B|aime2026_tr|AIME2026-TR/20|g48,0
V4-Flash,Qwen3.5-9B,aime2026_tr,boxed_only,Qwen3.5-9B|aime2026_tr|AIME2026-TR/21|g42,0
V4-Flash,Qwen3.5-9B,aime2026_tr,boxed_only,Qwen3.5-9B|aime2026_tr|AIME2026-TR/22|g39,1
V4-Flash,Qwen3.5-9B,aime2026_tr,boxed_only,Qwen3.5-9B|aime2026_tr|AIME2026-TR/22|g44,0
V4-Flash,Qwen3.5-9B,aime2026_tr,boxed_only,Qwen3.5-9B|aime2026_tr|AIME2026-TR/22|g49,0
V4-Flash,Qwen3.5-9B,aime2026_tr,boxed_only,Qwen3.5-9B|aime2026_tr|AIME2026-TR/23|g28,0
V4-Flash,Qwen3.5-9B,aime2026_tr,boxed_only,Qwen3.5-9B|aime2026_tr|AIME2026-TR/23|g49,1
V4-Flash,Qwen3.5-9B,aime2026_tr,boxed_only,Qwen3.5-9B|aime2026_tr|AIME2026-TR/24|g28,0
V4-Flash,Qwen3.5-9B,aime2026_tr,boxed_only,Qwen3.5-9B|aime2026_tr|AIME2026-TR/24|g30,0
V4-Flash,Qwen3.5-9B,aime2026_tr,boxed_only,Qwen3.5-9B|aime2026_tr|AIME2026-TR/25|g15,0
V4-Flash,Qwen3.5-9B,aime2026_tr,boxed_only,Qwen3.5-9B|aime2026_tr|AIME2026-TR/25|g19,0
V4-Flash,Qwen3.5-9B,aime2026_tr,boxed_only,Qwen3.5-9B|aime2026_tr|AIME2026-TR/25|g28,1
V4-Flash,Qwen3.5-9B,aime2026_tr,boxed_only,Qwen3.5-9B|aime2026_tr|AIME2026-TR/25|g44,0
V4-Flash,Qwen3.5-9B,aime2026_tr,boxed_only,Qwen3.5-9B|aime2026_tr|AIME2026-TR/25|g47,0
V4-Flash,Qwen3.5-9B,aime2026_tr,boxed_only,Qwen3.5-9B|aime2026_tr|AIME2026-TR/26|g0,0
V4-Flash,Qwen3.5-9B,aime2026_tr,boxed_only,Qwen3.5-9B|aime2026_tr|AIME2026-TR/26|g30,0
V4-Flash,Qwen3.5-9B,aime2026_tr,boxed_only,Qwen3.5-9B|aime2026_tr|AIME2026-TR/26|g38,0
V4-Flash,Qwen3.5-9B,aime2026_tr,boxed_only,Qwen3.5-9B|aime2026_tr|AIME2026-TR/27|g13,0
V4-Flash,Qwen3.5-9B,aime2026_tr,boxed_only,Qwen3.5-9B|aime2026_tr|AIME2026-TR/27|g51,1
V4-Flash,Qwen3.5-9B,aime2026_tr,boxed_only,Qwen3.5-9B|aime2026_tr|AIME2026-TR/28|g2,1
V4-Flash,Qwen3.5-9B,aime2026_tr,boxed_only,Qwen3.5-9B|aime2026_tr|AIME2026-TR/28|g59,0
V4-Flash,Qwen3.5-9B,aime2026_tr,boxed_only,Qwen3.5-9B|aime2026_tr|AIME2026-TR/29|g11,0
V4-Flash,Qwen3.5-9B,aime2026_tr,boxed_only,Qwen3.5-9B|aime2026_tr|AIME2026-TR/3|g13,0
V4-Flash,Qwen3.5-9B,aime2026_tr,boxed_only,Qwen3.5-9B|aime2026_tr|AIME2026-TR/3|g42,0
V4-Flash,Qwen3.5-9B,aime2026_tr,boxed_only,Qwen3.5-9B|aime2026_tr|AIME2026-TR/3|g51,0
V4-Flash,Qwen3.5-9B,aime2026_tr,boxed_only,Qwen3.5-9B|aime2026_tr|AIME2026-TR/4|g49,0
V4-Flash,Qwen3.5-9B,aime2026_tr,boxed_only,Qwen3.5-9B|aime2026_tr|AIME2026-TR/4|g57,0
V4-Flash,Qwen3.5-9B,aime2026_tr,boxed_only,Qwen3.5-9B|aime2026_tr|AIME2026-TR/5|g24,0
V4-Flash,Qwen3.5-9B,aime2026_tr,boxed_only,Qwen3.5-9B|aime2026_tr|AIME2026-TR/5|g36,0
V4-Flash,Qwen3.5-9B,aime2026_tr,boxed_only,Qwen3.5-9B|aime2026_tr|AIME2026-TR/5|g4,0
V4-Flash,Qwen3.5-9B,aime2026_tr,boxed_only,Qwen3.5-9B|aime2026_tr|AIME2026-TR/5|g61,0
V4-Flash,Qwen3.5-9B,aime2026_tr,boxed_only,Qwen3.5-9B|aime2026_tr|AIME2026-TR/6|g16,0
V4-Flash,Qwen3.5-9B,aime2026_tr,boxed_only,Qwen3.5-9B|aime2026_tr|AIME2026-TR/6|g4,1
V4-Flash,Qwen3.5-9B,aime2026_tr,boxed_only,Qwen3.5-9B|aime2026_tr|AIME2026-TR/6|g52,0
V4-Flash,Qwen3.5-9B,aime2026_tr,boxed_only,Qwen3.5-9B|aime2026_tr|AIME2026-TR/6|g56,0
V4-Flash,Qwen3.5-9B,aime2026_tr,boxed_only,Qwen3.5-9B|aime2026_tr|AIME2026-TR/7|g23,0
V4-Flash,Qwen3.5-9B,aime2026_tr,boxed_only,Qwen3.5-9B|aime2026_tr|AIME2026-TR/7|g32,0
V4-Flash,Qwen3.5-9B,aime2026_tr,boxed_only,Qwen3.5-9B|aime2026_tr|AIME2026-TR/7|g37,0
V4-Flash,Qwen3.5-9B,aime2026_tr,boxed_only,Qwen3.5-9B|aime2026_tr|AIME2026-TR/7|g49,0
V4-Flash,Qwen3.5-9B,aime2026_tr,boxed_only,Qwen3.5-9B|aime2026_tr|AIME2026-TR/9|g42,1
V4-Flash,Qwen3.5-9B,aime2026_tr,boxed_only,Qwen3.5-9B|aime2026_tr|AIME2026-TR/9|g50,0
V4-Flash,Qwen3.5-9B,aime2026_tr,clean,Qwen3.5-9B|aime2026_tr|AIME2026-TR/1|g32,1
V4-Flash,Qwen3.5-9B,aime2026_tr,clean,Qwen3.5-9B|aime2026_tr|AIME2026-TR/10|g24,1
V4-Flash,Qwen3.5-9B,aime2026_tr,clean,Qwen3.5-9B|aime2026_tr|AIME2026-TR/10|g27,1
V4-Flash,Qwen3.5-9B,aime2026_tr,clean,Qwen3.5-9B|aime2026_tr|AIME2026-TR/10|g42,1
V4-Flash,Qwen3.5-9B,aime2026_tr,clean,Qwen3.5-9B|aime2026_tr|AIME2026-TR/12|g14,1
V4-Flash,Qwen3.5-9B,aime2026_tr,clean,Qwen3.5-9B|aime2026_tr|AIME2026-TR/12|g19,1
V4-Flash,Qwen3.5-9B,aime2026_tr,clean,Qwen3.5-9B|aime2026_tr|AIME2026-TR/13|g1,1
V4-Flash,Qwen3.5-9B,aime2026_tr,clean,Qwen3.5-9B|aime2026_tr|AIME2026-TR/13|g15,1
V4-Flash,Qwen3.5-9B,aime2026_tr,clean,Qwen3.5-9B|aime2026_tr|AIME2026-TR/13|g6,1
V4-Flash,Qwen3.5-9B,aime2026_tr,clean,Qwen3.5-9B|aime2026_tr|AIME2026-TR/14|g15,1
V4-Flash,Qwen3.5-9B,aime2026_tr,clean,Qwen3.5-9B|aime2026_tr|AIME2026-TR/14|g36,1
V4-Flash,Qwen3.5-9B,aime2026_tr,clean,Qwen3.5-9B|aime2026_tr|AIME2026-TR/14|g48,1
V4-Flash,Qwen3.5-9B,aime2026_tr,clean,Qwen3.5-9B|aime2026_tr|AIME2026-TR/14|g52,1
V4-Flash,Qwen3.5-9B,aime2026_tr,clean,Qwen3.5-9B|aime2026_tr|AIME2026-TR/16|g18,1
V4-Flash,Qwen3.5-9B,aime2026_tr,clean,Qwen3.5-9B|aime2026_tr|AIME2026-TR/16|g27,1
V4-Flash,Qwen3.5-9B,aime2026_tr,clean,Qwen3.5-9B|aime2026_tr|AIME2026-TR/16|g45,1
V4-Flash,Qwen3.5-9B,aime2026_tr,clean,Qwen3.5-9B|aime2026_tr|AIME2026-TR/17|g12,1
V4-Flash,Qwen3.5-9B,aime2026_tr,clean,Qwen3.5-9B|aime2026_tr|AIME2026-TR/17|g39,1
V4-Flash,Qwen3.5-9B,aime2026_tr,clean,Qwen3.5-9B|aime2026_tr|AIME2026-TR/17|g6,1
V4-Flash,Qwen3.5-9B,aime2026_tr,clean,Qwen3.5-9B|aime2026_tr|AIME2026-TR/18|g24,1
V4-Flash,Qwen3.5-9B,aime2026_tr,clean,Qwen3.5-9B|aime2026_tr|AIME2026-TR/18|g35,1
V4-Flash,Qwen3.5-9B,aime2026_tr,clean,Qwen3.5-9B|aime2026_tr|AIME2026-TR/18|g56,1
V4-Flash,Qwen3.5-9B,aime2026_tr,clean,Qwen3.5-9B|aime2026_tr|AIME2026-TR/19|g19,1
V4-Flash,Qwen3.5-9B,aime2026_tr,clean,Qwen3.5-9B|aime2026_tr|AIME2026-TR/19|g24,1
V4-Flash,Qwen3.5-9B,aime2026_tr,clean,Qwen3.5-9B|aime2026_tr|AIME2026-TR/19|g50,1
V4-Flash,Qwen3.5-9B,aime2026_tr,clean,Qwen3.5-9B|aime2026_tr|AIME2026-TR/2|g12,1
V4-Flash,Qwen3.5-9B,aime2026_tr,clean,Qwen3.5-9B|aime2026_tr|AIME2026-TR/2|g22,1
V4-Flash,Qwen3.5-9B,aime2026_tr,clean,Qwen3.5-9B|aime2026_tr|AIME2026-TR/2|g36,1
V4-Flash,Qwen3.5-9B,aime2026_tr,clean,Qwen3.5-9B|aime2026_tr|AIME2026-TR/2|g6,1
V4-Flash,Qwen3.5-9B,aime2026_tr,clean,Qwen3.5-9B|aime2026_tr|AIME2026-TR/20|g15,1
V4-Flash,Qwen3.5-9B,aime2026_tr,clean,Qwen3.5-9B|aime2026_tr|AIME2026-TR/20|g19,1
V4-Flash,Qwen3.5-9B,aime2026_tr,clean,Qwen3.5-9B|aime2026_tr|AIME2026-TR/20|g48,1
V4-Flash,Qwen3.5-9B,aime2026_tr,clean,Qwen3.5-9B|aime2026_tr|AIME2026-TR/21|g42,1
V4-Flash,Qwen3.5-9B,aime2026_tr,clean,Qwen3.5-9B|aime2026_tr|AIME2026-TR/22|g39,1
V4-Flash,Qwen3.5-9B,aime2026_tr,clean,Qwen3.5-9B|aime2026_tr|AIME2026-TR/22|g44,1
V4-Flash,Qwen3.5-9B,aime2026_tr,clean,Qwen3.5-9B|aime2026_tr|AIME2026-TR/22|g49,1
V4-Flash,Qwen3.5-9B,aime2026_tr,clean,Qwen3.5-9B|aime2026_tr|AIME2026-TR/23|g28,1
V4-Flash,Qwen3.5-9B,aime2026_tr,clean,Qwen3.5-9B|aime2026_tr|AIME2026-TR/23|g49,1
V4-Flash,Qwen3.5-9B,aime2026_tr,clean,Qwen3.5-9B|aime2026_tr|AIME2026-TR/24|g28,1
V4-Flash,Qwen3.5-9B,aime2026_tr,clean,Qwen3.5-9B|aime2026_tr|AIME2026-TR/24|g30,1
V4-Flash,Qwen3.5-9B,aime2026_tr,clean,Qwen3.5-9B|aime2026_tr|AIME2026-TR/25|g15,1
V4-Flash,Qwen3.5-9B,aime2026_tr,clean,Qwen3.5-9B|aime2026_tr|AIME2026-TR/25|g19,1
V4-Flash,Qwen3.5-9B,aime2026_tr,clean,Qwen3.5-9B|aime2026_tr|AIME2026-TR/25|g28,1
V4-Flash,Qwen3.5-9B,aime2026_tr,clean,Qwen3.5-9B|aime2026_tr|AIME2026-TR/25|g44,1
V4-Flash,Qwen3.5-9B,aime2026_tr,clean,Qwen3.5-9B|aime2026_tr|AIME2026-TR/25|g47,1
V4-Flash,Qwen3.5-9B,aime2026_tr,clean,Qwen3.5-9B|aime2026_tr|AIME2026-TR/26|g0,1
V4-Flash,Qwen3.5-9B,aime2026_tr,clean,Qwen3.5-9B|aime2026_tr|AIME2026-TR/26|g30,1
V4-Flash,Qwen3.5-9B,aime2026_tr,clean,Qwen3.5-9B|aime2026_tr|AIME2026-TR/26|g38,0
V4-Flash,Qwen3.5-9B,aime2026_tr,clean,Qwen3.5-9B|aime2026_tr|AIME2026-TR/27|g13,1
V4-Flash,Qwen3.5-9B,aime2026_tr,clean,Qwen3.5-9B|aime2026_tr|AIME2026-TR/27|g51,1
V4-Flash,Qwen3.5-9B,aime2026_tr,clean,Qwen3.5-9B|aime2026_tr|AIME2026-TR/28|g2,1
V4-Flash,Qwen3.5-9B,aime2026_tr,clean,Qwen3.5-9B|aime2026_tr|AIME2026-TR/28|g59,1
V4-Flash,Qwen3.5-9B,aime2026_tr,clean,Qwen3.5-9B|aime2026_tr|AIME2026-TR/29|g11,1
V4-Flash,Qwen3.5-9B,aime2026_tr,clean,Qwen3.5-9B|aime2026_tr|AIME2026-TR/3|g13,1
V4-Flash,Qwen3.5-9B,aime2026_tr,clean,Qwen3.5-9B|aime2026_tr|AIME2026-TR/3|g42,1
V4-Flash,Qwen3.5-9B,aime2026_tr,clean,Qwen3.5-9B|aime2026_tr|AIME2026-TR/3|g51,1
V4-Flash,Qwen3.5-9B,aime2026_tr,clean,Qwen3.5-9B|aime2026_tr|AIME2026-TR/4|g49,1
V4-Flash,Qwen3.5-9B,aime2026_tr,clean,Qwen3.5-9B|aime2026_tr|AIME2026-TR/4|g57,1
V4-Flash,Qwen3.5-9B,aime2026_tr,clean,Qwen3.5-9B|aime2026_tr|AIME2026-TR/5|g24,1
V4-Flash,Qwen3.5-9B,aime2026_tr,clean,Qwen3.5-9B|aime2026_tr|AIME2026-TR/5|g36,1
V4-Flash,Qwen3.5-9B,aime2026_tr,clean,Qwen3.5-9B|aime2026_tr|AIME2026-TR/5|g4,1
V4-Flash,Qwen3.5-9B,aime2026_tr,clean,Qwen3.5-9B|aime2026_tr|AIME2026-TR/5|g61,1
V4-Flash,Qwen3.5-9B,aime2026_tr,clean,Qwen3.5-9B|aime2026_tr|AIME2026-TR/6|g16,1
V4-Flash,Qwen3.5-9B,aime2026_tr,clean,Qwen3.5-9B|aime2026_tr|AIME2026-TR/6|g4,1
V4-Flash,Qwen3.5-9B,aime2026_tr,clean,Qwen3.5-9B|aime2026_tr|AIME2026-TR/6|g52,1
V4-Flash,Qwen3.5-9B,aime2026_tr,clean,Qwen3.5-9B|aime2026_tr|AIME2026-TR/6|g56,1
V4-Flash,Qwen3.5-9B,aime2026_tr,clean,Qwen3.5-9B|aime2026_tr|AIME2026-TR/7|g23,1
V4-Flash,Qwen3.5-9B,aime2026_tr,clean,Qwen3.5-9B|aime2026_tr|AIME2026-TR/7|g32,1
V4-Flash,Qwen3.5-9B,aime2026_tr,clean,Qwen3.5-9B|aime2026_tr|AIME2026-TR/7|g37,1
V4-Flash,Qwen3.5-9B,aime2026_tr,clean,Qwen3.5-9B|aime2026_tr|AIME2026-TR/7|g49,1
V4-Flash,Qwen3.5-9B,aime2026_tr,clean,Qwen3.5-9B|aime2026_tr|AIME2026-TR/9|g42,1
V4-Flash,Qwen3.5-9B,aime2026_tr,clean,Qwen3.5-9B|aime2026_tr|AIME2026-TR/9|g50,1
V4-Flash,Qwen3.5-9B,aime2026_tr,consistent_error,Qwen3.5-9B|aime2026_tr|AIME2026-TR/1|g32,1
V4-Flash,Qwen3.5-9B,aime2026_tr,consistent_error,Qwen3.5-9B|aime2026_tr|AIME2026-TR/10|g24,0
V4-Flash,Qwen3.5-9B,aime2026_tr,consistent_error,Qwen3.5-9B|aime2026_tr|AIME2026-TR/10|g27,0
V4-Flash,Qwen3.5-9B,aime2026_tr,consistent_error,Qwen3.5-9B|aime2026_tr|AIME2026-TR/10|g42,0
V4-Flash,Qwen3.5-9B,aime2026_tr,consistent_error,Qwen3.5-9B|aime2026_tr|AIME2026-TR/12|g14,1
V4-Flash,Qwen3.5-9B,aime2026_tr,consistent_error,Qwen3.5-9B|aime2026_tr|AIME2026-TR/12|g19,0
V4-Flash,Qwen3.5-9B,aime2026_tr,consistent_error,Qwen3.5-9B|aime2026_tr|AIME2026-TR/13|g1,0
V4-Flash,Qwen3.5-9B,aime2026_tr,consistent_error,Qwen3.5-9B|aime2026_tr|AIME2026-TR/13|g15,0
V4-Flash,Qwen3.5-9B,aime2026_tr,consistent_error,Qwen3.5-9B|aime2026_tr|AIME2026-TR/13|g6,0
V4-Flash,Qwen3.5-9B,aime2026_tr,consistent_error,Qwen3.5-9B|aime2026_tr|AIME2026-TR/14|g15,1
V4-Flash,Qwen3.5-9B,aime2026_tr,consistent_error,Qwen3.5-9B|aime2026_tr|AIME2026-TR/14|g36,1
V4-Flash,Qwen3.5-9B,aime2026_tr,consistent_error,Qwen3.5-9B|aime2026_tr|AIME2026-TR/14|g48,1
V4-Flash,Qwen3.5-9B,aime2026_tr,consistent_error,Qwen3.5-9B|aime2026_tr|AIME2026-TR/14|g52,1
V4-Flash,Qwen3.5-9B,aime2026_tr,consistent_error,Qwen3.5-9B|aime2026_tr|AIME2026-TR/16|g18,0
V4-Flash,Qwen3.5-9B,aime2026_tr,consistent_error,Qwen3.5-9B|aime2026_tr|AIME2026-TR/16|g27,0
V4-Flash,Qwen3.5-9B,aime2026_tr,consistent_error,Qwen3.5-9B|aime2026_tr|AIME2026-TR/16|g45,0
V4-Flash,Qwen3.5-9B,aime2026_tr,consistent_error,Qwen3.5-9B|aime2026_tr|AIME2026-TR/17|g12,1
V4-Flash,Qwen3.5-9B,aime2026_tr,consistent_error,Qwen3.5-9B|aime2026_tr|AIME2026-TR/17|g39,0
V4-Flash,Qwen3.5-9B,aime2026_tr,consistent_error,Qwen3.5-9B|aime2026_tr|AIME2026-TR/17|g6,0
V4-Flash,Qwen3.5-9B,aime2026_tr,consistent_error,Qwen3.5-9B|aime2026_tr|AIME2026-TR/18|g24,0
V4-Flash,Qwen3.5-9B,aime2026_tr,consistent_error,Qwen3.5-9B|aime2026_tr|AIME2026-TR/18|g35,0
V4-Flash,Qwen3.5-9B,aime2026_tr,consistent_error,Qwen3.5-9B|aime2026_tr|AIME2026-TR/18|g56,0
V4-Flash,Qwen3.5-9B,aime2026_tr,consistent_error,Qwen3.5-9B|aime2026_tr|AIME2026-TR/19|g19,0
V4-Flash,Qwen3.5-9B,aime2026_tr,consistent_error,Qwen3.5-9B|aime2026_tr|AIME2026-TR/19|g24,1
V4-Flash,Qwen3.5-9B,aime2026_tr,consistent_error,Qwen3.5-9B|aime2026_tr|AIME2026-TR/19|g50,0
V4-Flash,Qwen3.5-9B,aime2026_tr,consistent_error,Qwen3.5-9B|aime2026_tr|AIME2026-TR/2|g12,1
V4-Flash,Qwen3.5-9B,aime2026_tr,consistent_error,Qwen3.5-9B|aime2026_tr|AIME2026-TR/2|g22,1
V4-Flash,Qwen3.5-9B,aime2026_tr,consistent_error,Qwen3.5-9B|aime2026_tr|AIME2026-TR/2|g36,1
V4-Flash,Qwen3.5-9B,aime2026_tr,consistent_error,Qwen3.5-9B|aime2026_tr|AIME2026-TR/2|g6,0
V4-Flash,Qwen3.5-9B,aime2026_tr,consistent_error,Qwen3.5-9B|aime2026_tr|AIME2026-TR/20|g15,0
V4-Flash,Qwen3.5-9B,aime2026_tr,consistent_error,Qwen3.5-9B|aime2026_tr|AIME2026-TR/20|g19,0
V4-Flash,Qwen3.5-9B,aime2026_tr,consistent_error,Qwen3.5-9B|aime2026_tr|AIME2026-TR/20|g48,1
V4-Flash,Qwen3.5-9B,aime2026_tr,consistent_error,Qwen3.5-9B|aime2026_tr|AIME2026-TR/21|g42,1
V4-Flash,Qwen3.5-9B,aime2026_tr,consistent_error,Qwen3.5-9B|aime2026_tr|AIME2026-TR/22|g39,1
V4-Flash,Qwen3.5-9B,aime2026_tr,consistent_error,Qwen3.5-9B|aime2026_tr|AIME2026-TR/22|g44,1
V4-Flash,Qwen3.5-9B,aime2026_tr,consistent_error,Qwen3.5-9B|aime2026_tr|AIME2026-TR/22|g49,1
V4-Flash,Qwen3.5-9B,aime2026_tr,consistent_error,Qwen3.5-9B|aime2026_tr|AIME2026-TR/23|g28,0
V4-Flash,Qwen3.5-9B,aime2026_tr,consistent_error,Qwen3.5-9B|aime2026_tr|AIME2026-TR/23|g49,0
V4-Flash,Qwen3.5-9B,aime2026_tr,consistent_error,Qwen3.5-9B|aime2026_tr|AIME2026-TR/24|g28,0
V4-Flash,Qwen3.5-9B,aime2026_tr,consistent_error,Qwen3.5-9B|aime2026_tr|AIME2026-TR/24|g30,0
V4-Flash,Qwen3.5-9B,aime2026_tr,consistent_error,Qwen3.5-9B|aime2026_tr|AIME2026-TR/25|g15,0
V4-Flash,Qwen3.5-9B,aime2026_tr,consistent_error,Qwen3.5-9B|aime2026_tr|AIME2026-TR/25|g19,0
V4-Flash,Qwen3.5-9B,aime2026_tr,consistent_error,Qwen3.5-9B|aime2026_tr|AIME2026-TR/25|g28,0
V4-Flash,Qwen3.5-9B,aime2026_tr,consistent_error,Qwen3.5-9B|aime2026_tr|AIME2026-TR/25|g44,1
V4-Flash,Qwen3.5-9B,aime2026_tr,consistent_error,Qwen3.5-9B|aime2026_tr|AIME2026-TR/25|g47,0
V4-Flash,Qwen3.5-9B,aime2026_tr,consistent_error,Qwen3.5-9B|aime2026_tr|AIME2026-TR/26|g0,0
V4-Flash,Qwen3.5-9B,aime2026_tr,consistent_error,Qwen3.5-9B|aime2026_tr|AIME2026-TR/26|g30,1
V4-Flash,Qwen3.5-9B,aime2026_tr,consistent_error,Qwen3.5-9B|aime2026_tr|AIME2026-TR/26|g38,0
V4-Flash,Qwen3.5-9B,aime2026_tr,consistent_error,Qwen3.5-9B|aime2026_tr|AIME2026-TR/27|g13,1
V4-Flash,Qwen3.5-9B,aime2026_tr,consistent_error,Qwen3.5-9B|aime2026_tr|AIME2026-TR/27|g51,1
V4-Flash,Qwen3.5-9B,aime2026_tr,consistent_error,Qwen3.5-9B|aime2026_tr|AIME2026-TR/28|g2,0
V4-Flash,Qwen3.5-9B,aime2026_tr,consistent_error,Qwen3.5-9B|aime2026_tr|AIME2026-TR/28|g59,0
V4-Flash,Qwen3.5-9B,aime2026_tr,consistent_error,Qwen3.5-9B|aime2026_tr|AIME2026-TR/29|g11,0
V4-Flash,Qwen3.5-9B,aime2026_tr,consistent_error,Qwen3.5-9B|aime2026_tr|AIME2026-TR/3|g13,1
V4-Flash,Qwen3.5-9B,aime2026_tr,consistent_error,Qwen3.5-9B|aime2026_tr|AIME2026-TR/3|g42,1
V4-Flash,Qwen3.5-9B,aime2026_tr,consistent_error,Qwen3.5-9B|aime2026_tr|AIME2026-TR/3|g51,0
V4-Flash,Qwen3.5-9B,aime2026_tr,consistent_error,Qwen3.5-9B|aime2026_tr|AIME2026-TR/4|g49,0
V4-Flash,Qwen3.5-9B,aime2026_tr,consistent_error,Qwen3.5-9B|aime2026_tr|AIME2026-TR/4|g57,0
V4-Flash,Qwen3.5-9B,aime2026_tr,consistent_error,Qwen3.5-9B|aime2026_tr|AIME2026-TR/5|g24,0
V4-Flash,Qwen3.5-9B,aime2026_tr,consistent_error,Qwen3.5-9B|aime2026_tr|AIME2026-TR/5|g36,0
V4-Flash,Qwen3.5-9B,aime2026_tr,consistent_error,Qwen3.5-9B|aime2026_tr|AIME2026-TR/5|g4,0
V4-Flash,Qwen3.5-9B,aime2026_tr,consistent_error,Qwen3.5-9B|aime2026_tr|AIME2026-TR/5|g61,1
V4-Flash,Qwen3.5-9B,aime2026_tr,consistent_error,Qwen3.5-9B|aime2026_tr|AIME2026-TR/6|g16,0
V4-Flash,Qwen3.5-9B,aime2026_tr,consistent_error,Qwen3.5-9B|aime2026_tr|AIME2026-TR/6|g4,0
V4-Flash,Qwen3.5-9B,aime2026_tr,consistent_error,Qwen3.5-9B|aime2026_tr|AIME2026-TR/6|g52,0
V4-Flash,Qwen3.5-9B,aime2026_tr,consistent_error,Qwen3.5-9B|aime2026_tr|AIME2026-TR/6|g56,0
V4-Flash,Qwen3.5-9B,aime2026_tr,consistent_error,Qwen3.5-9B|aime2026_tr|AIME2026-TR/7|g23,0
V4-Flash,Qwen3.5-9B,aime2026_tr,consistent_error,Qwen3.5-9B|aime2026_tr|AIME2026-TR/7|g32,0
V4-Flash,Qwen3.5-9B,aime2026_tr,consistent_error,Qwen3.5-9B|aime2026_tr|AIME2026-TR/7|g37,0
V4-Flash,Qwen3.5-9B,aime2026_tr,consistent_error,Qwen3.5-9B|aime2026_tr|AIME2026-TR/7|g49,0
V4-Flash,Qwen3.5-9B,aime2026_tr,consistent_error,Qwen3.5-9B|aime2026_tr|AIME2026-TR/9|g42,0
V4-Flash,Qwen3.5-9B,aime2026_tr,consistent_error,Qwen3.5-9B|aime2026_tr|AIME2026-TR/9|g50,0
V4-Flash,Qwen3.5-9B,aime2026_tr,intermediate_error,Qwen3.5-9B|aime2026_tr|AIME2026-TR/1|g32,1
V4-Flash,Qwen3.5-9B,aime2026_tr,intermediate_error,Qwen3.5-9B|aime2026_tr|AIME2026-TR/10|g24,1
V4-Flash,Qwen3.5-9B,aime2026_tr,intermediate_error,Qwen3.5-9B|aime2026_tr|AIME2026-TR/10|g27,1
V4-Flash,Qwen3.5-9B,aime2026_tr,intermediate_error,Qwen3.5-9B|aime2026_tr|AIME2026-TR/10|g42,1
V4-Flash,Qwen3.5-9B,aime2026_tr,intermediate_error,Qwen3.5-9B|aime2026_tr|AIME2026-TR/12|g14,1
V4-Flash,Qwen3.5-9B,aime2026_tr,intermediate_error,Qwen3.5-9B|aime2026_tr|AIME2026-TR/12|g19,1
V4-Flash,Qwen3.5-9B,aime2026_tr,intermediate_error,Qwen3.5-9B|aime2026_tr|AIME2026-TR/13|g1,1
V4-Flash,Qwen3.5-9B,aime2026_tr,intermediate_error,Qwen3.5-9B|aime2026_tr|AIME2026-TR/13|g15,1
V4-Flash,Qwen3.5-9B,aime2026_tr,intermediate_error,Qwen3.5-9B|aime2026_tr|AIME2026-TR/13|g6,1
V4-Flash,Qwen3.5-9B,aime2026_tr,intermediate_error,Qwen3.5-9B|aime2026_tr|AIME2026-TR/14|g15,1
V4-Flash,Qwen3.5-9B,aime2026_tr,intermediate_error,Qwen3.5-9B|aime2026_tr|AIME2026-TR/14|g36,1
V4-Flash,Qwen3.5-9B,aime2026_tr,intermediate_error,Qwen3.5-9B|aime2026_tr|AIME2026-TR/14|g48,1
V4-Flash,Qwen3.5-9B,aime2026_tr,intermediate_error,Qwen3.5-9B|aime2026_tr|AIME2026-TR/14|g52,1
V4-Flash,Qwen3.5-9B,aime2026_tr,intermediate_error,Qwen3.5-9B|aime2026_tr|AIME2026-TR/16|g18,1
V4-Flash,Qwen3.5-9B,aime2026_tr,intermediate_error,Qwen3.5-9B|aime2026_tr|AIME2026-TR/16|g27,1
V4-Flash,Qwen3.5-9B,aime2026_tr,intermediate_error,Qwen3.5-9B|aime2026_tr|AIME2026-TR/16|g45,1
V4-Flash,Qwen3.5-9B,aime2026_tr,intermediate_error,Qwen3.5-9B|aime2026_tr|AIME2026-TR/17|g12,1
V4-Flash,Qwen3.5-9B,aime2026_tr,intermediate_error,Qwen3.5-9B|aime2026_tr|AIME2026-TR/17|g39,1
V4-Flash,Qwen3.5-9B,aime2026_tr,intermediate_error,Qwen3.5-9B|aime2026_tr|AIME2026-TR/17|g6,1
V4-Flash,Qwen3.5-9B,aime2026_tr,intermediate_error,Qwen3.5-9B|aime2026_tr|AIME2026-TR/18|g24,1
V4-Flash,Qwen3.5-9B,aime2026_tr,intermediate_error,Qwen3.5-9B|aime2026_tr|AIME2026-TR/18|g35,1
V4-Flash,Qwen3.5-9B,aime2026_tr,intermediate_error,Qwen3.5-9B|aime2026_tr|AIME2026-TR/18|g56,1
V4-Flash,Qwen3.5-9B,aime2026_tr,intermediate_error,Qwen3.5-9B|aime2026_tr|AIME2026-TR/19|g19,1
V4-Flash,Qwen3.5-9B,aime2026_tr,intermediate_error,Qwen3.5-9B|aime2026_tr|AIME2026-TR/19|g24,1
V4-Flash,Qwen3.5-9B,aime2026_tr,intermediate_error,Qwen3.5-9B|aime2026_tr|AIME2026-TR/19|g50,1
V4-Flash,Qwen3.5-9B,aime2026_tr,intermediate_error,Qwen3.5-9B|aime2026_tr|AIME2026-TR/2|g12,1
V4-Flash,Qwen3.5-9B,aime2026_tr,intermediate_error,Qwen3.5-9B|aime2026_tr|AIME2026-TR/2|g22,1
V4-Flash,Qwen3.5-9B,aime2026_tr,intermediate_error,Qwen3.5-9B|aime2026_tr|AIME2026-TR/2|g36,1
V4-Flash,Qwen3.5-9B,aime2026_tr,intermediate_error,Qwen3.5-9B|aime2026_tr|AIME2026-TR/2|g6,1
V4-Flash,Qwen3.5-9B,aime2026_tr,intermediate_error,Qwen3.5-9B|aime2026_tr|AIME2026-TR/20|g15,1
V4-Flash,Qwen3.5-9B,aime2026_tr,intermediate_error,Qwen3.5-9B|aime2026_tr|AIME2026-TR/20|g19,1
V4-Flash,Qwen3.5-9B,aime2026_tr,intermediate_error,Qwen3.5-9B|aime2026_tr|AIME2026-TR/20|g48,1
V4-Flash,Qwen3.5-9B,aime2026_tr,intermediate_error,Qwen3.5-9B|aime2026_tr|AIME2026-TR/21|g42,1
V4-Flash,Qwen3.5-9B,aime2026_tr,intermediate_error,Qwen3.5-9B|aime2026_tr|AIME2026-TR/22|g39,1
V4-Flash,Qwen3.5-9B,aime2026_tr,intermediate_error,Qwen3.5-9B|aime2026_tr|AIME2026-TR/22|g44,1
V4-Flash,Qwen3.5-9B,aime2026_tr,intermediate_error,Qwen3.5-9B|aime2026_tr|AIME2026-TR/22|g49,1
V4-Flash,Qwen3.5-9B,aime2026_tr,intermediate_error,Qwen3.5-9B|aime2026_tr|AIME2026-TR/23|g28,1
V4-Flash,Qwen3.5-9B,aime2026_tr,intermediate_error,Qwen3.5-9B|aime2026_tr|AIME2026-TR/23|g49,1
V4-Flash,Qwen3.5-9B,aime2026_tr,intermediate_error,Qwen3.5-9B|aime2026_tr|AIME2026-TR/24|g28,0
V4-Flash,Qwen3.5-9B,aime2026_tr,intermediate_error,Qwen3.5-9B|aime2026_tr|AIME2026-TR/24|g30,1
V4-Flash,Qwen3.5-9B,aime2026_tr,intermediate_error,Qwen3.5-9B|aime2026_tr|AIME2026-TR/25|g15,1
V4-Flash,Qwen3.5-9B,aime2026_tr,intermediate_error,Qwen3.5-9B|aime2026_tr|AIME2026-TR/25|g19,1
V4-Flash,Qwen3.5-9B,aime2026_tr,intermediate_error,Qwen3.5-9B|aime2026_tr|AIME2026-TR/25|g28,1
V4-Flash,Qwen3.5-9B,aime2026_tr,intermediate_error,Qwen3.5-9B|aime2026_tr|AIME2026-TR/25|g44,1
V4-Flash,Qwen3.5-9B,aime2026_tr,intermediate_error,Qwen3.5-9B|aime2026_tr|AIME2026-TR/25|g47,1
V4-Flash,Qwen3.5-9B,aime2026_tr,intermediate_error,Qwen3.5-9B|aime2026_tr|AIME2026-TR/26|g0,1
V4-Flash,Qwen3.5-9B,aime2026_tr,intermediate_error,Qwen3.5-9B|aime2026_tr|AIME2026-TR/26|g30,1
V4-Flash,Qwen3.5-9B,aime2026_tr,intermediate_error,Qwen3.5-9B|aime2026_tr|AIME2026-TR/26|g38,1
V4-Flash,Qwen3.5-9B,aime2026_tr,intermediate_error,Qwen3.5-9B|aime2026_tr|AIME2026-TR/27|g13,1
V4-Flash,Qwen3.5-9B,aime2026_tr,intermediate_error,Qwen3.5-9B|aime2026_tr|AIME2026-TR/27|g51,1
V4-Flash,Qwen3.5-9B,aime2026_tr,intermediate_error,Qwen3.5-9B|aime2026_tr|AIME2026-TR/28|g2,1
V4-Flash,Qwen3.5-9B,aime2026_tr,intermediate_error,Qwen3.5-9B|aime2026_tr|AIME2026-TR/28|g59,1
V4-Flash,Qwen3.5-9B,aime2026_tr,intermediate_error,Qwen3.5-9B|aime2026_tr|AIME2026-TR/29|g11,1
V4-Flash,Qwen3.5-9B,aime2026_tr,intermediate_error,Qwen3.5-9B|aime2026_tr|AIME2026-TR/3|g13,1
V4-Flash,Qwen3.5-9B,aime2026_tr,intermediate_error,Qwen3.5-9B|aime2026_tr|AIME2026-TR/3|g42,1
V4-Flash,Qwen3.5-9B,aime2026_tr,intermediate_error,Qwen3.5-9B|aime2026_tr|AIME2026-TR/3|g51,1
V4-Flash,Qwen3.5-9B,aime2026_tr,intermediate_error,Qwen3.5-9B|aime2026_tr|AIME2026-TR/4|g49,1
V4-Flash,Qwen3.5-9B,aime2026_tr,intermediate_error,Qwen3.5-9B|aime2026_tr|AIME2026-TR/4|g57,1
V4-Flash,Qwen3.5-9B,aime2026_tr,intermediate_error,Qwen3.5-9B|aime2026_tr|AIME2026-TR/5|g24,1
V4-Flash,Qwen3.5-9B,aime2026_tr,intermediate_error,Qwen3.5-9B|aime2026_tr|AIME2026-TR/5|g36,1
V4-Flash,Qwen3.5-9B,aime2026_tr,intermediate_error,Qwen3.5-9B|aime2026_tr|AIME2026-TR/5|g4,1
V4-Flash,Qwen3.5-9B,aime2026_tr,intermediate_error,Qwen3.5-9B|aime2026_tr|AIME2026-TR/5|g61,1
V4-Flash,Qwen3.5-9B,aime2026_tr,intermediate_error,Qwen3.5-9B|aime2026_tr|AIME2026-TR/6|g16,1
V4-Flash,Qwen3.5-9B,aime2026_tr,intermediate_error,Qwen3.5-9B|aime2026_tr|AIME2026-TR/6|g4,1
V4-Flash,Qwen3.5-9B,aime2026_tr,intermediate_error,Qwen3.5-9B|aime2026_tr|AIME2026-TR/6|g52,1
V4-Flash,Qwen3.5-9B,aime2026_tr,intermediate_error,Qwen3.5-9B|aime2026_tr|AIME2026-TR/6|g56,1
V4-Flash,Qwen3.5-9B,aime2026_tr,intermediate_error,Qwen3.5-9B|aime2026_tr|AIME2026-TR/7|g23,1
V4-Flash,Qwen3.5-9B,aime2026_tr,intermediate_error,Qwen3.5-9B|aime2026_tr|AIME2026-TR/7|g32,1
V4-Flash,Qwen3.5-9B,aime2026_tr,intermediate_error,Qwen3.5-9B|aime2026_tr|AIME2026-TR/7|g37,1
V4-Flash,Qwen3.5-9B,aime2026_tr,intermediate_error,Qwen3.5-9B|aime2026_tr|AIME2026-TR/7|g49,1
V4-Flash,Qwen3.5-9B,aime2026_tr,intermediate_error,Qwen3.5-9B|aime2026_tr|AIME2026-TR/9|g42,1
V4-Flash,Qwen3.5-9B,aime2026_tr,intermediate_error,Qwen3.5-9B|aime2026_tr|AIME2026-TR/9|g50,1
V4-Flash,Qwen3.5-9B,aime2026_tr,truncated,Qwen3.5-9B|aime2026_tr|AIME2026-TR/1|g32,1
V4-Flash,Qwen3.5-9B,aime2026_tr,truncated,Qwen3.5-9B|aime2026_tr|AIME2026-TR/10|g24,0
V4-Flash,Qwen3.5-9B,aime2026_tr,truncated,Qwen3.5-9B|aime2026_tr|AIME2026-TR/10|g27,1
V4-Flash,Qwen3.5-9B,aime2026_tr,truncated,Qwen3.5-9B|aime2026_tr|AIME2026-TR/10|g42,1
V4-Flash,Qwen3.5-9B,aime2026_tr,truncated,Qwen3.5-9B|aime2026_tr|AIME2026-TR/12|g14,1
V4-Flash,Qwen3.5-9B,aime2026_tr,truncated,Qwen3.5-9B|aime2026_tr|AIME2026-TR/12|g19,1
V4-Flash,Qwen3.5-9B,aime2026_tr,truncated,Qwen3.5-9B|aime2026_tr|AIME2026-TR/13|g1,1
V4-Flash,Qwen3.5-9B,aime2026_tr,truncated,Qwen3.5-9B|aime2026_tr|AIME2026-TR/13|g15,1
V4-Flash,Qwen3.5-9B,aime2026_tr,truncated,Qwen3.5-9B|aime2026_tr|AIME2026-TR/13|g6,1
V4-Flash,Qwen3.5-9B,aime2026_tr,truncated,Qwen3.5-9B|aime2026_tr|AIME2026-TR/14|g15,1
V4-Flash,Qwen3.5-9B,aime2026_tr,truncated,Qwen3.5-9B|aime2026_tr|AIME2026-TR/14|g36,1
V4-Flash,Qwen3.5-9B,aime2026_tr,truncated,Qwen3.5-9B|aime2026_tr|AIME2026-TR/14|g48,1
V4-Flash,Qwen3.5-9B,aime2026_tr,truncated,Qwen3.5-9B|aime2026_tr|AIME2026-TR/14|g52,1
V4-Flash,Qwen3.5-9B,aime2026_tr,truncated,Qwen3.5-9B|aime2026_tr|AIME2026-TR/16|g18,1
V4-Flash,Qwen3.5-9B,aime2026_tr,truncated,Qwen3.5-9B|aime2026_tr|AIME2026-TR/16|g27,1
V4-Flash,Qwen3.5-9B,aime2026_tr,truncated,Qwen3.5-9B|aime2026_tr|AIME2026-TR/16|g45,1
V4-Flash,Qwen3.5-9B,aime2026_tr,truncated,Qwen3.5-9B|aime2026_tr|AIME2026-TR/17|g12,0
V4-Flash,Qwen3.5-9B,aime2026_tr,truncated,Qwen3.5-9B|aime2026_tr|AIME2026-TR/17|g39,1
V4-Flash,Qwen3.5-9B,aime2026_tr,truncated,Qwen3.5-9B|aime2026_tr|AIME2026-TR/17|g6,0
V4-Flash,Qwen3.5-9B,aime2026_tr,truncated,Qwen3.5-9B|aime2026_tr|AIME2026-TR/18|g24,1
V4-Flash,Qwen3.5-9B,aime2026_tr,truncated,Qwen3.5-9B|aime2026_tr|AIME2026-TR/18|g35,1
V4-Flash,Qwen3.5-9B,aime2026_tr,truncated,Qwen3.5-9B|aime2026_tr|AIME2026-TR/18|g56,1
V4-Flash,Qwen3.5-9B,aime2026_tr,truncated,Qwen3.5-9B|aime2026_tr|AIME2026-TR/19|g19,1
V4-Flash,Qwen3.5-9B,aime2026_tr,truncated,Qwen3.5-9B|aime2026_tr|AIME2026-TR/19|g24,1
V4-Flash,Qwen3.5-9B,aime2026_tr,truncated,Qwen3.5-9B|aime2026_tr|AIME2026-TR/19|g50,1
V4-Flash,Qwen3.5-9B,aime2026_tr,truncated,Qwen3.5-9B|aime2026_tr|AIME2026-TR/2|g12,1
V4-Flash,Qwen3.5-9B,aime2026_tr,truncated,Qwen3.5-9B|aime2026_tr|AIME2026-TR/2|g22,1
V4-Flash,Qwen3.5-9B,aime2026_tr,truncated,Qwen3.5-9B|aime2026_tr|AIME2026-TR/2|g36,1
V4-Flash,Qwen3.5-9B,aime2026_tr,truncated,Qwen3.5-9B|aime2026_tr|AIME2026-TR/2|g6,1
V4-Flash,Qwen3.5-9B,aime2026_tr,truncated,Qwen3.5-9B|aime2026_tr|AIME2026-TR/20|g15,1
V4-Flash,Qwen3.5-9B,aime2026_tr,truncated,Qwen3.5-9B|aime2026_tr|AIME2026-TR/20|g19,1
V4-Flash,Qwen3.5-9B,aime2026_tr,truncated,Qwen3.5-9B|aime2026_tr|AIME2026-TR/20|g48,1
V4-Flash,Qwen3.5-9B,aime2026_tr,truncated,Qwen3.5-9B|aime2026_tr|AIME2026-TR/21|g42,1
V4-Flash,Qwen3.5-9B,aime2026_tr,truncated,Qwen3.5-9B|aime2026_tr|AIME2026-TR/22|g39,1
V4-Flash,Qwen3.5-9B,aime2026_tr,truncated,Qwen3.5-9B|aime2026_tr|AIME2026-TR/22|g44,1
V4-Flash,Qwen3.5-9B,aime2026_tr,truncated,Qwen3.5-9B|aime2026_tr|AIME2026-TR/22|g49,1
V4-Flash,Qwen3.5-9B,aime2026_tr,truncated,Qwen3.5-9B|aime2026_tr|AIME2026-TR/23|g28,1
V4-Flash,Qwen3.5-9B,aime2026_tr,truncated,Qwen3.5-9B|aime2026_tr|AIME2026-TR/23|g49,1
V4-Flash,Qwen3.5-9B,aime2026_tr,truncated,Qwen3.5-9B|aime2026_tr|AIME2026-TR/24|g28,1
V4-Flash,Qwen3.5-9B,aime2026_tr,truncated,Qwen3.5-9B|aime2026_tr|AIME2026-TR/24|g30,1
V4-Flash,Qwen3.5-9B,aime2026_tr,truncated,Qwen3.5-9B|aime2026_tr|AIME2026-TR/25|g15,1
V4-Flash,Qwen3.5-9B,aime2026_tr,truncated,Qwen3.5-9B|aime2026_tr|AIME2026-TR/25|g19,1
V4-Flash,Qwen3.5-9B,aime2026_tr,truncated,Qwen3.5-9B|aime2026_tr|AIME2026-TR/25|g28,1
V4-Flash,Qwen3.5-9B,aime2026_tr,truncated,Qwen3.5-9B|aime2026_tr|AIME2026-TR/25|g44,1
V4-Flash,Qwen3.5-9B,aime2026_tr,truncated,Qwen3.5-9B|aime2026_tr|AIME2026-TR/25|g47,1
V4-Flash,Qwen3.5-9B,aime2026_tr,truncated,Qwen3.5-9B|aime2026_tr|AIME2026-TR/26|g0,1
V4-Flash,Qwen3.5-9B,aime2026_tr,truncated,Qwen3.5-9B|aime2026_tr|AIME2026-TR/26|g30,1
V4-Flash,Qwen3.5-9B,aime2026_tr,truncated,Qwen3.5-9B|aime2026_tr|AIME2026-TR/26|g38,1
V4-Flash,Qwen3.5-9B,aime2026_tr,truncated,Qwen3.5-9B|aime2026_tr|AIME2026-TR/27|g13,1
V4-Flash,Qwen3.5-9B,aime2026_tr,truncated,Qwen3.5-9B|aime2026_tr|AIME2026-TR/27|g51,1
V4-Flash,Qwen3.5-9B,aime2026_tr,truncated,Qwen3.5-9B|aime2026_tr|AIME2026-TR/28|g2,0
V4-Flash,Qwen3.5-9B,aime2026_tr,truncated,Qwen3.5-9B|aime2026_tr|AIME2026-TR/28|g59,0
V4-Flash,Qwen3.5-9B,aime2026_tr,truncated,Qwen3.5-9B|aime2026_tr|AIME2026-TR/29|g11,0
V4-Flash,Qwen3.5-9B,aime2026_tr,truncated,Qwen3.5-9B|aime2026_tr|AIME2026-TR/3|g13,1
V4-Flash,Qwen3.5-9B,aime2026_tr,truncated,Qwen3.5-9B|aime2026_tr|AIME2026-TR/3|g42,1
V4-Flash,Qwen3.5-9B,aime2026_tr,truncated,Qwen3.5-9B|aime2026_tr|AIME2026-TR/3|g51,1
V4-Flash,Qwen3.5-9B,aime2026_tr,truncated,Qwen3.5-9B|aime2026_tr|AIME2026-TR/4|g49,1
V4-Flash,Qwen3.5-9B,aime2026_tr,truncated,Qwen3.5-9B|aime2026_tr|AIME2026-TR/4|g57,1
V4-Flash,Qwen3.5-9B,aime2026_tr,truncated,Qwen3.5-9B|aime2026_tr|AIME2026-TR/5|g24,1
V4-Flash,Qwen3.5-9B,aime2026_tr,truncated,Qwen3.5-9B|aime2026_tr|AIME2026-TR/5|g36,1
V4-Flash,Qwen3.5-9B,aime2026_tr,truncated,Qwen3.5-9B|aime2026_tr|AIME2026-TR/5|g4,1
V4-Flash,Qwen3.5-9B,aime2026_tr,truncated,Qwen3.5-9B|aime2026_tr|AIME2026-TR/5|g61,1
V4-Flash,Qwen3.5-9B,aime2026_tr,truncated,Qwen3.5-9B|aime2026_tr|AIME2026-TR/6|g16,1
V4-Flash,Qwen3.5-9B,aime2026_tr,truncated,Qwen3.5-9B|aime2026_tr|AIME2026-TR/6|g4,1
V4-Flash,Qwen3.5-9B,aime2026_tr,truncated,Qwen3.5-9B|aime2026_tr|AIME2026-TR/6|g52,1
V4-Flash,Qwen3.5-9B,aime2026_tr,truncated,Qwen3.5-9B|aime2026_tr|AIME2026-TR/6|g56,1
V4-Flash,Qwen3.5-9B,aime2026_tr,truncated,Qwen3.5-9B|aime2026_tr|AIME2026-TR/7|g23,1
V4-Flash,Qwen3.5-9B,aime2026_tr,truncated,Qwen3.5-9B|aime2026_tr|AIME2026-TR/7|g32,1
V4-Flash,Qwen3.5-9B,aime2026_tr,truncated,Qwen3.5-9B|aime2026_tr|AIME2026-TR/7|g37,1
V4-Flash,Qwen3.5-9B,aime2026_tr,truncated,Qwen3.5-9B|aime2026_tr|AIME2026-TR/7|g49,1
V4-Flash,Qwen3.5-9B,aime2026_tr,truncated,Qwen3.5-9B|aime2026_tr|AIME2026-TR/9|g42,1
V4-Flash,Qwen3.5-9B,aime2026_tr,truncated,Qwen3.5-9B|aime2026_tr|AIME2026-TR/9|g50,1
V4-Flash,Qwen3.5-9B,pt_exams_math,boxed_only,Qwen3.5-9B|pt_exams_math|pt_exams_math/1|g12,0
V4-Flash,Qwen3.5-9B,pt_exams_math,boxed_only,Qwen3.5-9B|pt_exams_math|pt_exams_math/10|g14,0
V4-Flash,Qwen3.5-9B,pt_exams_math,boxed_only,Qwen3.5-9B|pt_exams_math|pt_exams_math/101|g11,0
V4-Flash,Qwen3.5-9B,pt_exams_math,boxed_only,Qwen3.5-9B|pt_exams_math|pt_exams_math/103|g1,0
V4-Flash,Qwen3.5-9B,pt_exams_math,boxed_only,Qwen3.5-9B|pt_exams_math|pt_exams_math/106|g14,0
V4-Flash,Qwen3.5-9B,pt_exams_math,boxed_only,Qwen3.5-9B|pt_exams_math|pt_exams_math/107|g0,0
V4-Flash,Qwen3.5-9B,pt_exams_math,boxed_only,Qwen3.5-9B|pt_exams_math|pt_exams_math/109|g2,0
V4-Flash,Qwen3.5-9B,pt_exams_math,boxed_only,Qwen3.5-9B|pt_exams_math|pt_exams_math/110|g12,0
V4-Flash,Qwen3.5-9B,pt_exams_math,boxed_only,Qwen3.5-9B|pt_exams_math|pt_exams_math/112|g7,0
V4-Flash,Qwen3.5-9B,pt_exams_math,boxed_only,Qwen3.5-9B|pt_exams_math|pt_exams_math/113|g14,0
V4-Flash,Qwen3.5-9B,pt_exams_math,boxed_only,Qwen3.5-9B|pt_exams_math|pt_exams_math/118|g11,0
V4-Flash,Qwen3.5-9B,pt_exams_math,boxed_only,Qwen3.5-9B|pt_exams_math|pt_exams_math/119|g12,0
V4-Flash,Qwen3.5-9B,pt_exams_math,boxed_only,Qwen3.5-9B|pt_exams_math|pt_exams_math/121|g14,0
V4-Flash,Qwen3.5-9B,pt_exams_math,boxed_only,Qwen3.5-9B|pt_exams_math|pt_exams_math/125|g6,0
V4-Flash,Qwen3.5-9B,pt_exams_math,boxed_only,Qwen3.5-9B|pt_exams_math|pt_exams_math/126|g13,0
V4-Flash,Qwen3.5-9B,pt_exams_math,boxed_only,Qwen3.5-9B|pt_exams_math|pt_exams_math/128|g12,0
V4-Flash,Qwen3.5-9B,pt_exams_math,boxed_only,Qwen3.5-9B|pt_exams_math|pt_exams_math/130|g13,0
V4-Flash,Qwen3.5-9B,pt_exams_math,boxed_only,Qwen3.5-9B|pt_exams_math|pt_exams_math/133|g6,1
V4-Flash,Qwen3.5-9B,pt_exams_math,boxed_only,Qwen3.5-9B|pt_exams_math|pt_exams_math/134|g5,0
V4-Flash,Qwen3.5-9B,pt_exams_math,boxed_only,Qwen3.5-9B|pt_exams_math|pt_exams_math/138|g6,0
V4-Flash,Qwen3.5-9B,pt_exams_math,boxed_only,Qwen3.5-9B|pt_exams_math|pt_exams_math/141|g2,0
V4-Flash,Qwen3.5-9B,pt_exams_math,boxed_only,Qwen3.5-9B|pt_exams_math|pt_exams_math/146|g8,1
V4-Flash,Qwen3.5-9B,pt_exams_math,boxed_only,Qwen3.5-9B|pt_exams_math|pt_exams_math/147|g1,0
V4-Flash,Qwen3.5-9B,pt_exams_math,boxed_only,Qwen3.5-9B|pt_exams_math|pt_exams_math/15|g12,0
V4-Flash,Qwen3.5-9B,pt_exams_math,boxed_only,Qwen3.5-9B|pt_exams_math|pt_exams_math/151|g8,0
V4-Flash,Qwen3.5-9B,pt_exams_math,boxed_only,Qwen3.5-9B|pt_exams_math|pt_exams_math/152|g2,0
V4-Flash,Qwen3.5-9B,pt_exams_math,boxed_only,Qwen3.5-9B|pt_exams_math|pt_exams_math/155|g15,0
V4-Flash,Qwen3.5-9B,pt_exams_math,boxed_only,Qwen3.5-9B|pt_exams_math|pt_exams_math/156|g15,0
V4-Flash,Qwen3.5-9B,pt_exams_math,boxed_only,Qwen3.5-9B|pt_exams_math|pt_exams_math/159|g8,0
V4-Flash,Qwen3.5-9B,pt_exams_math,boxed_only,Qwen3.5-9B|pt_exams_math|pt_exams_math/160|g1,0
V4-Flash,Qwen3.5-9B,pt_exams_math,boxed_only,Qwen3.5-9B|pt_exams_math|pt_exams_math/19|g0,0
V4-Flash,Qwen3.5-9B,pt_exams_math,boxed_only,Qwen3.5-9B|pt_exams_math|pt_exams_math/21|g8,0
V4-Flash,Qwen3.5-9B,pt_exams_math,boxed_only,Qwen3.5-9B|pt_exams_math|pt_exams_math/24|g14,0
V4-Flash,Qwen3.5-9B,pt_exams_math,boxed_only,Qwen3.5-9B|pt_exams_math|pt_exams_math/26|g10,0
V4-Flash,Qwen3.5-9B,pt_exams_math,boxed_only,Qwen3.5-9B|pt_exams_math|pt_exams_math/27|g8,0
V4-Flash,Qwen3.5-9B,pt_exams_math,boxed_only,Qwen3.5-9B|pt_exams_math|pt_exams_math/28|g1,0
V4-Flash,Qwen3.5-9B,pt_exams_math,boxed_only,Qwen3.5-9B|pt_exams_math|pt_exams_math/3|g0,0
V4-Flash,Qwen3.5-9B,pt_exams_math,boxed_only,Qwen3.5-9B|pt_exams_math|pt_exams_math/30|g11,0
V4-Flash,Qwen3.5-9B,pt_exams_math,boxed_only,Qwen3.5-9B|pt_exams_math|pt_exams_math/31|g13,0
V4-Flash,Qwen3.5-9B,pt_exams_math,boxed_only,Qwen3.5-9B|pt_exams_math|pt_exams_math/32|g13,0
V4-Flash,Qwen3.5-9B,pt_exams_math,boxed_only,Qwen3.5-9B|pt_exams_math|pt_exams_math/35|g9,0
V4-Flash,Qwen3.5-9B,pt_exams_math,boxed_only,Qwen3.5-9B|pt_exams_math|pt_exams_math/36|g7,0
V4-Flash,Qwen3.5-9B,pt_exams_math,boxed_only,Qwen3.5-9B|pt_exams_math|pt_exams_math/44|g12,0
V4-Flash,Qwen3.5-9B,pt_exams_math,boxed_only,Qwen3.5-9B|pt_exams_math|pt_exams_math/45|g15,0
V4-Flash,Qwen3.5-9B,pt_exams_math,boxed_only,Qwen3.5-9B|pt_exams_math|pt_exams_math/47|g4,0
V4-Flash,Qwen3.5-9B,pt_exams_math,boxed_only,Qwen3.5-9B|pt_exams_math|pt_exams_math/48|g11,0
V4-Flash,Qwen3.5-9B,pt_exams_math,boxed_only,Qwen3.5-9B|pt_exams_math|pt_exams_math/5|g3,0
V4-Flash,Qwen3.5-9B,pt_exams_math,boxed_only,Qwen3.5-9B|pt_exams_math|pt_exams_math/50|g14,0
V4-Flash,Qwen3.5-9B,pt_exams_math,boxed_only,Qwen3.5-9B|pt_exams_math|pt_exams_math/52|g2,0
V4-Flash,Qwen3.5-9B,pt_exams_math,boxed_only,Qwen3.5-9B|pt_exams_math|pt_exams_math/53|g2,0
V4-Flash,Qwen3.5-9B,pt_exams_math,boxed_only,Qwen3.5-9B|pt_exams_math|pt_exams_math/54|g8,0
V4-Flash,Qwen3.5-9B,pt_exams_math,boxed_only,Qwen3.5-9B|pt_exams_math|pt_exams_math/55|g3,0
V4-Flash,Qwen3.5-9B,pt_exams_math,boxed_only,Qwen3.5-9B|pt_exams_math|pt_exams_math/56|g7,0
V4-Flash,Qwen3.5-9B,pt_exams_math,boxed_only,Qwen3.5-9B|pt_exams_math|pt_exams_math/59|g4,0
V4-Flash,Qwen3.5-9B,pt_exams_math,boxed_only,Qwen3.5-9B|pt_exams_math|pt_exams_math/60|g6,0
V4-Flash,Qwen3.5-9B,pt_exams_math,boxed_only,Qwen3.5-9B|pt_exams_math|pt_exams_math/63|g10,0
V4-Flash,Qwen3.5-9B,pt_exams_math,boxed_only,Qwen3.5-9B|pt_exams_math|pt_exams_math/65|g11,0
V4-Flash,Qwen3.5-9B,pt_exams_math,boxed_only,Qwen3.5-9B|pt_exams_math|pt_exams_math/68|g4,0
V4-Flash,Qwen3.5-9B,pt_exams_math,boxed_only,Qwen3.5-9B|pt_exams_math|pt_exams_math/69|g7,0
V4-Flash,Qwen3.5-9B,pt_exams_math,boxed_only,Qwen3.5-9B|pt_exams_math|pt_exams_math/7|g11,0
V4-Flash,Qwen3.5-9B,pt_exams_math,boxed_only,Qwen3.5-9B|pt_exams_math|pt_exams_math/71|g3,0
V4-Flash,Qwen3.5-9B,pt_exams_math,boxed_only,Qwen3.5-9B|pt_exams_math|pt_exams_math/75|g7,0
V4-Flash,Qwen3.5-9B,pt_exams_math,boxed_only,Qwen3.5-9B|pt_exams_math|pt_exams_math/77|g1,0
V4-Flash,Qwen3.5-9B,pt_exams_math,boxed_only,Qwen3.5-9B|pt_exams_math|pt_exams_math/79|g8,0
V4-Flash,Qwen3.5-9B,pt_exams_math,boxed_only,Qwen3.5-9B|pt_exams_math|pt_exams_math/86|g0,0
V4-Flash,Qwen3.5-9B,pt_exams_math,boxed_only,Qwen3.5-9B|pt_exams_math|pt_exams_math/87|g8,0
V4-Flash,Qwen3.5-9B,pt_exams_math,boxed_only,Qwen3.5-9B|pt_exams_math|pt_exams_math/88|g6,0
V4-Flash,Qwen3.5-9B,pt_exams_math,boxed_only,Qwen3.5-9B|pt_exams_math|pt_exams_math/89|g10,0
V4-Flash,Qwen3.5-9B,pt_exams_math,boxed_only,Qwen3.5-9B|pt_exams_math|pt_exams_math/9|g1,0
V4-Flash,Qwen3.5-9B,pt_exams_math,boxed_only,Qwen3.5-9B|pt_exams_math|pt_exams_math/90|g10,0
V4-Flash,Qwen3.5-9B,pt_exams_math,boxed_only,Qwen3.5-9B|pt_exams_math|pt_exams_math/97|g14,0
V4-Flash,Qwen3.5-9B,pt_exams_math,boxed_only,Qwen3.5-9B|pt_exams_math|pt_exams_math/99|g9,0
V4-Flash,Qwen3.5-9B,pt_exams_math,clean,Qwen3.5-9B|pt_exams_math|pt_exams_math/1|g12,1
V4-Flash,Qwen3.5-9B,pt_exams_math,clean,Qwen3.5-9B|pt_exams_math|pt_exams_math/10|g14,1
V4-Flash,Qwen3.5-9B,pt_exams_math,clean,Qwen3.5-9B|pt_exams_math|pt_exams_math/101|g11,1
V4-Flash,Qwen3.5-9B,pt_exams_math,clean,Qwen3.5-9B|pt_exams_math|pt_exams_math/103|g1,1
V4-Flash,Qwen3.5-9B,pt_exams_math,clean,Qwen3.5-9B|pt_exams_math|pt_exams_math/106|g14,1
V4-Flash,Qwen3.5-9B,pt_exams_math,clean,Qwen3.5-9B|pt_exams_math|pt_exams_math/107|g0,1
V4-Flash,Qwen3.5-9B,pt_exams_math,clean,Qwen3.5-9B|pt_exams_math|pt_exams_math/109|g2,1
V4-Flash,Qwen3.5-9B,pt_exams_math,clean,Qwen3.5-9B|pt_exams_math|pt_exams_math/110|g12,1
V4-Flash,Qwen3.5-9B,pt_exams_math,clean,Qwen3.5-9B|pt_exams_math|pt_exams_math/112|g7,1
V4-Flash,Qwen3.5-9B,pt_exams_math,clean,Qwen3.5-9B|pt_exams_math|pt_exams_math/113|g14,1
V4-Flash,Qwen3.5-9B,pt_exams_math,clean,Qwen3.5-9B|pt_exams_math|pt_exams_math/118|g11,1
V4-Flash,Qwen3.5-9B,pt_exams_math,clean,Qwen3.5-9B|pt_exams_math|pt_exams_math/119|g12,1
V4-Flash,Qwen3.5-9B,pt_exams_math,clean,Qwen3.5-9B|pt_exams_math|pt_exams_math/121|g14,1
V4-Flash,Qwen3.5-9B,pt_exams_math,clean,Qwen3.5-9B|pt_exams_math|pt_exams_math/125|g6,1
V4-Flash,Qwen3.5-9B,pt_exams_math,clean,Qwen3.5-9B|pt_exams_math|pt_exams_math/126|g13,1
V4-Flash,Qwen3.5-9B,pt_exams_math,clean,Qwen3.5-9B|pt_exams_math|pt_exams_math/128|g12,1
V4-Flash,Qwen3.5-9B,pt_exams_math,clean,Qwen3.5-9B|pt_exams_math|pt_exams_math/130|g13,1
V4-Flash,Qwen3.5-9B,pt_exams_math,clean,Qwen3.5-9B|pt_exams_math|pt_exams_math/133|g6,1
V4-Flash,Qwen3.5-9B,pt_exams_math,clean,Qwen3.5-9B|pt_exams_math|pt_exams_math/134|g5,1
V4-Flash,Qwen3.5-9B,pt_exams_math,clean,Qwen3.5-9B|pt_exams_math|pt_exams_math/138|g6,1
V4-Flash,Qwen3.5-9B,pt_exams_math,clean,Qwen3.5-9B|pt_exams_math|pt_exams_math/141|g2,1
V4-Flash,Qwen3.5-9B,pt_exams_math,clean,Qwen3.5-9B|pt_exams_math|pt_exams_math/146|g8,1
V4-Flash,Qwen3.5-9B,pt_exams_math,clean,Qwen3.5-9B|pt_exams_math|pt_exams_math/147|g1,1
V4-Flash,Qwen3.5-9B,pt_exams_math,clean,Qwen3.5-9B|pt_exams_math|pt_exams_math/15|g12,1
V4-Flash,Qwen3.5-9B,pt_exams_math,clean,Qwen3.5-9B|pt_exams_math|pt_exams_math/151|g8,1
V4-Flash,Qwen3.5-9B,pt_exams_math,clean,Qwen3.5-9B|pt_exams_math|pt_exams_math/152|g2,1
V4-Flash,Qwen3.5-9B,pt_exams_math,clean,Qwen3.5-9B|pt_exams_math|pt_exams_math/155|g15,1
V4-Flash,Qwen3.5-9B,pt_exams_math,clean,Qwen3.5-9B|pt_exams_math|pt_exams_math/156|g15,1
V4-Flash,Qwen3.5-9B,pt_exams_math,clean,Qwen3.5-9B|pt_exams_math|pt_exams_math/159|g8,1
V4-Flash,Qwen3.5-9B,pt_exams_math,clean,Qwen3.5-9B|pt_exams_math|pt_exams_math/160|g1,1
V4-Flash,Qwen3.5-9B,pt_exams_math,clean,Qwen3.5-9B|pt_exams_math|pt_exams_math/19|g0,1
V4-Flash,Qwen3.5-9B,pt_exams_math,clean,Qwen3.5-9B|pt_exams_math|pt_exams_math/21|g8,1
V4-Flash,Qwen3.5-9B,pt_exams_math,clean,Qwen3.5-9B|pt_exams_math|pt_exams_math/24|g14,1
V4-Flash,Qwen3.5-9B,pt_exams_math,clean,Qwen3.5-9B|pt_exams_math|pt_exams_math/26|g10,1
V4-Flash,Qwen3.5-9B,pt_exams_math,clean,Qwen3.5-9B|pt_exams_math|pt_exams_math/27|g8,1
V4-Flash,Qwen3.5-9B,pt_exams_math,clean,Qwen3.5-9B|pt_exams_math|pt_exams_math/28|g1,1
V4-Flash,Qwen3.5-9B,pt_exams_math,clean,Qwen3.5-9B|pt_exams_math|pt_exams_math/3|g0,1
V4-Flash,Qwen3.5-9B,pt_exams_math,clean,Qwen3.5-9B|pt_exams_math|pt_exams_math/30|g11,1
V4-Flash,Qwen3.5-9B,pt_exams_math,clean,Qwen3.5-9B|pt_exams_math|pt_exams_math/31|g13,1
V4-Flash,Qwen3.5-9B,pt_exams_math,clean,Qwen3.5-9B|pt_exams_math|pt_exams_math/32|g13,1
V4-Flash,Qwen3.5-9B,pt_exams_math,clean,Qwen3.5-9B|pt_exams_math|pt_exams_math/35|g9,1
V4-Flash,Qwen3.5-9B,pt_exams_math,clean,Qwen3.5-9B|pt_exams_math|pt_exams_math/36|g7,1
V4-Flash,Qwen3.5-9B,pt_exams_math,clean,Qwen3.5-9B|pt_exams_math|pt_exams_math/44|g12,1
V4-Flash,Qwen3.5-9B,pt_exams_math,clean,Qwen3.5-9B|pt_exams_math|pt_exams_math/45|g15,1
V4-Flash,Qwen3.5-9B,pt_exams_math,clean,Qwen3.5-9B|pt_exams_math|pt_exams_math/47|g4,1
V4-Flash,Qwen3.5-9B,pt_exams_math,clean,Qwen3.5-9B|pt_exams_math|pt_exams_math/48|g11,1
V4-Flash,Qwen3.5-9B,pt_exams_math,clean,Qwen3.5-9B|pt_exams_math|pt_exams_math/5|g3,1
V4-Flash,Qwen3.5-9B,pt_exams_math,clean,Qwen3.5-9B|pt_exams_math|pt_exams_math/50|g14,1
V4-Flash,Qwen3.5-9B,pt_exams_math,clean,Qwen3.5-9B|pt_exams_math|pt_exams_math/52|g2,1
V4-Flash,Qwen3.5-9B,pt_exams_math,clean,Qwen3.5-9B|pt_exams_math|pt_exams_math/53|g2,1
V4-Flash,Qwen3.5-9B,pt_exams_math,clean,Qwen3.5-9B|pt_exams_math|pt_exams_math/54|g8,1
V4-Flash,Qwen3.5-9B,pt_exams_math,clean,Qwen3.5-9B|pt_exams_math|pt_exams_math/55|g3,1
V4-Flash,Qwen3.5-9B,pt_exams_math,clean,Qwen3.5-9B|pt_exams_math|pt_exams_math/56|g7,1
V4-Flash,Qwen3.5-9B,pt_exams_math,clean,Qwen3.5-9B|pt_exams_math|pt_exams_math/59|g4,1
V4-Flash,Qwen3.5-9B,pt_exams_math,clean,Qwen3.5-9B|pt_exams_math|pt_exams_math/60|g6,1
V4-Flash,Qwen3.5-9B,pt_exams_math,clean,Qwen3.5-9B|pt_exams_math|pt_exams_math/63|g10,1
V4-Flash,Qwen3.5-9B,pt_exams_math,clean,Qwen3.5-9B|pt_exams_math|pt_exams_math/65|g11,1
V4-Flash,Qwen3.5-9B,pt_exams_math,clean,Qwen3.5-9B|pt_exams_math|pt_exams_math/68|g4,1
V4-Flash,Qwen3.5-9B,pt_exams_math,clean,Qwen3.5-9B|pt_exams_math|pt_exams_math/69|g7,1
V4-Flash,Qwen3.5-9B,pt_exams_math,clean,Qwen3.5-9B|pt_exams_math|pt_exams_math/7|g11,1
V4-Flash,Qwen3.5-9B,pt_exams_math,clean,Qwen3.5-9B|pt_exams_math|pt_exams_math/71|g3,1
V4-Flash,Qwen3.5-9B,pt_exams_math,clean,Qwen3.5-9B|pt_exams_math|pt_exams_math/75|g7,1
V4-Flash,Qwen3.5-9B,pt_exams_math,clean,Qwen3.5-9B|pt_exams_math|pt_exams_math/77|g1,1
V4-Flash,Qwen3.5-9B,pt_exams_math,clean,Qwen3.5-9B|pt_exams_math|pt_exams_math/79|g8,1
V4-Flash,Qwen3.5-9B,pt_exams_math,clean,Qwen3.5-9B|pt_exams_math|pt_exams_math/86|g0,1
V4-Flash,Qwen3.5-9B,pt_exams_math,clean,Qwen3.5-9B|pt_exams_math|pt_exams_math/87|g8,1
V4-Flash,Qwen3.5-9B,pt_exams_math,clean,Qwen3.5-9B|pt_exams_math|pt_exams_math/88|g6,1
V4-Flash,Qwen3.5-9B,pt_exams_math,clean,Qwen3.5-9B|pt_exams_math|pt_exams_math/89|g10,1
V4-Flash,Qwen3.5-9B,pt_exams_math,clean,Qwen3.5-9B|pt_exams_math|pt_exams_math/9|g1,1
V4-Flash,Qwen3.5-9B,pt_exams_math,clean,Qwen3.5-9B|pt_exams_math|pt_exams_math/90|g10,1
V4-Flash,Qwen3.5-9B,pt_exams_math,clean,Qwen3.5-9B|pt_exams_math|pt_exams_math/97|g14,1
V4-Flash,Qwen3.5-9B,pt_exams_math,clean,Qwen3.5-9B|pt_exams_math|pt_exams_math/99|g9,1
V4-Flash,Qwen3.5-9B,pt_exams_math,consistent_error,Qwen3.5-9B|pt_exams_math|pt_exams_math/1|g12,0
V4-Flash,Qwen3.5-9B,pt_exams_math,consistent_error,Qwen3.5-9B|pt_exams_math|pt_exams_math/10|g14,0
V4-Flash,Qwen3.5-9B,pt_exams_math,consistent_error,Qwen3.5-9B|pt_exams_math|pt_exams_math/101|g11,0
V4-Flash,Qwen3.5-9B,pt_exams_math,consistent_error,Qwen3.5-9B|pt_exams_math|pt_exams_math/103|g1,1
V4-Flash,Qwen3.5-9B,pt_exams_math,consistent_error,Qwen3.5-9B|pt_exams_math|pt_exams_math/106|g14,0
V4-Flash,Qwen3.5-9B,pt_exams_math,consistent_error,Qwen3.5-9B|pt_exams_math|pt_exams_math/107|g0,0
V4-Flash,Qwen3.5-9B,pt_exams_math,consistent_error,Qwen3.5-9B|pt_exams_math|pt_exams_math/109|g2,0
V4-Flash,Qwen3.5-9B,pt_exams_math,consistent_error,Qwen3.5-9B|pt_exams_math|pt_exams_math/110|g12,0
V4-Flash,Qwen3.5-9B,pt_exams_math,consistent_error,Qwen3.5-9B|pt_exams_math|pt_exams_math/112|g7,0
V4-Flash,Qwen3.5-9B,pt_exams_math,consistent_error,Qwen3.5-9B|pt_exams_math|pt_exams_math/113|g14,0
V4-Flash,Qwen3.5-9B,pt_exams_math,consistent_error,Qwen3.5-9B|pt_exams_math|pt_exams_math/118|g11,1
V4-Flash,Qwen3.5-9B,pt_exams_math,consistent_error,Qwen3.5-9B|pt_exams_math|pt_exams_math/119|g12,0
V4-Flash,Qwen3.5-9B,pt_exams_math,consistent_error,Qwen3.5-9B|pt_exams_math|pt_exams_math/121|g14,0
V4-Flash,Qwen3.5-9B,pt_exams_math,consistent_error,Qwen3.5-9B|pt_exams_math|pt_exams_math/125|g6,0
V4-Flash,Qwen3.5-9B,pt_exams_math,consistent_error,Qwen3.5-9B|pt_exams_math|pt_exams_math/126|g13,0
V4-Flash,Qwen3.5-9B,pt_exams_math,consistent_error,Qwen3.5-9B|pt_exams_math|pt_exams_math/128|g12,0
V4-Flash,Qwen3.5-9B,pt_exams_math,consistent_error,Qwen3.5-9B|pt_exams_math|pt_exams_math/130|g13,0
V4-Flash,Qwen3.5-9B,pt_exams_math,consistent_error,Qwen3.5-9B|pt_exams_math|pt_exams_math/133|g6,0
V4-Flash,Qwen3.5-9B,pt_exams_math,consistent_error,Qwen3.5-9B|pt_exams_math|pt_exams_math/134|g5,0
V4-Flash,Qwen3.5-9B,pt_exams_math,consistent_error,Qwen3.5-9B|pt_exams_math|pt_exams_math/138|g6,0
V4-Flash,Qwen3.5-9B,pt_exams_math,consistent_error,Qwen3.5-9B|pt_exams_math|pt_exams_math/141|g2,0
V4-Flash,Qwen3.5-9B,pt_exams_math,consistent_error,Qwen3.5-9B|pt_exams_math|pt_exams_math/146|g8,0
V4-Flash,Qwen3.5-9B,pt_exams_math,consistent_error,Qwen3.5-9B|pt_exams_math|pt_exams_math/147|g1,0
V4-Flash,Qwen3.5-9B,pt_exams_math,consistent_error,Qwen3.5-9B|pt_exams_math|pt_exams_math/15|g12,0
V4-Flash,Qwen3.5-9B,pt_exams_math,consistent_error,Qwen3.5-9B|pt_exams_math|pt_exams_math/151|g8,0
V4-Flash,Qwen3.5-9B,pt_exams_math,consistent_error,Qwen3.5-9B|pt_exams_math|pt_exams_math/152|g2,0
V4-Flash,Qwen3.5-9B,pt_exams_math,consistent_error,Qwen3.5-9B|pt_exams_math|pt_exams_math/155|g15,0
V4-Flash,Qwen3.5-9B,pt_exams_math,consistent_error,Qwen3.5-9B|pt_exams_math|pt_exams_math/156|g15,1
V4-Flash,Qwen3.5-9B,pt_exams_math,consistent_error,Qwen3.5-9B|pt_exams_math|pt_exams_math/159|g8,0
V4-Flash,Qwen3.5-9B,pt_exams_math,consistent_error,Qwen3.5-9B|pt_exams_math|pt_exams_math/160|g1,0
V4-Flash,Qwen3.5-9B,pt_exams_math,consistent_error,Qwen3.5-9B|pt_exams_math|pt_exams_math/19|g0,0
V4-Flash,Qwen3.5-9B,pt_exams_math,consistent_error,Qwen3.5-9B|pt_exams_math|pt_exams_math/21|g8,0
V4-Flash,Qwen3.5-9B,pt_exams_math,consistent_error,Qwen3.5-9B|pt_exams_math|pt_exams_math/24|g14,0
V4-Flash,Qwen3.5-9B,pt_exams_math,consistent_error,Qwen3.5-9B|pt_exams_math|pt_exams_math/26|g10,0
V4-Flash,Qwen3.5-9B,pt_exams_math,consistent_error,Qwen3.5-9B|pt_exams_math|pt_exams_math/27|g8,0
V4-Flash,Qwen3.5-9B,pt_exams_math,consistent_error,Qwen3.5-9B|pt_exams_math|pt_exams_math/28|g1,0
V4-Flash,Qwen3.5-9B,pt_exams_math,consistent_error,Qwen3.5-9B|pt_exams_math|pt_exams_math/3|g0,0
V4-Flash,Qwen3.5-9B,pt_exams_math,consistent_error,Qwen3.5-9B|pt_exams_math|pt_exams_math/30|g11,0
V4-Flash,Qwen3.5-9B,pt_exams_math,consistent_error,Qwen3.5-9B|pt_exams_math|pt_exams_math/31|g13,0
V4-Flash,Qwen3.5-9B,pt_exams_math,consistent_error,Qwen3.5-9B|pt_exams_math|pt_exams_math/32|g13,0
V4-Flash,Qwen3.5-9B,pt_exams_math,consistent_error,Qwen3.5-9B|pt_exams_math|pt_exams_math/35|g9,0
V4-Flash,Qwen3.5-9B,pt_exams_math,consistent_error,Qwen3.5-9B|pt_exams_math|pt_exams_math/36|g7,0
V4-Flash,Qwen3.5-9B,pt_exams_math,consistent_error,Qwen3.5-9B|pt_exams_math|pt_exams_math/44|g12,0
V4-Flash,Qwen3.5-9B,pt_exams_math,consistent_error,Qwen3.5-9B|pt_exams_math|pt_exams_math/45|g15,0
V4-Flash,Qwen3.5-9B,pt_exams_math,consistent_error,Qwen3.5-9B|pt_exams_math|pt_exams_math/47|g4,0
V4-Flash,Qwen3.5-9B,pt_exams_math,consistent_error,Qwen3.5-9B|pt_exams_math|pt_exams_math/48|g11,0
V4-Flash,Qwen3.5-9B,pt_exams_math,consistent_error,Qwen3.5-9B|pt_exams_math|pt_exams_math/5|g3,0
V4-Flash,Qwen3.5-9B,pt_exams_math,consistent_error,Qwen3.5-9B|pt_exams_math|pt_exams_math/50|g14,1
V4-Flash,Qwen3.5-9B,pt_exams_math,consistent_error,Qwen3.5-9B|pt_exams_math|pt_exams_math/52|g2,0
V4-Flash,Qwen3.5-9B,pt_exams_math,consistent_error,Qwen3.5-9B|pt_exams_math|pt_exams_math/53|g2,0
V4-Flash,Qwen3.5-9B,pt_exams_math,consistent_error,Qwen3.5-9B|pt_exams_math|pt_exams_math/54|g8,0
V4-Flash,Qwen3.5-9B,pt_exams_math,consistent_error,Qwen3.5-9B|pt_exams_math|pt_exams_math/55|g3,0
V4-Flash,Qwen3.5-9B,pt_exams_math,consistent_error,Qwen3.5-9B|pt_exams_math|pt_exams_math/56|g7,0
V4-Flash,Qwen3.5-9B,pt_exams_math,consistent_error,Qwen3.5-9B|pt_exams_math|pt_exams_math/59|g4,0
V4-Flash,Qwen3.5-9B,pt_exams_math,consistent_error,Qwen3.5-9B|pt_exams_math|pt_exams_math/60|g6,0
V4-Flash,Qwen3.5-9B,pt_exams_math,consistent_error,Qwen3.5-9B|pt_exams_math|pt_exams_math/63|g10,0
V4-Flash,Qwen3.5-9B,pt_exams_math,consistent_error,Qwen3.5-9B|pt_exams_math|pt_exams_math/65|g11,0
V4-Flash,Qwen3.5-9B,pt_exams_math,consistent_error,Qwen3.5-9B|pt_exams_math|pt_exams_math/68|g4,0
V4-Flash,Qwen3.5-9B,pt_exams_math,consistent_error,Qwen3.5-9B|pt_exams_math|pt_exams_math/69|g7,0
V4-Flash,Qwen3.5-9B,pt_exams_math,consistent_error,Qwen3.5-9B|pt_exams_math|pt_exams_math/7|g11,0
V4-Flash,Qwen3.5-9B,pt_exams_math,consistent_error,Qwen3.5-9B|pt_exams_math|pt_exams_math/71|g3,0
V4-Flash,Qwen3.5-9B,pt_exams_math,consistent_error,Qwen3.5-9B|pt_exams_math|pt_exams_math/75|g7,0
V4-Flash,Qwen3.5-9B,pt_exams_math,consistent_error,Qwen3.5-9B|pt_exams_math|pt_exams_math/77|g1,0
V4-Flash,Qwen3.5-9B,pt_exams_math,consistent_error,Qwen3.5-9B|pt_exams_math|pt_exams_math/79|g8,0
V4-Flash,Qwen3.5-9B,pt_exams_math,consistent_error,Qwen3.5-9B|pt_exams_math|pt_exams_math/86|g0,0
V4-Flash,Qwen3.5-9B,pt_exams_math,consistent_error,Qwen3.5-9B|pt_exams_math|pt_exams_math/87|g8,0
V4-Flash,Qwen3.5-9B,pt_exams_math,consistent_error,Qwen3.5-9B|pt_exams_math|pt_exams_math/88|g6,0
V4-Flash,Qwen3.5-9B,pt_exams_math,consistent_error,Qwen3.5-9B|pt_exams_math|pt_exams_math/89|g10,0
V4-Flash,Qwen3.5-9B,pt_exams_math,consistent_error,Qwen3.5-9B|pt_exams_math|pt_exams_math/9|g1,0
V4-Flash,Qwen3.5-9B,pt_exams_math,consistent_error,Qwen3.5-9B|pt_exams_math|pt_exams_math/90|g10,0
V4-Flash,Qwen3.5-9B,pt_exams_math,consistent_error,Qwen3.5-9B|pt_exams_math|pt_exams_math/97|g14,1
V4-Flash,Qwen3.5-9B,pt_exams_math,consistent_error,Qwen3.5-9B|pt_exams_math|pt_exams_math/99|g9,0
V4-Flash,Qwen3.5-9B,pt_exams_math,intermediate_error,Qwen3.5-9B|pt_exams_math|pt_exams_math/1|g12,1
V4-Flash,Qwen3.5-9B,pt_exams_math,intermediate_error,Qwen3.5-9B|pt_exams_math|pt_exams_math/10|g14,1
V4-Flash,Qwen3.5-9B,pt_exams_math,intermediate_error,Qwen3.5-9B|pt_exams_math|pt_exams_math/101|g11,1
V4-Flash,Qwen3.5-9B,pt_exams_math,intermediate_error,Qwen3.5-9B|pt_exams_math|pt_exams_math/103|g1,1
V4-Flash,Qwen3.5-9B,pt_exams_math,intermediate_error,Qwen3.5-9B|pt_exams_math|pt_exams_math/106|g14,1
V4-Flash,Qwen3.5-9B,pt_exams_math,intermediate_error,Qwen3.5-9B|pt_exams_math|pt_exams_math/107|g0,1
V4-Flash,Qwen3.5-9B,pt_exams_math,intermediate_error,Qwen3.5-9B|pt_exams_math|pt_exams_math/109|g2,1
V4-Flash,Qwen3.5-9B,pt_exams_math,intermediate_error,Qwen3.5-9B|pt_exams_math|pt_exams_math/110|g12,1
V4-Flash,Qwen3.5-9B,pt_exams_math,intermediate_error,Qwen3.5-9B|pt_exams_math|pt_exams_math/112|g7,1
V4-Flash,Qwen3.5-9B,pt_exams_math,intermediate_error,Qwen3.5-9B|pt_exams_math|pt_exams_math/113|g14,1
V4-Flash,Qwen3.5-9B,pt_exams_math,intermediate_error,Qwen3.5-9B|pt_exams_math|pt_exams_math/118|g11,1
V4-Flash,Qwen3.5-9B,pt_exams_math,intermediate_error,Qwen3.5-9B|pt_exams_math|pt_exams_math/119|g12,1
V4-Flash,Qwen3.5-9B,pt_exams_math,intermediate_error,Qwen3.5-9B|pt_exams_math|pt_exams_math/121|g14,1
V4-Flash,Qwen3.5-9B,pt_exams_math,intermediate_error,Qwen3.5-9B|pt_exams_math|pt_exams_math/125|g6,1
V4-Flash,Qwen3.5-9B,pt_exams_math,intermediate_error,Qwen3.5-9B|pt_exams_math|pt_exams_math/126|g13,1
V4-Flash,Qwen3.5-9B,pt_exams_math,intermediate_error,Qwen3.5-9B|pt_exams_math|pt_exams_math/128|g12,1
V4-Flash,Qwen3.5-9B,pt_exams_math,intermediate_error,Qwen3.5-9B|pt_exams_math|pt_exams_math/130|g13,1
V4-Flash,Qwen3.5-9B,pt_exams_math,intermediate_error,Qwen3.5-9B|pt_exams_math|pt_exams_math/133|g6,1
V4-Flash,Qwen3.5-9B,pt_exams_math,intermediate_error,Qwen3.5-9B|pt_exams_math|pt_exams_math/134|g5,1
V4-Flash,Qwen3.5-9B,pt_exams_math,intermediate_error,Qwen3.5-9B|pt_exams_math|pt_exams_math/138|g6,1
V4-Flash,Qwen3.5-9B,pt_exams_math,intermediate_error,Qwen3.5-9B|pt_exams_math|pt_exams_math/141|g2,1
V4-Flash,Qwen3.5-9B,pt_exams_math,intermediate_error,Qwen3.5-9B|pt_exams_math|pt_exams_math/146|g8,1
V4-Flash,Qwen3.5-9B,pt_exams_math,intermediate_error,Qwen3.5-9B|pt_exams_math|pt_exams_math/147|g1,1
V4-Flash,Qwen3.5-9B,pt_exams_math,intermediate_error,Qwen3.5-9B|pt_exams_math|pt_exams_math/15|g12,1
V4-Flash,Qwen3.5-9B,pt_exams_math,intermediate_error,Qwen3.5-9B|pt_exams_math|pt_exams_math/151|g8,1
V4-Flash,Qwen3.5-9B,pt_exams_math,intermediate_error,Qwen3.5-9B|pt_exams_math|pt_exams_math/152|g2,1
V4-Flash,Qwen3.5-9B,pt_exams_math,intermediate_error,Qwen3.5-9B|pt_exams_math|pt_exams_math/155|g15,1
V4-Flash,Qwen3.5-9B,pt_exams_math,intermediate_error,Qwen3.5-9B|pt_exams_math|pt_exams_math/156|g15,1
V4-Flash,Qwen3.5-9B,pt_exams_math,intermediate_error,Qwen3.5-9B|pt_exams_math|pt_exams_math/159|g8,1
V4-Flash,Qwen3.5-9B,pt_exams_math,intermediate_error,Qwen3.5-9B|pt_exams_math|pt_exams_math/160|g1,1
V4-Flash,Qwen3.5-9B,pt_exams_math,intermediate_error,Qwen3.5-9B|pt_exams_math|pt_exams_math/19|g0,1
V4-Flash,Qwen3.5-9B,pt_exams_math,intermediate_error,Qwen3.5-9B|pt_exams_math|pt_exams_math/21|g8,1
V4-Flash,Qwen3.5-9B,pt_exams_math,intermediate_error,Qwen3.5-9B|pt_exams_math|pt_exams_math/24|g14,1
V4-Flash,Qwen3.5-9B,pt_exams_math,intermediate_error,Qwen3.5-9B|pt_exams_math|pt_exams_math/26|g10,1
V4-Flash,Qwen3.5-9B,pt_exams_math,intermediate_error,Qwen3.5-9B|pt_exams_math|pt_exams_math/27|g8,1
V4-Flash,Qwen3.5-9B,pt_exams_math,intermediate_error,Qwen3.5-9B|pt_exams_math|pt_exams_math/28|g1,1
V4-Flash,Qwen3.5-9B,pt_exams_math,intermediate_error,Qwen3.5-9B|pt_exams_math|pt_exams_math/3|g0,1
V4-Flash,Qwen3.5-9B,pt_exams_math,intermediate_error,Qwen3.5-9B|pt_exams_math|pt_exams_math/30|g11,1
V4-Flash,Qwen3.5-9B,pt_exams_math,intermediate_error,Qwen3.5-9B|pt_exams_math|pt_exams_math/31|g13,1
V4-Flash,Qwen3.5-9B,pt_exams_math,intermediate_error,Qwen3.5-9B|pt_exams_math|pt_exams_math/32|g13,1
V4-Flash,Qwen3.5-9B,pt_exams_math,intermediate_error,Qwen3.5-9B|pt_exams_math|pt_exams_math/35|g9,1
V4-Flash,Qwen3.5-9B,pt_exams_math,intermediate_error,Qwen3.5-9B|pt_exams_math|pt_exams_math/36|g7,1
V4-Flash,Qwen3.5-9B,pt_exams_math,intermediate_error,Qwen3.5-9B|pt_exams_math|pt_exams_math/44|g12,1
V4-Flash,Qwen3.5-9B,pt_exams_math,intermediate_error,Qwen3.5-9B|pt_exams_math|pt_exams_math/45|g15,1
V4-Flash,Qwen3.5-9B,pt_exams_math,intermediate_error,Qwen3.5-9B|pt_exams_math|pt_exams_math/47|g4,1
V4-Flash,Qwen3.5-9B,pt_exams_math,intermediate_error,Qwen3.5-9B|pt_exams_math|pt_exams_math/48|g11,1
V4-Flash,Qwen3.5-9B,pt_exams_math,intermediate_error,Qwen3.5-9B|pt_exams_math|pt_exams_math/5|g3,1
V4-Flash,Qwen3.5-9B,pt_exams_math,intermediate_error,Qwen3.5-9B|pt_exams_math|pt_exams_math/50|g14,1
V4-Flash,Qwen3.5-9B,pt_exams_math,intermediate_error,Qwen3.5-9B|pt_exams_math|pt_exams_math/52|g2,1
V4-Flash,Qwen3.5-9B,pt_exams_math,intermediate_error,Qwen3.5-9B|pt_exams_math|pt_exams_math/53|g2,1
V4-Flash,Qwen3.5-9B,pt_exams_math,intermediate_error,Qwen3.5-9B|pt_exams_math|pt_exams_math/54|g8,1
V4-Flash,Qwen3.5-9B,pt_exams_math,intermediate_error,Qwen3.5-9B|pt_exams_math|pt_exams_math/55|g3,1
V4-Flash,Qwen3.5-9B,pt_exams_math,intermediate_error,Qwen3.5-9B|pt_exams_math|pt_exams_math/56|g7,1
V4-Flash,Qwen3.5-9B,pt_exams_math,intermediate_error,Qwen3.5-9B|pt_exams_math|pt_exams_math/59|g4,1
V4-Flash,Qwen3.5-9B,pt_exams_math,intermediate_error,Qwen3.5-9B|pt_exams_math|pt_exams_math/60|g6,1
V4-Flash,Qwen3.5-9B,pt_exams_math,intermediate_error,Qwen3.5-9B|pt_exams_math|pt_exams_math/63|g10,1
V4-Flash,Qwen3.5-9B,pt_exams_math,intermediate_error,Qwen3.5-9B|pt_exams_math|pt_exams_math/65|g11,1
V4-Flash,Qwen3.5-9B,pt_exams_math,intermediate_error,Qwen3.5-9B|pt_exams_math|pt_exams_math/68|g4,1
V4-Flash,Qwen3.5-9B,pt_exams_math,intermediate_error,Qwen3.5-9B|pt_exams_math|pt_exams_math/69|g7,1
V4-Flash,Qwen3.5-9B,pt_exams_math,intermediate_error,Qwen3.5-9B|pt_exams_math|pt_exams_math/7|g11,1
V4-Flash,Qwen3.5-9B,pt_exams_math,intermediate_error,Qwen3.5-9B|pt_exams_math|pt_exams_math/71|g3,1
V4-Flash,Qwen3.5-9B,pt_exams_math,intermediate_error,Qwen3.5-9B|pt_exams_math|pt_exams_math/75|g7,1
V4-Flash,Qwen3.5-9B,pt_exams_math,intermediate_error,Qwen3.5-9B|pt_exams_math|pt_exams_math/77|g1,1
V4-Flash,Qwen3.5-9B,pt_exams_math,intermediate_error,Qwen3.5-9B|pt_exams_math|pt_exams_math/79|g8,1
V4-Flash,Qwen3.5-9B,pt_exams_math,intermediate_error,Qwen3.5-9B|pt_exams_math|pt_exams_math/86|g0,1
V4-Flash,Qwen3.5-9B,pt_exams_math,intermediate_error,Qwen3.5-9B|pt_exams_math|pt_exams_math/87|g8,1
V4-Flash,Qwen3.5-9B,pt_exams_math,intermediate_error,Qwen3.5-9B|pt_exams_math|pt_exams_math/88|g6,1
V4-Flash,Qwen3.5-9B,pt_exams_math,intermediate_error,Qwen3.5-9B|pt_exams_math|pt_exams_math/89|g10,1
V4-Flash,Qwen3.5-9B,pt_exams_math,intermediate_error,Qwen3.5-9B|pt_exams_math|pt_exams_math/9|g1,1
V4-Flash,Qwen3.5-9B,pt_exams_math,intermediate_error,Qwen3.5-9B|pt_exams_math|pt_exams_math/90|g10,1
V4-Flash,Qwen3.5-9B,pt_exams_math,intermediate_error,Qwen3.5-9B|pt_exams_math|pt_exams_math/97|g14,1
V4-Flash,Qwen3.5-9B,pt_exams_math,intermediate_error,Qwen3.5-9B|pt_exams_math|pt_exams_math/99|g9,1
V4-Flash,Qwen3.5-9B,pt_exams_math,truncated,Qwen3.5-9B|pt_exams_math|pt_exams_math/1|g12,1
V4-Flash,Qwen3.5-9B,pt_exams_math,truncated,Qwen3.5-9B|pt_exams_math|pt_exams_math/10|g14,1
V4-Flash,Qwen3.5-9B,pt_exams_math,truncated,Qwen3.5-9B|pt_exams_math|pt_exams_math/101|g11,1
V4-Flash,Qwen3.5-9B,pt_exams_math,truncated,Qwen3.5-9B|pt_exams_math|pt_exams_math/103|g1,1
V4-Flash,Qwen3.5-9B,pt_exams_math,truncated,Qwen3.5-9B|pt_exams_math|pt_exams_math/106|g14,1
V4-Flash,Qwen3.5-9B,pt_exams_math,truncated,Qwen3.5-9B|pt_exams_math|pt_exams_math/107|g0,1
V4-Flash,Qwen3.5-9B,pt_exams_math,truncated,Qwen3.5-9B|pt_exams_math|pt_exams_math/109|g2,1
V4-Flash,Qwen3.5-9B,pt_exams_math,truncated,Qwen3.5-9B|pt_exams_math|pt_exams_math/110|g12,1
V4-Flash,Qwen3.5-9B,pt_exams_math,truncated,Qwen3.5-9B|pt_exams_math|pt_exams_math/112|g7,1
V4-Flash,Qwen3.5-9B,pt_exams_math,truncated,Qwen3.5-9B|pt_exams_math|pt_exams_math/113|g14,1
V4-Flash,Qwen3.5-9B,pt_exams_math,truncated,Qwen3.5-9B|pt_exams_math|pt_exams_math/118|g11,1
V4-Flash,Qwen3.5-9B,pt_exams_math,truncated,Qwen3.5-9B|pt_exams_math|pt_exams_math/119|g12,1
V4-Flash,Qwen3.5-9B,pt_exams_math,truncated,Qwen3.5-9B|pt_exams_math|pt_exams_math/121|g14,1
V4-Flash,Qwen3.5-9B,pt_exams_math,truncated,Qwen3.5-9B|pt_exams_math|pt_exams_math/125|g6,1
V4-Flash,Qwen3.5-9B,pt_exams_math,truncated,Qwen3.5-9B|pt_exams_math|pt_exams_math/126|g13,1
V4-Flash,Qwen3.5-9B,pt_exams_math,truncated,Qwen3.5-9B|pt_exams_math|pt_exams_math/128|g12,1
V4-Flash,Qwen3.5-9B,pt_exams_math,truncated,Qwen3.5-9B|pt_exams_math|pt_exams_math/130|g13,1
V4-Flash,Qwen3.5-9B,pt_exams_math,truncated,Qwen3.5-9B|pt_exams_math|pt_exams_math/133|g6,1
V4-Flash,Qwen3.5-9B,pt_exams_math,truncated,Qwen3.5-9B|pt_exams_math|pt_exams_math/134|g5,1
V4-Flash,Qwen3.5-9B,pt_exams_math,truncated,Qwen3.5-9B|pt_exams_math|pt_exams_math/138|g6,1
V4-Flash,Qwen3.5-9B,pt_exams_math,truncated,Qwen3.5-9B|pt_exams_math|pt_exams_math/141|g2,1
V4-Flash,Qwen3.5-9B,pt_exams_math,truncated,Qwen3.5-9B|pt_exams_math|pt_exams_math/146|g8,1
V4-Flash,Qwen3.5-9B,pt_exams_math,truncated,Qwen3.5-9B|pt_exams_math|pt_exams_math/147|g1,1
V4-Flash,Qwen3.5-9B,pt_exams_math,truncated,Qwen3.5-9B|pt_exams_math|pt_exams_math/15|g12,1
V4-Flash,Qwen3.5-9B,pt_exams_math,truncated,Qwen3.5-9B|pt_exams_math|pt_exams_math/151|g8,1
V4-Flash,Qwen3.5-9B,pt_exams_math,truncated,Qwen3.5-9B|pt_exams_math|pt_exams_math/152|g2,1
V4-Flash,Qwen3.5-9B,pt_exams_math,truncated,Qwen3.5-9B|pt_exams_math|pt_exams_math/155|g15,1
V4-Flash,Qwen3.5-9B,pt_exams_math,truncated,Qwen3.5-9B|pt_exams_math|pt_exams_math/156|g15,1
V4-Flash,Qwen3.5-9B,pt_exams_math,truncated,Qwen3.5-9B|pt_exams_math|pt_exams_math/159|g8,1
V4-Flash,Qwen3.5-9B,pt_exams_math,truncated,Qwen3.5-9B|pt_exams_math|pt_exams_math/160|g1,1
V4-Flash,Qwen3.5-9B,pt_exams_math,truncated,Qwen3.5-9B|pt_exams_math|pt_exams_math/19|g0,1
V4-Flash,Qwen3.5-9B,pt_exams_math,truncated,Qwen3.5-9B|pt_exams_math|pt_exams_math/21|g8,1
V4-Flash,Qwen3.5-9B,pt_exams_math,truncated,Qwen3.5-9B|pt_exams_math|pt_exams_math/24|g14,1
V4-Flash,Qwen3.5-9B,pt_exams_math,truncated,Qwen3.5-9B|pt_exams_math|pt_exams_math/26|g10,1
V4-Flash,Qwen3.5-9B,pt_exams_math,truncated,Qwen3.5-9B|pt_exams_math|pt_exams_math/27|g8,1
V4-Flash,Qwen3.5-9B,pt_exams_math,truncated,Qwen3.5-9B|pt_exams_math|pt_exams_math/28|g1,1
V4-Flash,Qwen3.5-9B,pt_exams_math,truncated,Qwen3.5-9B|pt_exams_math|pt_exams_math/3|g0,1
V4-Flash,Qwen3.5-9B,pt_exams_math,truncated,Qwen3.5-9B|pt_exams_math|pt_exams_math/30|g11,1
V4-Flash,Qwen3.5-9B,pt_exams_math,truncated,Qwen3.5-9B|pt_exams_math|pt_exams_math/31|g13,1
V4-Flash,Qwen3.5-9B,pt_exams_math,truncated,Qwen3.5-9B|pt_exams_math|pt_exams_math/32|g13,1
V4-Flash,Qwen3.5-9B,pt_exams_math,truncated,Qwen3.5-9B|pt_exams_math|pt_exams_math/35|g9,1
V4-Flash,Qwen3.5-9B,pt_exams_math,truncated,Qwen3.5-9B|pt_exams_math|pt_exams_math/36|g7,1
V4-Flash,Qwen3.5-9B,pt_exams_math,truncated,Qwen3.5-9B|pt_exams_math|pt_exams_math/44|g12,1
V4-Flash,Qwen3.5-9B,pt_exams_math,truncated,Qwen3.5-9B|pt_exams_math|pt_exams_math/45|g15,1
V4-Flash,Qwen3.5-9B,pt_exams_math,truncated,Qwen3.5-9B|pt_exams_math|pt_exams_math/47|g4,1
V4-Flash,Qwen3.5-9B,pt_exams_math,truncated,Qwen3.5-9B|pt_exams_math|pt_exams_math/48|g11,1
V4-Flash,Qwen3.5-9B,pt_exams_math,truncated,Qwen3.5-9B|pt_exams_math|pt_exams_math/5|g3,1
V4-Flash,Qwen3.5-9B,pt_exams_math,truncated,Qwen3.5-9B|pt_exams_math|pt_exams_math/50|g14,1
V4-Flash,Qwen3.5-9B,pt_exams_math,truncated,Qwen3.5-9B|pt_exams_math|pt_exams_math/52|g2,1
V4-Flash,Qwen3.5-9B,pt_exams_math,truncated,Qwen3.5-9B|pt_exams_math|pt_exams_math/53|g2,1
V4-Flash,Qwen3.5-9B,pt_exams_math,truncated,Qwen3.5-9B|pt_exams_math|pt_exams_math/54|g8,1
V4-Flash,Qwen3.5-9B,pt_exams_math,truncated,Qwen3.5-9B|pt_exams_math|pt_exams_math/55|g3,1
V4-Flash,Qwen3.5-9B,pt_exams_math,truncated,Qwen3.5-9B|pt_exams_math|pt_exams_math/56|g7,1
V4-Flash,Qwen3.5-9B,pt_exams_math,truncated,Qwen3.5-9B|pt_exams_math|pt_exams_math/59|g4,1
V4-Flash,Qwen3.5-9B,pt_exams_math,truncated,Qwen3.5-9B|pt_exams_math|pt_exams_math/60|g6,1
V4-Flash,Qwen3.5-9B,pt_exams_math,truncated,Qwen3.5-9B|pt_exams_math|pt_exams_math/63|g10,1
V4-Flash,Qwen3.5-9B,pt_exams_math,truncated,Qwen3.5-9B|pt_exams_math|pt_exams_math/65|g11,1
V4-Flash,Qwen3.5-9B,pt_exams_math,truncated,Qwen3.5-9B|pt_exams_math|pt_exams_math/68|g4,1
V4-Flash,Qwen3.5-9B,pt_exams_math,truncated,Qwen3.5-9B|pt_exams_math|pt_exams_math/69|g7,1
V4-Flash,Qwen3.5-9B,pt_exams_math,truncated,Qwen3.5-9B|pt_exams_math|pt_exams_math/7|g11,1
V4-Flash,Qwen3.5-9B,pt_exams_math,truncated,Qwen3.5-9B|pt_exams_math|pt_exams_math/71|g3,1
V4-Flash,Qwen3.5-9B,pt_exams_math,truncated,Qwen3.5-9B|pt_exams_math|pt_exams_math/75|g7,1
V4-Flash,Qwen3.5-9B,pt_exams_math,truncated,Qwen3.5-9B|pt_exams_math|pt_exams_math/77|g1,1
V4-Flash,Qwen3.5-9B,pt_exams_math,truncated,Qwen3.5-9B|pt_exams_math|pt_exams_math/79|g8,1
V4-Flash,Qwen3.5-9B,pt_exams_math,truncated,Qwen3.5-9B|pt_exams_math|pt_exams_math/86|g0,1
V4-Flash,Qwen3.5-9B,pt_exams_math,truncated,Qwen3.5-9B|pt_exams_math|pt_exams_math/87|g8,1
V4-Flash,Qwen3.5-9B,pt_exams_math,truncated,Qwen3.5-9B|pt_exams_math|pt_exams_math/88|g6,1
V4-Flash,Qwen3.5-9B,pt_exams_math,truncated,Qwen3.5-9B|pt_exams_math|pt_exams_math/89|g10,1
V4-Flash,Qwen3.5-9B,pt_exams_math,truncated,Qwen3.5-9B|pt_exams_math|pt_exams_math/9|g1,1
V4-Flash,Qwen3.5-9B,pt_exams_math,truncated,Qwen3.5-9B|pt_exams_math|pt_exams_math/90|g10,1
V4-Flash,Qwen3.5-9B,pt_exams_math,truncated,Qwen3.5-9B|pt_exams_math|pt_exams_math/97|g14,1
V4-Flash,Qwen3.5-9B,pt_exams_math,truncated,Qwen3.5-9B|pt_exams_math|pt_exams_math/99|g9,1
V4-Flash,Qwen3.5-9B,tubitak_math2026,boxed_only,Qwen3.5-9B|tubitak_math2026|tubitak_math2026/1|g41,0
V4-Flash,Qwen3.5-9B,tubitak_math2026,boxed_only,Qwen3.5-9B|tubitak_math2026|tubitak_math2026/1|g48,0
V4-Flash,Qwen3.5-9B,tubitak_math2026,boxed_only,Qwen3.5-9B|tubitak_math2026|tubitak_math2026/1|g55,1
V4-Flash,Qwen3.5-9B,tubitak_math2026,boxed_only,Qwen3.5-9B|tubitak_math2026|tubitak_math2026/1|g7,1
V4-Flash,Qwen3.5-9B,tubitak_math2026,boxed_only,Qwen3.5-9B|tubitak_math2026|tubitak_math2026/1|g9,1
V4-Flash,Qwen3.5-9B,tubitak_math2026,boxed_only,Qwen3.5-9B|tubitak_math2026|tubitak_math2026/11|g19,0
V4-Flash,Qwen3.5-9B,tubitak_math2026,boxed_only,Qwen3.5-9B|tubitak_math2026|tubitak_math2026/11|g21,0
V4-Flash,Qwen3.5-9B,tubitak_math2026,boxed_only,Qwen3.5-9B|tubitak_math2026|tubitak_math2026/11|g40,0
V4-Flash,Qwen3.5-9B,tubitak_math2026,boxed_only,Qwen3.5-9B|tubitak_math2026|tubitak_math2026/11|g9,0
V4-Flash,Qwen3.5-9B,tubitak_math2026,boxed_only,Qwen3.5-9B|tubitak_math2026|tubitak_math2026/12|g20,0
V4-Flash,Qwen3.5-9B,tubitak_math2026,boxed_only,Qwen3.5-9B|tubitak_math2026|tubitak_math2026/12|g36,0
V4-Flash,Qwen3.5-9B,tubitak_math2026,boxed_only,Qwen3.5-9B|tubitak_math2026|tubitak_math2026/12|g46,0
V4-Flash,Qwen3.5-9B,tubitak_math2026,boxed_only,Qwen3.5-9B|tubitak_math2026|tubitak_math2026/12|g48,0
V4-Flash,Qwen3.5-9B,tubitak_math2026,boxed_only,Qwen3.5-9B|tubitak_math2026|tubitak_math2026/12|g49,0
V4-Flash,Qwen3.5-9B,tubitak_math2026,boxed_only,Qwen3.5-9B|tubitak_math2026|tubitak_math2026/13|g24,0
V4-Flash,Qwen3.5-9B,tubitak_math2026,boxed_only,Qwen3.5-9B|tubitak_math2026|tubitak_math2026/13|g26,0
V4-Flash,Qwen3.5-9B,tubitak_math2026,boxed_only,Qwen3.5-9B|tubitak_math2026|tubitak_math2026/13|g38,1
V4-Flash,Qwen3.5-9B,tubitak_math2026,boxed_only,Qwen3.5-9B|tubitak_math2026|tubitak_math2026/13|g41,0
V4-Flash,Qwen3.5-9B,tubitak_math2026,boxed_only,Qwen3.5-9B|tubitak_math2026|tubitak_math2026/13|g48,0
V4-Flash,Qwen3.5-9B,tubitak_math2026,boxed_only,Qwen3.5-9B|tubitak_math2026|tubitak_math2026/15|g1,0
V4-Flash,Qwen3.5-9B,tubitak_math2026,boxed_only,Qwen3.5-9B|tubitak_math2026|tubitak_math2026/15|g31,0
V4-Flash,Qwen3.5-9B,tubitak_math2026,boxed_only,Qwen3.5-9B|tubitak_math2026|tubitak_math2026/15|g32,0
V4-Flash,Qwen3.5-9B,tubitak_math2026,boxed_only,Qwen3.5-9B|tubitak_math2026|tubitak_math2026/15|g43,0
V4-Flash,Qwen3.5-9B,tubitak_math2026,boxed_only,Qwen3.5-9B|tubitak_math2026|tubitak_math2026/15|g49,0
V4-Flash,Qwen3.5-9B,tubitak_math2026,boxed_only,Qwen3.5-9B|tubitak_math2026|tubitak_math2026/16|g11,0
V4-Flash,Qwen3.5-9B,tubitak_math2026,boxed_only,Qwen3.5-9B|tubitak_math2026|tubitak_math2026/16|g25,0
V4-Flash,Qwen3.5-9B,tubitak_math2026,boxed_only,Qwen3.5-9B|tubitak_math2026|tubitak_math2026/16|g26,0
V4-Flash,Qwen3.5-9B,tubitak_math2026,boxed_only,Qwen3.5-9B|tubitak_math2026|tubitak_math2026/16|g47,0
V4-Flash,Qwen3.5-9B,tubitak_math2026,boxed_only,Qwen3.5-9B|tubitak_math2026|tubitak_math2026/16|g59,0
V4-Flash,Qwen3.5-9B,tubitak_math2026,boxed_only,Qwen3.5-9B|tubitak_math2026|tubitak_math2026/17|g16,0
V4-Flash,Qwen3.5-9B,tubitak_math2026,boxed_only,Qwen3.5-9B|tubitak_math2026|tubitak_math2026/17|g20,0
V4-Flash,Qwen3.5-9B,tubitak_math2026,boxed_only,Qwen3.5-9B|tubitak_math2026|tubitak_math2026/17|g39,1
V4-Flash,Qwen3.5-9B,tubitak_math2026,boxed_only,Qwen3.5-9B|tubitak_math2026|tubitak_math2026/17|g44,0
V4-Flash,Qwen3.5-9B,tubitak_math2026,boxed_only,Qwen3.5-9B|tubitak_math2026|tubitak_math2026/17|g7,0
V4-Flash,Qwen3.5-9B,tubitak_math2026,boxed_only,Qwen3.5-9B|tubitak_math2026|tubitak_math2026/20|g32,0
V4-Flash,Qwen3.5-9B,tubitak_math2026,boxed_only,Qwen3.5-9B|tubitak_math2026|tubitak_math2026/20|g37,0
V4-Flash,Qwen3.5-9B,tubitak_math2026,boxed_only,Qwen3.5-9B|tubitak_math2026|tubitak_math2026/20|g42,0
V4-Flash,Qwen3.5-9B,tubitak_math2026,boxed_only,Qwen3.5-9B|tubitak_math2026|tubitak_math2026/20|g53,0
V4-Flash,Qwen3.5-9B,tubitak_math2026,boxed_only,Qwen3.5-9B|tubitak_math2026|tubitak_math2026/20|g54,0
V4-Flash,Qwen3.5-9B,tubitak_math2026,boxed_only,Qwen3.5-9B|tubitak_math2026|tubitak_math2026/20|g8,0
V4-Flash,Qwen3.5-9B,tubitak_math2026,boxed_only,Qwen3.5-9B|tubitak_math2026|tubitak_math2026/21|g20,1
V4-Flash,Qwen3.5-9B,tubitak_math2026,boxed_only,Qwen3.5-9B|tubitak_math2026|tubitak_math2026/21|g3,1
V4-Flash,Qwen3.5-9B,tubitak_math2026,boxed_only,Qwen3.5-9B|tubitak_math2026|tubitak_math2026/21|g44,0
V4-Flash,Qwen3.5-9B,tubitak_math2026,boxed_only,Qwen3.5-9B|tubitak_math2026|tubitak_math2026/21|g56,1
V4-Flash,Qwen3.5-9B,tubitak_math2026,boxed_only,Qwen3.5-9B|tubitak_math2026|tubitak_math2026/28|g3,0
V4-Flash,Qwen3.5-9B,tubitak_math2026,boxed_only,Qwen3.5-9B|tubitak_math2026|tubitak_math2026/28|g34,0
V4-Flash,Qwen3.5-9B,tubitak_math2026,boxed_only,Qwen3.5-9B|tubitak_math2026|tubitak_math2026/28|g39,0
V4-Flash,Qwen3.5-9B,tubitak_math2026,boxed_only,Qwen3.5-9B|tubitak_math2026|tubitak_math2026/28|g49,0
V4-Flash,Qwen3.5-9B,tubitak_math2026,boxed_only,Qwen3.5-9B|tubitak_math2026|tubitak_math2026/28|g58,0
V4-Flash,Qwen3.5-9B,tubitak_math2026,boxed_only,Qwen3.5-9B|tubitak_math2026|tubitak_math2026/29|g17,1
V4-Flash,Qwen3.5-9B,tubitak_math2026,boxed_only,Qwen3.5-9B|tubitak_math2026|tubitak_math2026/30|g0,0
V4-Flash,Qwen3.5-9B,tubitak_math2026,boxed_only,Qwen3.5-9B|tubitak_math2026|tubitak_math2026/30|g27,0
V4-Flash,Qwen3.5-9B,tubitak_math2026,boxed_only,Qwen3.5-9B|tubitak_math2026|tubitak_math2026/30|g30,0
V4-Flash,Qwen3.5-9B,tubitak_math2026,boxed_only,Qwen3.5-9B|tubitak_math2026|tubitak_math2026/30|g53,0
V4-Flash,Qwen3.5-9B,tubitak_math2026,boxed_only,Qwen3.5-9B|tubitak_math2026|tubitak_math2026/31|g21,0
V4-Flash,Qwen3.5-9B,tubitak_math2026,boxed_only,Qwen3.5-9B|tubitak_math2026|tubitak_math2026/31|g23,0
V4-Flash,Qwen3.5-9B,tubitak_math2026,boxed_only,Qwen3.5-9B|tubitak_math2026|tubitak_math2026/31|g49,0
V4-Flash,Qwen3.5-9B,tubitak_math2026,boxed_only,Qwen3.5-9B|tubitak_math2026|tubitak_math2026/31|g53,1
V4-Flash,Qwen3.5-9B,tubitak_math2026,boxed_only,Qwen3.5-9B|tubitak_math2026|tubitak_math2026/31|g56,1
V4-Flash,Qwen3.5-9B,tubitak_math2026,boxed_only,Qwen3.5-9B|tubitak_math2026|tubitak_math2026/4|g23,0
V4-Flash,Qwen3.5-9B,tubitak_math2026,boxed_only,Qwen3.5-9B|tubitak_math2026|tubitak_math2026/4|g28,0
V4-Flash,Qwen3.5-9B,tubitak_math2026,boxed_only,Qwen3.5-9B|tubitak_math2026|tubitak_math2026/4|g55,0
V4-Flash,Qwen3.5-9B,tubitak_math2026,boxed_only,Qwen3.5-9B|tubitak_math2026|tubitak_math2026/4|g6,0
V4-Flash,Qwen3.5-9B,tubitak_math2026,boxed_only,Qwen3.5-9B|tubitak_math2026|tubitak_math2026/5|g35,0
V4-Flash,Qwen3.5-9B,tubitak_math2026,boxed_only,Qwen3.5-9B|tubitak_math2026|tubitak_math2026/5|g53,0
V4-Flash,Qwen3.5-9B,tubitak_math2026,boxed_only,Qwen3.5-9B|tubitak_math2026|tubitak_math2026/5|g54,0
V4-Flash,Qwen3.5-9B,tubitak_math2026,boxed_only,Qwen3.5-9B|tubitak_math2026|tubitak_math2026/5|g8,0
V4-Flash,Qwen3.5-9B,tubitak_math2026,boxed_only,Qwen3.5-9B|tubitak_math2026|tubitak_math2026/9|g15,1
V4-Flash,Qwen3.5-9B,tubitak_math2026,boxed_only,Qwen3.5-9B|tubitak_math2026|tubitak_math2026/9|g44,1
V4-Flash,Qwen3.5-9B,tubitak_math2026,boxed_only,Qwen3.5-9B|tubitak_math2026|tubitak_math2026/9|g55,0
V4-Flash,Qwen3.5-9B,tubitak_math2026,boxed_only,Qwen3.5-9B|tubitak_math2026|tubitak_math2026/9|g60,1
V4-Flash,Qwen3.5-9B,tubitak_math2026,boxed_only,Qwen3.5-9B|tubitak_math2026|tubitak_math2026/9|g62,1
V4-Flash,Qwen3.5-9B,tubitak_math2026,clean,Qwen3.5-9B|tubitak_math2026|tubitak_math2026/1|g41,1
V4-Flash,Qwen3.5-9B,tubitak_math2026,clean,Qwen3.5-9B|tubitak_math2026|tubitak_math2026/1|g48,1
V4-Flash,Qwen3.5-9B,tubitak_math2026,clean,Qwen3.5-9B|tubitak_math2026|tubitak_math2026/1|g55,1
V4-Flash,Qwen3.5-9B,tubitak_math2026,clean,Qwen3.5-9B|tubitak_math2026|tubitak_math2026/1|g7,1
V4-Flash,Qwen3.5-9B,tubitak_math2026,clean,Qwen3.5-9B|tubitak_math2026|tubitak_math2026/1|g9,1
V4-Flash,Qwen3.5-9B,tubitak_math2026,clean,Qwen3.5-9B|tubitak_math2026|tubitak_math2026/11|g19,1
V4-Flash,Qwen3.5-9B,tubitak_math2026,clean,Qwen3.5-9B|tubitak_math2026|tubitak_math2026/11|g21,1
V4-Flash,Qwen3.5-9B,tubitak_math2026,clean,Qwen3.5-9B|tubitak_math2026|tubitak_math2026/11|g40,1
V4-Flash,Qwen3.5-9B,tubitak_math2026,clean,Qwen3.5-9B|tubitak_math2026|tubitak_math2026/11|g9,1
V4-Flash,Qwen3.5-9B,tubitak_math2026,clean,Qwen3.5-9B|tubitak_math2026|tubitak_math2026/12|g20,1
V4-Flash,Qwen3.5-9B,tubitak_math2026,clean,Qwen3.5-9B|tubitak_math2026|tubitak_math2026/12|g36,1
V4-Flash,Qwen3.5-9B,tubitak_math2026,clean,Qwen3.5-9B|tubitak_math2026|tubitak_math2026/12|g46,1
V4-Flash,Qwen3.5-9B,tubitak_math2026,clean,Qwen3.5-9B|tubitak_math2026|tubitak_math2026/12|g48,1
V4-Flash,Qwen3.5-9B,tubitak_math2026,clean,Qwen3.5-9B|tubitak_math2026|tubitak_math2026/12|g49,1
V4-Flash,Qwen3.5-9B,tubitak_math2026,clean,Qwen3.5-9B|tubitak_math2026|tubitak_math2026/13|g24,1
V4-Flash,Qwen3.5-9B,tubitak_math2026,clean,Qwen3.5-9B|tubitak_math2026|tubitak_math2026/13|g26,1
V4-Flash,Qwen3.5-9B,tubitak_math2026,clean,Qwen3.5-9B|tubitak_math2026|tubitak_math2026/13|g38,1
V4-Flash,Qwen3.5-9B,tubitak_math2026,clean,Qwen3.5-9B|tubitak_math2026|tubitak_math2026/13|g41,1
V4-Flash,Qwen3.5-9B,tubitak_math2026,clean,Qwen3.5-9B|tubitak_math2026|tubitak_math2026/13|g48,1
V4-Flash,Qwen3.5-9B,tubitak_math2026,clean,Qwen3.5-9B|tubitak_math2026|tubitak_math2026/15|g1,1
V4-Flash,Qwen3.5-9B,tubitak_math2026,clean,Qwen3.5-9B|tubitak_math2026|tubitak_math2026/15|g31,1
V4-Flash,Qwen3.5-9B,tubitak_math2026,clean,Qwen3.5-9B|tubitak_math2026|tubitak_math2026/15|g32,1
V4-Flash,Qwen3.5-9B,tubitak_math2026,clean,Qwen3.5-9B|tubitak_math2026|tubitak_math2026/15|g43,1
V4-Flash,Qwen3.5-9B,tubitak_math2026,clean,Qwen3.5-9B|tubitak_math2026|tubitak_math2026/15|g49,1
V4-Flash,Qwen3.5-9B,tubitak_math2026,clean,Qwen3.5-9B|tubitak_math2026|tubitak_math2026/16|g11,0
V4-Flash,Qwen3.5-9B,tubitak_math2026,clean,Qwen3.5-9B|tubitak_math2026|tubitak_math2026/16|g25,0
V4-Flash,Qwen3.5-9B,tubitak_math2026,clean,Qwen3.5-9B|tubitak_math2026|tubitak_math2026/16|g26,0
V4-Flash,Qwen3.5-9B,tubitak_math2026,clean,Qwen3.5-9B|tubitak_math2026|tubitak_math2026/16|g47,0
V4-Flash,Qwen3.5-9B,tubitak_math2026,clean,Qwen3.5-9B|tubitak_math2026|tubitak_math2026/16|g59,1
V4-Flash,Qwen3.5-9B,tubitak_math2026,clean,Qwen3.5-9B|tubitak_math2026|tubitak_math2026/17|g16,1
V4-Flash,Qwen3.5-9B,tubitak_math2026,clean,Qwen3.5-9B|tubitak_math2026|tubitak_math2026/17|g20,0
V4-Flash,Qwen3.5-9B,tubitak_math2026,clean,Qwen3.5-9B|tubitak_math2026|tubitak_math2026/17|g39,1
V4-Flash,Qwen3.5-9B,tubitak_math2026,clean,Qwen3.5-9B|tubitak_math2026|tubitak_math2026/17|g44,1
V4-Flash,Qwen3.5-9B,tubitak_math2026,clean,Qwen3.5-9B|tubitak_math2026|tubitak_math2026/17|g7,1
V4-Flash,Qwen3.5-9B,tubitak_math2026,clean,Qwen3.5-9B|tubitak_math2026|tubitak_math2026/20|g32,1
V4-Flash,Qwen3.5-9B,tubitak_math2026,clean,Qwen3.5-9B|tubitak_math2026|tubitak_math2026/20|g37,1
V4-Flash,Qwen3.5-9B,tubitak_math2026,clean,Qwen3.5-9B|tubitak_math2026|tubitak_math2026/20|g42,1
V4-Flash,Qwen3.5-9B,tubitak_math2026,clean,Qwen3.5-9B|tubitak_math2026|tubitak_math2026/20|g53,1
V4-Flash,Qwen3.5-9B,tubitak_math2026,clean,Qwen3.5-9B|tubitak_math2026|tubitak_math2026/20|g54,1
V4-Flash,Qwen3.5-9B,tubitak_math2026,clean,Qwen3.5-9B|tubitak_math2026|tubitak_math2026/20|g8,1
V4-Flash,Qwen3.5-9B,tubitak_math2026,clean,Qwen3.5-9B|tubitak_math2026|tubitak_math2026/21|g20,1
V4-Flash,Qwen3.5-9B,tubitak_math2026,clean,Qwen3.5-9B|tubitak_math2026|tubitak_math2026/21|g3,0
V4-Flash,Qwen3.5-9B,tubitak_math2026,clean,Qwen3.5-9B|tubitak_math2026|tubitak_math2026/21|g44,1
V4-Flash,Qwen3.5-9B,tubitak_math2026,clean,Qwen3.5-9B|tubitak_math2026|tubitak_math2026/21|g56,0
V4-Flash,Qwen3.5-9B,tubitak_math2026,clean,Qwen3.5-9B|tubitak_math2026|tubitak_math2026/28|g3,0
V4-Flash,Qwen3.5-9B,tubitak_math2026,clean,Qwen3.5-9B|tubitak_math2026|tubitak_math2026/28|g34,0
V4-Flash,Qwen3.5-9B,tubitak_math2026,clean,Qwen3.5-9B|tubitak_math2026|tubitak_math2026/28|g39,0
V4-Flash,Qwen3.5-9B,tubitak_math2026,clean,Qwen3.5-9B|tubitak_math2026|tubitak_math2026/28|g49,0
V4-Flash,Qwen3.5-9B,tubitak_math2026,clean,Qwen3.5-9B|tubitak_math2026|tubitak_math2026/28|g58,0
V4-Flash,Qwen3.5-9B,tubitak_math2026,clean,Qwen3.5-9B|tubitak_math2026|tubitak_math2026/29|g17,1
V4-Flash,Qwen3.5-9B,tubitak_math2026,clean,Qwen3.5-9B|tubitak_math2026|tubitak_math2026/30|g0,0
V4-Flash,Qwen3.5-9B,tubitak_math2026,clean,Qwen3.5-9B|tubitak_math2026|tubitak_math2026/30|g27,1
V4-Flash,Qwen3.5-9B,tubitak_math2026,clean,Qwen3.5-9B|tubitak_math2026|tubitak_math2026/30|g30,1
V4-Flash,Qwen3.5-9B,tubitak_math2026,clean,Qwen3.5-9B|tubitak_math2026|tubitak_math2026/30|g53,1
V4-Flash,Qwen3.5-9B,tubitak_math2026,clean,Qwen3.5-9B|tubitak_math2026|tubitak_math2026/31|g21,1
V4-Flash,Qwen3.5-9B,tubitak_math2026,clean,Qwen3.5-9B|tubitak_math2026|tubitak_math2026/31|g23,1
V4-Flash,Qwen3.5-9B,tubitak_math2026,clean,Qwen3.5-9B|tubitak_math2026|tubitak_math2026/31|g49,1
V4-Flash,Qwen3.5-9B,tubitak_math2026,clean,Qwen3.5-9B|tubitak_math2026|tubitak_math2026/31|g53,1
V4-Flash,Qwen3.5-9B,tubitak_math2026,clean,Qwen3.5-9B|tubitak_math2026|tubitak_math2026/31|g56,1
V4-Flash,Qwen3.5-9B,tubitak_math2026,clean,Qwen3.5-9B|tubitak_math2026|tubitak_math2026/4|g23,1
V4-Flash,Qwen3.5-9B,tubitak_math2026,clean,Qwen3.5-9B|tubitak_math2026|tubitak_math2026/4|g28,1
V4-Flash,Qwen3.5-9B,tubitak_math2026,clean,Qwen3.5-9B|tubitak_math2026|tubitak_math2026/4|g55,1
V4-Flash,Qwen3.5-9B,tubitak_math2026,clean,Qwen3.5-9B|tubitak_math2026|tubitak_math2026/4|g6,1
V4-Flash,Qwen3.5-9B,tubitak_math2026,clean,Qwen3.5-9B|tubitak_math2026|tubitak_math2026/5|g35,1
V4-Flash,Qwen3.5-9B,tubitak_math2026,clean,Qwen3.5-9B|tubitak_math2026|tubitak_math2026/5|g53,1
V4-Flash,Qwen3.5-9B,tubitak_math2026,clean,Qwen3.5-9B|tubitak_math2026|tubitak_math2026/5|g54,1
V4-Flash,Qwen3.5-9B,tubitak_math2026,clean,Qwen3.5-9B|tubitak_math2026|tubitak_math2026/5|g8,1
V4-Flash,Qwen3.5-9B,tubitak_math2026,clean,Qwen3.5-9B|tubitak_math2026|tubitak_math2026/9|g15,1
V4-Flash,Qwen3.5-9B,tubitak_math2026,clean,Qwen3.5-9B|tubitak_math2026|tubitak_math2026/9|g44,1
V4-Flash,Qwen3.5-9B,tubitak_math2026,clean,Qwen3.5-9B|tubitak_math2026|tubitak_math2026/9|g55,1
V4-Flash,Qwen3.5-9B,tubitak_math2026,clean,Qwen3.5-9B|tubitak_math2026|tubitak_math2026/9|g60,1
V4-Flash,Qwen3.5-9B,tubitak_math2026,clean,Qwen3.5-9B|tubitak_math2026|tubitak_math2026/9|g62,1
V4-Flash,Qwen3.5-9B,tubitak_math2026,consistent_error,Qwen3.5-9B|tubitak_math2026|tubitak_math2026/1|g41,0
V4-Flash,Qwen3.5-9B,tubitak_math2026,consistent_error,Qwen3.5-9B|tubitak_math2026|tubitak_math2026/1|g48,0
V4-Flash,Qwen3.5-9B,tubitak_math2026,consistent_error,Qwen3.5-9B|tubitak_math2026|tubitak_math2026/1|g55,1
V4-Flash,Qwen3.5-9B,tubitak_math2026,consistent_error,Qwen3.5-9B|tubitak_math2026|tubitak_math2026/1|g7,1
V4-Flash,Qwen3.5-9B,tubitak_math2026,consistent_error,Qwen3.5-9B|tubitak_math2026|tubitak_math2026/1|g9,0
V4-Flash,Qwen3.5-9B,tubitak_math2026,consistent_error,Qwen3.5-9B|tubitak_math2026|tubitak_math2026/11|g19,0
V4-Flash,Qwen3.5-9B,tubitak_math2026,consistent_error,Qwen3.5-9B|tubitak_math2026|tubitak_math2026/11|g21,0
V4-Flash,Qwen3.5-9B,tubitak_math2026,consistent_error,Qwen3.5-9B|tubitak_math2026|tubitak_math2026/11|g40,0
V4-Flash,Qwen3.5-9B,tubitak_math2026,consistent_error,Qwen3.5-9B|tubitak_math2026|tubitak_math2026/11|g9,0
V4-Flash,Qwen3.5-9B,tubitak_math2026,consistent_error,Qwen3.5-9B|tubitak_math2026|tubitak_math2026/12|g20,0
V4-Flash,Qwen3.5-9B,tubitak_math2026,consistent_error,Qwen3.5-9B|tubitak_math2026|tubitak_math2026/12|g36,1
V4-Flash,Qwen3.5-9B,tubitak_math2026,consistent_error,Qwen3.5-9B|tubitak_math2026|tubitak_math2026/12|g46,0
V4-Flash,Qwen3.5-9B,tubitak_math2026,consistent_error,Qwen3.5-9B|tubitak_math2026|tubitak_math2026/12|g48,1
V4-Flash,Qwen3.5-9B,tubitak_math2026,consistent_error,Qwen3.5-9B|tubitak_math2026|tubitak_math2026/12|g49,0
V4-Flash,Qwen3.5-9B,tubitak_math2026,consistent_error,Qwen3.5-9B|tubitak_math2026|tubitak_math2026/13|g24,1
V4-Flash,Qwen3.5-9B,tubitak_math2026,consistent_error,Qwen3.5-9B|tubitak_math2026|tubitak_math2026/13|g26,0
V4-Flash,Qwen3.5-9B,tubitak_math2026,consistent_error,Qwen3.5-9B|tubitak_math2026|tubitak_math2026/13|g38,0
V4-Flash,Qwen3.5-9B,tubitak_math2026,consistent_error,Qwen3.5-9B|tubitak_math2026|tubitak_math2026/13|g41,0
V4-Flash,Qwen3.5-9B,tubitak_math2026,consistent_error,Qwen3.5-9B|tubitak_math2026|tubitak_math2026/13|g48,0
V4-Flash,Qwen3.5-9B,tubitak_math2026,consistent_error,Qwen3.5-9B|tubitak_math2026|tubitak_math2026/15|g1,0
V4-Flash,Qwen3.5-9B,tubitak_math2026,consistent_error,Qwen3.5-9B|tubitak_math2026|tubitak_math2026/15|g31,0
V4-Flash,Qwen3.5-9B,tubitak_math2026,consistent_error,Qwen3.5-9B|tubitak_math2026|tubitak_math2026/15|g32,0
V4-Flash,Qwen3.5-9B,tubitak_math2026,consistent_error,Qwen3.5-9B|tubitak_math2026|tubitak_math2026/15|g43,0
V4-Flash,Qwen3.5-9B,tubitak_math2026,consistent_error,Qwen3.5-9B|tubitak_math2026|tubitak_math2026/15|g49,0
V4-Flash,Qwen3.5-9B,tubitak_math2026,consistent_error,Qwen3.5-9B|tubitak_math2026|tubitak_math2026/16|g11,0
V4-Flash,Qwen3.5-9B,tubitak_math2026,consistent_error,Qwen3.5-9B|tubitak_math2026|tubitak_math2026/16|g25,0
V4-Flash,Qwen3.5-9B,tubitak_math2026,consistent_error,Qwen3.5-9B|tubitak_math2026|tubitak_math2026/16|g26,0
V4-Flash,Qwen3.5-9B,tubitak_math2026,consistent_error,Qwen3.5-9B|tubitak_math2026|tubitak_math2026/16|g47,0
V4-Flash,Qwen3.5-9B,tubitak_math2026,consistent_error,Qwen3.5-9B|tubitak_math2026|tubitak_math2026/16|g59,0
V4-Flash,Qwen3.5-9B,tubitak_math2026,consistent_error,Qwen3.5-9B|tubitak_math2026|tubitak_math2026/17|g16,0
V4-Flash,Qwen3.5-9B,tubitak_math2026,consistent_error,Qwen3.5-9B|tubitak_math2026|tubitak_math2026/17|g20,0
V4-Flash,Qwen3.5-9B,tubitak_math2026,consistent_error,Qwen3.5-9B|tubitak_math2026|tubitak_math2026/17|g39,0
V4-Flash,Qwen3.5-9B,tubitak_math2026,consistent_error,Qwen3.5-9B|tubitak_math2026|tubitak_math2026/17|g44,0
V4-Flash,Qwen3.5-9B,tubitak_math2026,consistent_error,Qwen3.5-9B|tubitak_math2026|tubitak_math2026/17|g7,0
V4-Flash,Qwen3.5-9B,tubitak_math2026,consistent_error,Qwen3.5-9B|tubitak_math2026|tubitak_math2026/20|g32,0
V4-Flash,Qwen3.5-9B,tubitak_math2026,consistent_error,Qwen3.5-9B|tubitak_math2026|tubitak_math2026/20|g37,0
V4-Flash,Qwen3.5-9B,tubitak_math2026,consistent_error,Qwen3.5-9B|tubitak_math2026|tubitak_math2026/20|g42,1
V4-Flash,Qwen3.5-9B,tubitak_math2026,consistent_error,Qwen3.5-9B|tubitak_math2026|tubitak_math2026/20|g53,0
V4-Flash,Qwen3.5-9B,tubitak_math2026,consistent_error,Qwen3.5-9B|tubitak_math2026|tubitak_math2026/20|g54,1
V4-Flash,Qwen3.5-9B,tubitak_math2026,consistent_error,Qwen3.5-9B|tubitak_math2026|tubitak_math2026/20|g8,0
V4-Flash,Qwen3.5-9B,tubitak_math2026,consistent_error,Qwen3.5-9B|tubitak_math2026|tubitak_math2026/21|g20,0
V4-Flash,Qwen3.5-9B,tubitak_math2026,consistent_error,Qwen3.5-9B|tubitak_math2026|tubitak_math2026/21|g3,0
V4-Flash,Qwen3.5-9B,tubitak_math2026,consistent_error,Qwen3.5-9B|tubitak_math2026|tubitak_math2026/21|g44,0
V4-Flash,Qwen3.5-9B,tubitak_math2026,consistent_error,Qwen3.5-9B|tubitak_math2026|tubitak_math2026/21|g56,0
V4-Flash,Qwen3.5-9B,tubitak_math2026,consistent_error,Qwen3.5-9B|tubitak_math2026|tubitak_math2026/28|g3,0
V4-Flash,Qwen3.5-9B,tubitak_math2026,consistent_error,Qwen3.5-9B|tubitak_math2026|tubitak_math2026/28|g34,0
V4-Flash,Qwen3.5-9B,tubitak_math2026,consistent_error,Qwen3.5-9B|tubitak_math2026|tubitak_math2026/28|g39,0
V4-Flash,Qwen3.5-9B,tubitak_math2026,consistent_error,Qwen3.5-9B|tubitak_math2026|tubitak_math2026/28|g49,0
V4-Flash,Qwen3.5-9B,tubitak_math2026,consistent_error,Qwen3.5-9B|tubitak_math2026|tubitak_math2026/28|g58,0
V4-Flash,Qwen3.5-9B,tubitak_math2026,consistent_error,Qwen3.5-9B|tubitak_math2026|tubitak_math2026/29|g17,1
V4-Flash,Qwen3.5-9B,tubitak_math2026,consistent_error,Qwen3.5-9B|tubitak_math2026|tubitak_math2026/30|g0,0
V4-Flash,Qwen3.5-9B,tubitak_math2026,consistent_error,Qwen3.5-9B|tubitak_math2026|tubitak_math2026/30|g27,0
V4-Flash,Qwen3.5-9B,tubitak_math2026,consistent_error,Qwen3.5-9B|tubitak_math2026|tubitak_math2026/30|g30,0
V4-Flash,Qwen3.5-9B,tubitak_math2026,consistent_error,Qwen3.5-9B|tubitak_math2026|tubitak_math2026/30|g53,0
V4-Flash,Qwen3.5-9B,tubitak_math2026,consistent_error,Qwen3.5-9B|tubitak_math2026|tubitak_math2026/31|g21,0
V4-Flash,Qwen3.5-9B,tubitak_math2026,consistent_error,Qwen3.5-9B|tubitak_math2026|tubitak_math2026/31|g23,0
V4-Flash,Qwen3.5-9B,tubitak_math2026,consistent_error,Qwen3.5-9B|tubitak_math2026|tubitak_math2026/31|g49,0
V4-Flash,Qwen3.5-9B,tubitak_math2026,consistent_error,Qwen3.5-9B|tubitak_math2026|tubitak_math2026/31|g53,0
V4-Flash,Qwen3.5-9B,tubitak_math2026,consistent_error,Qwen3.5-9B|tubitak_math2026|tubitak_math2026/31|g56,0
V4-Flash,Qwen3.5-9B,tubitak_math2026,consistent_error,Qwen3.5-9B|tubitak_math2026|tubitak_math2026/4|g23,0
V4-Flash,Qwen3.5-9B,tubitak_math2026,consistent_error,Qwen3.5-9B|tubitak_math2026|tubitak_math2026/4|g28,1
V4-Flash,Qwen3.5-9B,tubitak_math2026,consistent_error,Qwen3.5-9B|tubitak_math2026|tubitak_math2026/4|g55,0
V4-Flash,Qwen3.5-9B,tubitak_math2026,consistent_error,Qwen3.5-9B|tubitak_math2026|tubitak_math2026/4|g6,0
V4-Flash,Qwen3.5-9B,tubitak_math2026,consistent_error,Qwen3.5-9B|tubitak_math2026|tubitak_math2026/5|g35,0
V4-Flash,Qwen3.5-9B,tubitak_math2026,consistent_error,Qwen3.5-9B|tubitak_math2026|tubitak_math2026/5|g53,0
V4-Flash,Qwen3.5-9B,tubitak_math2026,consistent_error,Qwen3.5-9B|tubitak_math2026|tubitak_math2026/5|g54,0
V4-Flash,Qwen3.5-9B,tubitak_math2026,consistent_error,Qwen3.5-9B|tubitak_math2026|tubitak_math2026/5|g8,0
V4-Flash,Qwen3.5-9B,tubitak_math2026,consistent_error,Qwen3.5-9B|tubitak_math2026|tubitak_math2026/9|g15,0
V4-Flash,Qwen3.5-9B,tubitak_math2026,consistent_error,Qwen3.5-9B|tubitak_math2026|tubitak_math2026/9|g44,0
V4-Flash,Qwen3.5-9B,tubitak_math2026,consistent_error,Qwen3.5-9B|tubitak_math2026|tubitak_math2026/9|g55,0
V4-Flash,Qwen3.5-9B,tubitak_math2026,consistent_error,Qwen3.5-9B|tubitak_math2026|tubitak_math2026/9|g60,0
V4-Flash,Qwen3.5-9B,tubitak_math2026,consistent_error,Qwen3.5-9B|tubitak_math2026|tubitak_math2026/9|g62,0
V4-Flash,Qwen3.5-9B,tubitak_math2026,intermediate_error,Qwen3.5-9B|tubitak_math2026|tubitak_math2026/1|g41,1
V4-Flash,Qwen3.5-9B,tubitak_math2026,intermediate_error,Qwen3.5-9B|tubitak_math2026|tubitak_math2026/1|g48,1
V4-Flash,Qwen3.5-9B,tubitak_math2026,intermediate_error,Qwen3.5-9B|tubitak_math2026|tubitak_math2026/1|g55,1
V4-Flash,Qwen3.5-9B,tubitak_math2026,intermediate_error,Qwen3.5-9B|tubitak_math2026|tubitak_math2026/1|g7,1
V4-Flash,Qwen3.5-9B,tubitak_math2026,intermediate_error,Qwen3.5-9B|tubitak_math2026|tubitak_math2026/1|g9,1
V4-Flash,Qwen3.5-9B,tubitak_math2026,intermediate_error,Qwen3.5-9B|tubitak_math2026|tubitak_math2026/11|g19,1
V4-Flash,Qwen3.5-9B,tubitak_math2026,intermediate_error,Qwen3.5-9B|tubitak_math2026|tubitak_math2026/11|g21,1
V4-Flash,Qwen3.5-9B,tubitak_math2026,intermediate_error,Qwen3.5-9B|tubitak_math2026|tubitak_math2026/11|g40,1
V4-Flash,Qwen3.5-9B,tubitak_math2026,intermediate_error,Qwen3.5-9B|tubitak_math2026|tubitak_math2026/11|g9,1
V4-Flash,Qwen3.5-9B,tubitak_math2026,intermediate_error,Qwen3.5-9B|tubitak_math2026|tubitak_math2026/12|g20,1
V4-Flash,Qwen3.5-9B,tubitak_math2026,intermediate_error,Qwen3.5-9B|tubitak_math2026|tubitak_math2026/12|g36,1
V4-Flash,Qwen3.5-9B,tubitak_math2026,intermediate_error,Qwen3.5-9B|tubitak_math2026|tubitak_math2026/12|g46,1
V4-Flash,Qwen3.5-9B,tubitak_math2026,intermediate_error,Qwen3.5-9B|tubitak_math2026|tubitak_math2026/12|g48,1
V4-Flash,Qwen3.5-9B,tubitak_math2026,intermediate_error,Qwen3.5-9B|tubitak_math2026|tubitak_math2026/12|g49,1
V4-Flash,Qwen3.5-9B,tubitak_math2026,intermediate_error,Qwen3.5-9B|tubitak_math2026|tubitak_math2026/13|g24,1
V4-Flash,Qwen3.5-9B,tubitak_math2026,intermediate_error,Qwen3.5-9B|tubitak_math2026|tubitak_math2026/13|g26,1
V4-Flash,Qwen3.5-9B,tubitak_math2026,intermediate_error,Qwen3.5-9B|tubitak_math2026|tubitak_math2026/13|g38,1
V4-Flash,Qwen3.5-9B,tubitak_math2026,intermediate_error,Qwen3.5-9B|tubitak_math2026|tubitak_math2026/13|g41,1
V4-Flash,Qwen3.5-9B,tubitak_math2026,intermediate_error,Qwen3.5-9B|tubitak_math2026|tubitak_math2026/13|g48,1
V4-Flash,Qwen3.5-9B,tubitak_math2026,intermediate_error,Qwen3.5-9B|tubitak_math2026|tubitak_math2026/15|g1,1
V4-Flash,Qwen3.5-9B,tubitak_math2026,intermediate_error,Qwen3.5-9B|tubitak_math2026|tubitak_math2026/15|g31,1
V4-Flash,Qwen3.5-9B,tubitak_math2026,intermediate_error,Qwen3.5-9B|tubitak_math2026|tubitak_math2026/15|g32,1
V4-Flash,Qwen3.5-9B,tubitak_math2026,intermediate_error,Qwen3.5-9B|tubitak_math2026|tubitak_math2026/15|g43,1
V4-Flash,Qwen3.5-9B,tubitak_math2026,intermediate_error,Qwen3.5-9B|tubitak_math2026|tubitak_math2026/15|g49,1
V4-Flash,Qwen3.5-9B,tubitak_math2026,intermediate_error,Qwen3.5-9B|tubitak_math2026|tubitak_math2026/16|g11,0
V4-Flash,Qwen3.5-9B,tubitak_math2026,intermediate_error,Qwen3.5-9B|tubitak_math2026|tubitak_math2026/16|g25,0
V4-Flash,Qwen3.5-9B,tubitak_math2026,intermediate_error,Qwen3.5-9B|tubitak_math2026|tubitak_math2026/16|g26,0
V4-Flash,Qwen3.5-9B,tubitak_math2026,intermediate_error,Qwen3.5-9B|tubitak_math2026|tubitak_math2026/16|g47,0
V4-Flash,Qwen3.5-9B,tubitak_math2026,intermediate_error,Qwen3.5-9B|tubitak_math2026|tubitak_math2026/16|g59,1
V4-Flash,Qwen3.5-9B,tubitak_math2026,intermediate_error,Qwen3.5-9B|tubitak_math2026|tubitak_math2026/17|g16,1
V4-Flash,Qwen3.5-9B,tubitak_math2026,intermediate_error,Qwen3.5-9B|tubitak_math2026|tubitak_math2026/17|g20,0
V4-Flash,Qwen3.5-9B,tubitak_math2026,intermediate_error,Qwen3.5-9B|tubitak_math2026|tubitak_math2026/17|g39,1
V4-Flash,Qwen3.5-9B,tubitak_math2026,intermediate_error,Qwen3.5-9B|tubitak_math2026|tubitak_math2026/17|g44,1
V4-Flash,Qwen3.5-9B,tubitak_math2026,intermediate_error,Qwen3.5-9B|tubitak_math2026|tubitak_math2026/17|g7,1
V4-Flash,Qwen3.5-9B,tubitak_math2026,intermediate_error,Qwen3.5-9B|tubitak_math2026|tubitak_math2026/20|g32,1
V4-Flash,Qwen3.5-9B,tubitak_math2026,intermediate_error,Qwen3.5-9B|tubitak_math2026|tubitak_math2026/20|g37,1
V4-Flash,Qwen3.5-9B,tubitak_math2026,intermediate_error,Qwen3.5-9B|tubitak_math2026|tubitak_math2026/20|g42,1
V4-Flash,Qwen3.5-9B,tubitak_math2026,intermediate_error,Qwen3.5-9B|tubitak_math2026|tubitak_math2026/20|g53,1
V4-Flash,Qwen3.5-9B,tubitak_math2026,intermediate_error,Qwen3.5-9B|tubitak_math2026|tubitak_math2026/20|g54,1
V4-Flash,Qwen3.5-9B,tubitak_math2026,intermediate_error,Qwen3.5-9B|tubitak_math2026|tubitak_math2026/20|g8,1
V4-Flash,Qwen3.5-9B,tubitak_math2026,intermediate_error,Qwen3.5-9B|tubitak_math2026|tubitak_math2026/21|g20,1
V4-Flash,Qwen3.5-9B,tubitak_math2026,intermediate_error,Qwen3.5-9B|tubitak_math2026|tubitak_math2026/21|g3,1
V4-Flash,Qwen3.5-9B,tubitak_math2026,intermediate_error,Qwen3.5-9B|tubitak_math2026|tubitak_math2026/21|g44,1
V4-Flash,Qwen3.5-9B,tubitak_math2026,intermediate_error,Qwen3.5-9B|tubitak_math2026|tubitak_math2026/21|g56,1
V4-Flash,Qwen3.5-9B,tubitak_math2026,intermediate_error,Qwen3.5-9B|tubitak_math2026|tubitak_math2026/28|g3,0
V4-Flash,Qwen3.5-9B,tubitak_math2026,intermediate_error,Qwen3.5-9B|tubitak_math2026|tubitak_math2026/28|g34,0
V4-Flash,Qwen3.5-9B,tubitak_math2026,intermediate_error,Qwen3.5-9B|tubitak_math2026|tubitak_math2026/28|g39,0
V4-Flash,Qwen3.5-9B,tubitak_math2026,intermediate_error,Qwen3.5-9B|tubitak_math2026|tubitak_math2026/28|g49,0
V4-Flash,Qwen3.5-9B,tubitak_math2026,intermediate_error,Qwen3.5-9B|tubitak_math2026|tubitak_math2026/28|g58,0
V4-Flash,Qwen3.5-9B,tubitak_math2026,intermediate_error,Qwen3.5-9B|tubitak_math2026|tubitak_math2026/29|g17,1
V4-Flash,Qwen3.5-9B,tubitak_math2026,intermediate_error,Qwen3.5-9B|tubitak_math2026|tubitak_math2026/30|g0,0
V4-Flash,Qwen3.5-9B,tubitak_math2026,intermediate_error,Qwen3.5-9B|tubitak_math2026|tubitak_math2026/30|g27,1
V4-Flash,Qwen3.5-9B,tubitak_math2026,intermediate_error,Qwen3.5-9B|tubitak_math2026|tubitak_math2026/30|g30,1
V4-Flash,Qwen3.5-9B,tubitak_math2026,intermediate_error,Qwen3.5-9B|tubitak_math2026|tubitak_math2026/30|g53,1
V4-Flash,Qwen3.5-9B,tubitak_math2026,intermediate_error,Qwen3.5-9B|tubitak_math2026|tubitak_math2026/31|g21,1
V4-Flash,Qwen3.5-9B,tubitak_math2026,intermediate_error,Qwen3.5-9B|tubitak_math2026|tubitak_math2026/31|g23,1
V4-Flash,Qwen3.5-9B,tubitak_math2026,intermediate_error,Qwen3.5-9B|tubitak_math2026|tubitak_math2026/31|g49,1
V4-Flash,Qwen3.5-9B,tubitak_math2026,intermediate_error,Qwen3.5-9B|tubitak_math2026|tubitak_math2026/31|g53,1
V4-Flash,Qwen3.5-9B,tubitak_math2026,intermediate_error,Qwen3.5-9B|tubitak_math2026|tubitak_math2026/31|g56,1
V4-Flash,Qwen3.5-9B,tubitak_math2026,intermediate_error,Qwen3.5-9B|tubitak_math2026|tubitak_math2026/4|g23,1
V4-Flash,Qwen3.5-9B,tubitak_math2026,intermediate_error,Qwen3.5-9B|tubitak_math2026|tubitak_math2026/4|g28,1
V4-Flash,Qwen3.5-9B,tubitak_math2026,intermediate_error,Qwen3.5-9B|tubitak_math2026|tubitak_math2026/4|g55,1
V4-Flash,Qwen3.5-9B,tubitak_math2026,intermediate_error,Qwen3.5-9B|tubitak_math2026|tubitak_math2026/4|g6,1
V4-Flash,Qwen3.5-9B,tubitak_math2026,intermediate_error,Qwen3.5-9B|tubitak_math2026|tubitak_math2026/5|g35,1
V4-Flash,Qwen3.5-9B,tubitak_math2026,intermediate_error,Qwen3.5-9B|tubitak_math2026|tubitak_math2026/5|g53,1
V4-Flash,Qwen3.5-9B,tubitak_math2026,intermediate_error,Qwen3.5-9B|tubitak_math2026|tubitak_math2026/5|g54,1
V4-Flash,Qwen3.5-9B,tubitak_math2026,intermediate_error,Qwen3.5-9B|tubitak_math2026|tubitak_math2026/5|g8,1
V4-Flash,Qwen3.5-9B,tubitak_math2026,intermediate_error,Qwen3.5-9B|tubitak_math2026|tubitak_math2026/9|g15,1
V4-Flash,Qwen3.5-9B,tubitak_math2026,intermediate_error,Qwen3.5-9B|tubitak_math2026|tubitak_math2026/9|g44,1
V4-Flash,Qwen3.5-9B,tubitak_math2026,intermediate_error,Qwen3.5-9B|tubitak_math2026|tubitak_math2026/9|g55,0
V4-Flash,Qwen3.5-9B,tubitak_math2026,intermediate_error,Qwen3.5-9B|tubitak_math2026|tubitak_math2026/9|g60,1
V4-Flash,Qwen3.5-9B,tubitak_math2026,intermediate_error,Qwen3.5-9B|tubitak_math2026|tubitak_math2026/9|g62,1
V4-Flash,Qwen3.5-9B,tubitak_math2026,truncated,Qwen3.5-9B|tubitak_math2026|tubitak_math2026/1|g41,1
V4-Flash,Qwen3.5-9B,tubitak_math2026,truncated,Qwen3.5-9B|tubitak_math2026|tubitak_math2026/1|g48,1
V4-Flash,Qwen3.5-9B,tubitak_math2026,truncated,Qwen3.5-9B|tubitak_math2026|tubitak_math2026/1|g55,1
V4-Flash,Qwen3.5-9B,tubitak_math2026,truncated,Qwen3.5-9B|tubitak_math2026|tubitak_math2026/1|g7,1
V4-Flash,Qwen3.5-9B,tubitak_math2026,truncated,Qwen3.5-9B|tubitak_math2026|tubitak_math2026/1|g9,1
V4-Flash,Qwen3.5-9B,tubitak_math2026,truncated,Qwen3.5-9B|tubitak_math2026|tubitak_math2026/11|g19,1
V4-Flash,Qwen3.5-9B,tubitak_math2026,truncated,Qwen3.5-9B|tubitak_math2026|tubitak_math2026/11|g21,1
V4-Flash,Qwen3.5-9B,tubitak_math2026,truncated,Qwen3.5-9B|tubitak_math2026|tubitak_math2026/11|g40,1
V4-Flash,Qwen3.5-9B,tubitak_math2026,truncated,Qwen3.5-9B|tubitak_math2026|tubitak_math2026/11|g9,1
V4-Flash,Qwen3.5-9B,tubitak_math2026,truncated,Qwen3.5-9B|tubitak_math2026|tubitak_math2026/12|g20,1
V4-Flash,Qwen3.5-9B,tubitak_math2026,truncated,Qwen3.5-9B|tubitak_math2026|tubitak_math2026/12|g36,1
V4-Flash,Qwen3.5-9B,tubitak_math2026,truncated,Qwen3.5-9B|tubitak_math2026|tubitak_math2026/12|g46,1
V4-Flash,Qwen3.5-9B,tubitak_math2026,truncated,Qwen3.5-9B|tubitak_math2026|tubitak_math2026/12|g48,1
V4-Flash,Qwen3.5-9B,tubitak_math2026,truncated,Qwen3.5-9B|tubitak_math2026|tubitak_math2026/12|g49,1
V4-Flash,Qwen3.5-9B,tubitak_math2026,truncated,Qwen3.5-9B|tubitak_math2026|tubitak_math2026/13|g24,0
V4-Flash,Qwen3.5-9B,tubitak_math2026,truncated,Qwen3.5-9B|tubitak_math2026|tubitak_math2026/13|g26,0
V4-Flash,Qwen3.5-9B,tubitak_math2026,truncated,Qwen3.5-9B|tubitak_math2026|tubitak_math2026/13|g38,1
V4-Flash,Qwen3.5-9B,tubitak_math2026,truncated,Qwen3.5-9B|tubitak_math2026|tubitak_math2026/13|g41,1
V4-Flash,Qwen3.5-9B,tubitak_math2026,truncated,Qwen3.5-9B|tubitak_math2026|tubitak_math2026/13|g48,1
V4-Flash,Qwen3.5-9B,tubitak_math2026,truncated,Qwen3.5-9B|tubitak_math2026|tubitak_math2026/15|g1,1
V4-Flash,Qwen3.5-9B,tubitak_math2026,truncated,Qwen3.5-9B|tubitak_math2026|tubitak_math2026/15|g31,1
V4-Flash,Qwen3.5-9B,tubitak_math2026,truncated,Qwen3.5-9B|tubitak_math2026|tubitak_math2026/15|g32,1
V4-Flash,Qwen3.5-9B,tubitak_math2026,truncated,Qwen3.5-9B|tubitak_math2026|tubitak_math2026/15|g43,1
V4-Flash,Qwen3.5-9B,tubitak_math2026,truncated,Qwen3.5-9B|tubitak_math2026|tubitak_math2026/15|g49,1
V4-Flash,Qwen3.5-9B,tubitak_math2026,truncated,Qwen3.5-9B|tubitak_math2026|tubitak_math2026/16|g11,0
V4-Flash,Qwen3.5-9B,tubitak_math2026,truncated,Qwen3.5-9B|tubitak_math2026|tubitak_math2026/16|g25,0
V4-Flash,Qwen3.5-9B,tubitak_math2026,truncated,Qwen3.5-9B|tubitak_math2026|tubitak_math2026/16|g26,0
V4-Flash,Qwen3.5-9B,tubitak_math2026,truncated,Qwen3.5-9B|tubitak_math2026|tubitak_math2026/16|g47,0
V4-Flash,Qwen3.5-9B,tubitak_math2026,truncated,Qwen3.5-9B|tubitak_math2026|tubitak_math2026/16|g59,1
V4-Flash,Qwen3.5-9B,tubitak_math2026,truncated,Qwen3.5-9B|tubitak_math2026|tubitak_math2026/17|g16,1
V4-Flash,Qwen3.5-9B,tubitak_math2026,truncated,Qwen3.5-9B|tubitak_math2026|tubitak_math2026/17|g20,0
V4-Flash,Qwen3.5-9B,tubitak_math2026,truncated,Qwen3.5-9B|tubitak_math2026|tubitak_math2026/17|g39,0
V4-Flash,Qwen3.5-9B,tubitak_math2026,truncated,Qwen3.5-9B|tubitak_math2026|tubitak_math2026/17|g44,1
V4-Flash,Qwen3.5-9B,tubitak_math2026,truncated,Qwen3.5-9B|tubitak_math2026|tubitak_math2026/17|g7,1
V4-Flash,Qwen3.5-9B,tubitak_math2026,truncated,Qwen3.5-9B|tubitak_math2026|tubitak_math2026/20|g32,1
V4-Flash,Qwen3.5-9B,tubitak_math2026,truncated,Qwen3.5-9B|tubitak_math2026|tubitak_math2026/20|g37,1
V4-Flash,Qwen3.5-9B,tubitak_math2026,truncated,Qwen3.5-9B|tubitak_math2026|tubitak_math2026/20|g42,1
V4-Flash,Qwen3.5-9B,tubitak_math2026,truncated,Qwen3.5-9B|tubitak_math2026|tubitak_math2026/20|g53,1
V4-Flash,Qwen3.5-9B,tubitak_math2026,truncated,Qwen3.5-9B|tubitak_math2026|tubitak_math2026/20|g54,1
V4-Flash,Qwen3.5-9B,tubitak_math2026,truncated,Qwen3.5-9B|tubitak_math2026|tubitak_math2026/20|g8,1
V4-Flash,Qwen3.5-9B,tubitak_math2026,truncated,Qwen3.5-9B|tubitak_math2026|tubitak_math2026/21|g20,1
V4-Flash,Qwen3.5-9B,tubitak_math2026,truncated,Qwen3.5-9B|tubitak_math2026|tubitak_math2026/21|g3,1
V4-Flash,Qwen3.5-9B,tubitak_math2026,truncated,Qwen3.5-9B|tubitak_math2026|tubitak_math2026/21|g44,0
V4-Flash,Qwen3.5-9B,tubitak_math2026,truncated,Qwen3.5-9B|tubitak_math2026|tubitak_math2026/21|g56,0
V4-Flash,Qwen3.5-9B,tubitak_math2026,truncated,Qwen3.5-9B|tubitak_math2026|tubitak_math2026/28|g3,0
V4-Flash,Qwen3.5-9B,tubitak_math2026,truncated,Qwen3.5-9B|tubitak_math2026|tubitak_math2026/28|g34,0
V4-Flash,Qwen3.5-9B,tubitak_math2026,truncated,Qwen3.5-9B|tubitak_math2026|tubitak_math2026/28|g39,0
V4-Flash,Qwen3.5-9B,tubitak_math2026,truncated,Qwen3.5-9B|tubitak_math2026|tubitak_math2026/28|g49,0
V4-Flash,Qwen3.5-9B,tubitak_math2026,truncated,Qwen3.5-9B|tubitak_math2026|tubitak_math2026/28|g58,0
V4-Flash,Qwen3.5-9B,tubitak_math2026,truncated,Qwen3.5-9B|tubitak_math2026|tubitak_math2026/29|g17,1
V4-Flash,Qwen3.5-9B,tubitak_math2026,truncated,Qwen3.5-9B|tubitak_math2026|tubitak_math2026/30|g0,0
V4-Flash,Qwen3.5-9B,tubitak_math2026,truncated,Qwen3.5-9B|tubitak_math2026|tubitak_math2026/30|g27,0
V4-Flash,Qwen3.5-9B,tubitak_math2026,truncated,Qwen3.5-9B|tubitak_math2026|tubitak_math2026/30|g30,1
V4-Flash,Qwen3.5-9B,tubitak_math2026,truncated,Qwen3.5-9B|tubitak_math2026|tubitak_math2026/30|g53,1
V4-Flash,Qwen3.5-9B,tubitak_math2026,truncated,Qwen3.5-9B|tubitak_math2026|tubitak_math2026/31|g21,1
V4-Flash,Qwen3.5-9B,tubitak_math2026,truncated,Qwen3.5-9B|tubitak_math2026|tubitak_math2026/31|g23,0
V4-Flash,Qwen3.5-9B,tubitak_math2026,truncated,Qwen3.5-9B|tubitak_math2026|tubitak_math2026/31|g49,1
V4-Flash,Qwen3.5-9B,tubitak_math2026,truncated,Qwen3.5-9B|tubitak_math2026|tubitak_math2026/31|g53,1
V4-Flash,Qwen3.5-9B,tubitak_math2026,truncated,Qwen3.5-9B|tubitak_math2026|tubitak_math2026/31|g56,1
V4-Flash,Qwen3.5-9B,tubitak_math2026,truncated,Qwen3.5-9B|tubitak_math2026|tubitak_math2026/4|g23,1
V4-Flash,Qwen3.5-9B,tubitak_math2026,truncated,Qwen3.5-9B|tubitak_math2026|tubitak_math2026/4|g28,1
V4-Flash,Qwen3.5-9B,tubitak_math2026,truncated,Qwen3.5-9B|tubitak_math2026|tubitak_math2026/4|g55,1
V4-Flash,Qwen3.5-9B,tubitak_math2026,truncated,Qwen3.5-9B|tubitak_math2026|tubitak_math2026/4|g6,1
V4-Flash,Qwen3.5-9B,tubitak_math2026,truncated,Qwen3.5-9B|tubitak_math2026|tubitak_math2026/5|g35,0
V4-Flash,Qwen3.5-9B,tubitak_math2026,truncated,Qwen3.5-9B|tubitak_math2026|tubitak_math2026/5|g53,1
V4-Flash,Qwen3.5-9B,tubitak_math2026,truncated,Qwen3.5-9B|tubitak_math2026|tubitak_math2026/5|g54,1
V4-Flash,Qwen3.5-9B,tubitak_math2026,truncated,Qwen3.5-9B|tubitak_math2026|tubitak_math2026/5|g8,1
V4-Flash,Qwen3.5-9B,tubitak_math2026,truncated,Qwen3.5-9B|tubitak_math2026|tubitak_math2026/9|g15,1
V4-Flash,Qwen3.5-9B,tubitak_math2026,truncated,Qwen3.5-9B|tubitak_math2026|tubitak_math2026/9|g44,1
V4-Flash,Qwen3.5-9B,tubitak_math2026,truncated,Qwen3.5-9B|tubitak_math2026|tubitak_math2026/9|g55,0
V4-Flash,Qwen3.5-9B,tubitak_math2026,truncated,Qwen3.5-9B|tubitak_math2026|tubitak_math2026/9|g60,1
V4-Flash,Qwen3.5-9B,tubitak_math2026,truncated,Qwen3.5-9B|tubitak_math2026|tubitak_math2026/9|g62,1
R1-distill,Qwen3.5-4B,aime2026,boxed_only,Qwen3.5-4B|aime2026|AIME2026/10|g18,1
R1-distill,Qwen3.5-4B,aime2026,boxed_only,Qwen3.5-4B|aime2026|AIME2026/10|g2,1
R1-distill,Qwen3.5-4B,aime2026,boxed_only,Qwen3.5-4B|aime2026|AIME2026/12|g30,1
R1-distill,Qwen3.5-4B,aime2026,boxed_only,Qwen3.5-4B|aime2026|AIME2026/12|g54,1
R1-distill,Qwen3.5-4B,aime2026,boxed_only,Qwen3.5-4B|aime2026|AIME2026/13|g21,1
R1-distill,Qwen3.5-4B,aime2026,boxed_only,Qwen3.5-4B|aime2026|AIME2026/13|g44,1
R1-distill,Qwen3.5-4B,aime2026,boxed_only,Qwen3.5-4B|aime2026|AIME2026/13|g51,1
R1-distill,Qwen3.5-4B,aime2026,boxed_only,Qwen3.5-4B|aime2026|AIME2026/14|g30,1
R1-distill,Qwen3.5-4B,aime2026,boxed_only,Qwen3.5-4B|aime2026|AIME2026/14|g48,1
R1-distill,Qwen3.5-4B,aime2026,boxed_only,Qwen3.5-4B|aime2026|AIME2026/14|g63,1
R1-distill,Qwen3.5-4B,aime2026,boxed_only,Qwen3.5-4B|aime2026|AIME2026/16|g49,1
R1-distill,Qwen3.5-4B,aime2026,boxed_only,Qwen3.5-4B|aime2026|AIME2026/18|g22,1
R1-distill,Qwen3.5-4B,aime2026,boxed_only,Qwen3.5-4B|aime2026|AIME2026/18|g23,1
R1-distill,Qwen3.5-4B,aime2026,boxed_only,Qwen3.5-4B|aime2026|AIME2026/18|g62,1
R1-distill,Qwen3.5-4B,aime2026,boxed_only,Qwen3.5-4B|aime2026|AIME2026/19|g26,1
R1-distill,Qwen3.5-4B,aime2026,boxed_only,Qwen3.5-4B|aime2026|AIME2026/19|g54,0
R1-distill,Qwen3.5-4B,aime2026,boxed_only,Qwen3.5-4B|aime2026|AIME2026/1|g15,1
R1-distill,Qwen3.5-4B,aime2026,boxed_only,Qwen3.5-4B|aime2026|AIME2026/1|g28,1
R1-distill,Qwen3.5-4B,aime2026,boxed_only,Qwen3.5-4B|aime2026|AIME2026/1|g42,0
R1-distill,Qwen3.5-4B,aime2026,boxed_only,Qwen3.5-4B|aime2026|AIME2026/20|g18,1
R1-distill,Qwen3.5-4B,aime2026,boxed_only,Qwen3.5-4B|aime2026|AIME2026/20|g21,1
R1-distill,Qwen3.5-4B,aime2026,boxed_only,Qwen3.5-4B|aime2026|AIME2026/20|g34,1
R1-distill,Qwen3.5-4B,aime2026,boxed_only,Qwen3.5-4B|aime2026|AIME2026/20|g53,1
R1-distill,Qwen3.5-4B,aime2026,boxed_only,Qwen3.5-4B|aime2026|AIME2026/21|g0,0
R1-distill,Qwen3.5-4B,aime2026,boxed_only,Qwen3.5-4B|aime2026|AIME2026/21|g11,1
R1-distill,Qwen3.5-4B,aime2026,boxed_only,Qwen3.5-4B|aime2026|AIME2026/21|g38,0
R1-distill,Qwen3.5-4B,aime2026,boxed_only,Qwen3.5-4B|aime2026|AIME2026/21|g52,1
R1-distill,Qwen3.5-4B,aime2026,boxed_only,Qwen3.5-4B|aime2026|AIME2026/22|g18,0
R1-distill,Qwen3.5-4B,aime2026,boxed_only,Qwen3.5-4B|aime2026|AIME2026/22|g22,1
R1-distill,Qwen3.5-4B,aime2026,boxed_only,Qwen3.5-4B|aime2026|AIME2026/22|g31,1
R1-distill,Qwen3.5-4B,aime2026,boxed_only,Qwen3.5-4B|aime2026|AIME2026/24|g19,0
R1-distill,Qwen3.5-4B,aime2026,boxed_only,Qwen3.5-4B|aime2026|AIME2026/24|g20,1
R1-distill,Qwen3.5-4B,aime2026,boxed_only,Qwen3.5-4B|aime2026|AIME2026/24|g24,0
R1-distill,Qwen3.5-4B,aime2026,boxed_only,Qwen3.5-4B|aime2026|AIME2026/24|g46,0
R1-distill,Qwen3.5-4B,aime2026,boxed_only,Qwen3.5-4B|aime2026|AIME2026/25|g14,1
R1-distill,Qwen3.5-4B,aime2026,boxed_only,Qwen3.5-4B|aime2026|AIME2026/25|g26,1
R1-distill,Qwen3.5-4B,aime2026,boxed_only,Qwen3.5-4B|aime2026|AIME2026/25|g30,1
R1-distill,Qwen3.5-4B,aime2026,boxed_only,Qwen3.5-4B|aime2026|AIME2026/25|g44,1
R1-distill,Qwen3.5-4B,aime2026,boxed_only,Qwen3.5-4B|aime2026|AIME2026/26|g14,1
R1-distill,Qwen3.5-4B,aime2026,boxed_only,Qwen3.5-4B|aime2026|AIME2026/26|g30,1
R1-distill,Qwen3.5-4B,aime2026,boxed_only,Qwen3.5-4B|aime2026|AIME2026/26|g49,1
R1-distill,Qwen3.5-4B,aime2026,boxed_only,Qwen3.5-4B|aime2026|AIME2026/26|g58,1
R1-distill,Qwen3.5-4B,aime2026,boxed_only,Qwen3.5-4B|aime2026|AIME2026/27|g2,1
R1-distill,Qwen3.5-4B,aime2026,boxed_only,Qwen3.5-4B|aime2026|AIME2026/27|g35,1
R1-distill,Qwen3.5-4B,aime2026,boxed_only,Qwen3.5-4B|aime2026|AIME2026/27|g55,1
R1-distill,Qwen3.5-4B,aime2026,boxed_only,Qwen3.5-4B|aime2026|AIME2026/28|g29,0
R1-distill,Qwen3.5-4B,aime2026,boxed_only,Qwen3.5-4B|aime2026|AIME2026/28|g45,0
R1-distill,Qwen3.5-4B,aime2026,boxed_only,Qwen3.5-4B|aime2026|AIME2026/28|g52,0
R1-distill,Qwen3.5-4B,aime2026,boxed_only,Qwen3.5-4B|aime2026|AIME2026/29|g29,0
R1-distill,Qwen3.5-4B,aime2026,boxed_only,Qwen3.5-4B|aime2026|AIME2026/29|g50,0
R1-distill,Qwen3.5-4B,aime2026,boxed_only,Qwen3.5-4B|aime2026|AIME2026/29|g59,1
R1-distill,Qwen3.5-4B,aime2026,boxed_only,Qwen3.5-4B|aime2026|AIME2026/2|g20,1
R1-distill,Qwen3.5-4B,aime2026,boxed_only,Qwen3.5-4B|aime2026|AIME2026/2|g26,1
R1-distill,Qwen3.5-4B,aime2026,boxed_only,Qwen3.5-4B|aime2026|AIME2026/2|g59,1
R1-distill,Qwen3.5-4B,aime2026,boxed_only,Qwen3.5-4B|aime2026|AIME2026/30|g4,0
R1-distill,Qwen3.5-4B,aime2026,boxed_only,Qwen3.5-4B|aime2026|AIME2026/30|g50,1
R1-distill,Qwen3.5-4B,aime2026,boxed_only,Qwen3.5-4B|aime2026|AIME2026/3|g13,1
R1-distill,Qwen3.5-4B,aime2026,boxed_only,Qwen3.5-4B|aime2026|AIME2026/4|g12,1
R1-distill,Qwen3.5-4B,aime2026,boxed_only,Qwen3.5-4B|aime2026|AIME2026/4|g32,1
R1-distill,Qwen3.5-4B,aime2026,boxed_only,Qwen3.5-4B|aime2026|AIME2026/4|g7,1
R1-distill,Qwen3.5-4B,aime2026,boxed_only,Qwen3.5-4B|aime2026|AIME2026/5|g22,1
R1-distill,Qwen3.5-4B,aime2026,boxed_only,Qwen3.5-4B|aime2026|AIME2026/5|g35,0
R1-distill,Qwen3.5-4B,aime2026,boxed_only,Qwen3.5-4B|aime2026|AIME2026/5|g5,0
R1-distill,Qwen3.5-4B,aime2026,boxed_only,Qwen3.5-4B|aime2026|AIME2026/6|g49,1
R1-distill,Qwen3.5-4B,aime2026,boxed_only,Qwen3.5-4B|aime2026|AIME2026/6|g52,1
R1-distill,Qwen3.5-4B,aime2026,boxed_only,Qwen3.5-4B|aime2026|AIME2026/6|g56,1
R1-distill,Qwen3.5-4B,aime2026,boxed_only,Qwen3.5-4B|aime2026|AIME2026/7|g25,1
R1-distill,Qwen3.5-4B,aime2026,boxed_only,Qwen3.5-4B|aime2026|AIME2026/7|g3,1
R1-distill,Qwen3.5-4B,aime2026,boxed_only,Qwen3.5-4B|aime2026|AIME2026/7|g45,1
R1-distill,Qwen3.5-4B,aime2026,boxed_only,Qwen3.5-4B|aime2026|AIME2026/7|g60,1
R1-distill,Qwen3.5-4B,aime2026,boxed_only,Qwen3.5-4B|aime2026|AIME2026/9|g31,1
R1-distill,Qwen3.5-4B,aime2026,boxed_only,Qwen3.5-4B|aime2026|AIME2026/9|g49,1
R1-distill,Qwen3.5-4B,aime2026,clean,Qwen3.5-4B|aime2026|AIME2026/10|g18,1
R1-distill,Qwen3.5-4B,aime2026,clean,Qwen3.5-4B|aime2026|AIME2026/10|g2,1
R1-distill,Qwen3.5-4B,aime2026,clean,Qwen3.5-4B|aime2026|AIME2026/12|g30,1
R1-distill,Qwen3.5-4B,aime2026,clean,Qwen3.5-4B|aime2026|AIME2026/12|g54,1
R1-distill,Qwen3.5-4B,aime2026,clean,Qwen3.5-4B|aime2026|AIME2026/13|g21,1
R1-distill,Qwen3.5-4B,aime2026,clean,Qwen3.5-4B|aime2026|AIME2026/13|g44,1
R1-distill,Qwen3.5-4B,aime2026,clean,Qwen3.5-4B|aime2026|AIME2026/13|g51,1
R1-distill,Qwen3.5-4B,aime2026,clean,Qwen3.5-4B|aime2026|AIME2026/14|g30,1
R1-distill,Qwen3.5-4B,aime2026,clean,Qwen3.5-4B|aime2026|AIME2026/14|g48,1
R1-distill,Qwen3.5-4B,aime2026,clean,Qwen3.5-4B|aime2026|AIME2026/14|g63,1
R1-distill,Qwen3.5-4B,aime2026,clean,Qwen3.5-4B|aime2026|AIME2026/16|g49,1
R1-distill,Qwen3.5-4B,aime2026,clean,Qwen3.5-4B|aime2026|AIME2026/18|g22,1
R1-distill,Qwen3.5-4B,aime2026,clean,Qwen3.5-4B|aime2026|AIME2026/18|g23,1
R1-distill,Qwen3.5-4B,aime2026,clean,Qwen3.5-4B|aime2026|AIME2026/18|g62,1
R1-distill,Qwen3.5-4B,aime2026,clean,Qwen3.5-4B|aime2026|AIME2026/19|g26,1
R1-distill,Qwen3.5-4B,aime2026,clean,Qwen3.5-4B|aime2026|AIME2026/19|g54,1
R1-distill,Qwen3.5-4B,aime2026,clean,Qwen3.5-4B|aime2026|AIME2026/1|g15,1
R1-distill,Qwen3.5-4B,aime2026,clean,Qwen3.5-4B|aime2026|AIME2026/1|g28,1
R1-distill,Qwen3.5-4B,aime2026,clean,Qwen3.5-4B|aime2026|AIME2026/1|g42,1
R1-distill,Qwen3.5-4B,aime2026,clean,Qwen3.5-4B|aime2026|AIME2026/20|g18,0
R1-distill,Qwen3.5-4B,aime2026,clean,Qwen3.5-4B|aime2026|AIME2026/20|g21,1
R1-distill,Qwen3.5-4B,aime2026,clean,Qwen3.5-4B|aime2026|AIME2026/20|g34,1
R1-distill,Qwen3.5-4B,aime2026,clean,Qwen3.5-4B|aime2026|AIME2026/20|g53,1
R1-distill,Qwen3.5-4B,aime2026,clean,Qwen3.5-4B|aime2026|AIME2026/21|g0,0
R1-distill,Qwen3.5-4B,aime2026,clean,Qwen3.5-4B|aime2026|AIME2026/21|g11,1
R1-distill,Qwen3.5-4B,aime2026,clean,Qwen3.5-4B|aime2026|AIME2026/21|g38,1
R1-distill,Qwen3.5-4B,aime2026,clean,Qwen3.5-4B|aime2026|AIME2026/21|g52,1
R1-distill,Qwen3.5-4B,aime2026,clean,Qwen3.5-4B|aime2026|AIME2026/22|g18,1
R1-distill,Qwen3.5-4B,aime2026,clean,Qwen3.5-4B|aime2026|AIME2026/22|g22,1
R1-distill,Qwen3.5-4B,aime2026,clean,Qwen3.5-4B|aime2026|AIME2026/22|g31,1
R1-distill,Qwen3.5-4B,aime2026,clean,Qwen3.5-4B|aime2026|AIME2026/24|g19,1
R1-distill,Qwen3.5-4B,aime2026,clean,Qwen3.5-4B|aime2026|AIME2026/24|g20,1
R1-distill,Qwen3.5-4B,aime2026,clean,Qwen3.5-4B|aime2026|AIME2026/24|g24,1
R1-distill,Qwen3.5-4B,aime2026,clean,Qwen3.5-4B|aime2026|AIME2026/24|g46,1
R1-distill,Qwen3.5-4B,aime2026,clean,Qwen3.5-4B|aime2026|AIME2026/25|g14,1
R1-distill,Qwen3.5-4B,aime2026,clean,Qwen3.5-4B|aime2026|AIME2026/25|g26,1
R1-distill,Qwen3.5-4B,aime2026,clean,Qwen3.5-4B|aime2026|AIME2026/25|g30,1
R1-distill,Qwen3.5-4B,aime2026,clean,Qwen3.5-4B|aime2026|AIME2026/25|g44,1
R1-distill,Qwen3.5-4B,aime2026,clean,Qwen3.5-4B|aime2026|AIME2026/26|g14,1
R1-distill,Qwen3.5-4B,aime2026,clean,Qwen3.5-4B|aime2026|AIME2026/26|g30,1
R1-distill,Qwen3.5-4B,aime2026,clean,Qwen3.5-4B|aime2026|AIME2026/26|g49,1
R1-distill,Qwen3.5-4B,aime2026,clean,Qwen3.5-4B|aime2026|AIME2026/26|g58,1
R1-distill,Qwen3.5-4B,aime2026,clean,Qwen3.5-4B|aime2026|AIME2026/27|g2,1
R1-distill,Qwen3.5-4B,aime2026,clean,Qwen3.5-4B|aime2026|AIME2026/27|g35,1
R1-distill,Qwen3.5-4B,aime2026,clean,Qwen3.5-4B|aime2026|AIME2026/27|g55,1
R1-distill,Qwen3.5-4B,aime2026,clean,Qwen3.5-4B|aime2026|AIME2026/28|g29,1
R1-distill,Qwen3.5-4B,aime2026,clean,Qwen3.5-4B|aime2026|AIME2026/28|g45,1
R1-distill,Qwen3.5-4B,aime2026,clean,Qwen3.5-4B|aime2026|AIME2026/28|g52,1
R1-distill,Qwen3.5-4B,aime2026,clean,Qwen3.5-4B|aime2026|AIME2026/29|g29,0
R1-distill,Qwen3.5-4B,aime2026,clean,Qwen3.5-4B|aime2026|AIME2026/29|g50,1
R1-distill,Qwen3.5-4B,aime2026,clean,Qwen3.5-4B|aime2026|AIME2026/29|g59,1
R1-distill,Qwen3.5-4B,aime2026,clean,Qwen3.5-4B|aime2026|AIME2026/2|g20,1
R1-distill,Qwen3.5-4B,aime2026,clean,Qwen3.5-4B|aime2026|AIME2026/2|g26,1
R1-distill,Qwen3.5-4B,aime2026,clean,Qwen3.5-4B|aime2026|AIME2026/2|g59,1
R1-distill,Qwen3.5-4B,aime2026,clean,Qwen3.5-4B|aime2026|AIME2026/30|g4,1
R1-distill,Qwen3.5-4B,aime2026,clean,Qwen3.5-4B|aime2026|AIME2026/30|g50,1
R1-distill,Qwen3.5-4B,aime2026,clean,Qwen3.5-4B|aime2026|AIME2026/3|g13,1
R1-distill,Qwen3.5-4B,aime2026,clean,Qwen3.5-4B|aime2026|AIME2026/4|g12,1
R1-distill,Qwen3.5-4B,aime2026,clean,Qwen3.5-4B|aime2026|AIME2026/4|g32,1
R1-distill,Qwen3.5-4B,aime2026,clean,Qwen3.5-4B|aime2026|AIME2026/4|g7,0
R1-distill,Qwen3.5-4B,aime2026,clean,Qwen3.5-4B|aime2026|AIME2026/5|g22,1
R1-distill,Qwen3.5-4B,aime2026,clean,Qwen3.5-4B|aime2026|AIME2026/5|g35,1
R1-distill,Qwen3.5-4B,aime2026,clean,Qwen3.5-4B|aime2026|AIME2026/5|g5,1
R1-distill,Qwen3.5-4B,aime2026,clean,Qwen3.5-4B|aime2026|AIME2026/6|g49,1
R1-distill,Qwen3.5-4B,aime2026,clean,Qwen3.5-4B|aime2026|AIME2026/6|g52,1
R1-distill,Qwen3.5-4B,aime2026,clean,Qwen3.5-4B|aime2026|AIME2026/6|g56,1
R1-distill,Qwen3.5-4B,aime2026,clean,Qwen3.5-4B|aime2026|AIME2026/7|g25,1
R1-distill,Qwen3.5-4B,aime2026,clean,Qwen3.5-4B|aime2026|AIME2026/7|g3,1
R1-distill,Qwen3.5-4B,aime2026,clean,Qwen3.5-4B|aime2026|AIME2026/7|g45,0
R1-distill,Qwen3.5-4B,aime2026,clean,Qwen3.5-4B|aime2026|AIME2026/7|g60,1
R1-distill,Qwen3.5-4B,aime2026,clean,Qwen3.5-4B|aime2026|AIME2026/9|g31,1
R1-distill,Qwen3.5-4B,aime2026,clean,Qwen3.5-4B|aime2026|AIME2026/9|g49,1
R1-distill,Qwen3.5-4B,aime2026,consistent_error,Qwen3.5-4B|aime2026|AIME2026/10|g18,1
R1-distill,Qwen3.5-4B,aime2026,consistent_error,Qwen3.5-4B|aime2026|AIME2026/10|g2,1
R1-distill,Qwen3.5-4B,aime2026,consistent_error,Qwen3.5-4B|aime2026|AIME2026/12|g30,1
R1-distill,Qwen3.5-4B,aime2026,consistent_error,Qwen3.5-4B|aime2026|AIME2026/12|g54,1
R1-distill,Qwen3.5-4B,aime2026,consistent_error,Qwen3.5-4B|aime2026|AIME2026/13|g21,1
R1-distill,Qwen3.5-4B,aime2026,consistent_error,Qwen3.5-4B|aime2026|AIME2026/13|g44,1
R1-distill,Qwen3.5-4B,aime2026,consistent_error,Qwen3.5-4B|aime2026|AIME2026/13|g51,1
R1-distill,Qwen3.5-4B,aime2026,consistent_error,Qwen3.5-4B|aime2026|AIME2026/14|g30,1
R1-distill,Qwen3.5-4B,aime2026,consistent_error,Qwen3.5-4B|aime2026|AIME2026/14|g48,1
R1-distill,Qwen3.5-4B,aime2026,consistent_error,Qwen3.5-4B|aime2026|AIME2026/14|g63,1
R1-distill,Qwen3.5-4B,aime2026,consistent_error,Qwen3.5-4B|aime2026|AIME2026/16|g49,1
R1-distill,Qwen3.5-4B,aime2026,consistent_error,Qwen3.5-4B|aime2026|AIME2026/18|g22,1
R1-distill,Qwen3.5-4B,aime2026,consistent_error,Qwen3.5-4B|aime2026|AIME2026/18|g23,1
R1-distill,Qwen3.5-4B,aime2026,consistent_error,Qwen3.5-4B|aime2026|AIME2026/18|g62,0
R1-distill,Qwen3.5-4B,aime2026,consistent_error,Qwen3.5-4B|aime2026|AIME2026/19|g26,1
R1-distill,Qwen3.5-4B,aime2026,consistent_error,Qwen3.5-4B|aime2026|AIME2026/19|g54,1
R1-distill,Qwen3.5-4B,aime2026,consistent_error,Qwen3.5-4B|aime2026|AIME2026/1|g15,1
R1-distill,Qwen3.5-4B,aime2026,consistent_error,Qwen3.5-4B|aime2026|AIME2026/1|g28,1
R1-distill,Qwen3.5-4B,aime2026,consistent_error,Qwen3.5-4B|aime2026|AIME2026/1|g42,1
R1-distill,Qwen3.5-4B,aime2026,consistent_error,Qwen3.5-4B|aime2026|AIME2026/20|g18,0
R1-distill,Qwen3.5-4B,aime2026,consistent_error,Qwen3.5-4B|aime2026|AIME2026/20|g21,1
R1-distill,Qwen3.5-4B,aime2026,consistent_error,Qwen3.5-4B|aime2026|AIME2026/20|g34,1
R1-distill,Qwen3.5-4B,aime2026,consistent_error,Qwen3.5-4B|aime2026|AIME2026/20|g53,1
R1-distill,Qwen3.5-4B,aime2026,consistent_error,Qwen3.5-4B|aime2026|AIME2026/21|g0,1
R1-distill,Qwen3.5-4B,aime2026,consistent_error,Qwen3.5-4B|aime2026|AIME2026/21|g11,1
R1-distill,Qwen3.5-4B,aime2026,consistent_error,Qwen3.5-4B|aime2026|AIME2026/21|g38,1
R1-distill,Qwen3.5-4B,aime2026,consistent_error,Qwen3.5-4B|aime2026|AIME2026/21|g52,1
R1-distill,Qwen3.5-4B,aime2026,consistent_error,Qwen3.5-4B|aime2026|AIME2026/22|g18,1
R1-distill,Qwen3.5-4B,aime2026,consistent_error,Qwen3.5-4B|aime2026|AIME2026/22|g22,1
R1-distill,Qwen3.5-4B,aime2026,consistent_error,Qwen3.5-4B|aime2026|AIME2026/22|g31,1
R1-distill,Qwen3.5-4B,aime2026,consistent_error,Qwen3.5-4B|aime2026|AIME2026/24|g19,1
R1-distill,Qwen3.5-4B,aime2026,consistent_error,Qwen3.5-4B|aime2026|AIME2026/24|g20,1
R1-distill,Qwen3.5-4B,aime2026,consistent_error,Qwen3.5-4B|aime2026|AIME2026/24|g24,1
R1-distill,Qwen3.5-4B,aime2026,consistent_error,Qwen3.5-4B|aime2026|AIME2026/24|g46,1
R1-distill,Qwen3.5-4B,aime2026,consistent_error,Qwen3.5-4B|aime2026|AIME2026/25|g14,1
R1-distill,Qwen3.5-4B,aime2026,consistent_error,Qwen3.5-4B|aime2026|AIME2026/25|g26,1
R1-distill,Qwen3.5-4B,aime2026,consistent_error,Qwen3.5-4B|aime2026|AIME2026/25|g30,1
R1-distill,Qwen3.5-4B,aime2026,consistent_error,Qwen3.5-4B|aime2026|AIME2026/25|g44,1
R1-distill,Qwen3.5-4B,aime2026,consistent_error,Qwen3.5-4B|aime2026|AIME2026/26|g14,1
R1-distill,Qwen3.5-4B,aime2026,consistent_error,Qwen3.5-4B|aime2026|AIME2026/26|g30,1
R1-distill,Qwen3.5-4B,aime2026,consistent_error,Qwen3.5-4B|aime2026|AIME2026/26|g49,1
R1-distill,Qwen3.5-4B,aime2026,consistent_error,Qwen3.5-4B|aime2026|AIME2026/26|g58,1
R1-distill,Qwen3.5-4B,aime2026,consistent_error,Qwen3.5-4B|aime2026|AIME2026/27|g2,1
R1-distill,Qwen3.5-4B,aime2026,consistent_error,Qwen3.5-4B|aime2026|AIME2026/27|g35,1
R1-distill,Qwen3.5-4B,aime2026,consistent_error,Qwen3.5-4B|aime2026|AIME2026/27|g55,1
R1-distill,Qwen3.5-4B,aime2026,consistent_error,Qwen3.5-4B|aime2026|AIME2026/28|g29,0
R1-distill,Qwen3.5-4B,aime2026,consistent_error,Qwen3.5-4B|aime2026|AIME2026/28|g45,1
R1-distill,Qwen3.5-4B,aime2026,consistent_error,Qwen3.5-4B|aime2026|AIME2026/28|g52,0
R1-distill,Qwen3.5-4B,aime2026,consistent_error,Qwen3.5-4B|aime2026|AIME2026/29|g29,1
R1-distill,Qwen3.5-4B,aime2026,consistent_error,Qwen3.5-4B|aime2026|AIME2026/29|g50,1
R1-distill,Qwen3.5-4B,aime2026,consistent_error,Qwen3.5-4B|aime2026|AIME2026/29|g59,0
R1-distill,Qwen3.5-4B,aime2026,consistent_error,Qwen3.5-4B|aime2026|AIME2026/2|g20,1
R1-distill,Qwen3.5-4B,aime2026,consistent_error,Qwen3.5-4B|aime2026|AIME2026/2|g26,1
R1-distill,Qwen3.5-4B,aime2026,consistent_error,Qwen3.5-4B|aime2026|AIME2026/2|g59,1
R1-distill,Qwen3.5-4B,aime2026,consistent_error,Qwen3.5-4B|aime2026|AIME2026/30|g4,0
R1-distill,Qwen3.5-4B,aime2026,consistent_error,Qwen3.5-4B|aime2026|AIME2026/30|g50,1
R1-distill,Qwen3.5-4B,aime2026,consistent_error,Qwen3.5-4B|aime2026|AIME2026/3|g13,1
R1-distill,Qwen3.5-4B,aime2026,consistent_error,Qwen3.5-4B|aime2026|AIME2026/4|g12,1
R1-distill,Qwen3.5-4B,aime2026,consistent_error,Qwen3.5-4B|aime2026|AIME2026/4|g32,1
R1-distill,Qwen3.5-4B,aime2026,consistent_error,Qwen3.5-4B|aime2026|AIME2026/4|g7,1
R1-distill,Qwen3.5-4B,aime2026,consistent_error,Qwen3.5-4B|aime2026|AIME2026/5|g22,1
R1-distill,Qwen3.5-4B,aime2026,consistent_error,Qwen3.5-4B|aime2026|AIME2026/5|g35,1
R1-distill,Qwen3.5-4B,aime2026,consistent_error,Qwen3.5-4B|aime2026|AIME2026/5|g5,1
R1-distill,Qwen3.5-4B,aime2026,consistent_error,Qwen3.5-4B|aime2026|AIME2026/6|g49,1
R1-distill,Qwen3.5-4B,aime2026,consistent_error,Qwen3.5-4B|aime2026|AIME2026/6|g52,1
R1-distill,Qwen3.5-4B,aime2026,consistent_error,Qwen3.5-4B|aime2026|AIME2026/6|g56,1
R1-distill,Qwen3.5-4B,aime2026,consistent_error,Qwen3.5-4B|aime2026|AIME2026/7|g25,1
R1-distill,Qwen3.5-4B,aime2026,consistent_error,Qwen3.5-4B|aime2026|AIME2026/7|g3,0
R1-distill,Qwen3.5-4B,aime2026,consistent_error,Qwen3.5-4B|aime2026|AIME2026/7|g45,1
R1-distill,Qwen3.5-4B,aime2026,consistent_error,Qwen3.5-4B|aime2026|AIME2026/7|g60,1
R1-distill,Qwen3.5-4B,aime2026,consistent_error,Qwen3.5-4B|aime2026|AIME2026/9|g31,1
R1-distill,Qwen3.5-4B,aime2026,consistent_error,Qwen3.5-4B|aime2026|AIME2026/9|g49,1
R1-distill,Qwen3.5-4B,aime2026,intermediate_error,Qwen3.5-4B|aime2026|AIME2026/10|g18,1
R1-distill,Qwen3.5-4B,aime2026,intermediate_error,Qwen3.5-4B|aime2026|AIME2026/10|g2,1
R1-distill,Qwen3.5-4B,aime2026,intermediate_error,Qwen3.5-4B|aime2026|AIME2026/12|g30,1
R1-distill,Qwen3.5-4B,aime2026,intermediate_error,Qwen3.5-4B|aime2026|AIME2026/12|g54,1
R1-distill,Qwen3.5-4B,aime2026,intermediate_error,Qwen3.5-4B|aime2026|AIME2026/13|g21,1
R1-distill,Qwen3.5-4B,aime2026,intermediate_error,Qwen3.5-4B|aime2026|AIME2026/13|g44,1
R1-distill,Qwen3.5-4B,aime2026,intermediate_error,Qwen3.5-4B|aime2026|AIME2026/13|g51,1
R1-distill,Qwen3.5-4B,aime2026,intermediate_error,Qwen3.5-4B|aime2026|AIME2026/14|g30,1
R1-distill,Qwen3.5-4B,aime2026,intermediate_error,Qwen3.5-4B|aime2026|AIME2026/14|g48,1
R1-distill,Qwen3.5-4B,aime2026,intermediate_error,Qwen3.5-4B|aime2026|AIME2026/14|g63,1
R1-distill,Qwen3.5-4B,aime2026,intermediate_error,Qwen3.5-4B|aime2026|AIME2026/16|g49,1
R1-distill,Qwen3.5-4B,aime2026,intermediate_error,Qwen3.5-4B|aime2026|AIME2026/18|g22,1
R1-distill,Qwen3.5-4B,aime2026,intermediate_error,Qwen3.5-4B|aime2026|AIME2026/18|g23,0
R1-distill,Qwen3.5-4B,aime2026,intermediate_error,Qwen3.5-4B|aime2026|AIME2026/18|g62,1
R1-distill,Qwen3.5-4B,aime2026,intermediate_error,Qwen3.5-4B|aime2026|AIME2026/19|g26,1
R1-distill,Qwen3.5-4B,aime2026,intermediate_error,Qwen3.5-4B|aime2026|AIME2026/19|g54,0
R1-distill,Qwen3.5-4B,aime2026,intermediate_error,Qwen3.5-4B|aime2026|AIME2026/1|g15,1
R1-distill,Qwen3.5-4B,aime2026,intermediate_error,Qwen3.5-4B|aime2026|AIME2026/1|g28,1
R1-distill,Qwen3.5-4B,aime2026,intermediate_error,Qwen3.5-4B|aime2026|AIME2026/1|g42,0
R1-distill,Qwen3.5-4B,aime2026,intermediate_error,Qwen3.5-4B|aime2026|AIME2026/20|g18,1
R1-distill,Qwen3.5-4B,aime2026,intermediate_error,Qwen3.5-4B|aime2026|AIME2026/20|g21,1
R1-distill,Qwen3.5-4B,aime2026,intermediate_error,Qwen3.5-4B|aime2026|AIME2026/20|g34,0
R1-distill,Qwen3.5-4B,aime2026,intermediate_error,Qwen3.5-4B|aime2026|AIME2026/20|g53,1
R1-distill,Qwen3.5-4B,aime2026,intermediate_error,Qwen3.5-4B|aime2026|AIME2026/21|g0,1
R1-distill,Qwen3.5-4B,aime2026,intermediate_error,Qwen3.5-4B|aime2026|AIME2026/21|g11,1
R1-distill,Qwen3.5-4B,aime2026,intermediate_error,Qwen3.5-4B|aime2026|AIME2026/21|g38,1
R1-distill,Qwen3.5-4B,aime2026,intermediate_error,Qwen3.5-4B|aime2026|AIME2026/21|g52,1
R1-distill,Qwen3.5-4B,aime2026,intermediate_error,Qwen3.5-4B|aime2026|AIME2026/22|g18,1
R1-distill,Qwen3.5-4B,aime2026,intermediate_error,Qwen3.5-4B|aime2026|AIME2026/22|g22,1
R1-distill,Qwen3.5-4B,aime2026,intermediate_error,Qwen3.5-4B|aime2026|AIME2026/22|g31,1
R1-distill,Qwen3.5-4B,aime2026,intermediate_error,Qwen3.5-4B|aime2026|AIME2026/24|g19,1
R1-distill,Qwen3.5-4B,aime2026,intermediate_error,Qwen3.5-4B|aime2026|AIME2026/24|g20,1
R1-distill,Qwen3.5-4B,aime2026,intermediate_error,Qwen3.5-4B|aime2026|AIME2026/24|g24,1
R1-distill,Qwen3.5-4B,aime2026,intermediate_error,Qwen3.5-4B|aime2026|AIME2026/24|g46,1
R1-distill,Qwen3.5-4B,aime2026,intermediate_error,Qwen3.5-4B|aime2026|AIME2026/25|g14,1
R1-distill,Qwen3.5-4B,aime2026,intermediate_error,Qwen3.5-4B|aime2026|AIME2026/25|g26,1
R1-distill,Qwen3.5-4B,aime2026,intermediate_error,Qwen3.5-4B|aime2026|AIME2026/25|g30,1
R1-distill,Qwen3.5-4B,aime2026,intermediate_error,Qwen3.5-4B|aime2026|AIME2026/25|g44,1
R1-distill,Qwen3.5-4B,aime2026,intermediate_error,Qwen3.5-4B|aime2026|AIME2026/26|g14,1
R1-distill,Qwen3.5-4B,aime2026,intermediate_error,Qwen3.5-4B|aime2026|AIME2026/26|g30,1
R1-distill,Qwen3.5-4B,aime2026,intermediate_error,Qwen3.5-4B|aime2026|AIME2026/26|g49,1
R1-distill,Qwen3.5-4B,aime2026,intermediate_error,Qwen3.5-4B|aime2026|AIME2026/26|g58,1
R1-distill,Qwen3.5-4B,aime2026,intermediate_error,Qwen3.5-4B|aime2026|AIME2026/27|g2,1
R1-distill,Qwen3.5-4B,aime2026,intermediate_error,Qwen3.5-4B|aime2026|AIME2026/27|g35,1
R1-distill,Qwen3.5-4B,aime2026,intermediate_error,Qwen3.5-4B|aime2026|AIME2026/27|g55,1
R1-distill,Qwen3.5-4B,aime2026,intermediate_error,Qwen3.5-4B|aime2026|AIME2026/28|g29,1
R1-distill,Qwen3.5-4B,aime2026,intermediate_error,Qwen3.5-4B|aime2026|AIME2026/28|g45,1
R1-distill,Qwen3.5-4B,aime2026,intermediate_error,Qwen3.5-4B|aime2026|AIME2026/28|g52,1
R1-distill,Qwen3.5-4B,aime2026,intermediate_error,Qwen3.5-4B|aime2026|AIME2026/29|g29,1
R1-distill,Qwen3.5-4B,aime2026,intermediate_error,Qwen3.5-4B|aime2026|AIME2026/29|g50,1
R1-distill,Qwen3.5-4B,aime2026,intermediate_error,Qwen3.5-4B|aime2026|AIME2026/29|g59,1
R1-distill,Qwen3.5-4B,aime2026,intermediate_error,Qwen3.5-4B|aime2026|AIME2026/2|g20,1
R1-distill,Qwen3.5-4B,aime2026,intermediate_error,Qwen3.5-4B|aime2026|AIME2026/2|g26,1
R1-distill,Qwen3.5-4B,aime2026,intermediate_error,Qwen3.5-4B|aime2026|AIME2026/2|g59,1
R1-distill,Qwen3.5-4B,aime2026,intermediate_error,Qwen3.5-4B|aime2026|AIME2026/30|g4,1
R1-distill,Qwen3.5-4B,aime2026,intermediate_error,Qwen3.5-4B|aime2026|AIME2026/30|g50,1
R1-distill,Qwen3.5-4B,aime2026,intermediate_error,Qwen3.5-4B|aime2026|AIME2026/3|g13,1
R1-distill,Qwen3.5-4B,aime2026,intermediate_error,Qwen3.5-4B|aime2026|AIME2026/4|g12,0
R1-distill,Qwen3.5-4B,aime2026,intermediate_error,Qwen3.5-4B|aime2026|AIME2026/4|g32,1
R1-distill,Qwen3.5-4B,aime2026,intermediate_error,Qwen3.5-4B|aime2026|AIME2026/4|g7,1
R1-distill,Qwen3.5-4B,aime2026,intermediate_error,Qwen3.5-4B|aime2026|AIME2026/5|g22,1
R1-distill,Qwen3.5-4B,aime2026,intermediate_error,Qwen3.5-4B|aime2026|AIME2026/5|g35,1
R1-distill,Qwen3.5-4B,aime2026,intermediate_error,Qwen3.5-4B|aime2026|AIME2026/5|g5,1
R1-distill,Qwen3.5-4B,aime2026,intermediate_error,Qwen3.5-4B|aime2026|AIME2026/6|g49,1
R1-distill,Qwen3.5-4B,aime2026,intermediate_error,Qwen3.5-4B|aime2026|AIME2026/6|g52,1
R1-distill,Qwen3.5-4B,aime2026,intermediate_error,Qwen3.5-4B|aime2026|AIME2026/6|g56,1
R1-distill,Qwen3.5-4B,aime2026,intermediate_error,Qwen3.5-4B|aime2026|AIME2026/7|g25,1
R1-distill,Qwen3.5-4B,aime2026,intermediate_error,Qwen3.5-4B|aime2026|AIME2026/7|g3,1
R1-distill,Qwen3.5-4B,aime2026,intermediate_error,Qwen3.5-4B|aime2026|AIME2026/7|g45,0
R1-distill,Qwen3.5-4B,aime2026,intermediate_error,Qwen3.5-4B|aime2026|AIME2026/7|g60,1
R1-distill,Qwen3.5-4B,aime2026,intermediate_error,Qwen3.5-4B|aime2026|AIME2026/9|g31,1
R1-distill,Qwen3.5-4B,aime2026,intermediate_error,Qwen3.5-4B|aime2026|AIME2026/9|g49,1
R1-distill,Qwen3.5-4B,aime2026,truncated,Qwen3.5-4B|aime2026|AIME2026/10|g18,0
R1-distill,Qwen3.5-4B,aime2026,truncated,Qwen3.5-4B|aime2026|AIME2026/10|g2,0
R1-distill,Qwen3.5-4B,aime2026,truncated,Qwen3.5-4B|aime2026|AIME2026/12|g30,1
R1-distill,Qwen3.5-4B,aime2026,truncated,Qwen3.5-4B|aime2026|AIME2026/12|g54,1
R1-distill,Qwen3.5-4B,aime2026,truncated,Qwen3.5-4B|aime2026|AIME2026/13|g21,1
R1-distill,Qwen3.5-4B,aime2026,truncated,Qwen3.5-4B|aime2026|AIME2026/13|g44,1
R1-distill,Qwen3.5-4B,aime2026,truncated,Qwen3.5-4B|aime2026|AIME2026/13|g51,1
R1-distill,Qwen3.5-4B,aime2026,truncated,Qwen3.5-4B|aime2026|AIME2026/14|g30,1
R1-distill,Qwen3.5-4B,aime2026,truncated,Qwen3.5-4B|aime2026|AIME2026/14|g48,0
R1-distill,Qwen3.5-4B,aime2026,truncated,Qwen3.5-4B|aime2026|AIME2026/14|g63,1
R1-distill,Qwen3.5-4B,aime2026,truncated,Qwen3.5-4B|aime2026|AIME2026/16|g49,1
R1-distill,Qwen3.5-4B,aime2026,truncated,Qwen3.5-4B|aime2026|AIME2026/18|g22,1
R1-distill,Qwen3.5-4B,aime2026,truncated,Qwen3.5-4B|aime2026|AIME2026/18|g23,1
R1-distill,Qwen3.5-4B,aime2026,truncated,Qwen3.5-4B|aime2026|AIME2026/18|g62,1
R1-distill,Qwen3.5-4B,aime2026,truncated,Qwen3.5-4B|aime2026|AIME2026/19|g26,1
R1-distill,Qwen3.5-4B,aime2026,truncated,Qwen3.5-4B|aime2026|AIME2026/19|g54,1
R1-distill,Qwen3.5-4B,aime2026,truncated,Qwen3.5-4B|aime2026|AIME2026/1|g15,1
R1-distill,Qwen3.5-4B,aime2026,truncated,Qwen3.5-4B|aime2026|AIME2026/1|g28,1
R1-distill,Qwen3.5-4B,aime2026,truncated,Qwen3.5-4B|aime2026|AIME2026/1|g42,1
R1-distill,Qwen3.5-4B,aime2026,truncated,Qwen3.5-4B|aime2026|AIME2026/20|g18,1
R1-distill,Qwen3.5-4B,aime2026,truncated,Qwen3.5-4B|aime2026|AIME2026/20|g21,1
R1-distill,Qwen3.5-4B,aime2026,truncated,Qwen3.5-4B|aime2026|AIME2026/20|g34,1
R1-distill,Qwen3.5-4B,aime2026,truncated,Qwen3.5-4B|aime2026|AIME2026/20|g53,1
R1-distill,Qwen3.5-4B,aime2026,truncated,Qwen3.5-4B|aime2026|AIME2026/21|g0,1
R1-distill,Qwen3.5-4B,aime2026,truncated,Qwen3.5-4B|aime2026|AIME2026/21|g11,1
R1-distill,Qwen3.5-4B,aime2026,truncated,Qwen3.5-4B|aime2026|AIME2026/21|g38,1
R1-distill,Qwen3.5-4B,aime2026,truncated,Qwen3.5-4B|aime2026|AIME2026/21|g52,1
R1-distill,Qwen3.5-4B,aime2026,truncated,Qwen3.5-4B|aime2026|AIME2026/22|g18,1
R1-distill,Qwen3.5-4B,aime2026,truncated,Qwen3.5-4B|aime2026|AIME2026/22|g22,1
R1-distill,Qwen3.5-4B,aime2026,truncated,Qwen3.5-4B|aime2026|AIME2026/22|g31,1
R1-distill,Qwen3.5-4B,aime2026,truncated,Qwen3.5-4B|aime2026|AIME2026/24|g19,1
R1-distill,Qwen3.5-4B,aime2026,truncated,Qwen3.5-4B|aime2026|AIME2026/24|g20,1
R1-distill,Qwen3.5-4B,aime2026,truncated,Qwen3.5-4B|aime2026|AIME2026/24|g24,1
R1-distill,Qwen3.5-4B,aime2026,truncated,Qwen3.5-4B|aime2026|AIME2026/24|g46,1
R1-distill,Qwen3.5-4B,aime2026,truncated,Qwen3.5-4B|aime2026|AIME2026/25|g14,1
R1-distill,Qwen3.5-4B,aime2026,truncated,Qwen3.5-4B|aime2026|AIME2026/25|g26,1
R1-distill,Qwen3.5-4B,aime2026,truncated,Qwen3.5-4B|aime2026|AIME2026/25|g30,1
R1-distill,Qwen3.5-4B,aime2026,truncated,Qwen3.5-4B|aime2026|AIME2026/25|g44,1
R1-distill,Qwen3.5-4B,aime2026,truncated,Qwen3.5-4B|aime2026|AIME2026/26|g14,1
R1-distill,Qwen3.5-4B,aime2026,truncated,Qwen3.5-4B|aime2026|AIME2026/26|g30,0
R1-distill,Qwen3.5-4B,aime2026,truncated,Qwen3.5-4B|aime2026|AIME2026/26|g49,1
R1-distill,Qwen3.5-4B,aime2026,truncated,Qwen3.5-4B|aime2026|AIME2026/26|g58,1
R1-distill,Qwen3.5-4B,aime2026,truncated,Qwen3.5-4B|aime2026|AIME2026/27|g2,1
R1-distill,Qwen3.5-4B,aime2026,truncated,Qwen3.5-4B|aime2026|AIME2026/27|g35,1
R1-distill,Qwen3.5-4B,aime2026,truncated,Qwen3.5-4B|aime2026|AIME2026/27|g55,1
R1-distill,Qwen3.5-4B,aime2026,truncated,Qwen3.5-4B|aime2026|AIME2026/28|g29,0
R1-distill,Qwen3.5-4B,aime2026,truncated,Qwen3.5-4B|aime2026|AIME2026/28|g45,1
R1-distill,Qwen3.5-4B,aime2026,truncated,Qwen3.5-4B|aime2026|AIME2026/28|g52,1
R1-distill,Qwen3.5-4B,aime2026,truncated,Qwen3.5-4B|aime2026|AIME2026/29|g29,0
R1-distill,Qwen3.5-4B,aime2026,truncated,Qwen3.5-4B|aime2026|AIME2026/29|g50,0
R1-distill,Qwen3.5-4B,aime2026,truncated,Qwen3.5-4B|aime2026|AIME2026/29|g59,1
R1-distill,Qwen3.5-4B,aime2026,truncated,Qwen3.5-4B|aime2026|AIME2026/2|g20,1
R1-distill,Qwen3.5-4B,aime2026,truncated,Qwen3.5-4B|aime2026|AIME2026/2|g26,1
R1-distill,Qwen3.5-4B,aime2026,truncated,Qwen3.5-4B|aime2026|AIME2026/2|g59,1
R1-distill,Qwen3.5-4B,aime2026,truncated,Qwen3.5-4B|aime2026|AIME2026/30|g4,1
R1-distill,Qwen3.5-4B,aime2026,truncated,Qwen3.5-4B|aime2026|AIME2026/30|g50,1
R1-distill,Qwen3.5-4B,aime2026,truncated,Qwen3.5-4B|aime2026|AIME2026/3|g13,1
R1-distill,Qwen3.5-4B,aime2026,truncated,Qwen3.5-4B|aime2026|AIME2026/4|g12,1
R1-distill,Qwen3.5-4B,aime2026,truncated,Qwen3.5-4B|aime2026|AIME2026/4|g32,1
R1-distill,Qwen3.5-4B,aime2026,truncated,Qwen3.5-4B|aime2026|AIME2026/4|g7,1
R1-distill,Qwen3.5-4B,aime2026,truncated,Qwen3.5-4B|aime2026|AIME2026/5|g22,1
R1-distill,Qwen3.5-4B,aime2026,truncated,Qwen3.5-4B|aime2026|AIME2026/5|g35,1
R1-distill,Qwen3.5-4B,aime2026,truncated,Qwen3.5-4B|aime2026|AIME2026/5|g5,1
R1-distill,Qwen3.5-4B,aime2026,truncated,Qwen3.5-4B|aime2026|AIME2026/6|g49,1
R1-distill,Qwen3.5-4B,aime2026,truncated,Qwen3.5-4B|aime2026|AIME2026/6|g52,1
R1-distill,Qwen3.5-4B,aime2026,truncated,Qwen3.5-4B|aime2026|AIME2026/6|g56,1
R1-distill,Qwen3.5-4B,aime2026,truncated,Qwen3.5-4B|aime2026|AIME2026/7|g25,1
R1-distill,Qwen3.5-4B,aime2026,truncated,Qwen3.5-4B|aime2026|AIME2026/7|g3,1
R1-distill,Qwen3.5-4B,aime2026,truncated,Qwen3.5-4B|aime2026|AIME2026/7|g45,1
R1-distill,Qwen3.5-4B,aime2026,truncated,Qwen3.5-4B|aime2026|AIME2026/7|g60,1
R1-distill,Qwen3.5-4B,aime2026,truncated,Qwen3.5-4B|aime2026|AIME2026/9|g31,1
R1-distill,Qwen3.5-4B,aime2026,truncated,Qwen3.5-4B|aime2026|AIME2026/9|g49,1
R1-distill,Qwen3.5-4B,aime2026_pt,boxed_only,Qwen3.5-4B|aime2026_pt|AIME2026-PT/10|g45,1
R1-distill,Qwen3.5-4B,aime2026_pt,boxed_only,Qwen3.5-4B|aime2026_pt|AIME2026-PT/12|g23,1
R1-distill,Qwen3.5-4B,aime2026_pt,boxed_only,Qwen3.5-4B|aime2026_pt|AIME2026-PT/12|g4,0
R1-distill,Qwen3.5-4B,aime2026_pt,boxed_only,Qwen3.5-4B|aime2026_pt|AIME2026-PT/13|g29,1
R1-distill,Qwen3.5-4B,aime2026_pt,boxed_only,Qwen3.5-4B|aime2026_pt|AIME2026-PT/13|g40,1
R1-distill,Qwen3.5-4B,aime2026_pt,boxed_only,Qwen3.5-4B|aime2026_pt|AIME2026-PT/14|g13,1
R1-distill,Qwen3.5-4B,aime2026_pt,boxed_only,Qwen3.5-4B|aime2026_pt|AIME2026-PT/14|g15,0
R1-distill,Qwen3.5-4B,aime2026_pt,boxed_only,Qwen3.5-4B|aime2026_pt|AIME2026-PT/14|g9,1
R1-distill,Qwen3.5-4B,aime2026_pt,boxed_only,Qwen3.5-4B|aime2026_pt|AIME2026-PT/16|g12,1
R1-distill,Qwen3.5-4B,aime2026_pt,boxed_only,Qwen3.5-4B|aime2026_pt|AIME2026-PT/16|g43,1
R1-distill,Qwen3.5-4B,aime2026_pt,boxed_only,Qwen3.5-4B|aime2026_pt|AIME2026-PT/17|g41,0
R1-distill,Qwen3.5-4B,aime2026_pt,boxed_only,Qwen3.5-4B|aime2026_pt|AIME2026-PT/17|g54,1
R1-distill,Qwen3.5-4B,aime2026_pt,boxed_only,Qwen3.5-4B|aime2026_pt|AIME2026-PT/18|g26,0
R1-distill,Qwen3.5-4B,aime2026_pt,boxed_only,Qwen3.5-4B|aime2026_pt|AIME2026-PT/18|g40,1
R1-distill,Qwen3.5-4B,aime2026_pt,boxed_only,Qwen3.5-4B|aime2026_pt|AIME2026-PT/18|g47,1
R1-distill,Qwen3.5-4B,aime2026_pt,boxed_only,Qwen3.5-4B|aime2026_pt|AIME2026-PT/19|g45,0
R1-distill,Qwen3.5-4B,aime2026_pt,boxed_only,Qwen3.5-4B|aime2026_pt|AIME2026-PT/19|g46,1
R1-distill,Qwen3.5-4B,aime2026_pt,boxed_only,Qwen3.5-4B|aime2026_pt|AIME2026-PT/19|g53,1
R1-distill,Qwen3.5-4B,aime2026_pt,boxed_only,Qwen3.5-4B|aime2026_pt|AIME2026-PT/19|g54,0
R1-distill,Qwen3.5-4B,aime2026_pt,boxed_only,Qwen3.5-4B|aime2026_pt|AIME2026-PT/1|g33,1
R1-distill,Qwen3.5-4B,aime2026_pt,boxed_only,Qwen3.5-4B|aime2026_pt|AIME2026-PT/1|g42,1
R1-distill,Qwen3.5-4B,aime2026_pt,boxed_only,Qwen3.5-4B|aime2026_pt|AIME2026-PT/1|g58,0
R1-distill,Qwen3.5-4B,aime2026_pt,boxed_only,Qwen3.5-4B|aime2026_pt|AIME2026-PT/20|g21,0
R1-distill,Qwen3.5-4B,aime2026_pt,boxed_only,Qwen3.5-4B|aime2026_pt|AIME2026-PT/20|g22,0
R1-distill,Qwen3.5-4B,aime2026_pt,boxed_only,Qwen3.5-4B|aime2026_pt|AIME2026-PT/22|g42,1
R1-distill,Qwen3.5-4B,aime2026_pt,boxed_only,Qwen3.5-4B|aime2026_pt|AIME2026-PT/22|g55,1
R1-distill,Qwen3.5-4B,aime2026_pt,boxed_only,Qwen3.5-4B|aime2026_pt|AIME2026-PT/22|g57,1
R1-distill,Qwen3.5-4B,aime2026_pt,boxed_only,Qwen3.5-4B|aime2026_pt|AIME2026-PT/23|g20,1
R1-distill,Qwen3.5-4B,aime2026_pt,boxed_only,Qwen3.5-4B|aime2026_pt|AIME2026-PT/24|g11,0
R1-distill,Qwen3.5-4B,aime2026_pt,boxed_only,Qwen3.5-4B|aime2026_pt|AIME2026-PT/24|g22,0
R1-distill,Qwen3.5-4B,aime2026_pt,boxed_only,Qwen3.5-4B|aime2026_pt|AIME2026-PT/24|g63,0
R1-distill,Qwen3.5-4B,aime2026_pt,boxed_only,Qwen3.5-4B|aime2026_pt|AIME2026-PT/25|g17,1
R1-distill,Qwen3.5-4B,aime2026_pt,boxed_only,Qwen3.5-4B|aime2026_pt|AIME2026-PT/25|g18,1
R1-distill,Qwen3.5-4B,aime2026_pt,boxed_only,Qwen3.5-4B|aime2026_pt|AIME2026-PT/25|g37,1
R1-distill,Qwen3.5-4B,aime2026_pt,boxed_only,Qwen3.5-4B|aime2026_pt|AIME2026-PT/25|g6,0
R1-distill,Qwen3.5-4B,aime2026_pt,boxed_only,Qwen3.5-4B|aime2026_pt|AIME2026-PT/25|g9,1
R1-distill,Qwen3.5-4B,aime2026_pt,boxed_only,Qwen3.5-4B|aime2026_pt|AIME2026-PT/26|g1,1
R1-distill,Qwen3.5-4B,aime2026_pt,boxed_only,Qwen3.5-4B|aime2026_pt|AIME2026-PT/26|g35,0
R1-distill,Qwen3.5-4B,aime2026_pt,boxed_only,Qwen3.5-4B|aime2026_pt|AIME2026-PT/27|g35,1
R1-distill,Qwen3.5-4B,aime2026_pt,boxed_only,Qwen3.5-4B|aime2026_pt|AIME2026-PT/27|g9,1
R1-distill,Qwen3.5-4B,aime2026_pt,boxed_only,Qwen3.5-4B|aime2026_pt|AIME2026-PT/28|g32,0
R1-distill,Qwen3.5-4B,aime2026_pt,boxed_only,Qwen3.5-4B|aime2026_pt|AIME2026-PT/28|g4,0
R1-distill,Qwen3.5-4B,aime2026_pt,boxed_only,Qwen3.5-4B|aime2026_pt|AIME2026-PT/28|g42,1
R1-distill,Qwen3.5-4B,aime2026_pt,boxed_only,Qwen3.5-4B|aime2026_pt|AIME2026-PT/28|g43,1
R1-distill,Qwen3.5-4B,aime2026_pt,boxed_only,Qwen3.5-4B|aime2026_pt|AIME2026-PT/28|g46,0
R1-distill,Qwen3.5-4B,aime2026_pt,boxed_only,Qwen3.5-4B|aime2026_pt|AIME2026-PT/29|g17,0
R1-distill,Qwen3.5-4B,aime2026_pt,boxed_only,Qwen3.5-4B|aime2026_pt|AIME2026-PT/2|g17,1
R1-distill,Qwen3.5-4B,aime2026_pt,boxed_only,Qwen3.5-4B|aime2026_pt|AIME2026-PT/2|g25,1
R1-distill,Qwen3.5-4B,aime2026_pt,boxed_only,Qwen3.5-4B|aime2026_pt|AIME2026-PT/2|g55,1
R1-distill,Qwen3.5-4B,aime2026_pt,boxed_only,Qwen3.5-4B|aime2026_pt|AIME2026-PT/3|g23,1
R1-distill,Qwen3.5-4B,aime2026_pt,boxed_only,Qwen3.5-4B|aime2026_pt|AIME2026-PT/3|g34,1
R1-distill,Qwen3.5-4B,aime2026_pt,boxed_only,Qwen3.5-4B|aime2026_pt|AIME2026-PT/3|g42,1
R1-distill,Qwen3.5-4B,aime2026_pt,boxed_only,Qwen3.5-4B|aime2026_pt|AIME2026-PT/3|g46,1
R1-distill,Qwen3.5-4B,aime2026_pt,boxed_only,Qwen3.5-4B|aime2026_pt|AIME2026-PT/4|g21,1
R1-distill,Qwen3.5-4B,aime2026_pt,boxed_only,Qwen3.5-4B|aime2026_pt|AIME2026-PT/4|g22,1
R1-distill,Qwen3.5-4B,aime2026_pt,boxed_only,Qwen3.5-4B|aime2026_pt|AIME2026-PT/4|g4,0
R1-distill,Qwen3.5-4B,aime2026_pt,boxed_only,Qwen3.5-4B|aime2026_pt|AIME2026-PT/4|g58,1
R1-distill,Qwen3.5-4B,aime2026_pt,boxed_only,Qwen3.5-4B|aime2026_pt|AIME2026-PT/5|g11,1
R1-distill,Qwen3.5-4B,aime2026_pt,boxed_only,Qwen3.5-4B|aime2026_pt|AIME2026-PT/5|g15,0
R1-distill,Qwen3.5-4B,aime2026_pt,boxed_only,Qwen3.5-4B|aime2026_pt|AIME2026-PT/6|g0,0
R1-distill,Qwen3.5-4B,aime2026_pt,boxed_only,Qwen3.5-4B|aime2026_pt|AIME2026-PT/6|g1,0
R1-distill,Qwen3.5-4B,aime2026_pt,boxed_only,Qwen3.5-4B|aime2026_pt|AIME2026-PT/6|g57,0
R1-distill,Qwen3.5-4B,aime2026_pt,boxed_only,Qwen3.5-4B|aime2026_pt|AIME2026-PT/6|g60,0
R1-distill,Qwen3.5-4B,aime2026_pt,boxed_only,Qwen3.5-4B|aime2026_pt|AIME2026-PT/7|g11,0
R1-distill,Qwen3.5-4B,aime2026_pt,boxed_only,Qwen3.5-4B|aime2026_pt|AIME2026-PT/7|g13,1
R1-distill,Qwen3.5-4B,aime2026_pt,boxed_only,Qwen3.5-4B|aime2026_pt|AIME2026-PT/7|g19,0
R1-distill,Qwen3.5-4B,aime2026_pt,boxed_only,Qwen3.5-4B|aime2026_pt|AIME2026-PT/7|g21,1
R1-distill,Qwen3.5-4B,aime2026_pt,boxed_only,Qwen3.5-4B|aime2026_pt|AIME2026-PT/7|g28,1
R1-distill,Qwen3.5-4B,aime2026_pt,boxed_only,Qwen3.5-4B|aime2026_pt|AIME2026-PT/7|g58,0
R1-distill,Qwen3.5-4B,aime2026_pt,boxed_only,Qwen3.5-4B|aime2026_pt|AIME2026-PT/9|g14,1
R1-distill,Qwen3.5-4B,aime2026_pt,boxed_only,Qwen3.5-4B|aime2026_pt|AIME2026-PT/9|g51,1
R1-distill,Qwen3.5-4B,aime2026_pt,boxed_only,Qwen3.5-4B|aime2026_pt|AIME2026-PT/9|g63,1
R1-distill,Qwen3.5-4B,aime2026_pt,clean,Qwen3.5-4B|aime2026_pt|AIME2026-PT/10|g45,1
R1-distill,Qwen3.5-4B,aime2026_pt,clean,Qwen3.5-4B|aime2026_pt|AIME2026-PT/12|g23,1
R1-distill,Qwen3.5-4B,aime2026_pt,clean,Qwen3.5-4B|aime2026_pt|AIME2026-PT/12|g4,1
R1-distill,Qwen3.5-4B,aime2026_pt,clean,Qwen3.5-4B|aime2026_pt|AIME2026-PT/13|g29,1
R1-distill,Qwen3.5-4B,aime2026_pt,clean,Qwen3.5-4B|aime2026_pt|AIME2026-PT/13|g40,0
R1-distill,Qwen3.5-4B,aime2026_pt,clean,Qwen3.5-4B|aime2026_pt|AIME2026-PT/14|g13,1
R1-distill,Qwen3.5-4B,aime2026_pt,clean,Qwen3.5-4B|aime2026_pt|AIME2026-PT/14|g15,1
R1-distill,Qwen3.5-4B,aime2026_pt,clean,Qwen3.5-4B|aime2026_pt|AIME2026-PT/14|g9,1
R1-distill,Qwen3.5-4B,aime2026_pt,clean,Qwen3.5-4B|aime2026_pt|AIME2026-PT/16|g12,1
R1-distill,Qwen3.5-4B,aime2026_pt,clean,Qwen3.5-4B|aime2026_pt|AIME2026-PT/16|g43,1
R1-distill,Qwen3.5-4B,aime2026_pt,clean,Qwen3.5-4B|aime2026_pt|AIME2026-PT/17|g41,1
R1-distill,Qwen3.5-4B,aime2026_pt,clean,Qwen3.5-4B|aime2026_pt|AIME2026-PT/17|g54,1
R1-distill,Qwen3.5-4B,aime2026_pt,clean,Qwen3.5-4B|aime2026_pt|AIME2026-PT/18|g26,1
R1-distill,Qwen3.5-4B,aime2026_pt,clean,Qwen3.5-4B|aime2026_pt|AIME2026-PT/18|g40,1
R1-distill,Qwen3.5-4B,aime2026_pt,clean,Qwen3.5-4B|aime2026_pt|AIME2026-PT/18|g47,1
R1-distill,Qwen3.5-4B,aime2026_pt,clean,Qwen3.5-4B|aime2026_pt|AIME2026-PT/19|g45,1
R1-distill,Qwen3.5-4B,aime2026_pt,clean,Qwen3.5-4B|aime2026_pt|AIME2026-PT/19|g46,1
R1-distill,Qwen3.5-4B,aime2026_pt,clean,Qwen3.5-4B|aime2026_pt|AIME2026-PT/19|g53,1
R1-distill,Qwen3.5-4B,aime2026_pt,clean,Qwen3.5-4B|aime2026_pt|AIME2026-PT/19|g54,1
R1-distill,Qwen3.5-4B,aime2026_pt,clean,Qwen3.5-4B|aime2026_pt|AIME2026-PT/1|g33,1
R1-distill,Qwen3.5-4B,aime2026_pt,clean,Qwen3.5-4B|aime2026_pt|AIME2026-PT/1|g42,1
R1-distill,Qwen3.5-4B,aime2026_pt,clean,Qwen3.5-4B|aime2026_pt|AIME2026-PT/1|g58,1
R1-distill,Qwen3.5-4B,aime2026_pt,clean,Qwen3.5-4B|aime2026_pt|AIME2026-PT/20|g21,1
R1-distill,Qwen3.5-4B,aime2026_pt,clean,Qwen3.5-4B|aime2026_pt|AIME2026-PT/20|g22,1
R1-distill,Qwen3.5-4B,aime2026_pt,clean,Qwen3.5-4B|aime2026_pt|AIME2026-PT/22|g42,0
R1-distill,Qwen3.5-4B,aime2026_pt,clean,Qwen3.5-4B|aime2026_pt|AIME2026-PT/22|g55,1
R1-distill,Qwen3.5-4B,aime2026_pt,clean,Qwen3.5-4B|aime2026_pt|AIME2026-PT/22|g57,1
R1-distill,Qwen3.5-4B,aime2026_pt,clean,Qwen3.5-4B|aime2026_pt|AIME2026-PT/23|g20,1
R1-distill,Qwen3.5-4B,aime2026_pt,clean,Qwen3.5-4B|aime2026_pt|AIME2026-PT/24|g11,1
R1-distill,Qwen3.5-4B,aime2026_pt,clean,Qwen3.5-4B|aime2026_pt|AIME2026-PT/24|g22,1
R1-distill,Qwen3.5-4B,aime2026_pt,clean,Qwen3.5-4B|aime2026_pt|AIME2026-PT/24|g63,1
R1-distill,Qwen3.5-4B,aime2026_pt,clean,Qwen3.5-4B|aime2026_pt|AIME2026-PT/25|g17,1
R1-distill,Qwen3.5-4B,aime2026_pt,clean,Qwen3.5-4B|aime2026_pt|AIME2026-PT/25|g18,1
R1-distill,Qwen3.5-4B,aime2026_pt,clean,Qwen3.5-4B|aime2026_pt|AIME2026-PT/25|g37,1
R1-distill,Qwen3.5-4B,aime2026_pt,clean,Qwen3.5-4B|aime2026_pt|AIME2026-PT/25|g6,1
R1-distill,Qwen3.5-4B,aime2026_pt,clean,Qwen3.5-4B|aime2026_pt|AIME2026-PT/25|g9,0
R1-distill,Qwen3.5-4B,aime2026_pt,clean,Qwen3.5-4B|aime2026_pt|AIME2026-PT/26|g1,1
R1-distill,Qwen3.5-4B,aime2026_pt,clean,Qwen3.5-4B|aime2026_pt|AIME2026-PT/26|g35,1
R1-distill,Qwen3.5-4B,aime2026_pt,clean,Qwen3.5-4B|aime2026_pt|AIME2026-PT/27|g35,1
R1-distill,Qwen3.5-4B,aime2026_pt,clean,Qwen3.5-4B|aime2026_pt|AIME2026-PT/27|g9,1
R1-distill,Qwen3.5-4B,aime2026_pt,clean,Qwen3.5-4B|aime2026_pt|AIME2026-PT/28|g32,1
R1-distill,Qwen3.5-4B,aime2026_pt,clean,Qwen3.5-4B|aime2026_pt|AIME2026-PT/28|g4,1
R1-distill,Qwen3.5-4B,aime2026_pt,clean,Qwen3.5-4B|aime2026_pt|AIME2026-PT/28|g42,1
R1-distill,Qwen3.5-4B,aime2026_pt,clean,Qwen3.5-4B|aime2026_pt|AIME2026-PT/28|g43,1
R1-distill,Qwen3.5-4B,aime2026_pt,clean,Qwen3.5-4B|aime2026_pt|AIME2026-PT/28|g46,1
R1-distill,Qwen3.5-4B,aime2026_pt,clean,Qwen3.5-4B|aime2026_pt|AIME2026-PT/29|g17,0
R1-distill,Qwen3.5-4B,aime2026_pt,clean,Qwen3.5-4B|aime2026_pt|AIME2026-PT/2|g17,1
R1-distill,Qwen3.5-4B,aime2026_pt,clean,Qwen3.5-4B|aime2026_pt|AIME2026-PT/2|g25,1
R1-distill,Qwen3.5-4B,aime2026_pt,clean,Qwen3.5-4B|aime2026_pt|AIME2026-PT/2|g55,1
R1-distill,Qwen3.5-4B,aime2026_pt,clean,Qwen3.5-4B|aime2026_pt|AIME2026-PT/3|g23,1
R1-distill,Qwen3.5-4B,aime2026_pt,clean,Qwen3.5-4B|aime2026_pt|AIME2026-PT/3|g34,1
R1-distill,Qwen3.5-4B,aime2026_pt,clean,Qwen3.5-4B|aime2026_pt|AIME2026-PT/3|g42,1
R1-distill,Qwen3.5-4B,aime2026_pt,clean,Qwen3.5-4B|aime2026_pt|AIME2026-PT/3|g46,1
R1-distill,Qwen3.5-4B,aime2026_pt,clean,Qwen3.5-4B|aime2026_pt|AIME2026-PT/4|g21,1
R1-distill,Qwen3.5-4B,aime2026_pt,clean,Qwen3.5-4B|aime2026_pt|AIME2026-PT/4|g22,1
R1-distill,Qwen3.5-4B,aime2026_pt,clean,Qwen3.5-4B|aime2026_pt|AIME2026-PT/4|g4,1
R1-distill,Qwen3.5-4B,aime2026_pt,clean,Qwen3.5-4B|aime2026_pt|AIME2026-PT/4|g58,1
R1-distill,Qwen3.5-4B,aime2026_pt,clean,Qwen3.5-4B|aime2026_pt|AIME2026-PT/5|g11,1
R1-distill,Qwen3.5-4B,aime2026_pt,clean,Qwen3.5-4B|aime2026_pt|AIME2026-PT/5|g15,1
R1-distill,Qwen3.5-4B,aime2026_pt,clean,Qwen3.5-4B|aime2026_pt|AIME2026-PT/6|g0,1
R1-distill,Qwen3.5-4B,aime2026_pt,clean,Qwen3.5-4B|aime2026_pt|AIME2026-PT/6|g1,1
R1-distill,Qwen3.5-4B,aime2026_pt,clean,Qwen3.5-4B|aime2026_pt|AIME2026-PT/6|g57,1
R1-distill,Qwen3.5-4B,aime2026_pt,clean,Qwen3.5-4B|aime2026_pt|AIME2026-PT/6|g60,1
R1-distill,Qwen3.5-4B,aime2026_pt,clean,Qwen3.5-4B|aime2026_pt|AIME2026-PT/7|g11,1
R1-distill,Qwen3.5-4B,aime2026_pt,clean,Qwen3.5-4B|aime2026_pt|AIME2026-PT/7|g13,1
R1-distill,Qwen3.5-4B,aime2026_pt,clean,Qwen3.5-4B|aime2026_pt|AIME2026-PT/7|g19,1
R1-distill,Qwen3.5-4B,aime2026_pt,clean,Qwen3.5-4B|aime2026_pt|AIME2026-PT/7|g21,1
R1-distill,Qwen3.5-4B,aime2026_pt,clean,Qwen3.5-4B|aime2026_pt|AIME2026-PT/7|g28,1
R1-distill,Qwen3.5-4B,aime2026_pt,clean,Qwen3.5-4B|aime2026_pt|AIME2026-PT/7|g58,1
R1-distill,Qwen3.5-4B,aime2026_pt,clean,Qwen3.5-4B|aime2026_pt|AIME2026-PT/9|g14,1
R1-distill,Qwen3.5-4B,aime2026_pt,clean,Qwen3.5-4B|aime2026_pt|AIME2026-PT/9|g51,0
R1-distill,Qwen3.5-4B,aime2026_pt,clean,Qwen3.5-4B|aime2026_pt|AIME2026-PT/9|g63,1
R1-distill,Qwen3.5-4B,aime2026_pt,consistent_error,Qwen3.5-4B|aime2026_pt|AIME2026-PT/10|g45,1
R1-distill,Qwen3.5-4B,aime2026_pt,consistent_error,Qwen3.5-4B|aime2026_pt|AIME2026-PT/12|g23,1
R1-distill,Qwen3.5-4B,aime2026_pt,consistent_error,Qwen3.5-4B|aime2026_pt|AIME2026-PT/12|g4,1
R1-distill,Qwen3.5-4B,aime2026_pt,consistent_error,Qwen3.5-4B|aime2026_pt|AIME2026-PT/13|g29,1
R1-distill,Qwen3.5-4B,aime2026_pt,consistent_error,Qwen3.5-4B|aime2026_pt|AIME2026-PT/13|g40,1
R1-distill,Qwen3.5-4B,aime2026_pt,consistent_error,Qwen3.5-4B|aime2026_pt|AIME2026-PT/14|g13,1
R1-distill,Qwen3.5-4B,aime2026_pt,consistent_error,Qwen3.5-4B|aime2026_pt|AIME2026-PT/14|g15,0
R1-distill,Qwen3.5-4B,aime2026_pt,consistent_error,Qwen3.5-4B|aime2026_pt|AIME2026-PT/14|g9,1
R1-distill,Qwen3.5-4B,aime2026_pt,consistent_error,Qwen3.5-4B|aime2026_pt|AIME2026-PT/16|g12,1
R1-distill,Qwen3.5-4B,aime2026_pt,consistent_error,Qwen3.5-4B|aime2026_pt|AIME2026-PT/16|g43,0
R1-distill,Qwen3.5-4B,aime2026_pt,consistent_error,Qwen3.5-4B|aime2026_pt|AIME2026-PT/17|g41,0
R1-distill,Qwen3.5-4B,aime2026_pt,consistent_error,Qwen3.5-4B|aime2026_pt|AIME2026-PT/17|g54,0
R1-distill,Qwen3.5-4B,aime2026_pt,consistent_error,Qwen3.5-4B|aime2026_pt|AIME2026-PT/18|g26,1
R1-distill,Qwen3.5-4B,aime2026_pt,consistent_error,Qwen3.5-4B|aime2026_pt|AIME2026-PT/18|g40,1
R1-distill,Qwen3.5-4B,aime2026_pt,consistent_error,Qwen3.5-4B|aime2026_pt|AIME2026-PT/18|g47,1
R1-distill,Qwen3.5-4B,aime2026_pt,consistent_error,Qwen3.5-4B|aime2026_pt|AIME2026-PT/19|g45,1
R1-distill,Qwen3.5-4B,aime2026_pt,consistent_error,Qwen3.5-4B|aime2026_pt|AIME2026-PT/19|g46,1
R1-distill,Qwen3.5-4B,aime2026_pt,consistent_error,Qwen3.5-4B|aime2026_pt|AIME2026-PT/19|g53,0
R1-distill,Qwen3.5-4B,aime2026_pt,consistent_error,Qwen3.5-4B|aime2026_pt|AIME2026-PT/19|g54,1
R1-distill,Qwen3.5-4B,aime2026_pt,consistent_error,Qwen3.5-4B|aime2026_pt|AIME2026-PT/1|g33,1
R1-distill,Qwen3.5-4B,aime2026_pt,consistent_error,Qwen3.5-4B|aime2026_pt|AIME2026-PT/1|g42,1
R1-distill,Qwen3.5-4B,aime2026_pt,consistent_error,Qwen3.5-4B|aime2026_pt|AIME2026-PT/1|g58,1
R1-distill,Qwen3.5-4B,aime2026_pt,consistent_error,Qwen3.5-4B|aime2026_pt|AIME2026-PT/20|g21,0
R1-distill,Qwen3.5-4B,aime2026_pt,consistent_error,Qwen3.5-4B|aime2026_pt|AIME2026-PT/20|g22,0
R1-distill,Qwen3.5-4B,aime2026_pt,consistent_error,Qwen3.5-4B|aime2026_pt|AIME2026-PT/22|g42,1
R1-distill,Qwen3.5-4B,aime2026_pt,consistent_error,Qwen3.5-4B|aime2026_pt|AIME2026-PT/22|g55,1
R1-distill,Qwen3.5-4B,aime2026_pt,consistent_error,Qwen3.5-4B|aime2026_pt|AIME2026-PT/22|g57,1
R1-distill,Qwen3.5-4B,aime2026_pt,consistent_error,Qwen3.5-4B|aime2026_pt|AIME2026-PT/23|g20,1
R1-distill,Qwen3.5-4B,aime2026_pt,consistent_error,Qwen3.5-4B|aime2026_pt|AIME2026-PT/24|g11,0
R1-distill,Qwen3.5-4B,aime2026_pt,consistent_error,Qwen3.5-4B|aime2026_pt|AIME2026-PT/24|g22,1
R1-distill,Qwen3.5-4B,aime2026_pt,consistent_error,Qwen3.5-4B|aime2026_pt|AIME2026-PT/24|g63,1
R1-distill,Qwen3.5-4B,aime2026_pt,consistent_error,Qwen3.5-4B|aime2026_pt|AIME2026-PT/25|g17,1
R1-distill,Qwen3.5-4B,aime2026_pt,consistent_error,Qwen3.5-4B|aime2026_pt|AIME2026-PT/25|g18,0
R1-distill,Qwen3.5-4B,aime2026_pt,consistent_error,Qwen3.5-4B|aime2026_pt|AIME2026-PT/25|g37,1
R1-distill,Qwen3.5-4B,aime2026_pt,consistent_error,Qwen3.5-4B|aime2026_pt|AIME2026-PT/25|g6,0
R1-distill,Qwen3.5-4B,aime2026_pt,consistent_error,Qwen3.5-4B|aime2026_pt|AIME2026-PT/25|g9,0
R1-distill,Qwen3.5-4B,aime2026_pt,consistent_error,Qwen3.5-4B|aime2026_pt|AIME2026-PT/26|g1,0
R1-distill,Qwen3.5-4B,aime2026_pt,consistent_error,Qwen3.5-4B|aime2026_pt|AIME2026-PT/26|g35,0
R1-distill,Qwen3.5-4B,aime2026_pt,consistent_error,Qwen3.5-4B|aime2026_pt|AIME2026-PT/27|g35,1
R1-distill,Qwen3.5-4B,aime2026_pt,consistent_error,Qwen3.5-4B|aime2026_pt|AIME2026-PT/27|g9,1
R1-distill,Qwen3.5-4B,aime2026_pt,consistent_error,Qwen3.5-4B|aime2026_pt|AIME2026-PT/28|g32,0
R1-distill,Qwen3.5-4B,aime2026_pt,consistent_error,Qwen3.5-4B|aime2026_pt|AIME2026-PT/28|g4,1
R1-distill,Qwen3.5-4B,aime2026_pt,consistent_error,Qwen3.5-4B|aime2026_pt|AIME2026-PT/28|g42,1
R1-distill,Qwen3.5-4B,aime2026_pt,consistent_error,Qwen3.5-4B|aime2026_pt|AIME2026-PT/28|g43,0
R1-distill,Qwen3.5-4B,aime2026_pt,consistent_error,Qwen3.5-4B|aime2026_pt|AIME2026-PT/28|g46,0
R1-distill,Qwen3.5-4B,aime2026_pt,consistent_error,Qwen3.5-4B|aime2026_pt|AIME2026-PT/29|g17,0
R1-distill,Qwen3.5-4B,aime2026_pt,consistent_error,Qwen3.5-4B|aime2026_pt|AIME2026-PT/2|g17,0
R1-distill,Qwen3.5-4B,aime2026_pt,consistent_error,Qwen3.5-4B|aime2026_pt|AIME2026-PT/2|g25,0
R1-distill,Qwen3.5-4B,aime2026_pt,consistent_error,Qwen3.5-4B|aime2026_pt|AIME2026-PT/2|g55,1
R1-distill,Qwen3.5-4B,aime2026_pt,consistent_error,Qwen3.5-4B|aime2026_pt|AIME2026-PT/3|g23,1
R1-distill,Qwen3.5-4B,aime2026_pt,consistent_error,Qwen3.5-4B|aime2026_pt|AIME2026-PT/3|g34,1
R1-distill,Qwen3.5-4B,aime2026_pt,consistent_error,Qwen3.5-4B|aime2026_pt|AIME2026-PT/3|g42,1
R1-distill,Qwen3.5-4B,aime2026_pt,consistent_error,Qwen3.5-4B|aime2026_pt|AIME2026-PT/3|g46,1
R1-distill,Qwen3.5-4B,aime2026_pt,consistent_error,Qwen3.5-4B|aime2026_pt|AIME2026-PT/4|g21,0
R1-distill,Qwen3.5-4B,aime2026_pt,consistent_error,Qwen3.5-4B|aime2026_pt|AIME2026-PT/4|g22,1
R1-distill,Qwen3.5-4B,aime2026_pt,consistent_error,Qwen3.5-4B|aime2026_pt|AIME2026-PT/4|g4,1
R1-distill,Qwen3.5-4B,aime2026_pt,consistent_error,Qwen3.5-4B|aime2026_pt|AIME2026-PT/4|g58,1
R1-distill,Qwen3.5-4B,aime2026_pt,consistent_error,Qwen3.5-4B|aime2026_pt|AIME2026-PT/5|g11,1
R1-distill,Qwen3.5-4B,aime2026_pt,consistent_error,Qwen3.5-4B|aime2026_pt|AIME2026-PT/5|g15,1
R1-distill,Qwen3.5-4B,aime2026_pt,consistent_error,Qwen3.5-4B|aime2026_pt|AIME2026-PT/6|g0,1
R1-distill,Qwen3.5-4B,aime2026_pt,consistent_error,Qwen3.5-4B|aime2026_pt|AIME2026-PT/6|g1,0
R1-distill,Qwen3.5-4B,aime2026_pt,consistent_error,Qwen3.5-4B|aime2026_pt|AIME2026-PT/6|g57,1
R1-distill,Qwen3.5-4B,aime2026_pt,consistent_error,Qwen3.5-4B|aime2026_pt|AIME2026-PT/6|g60,1
R1-distill,Qwen3.5-4B,aime2026_pt,consistent_error,Qwen3.5-4B|aime2026_pt|AIME2026-PT/7|g11,0
R1-distill,Qwen3.5-4B,aime2026_pt,consistent_error,Qwen3.5-4B|aime2026_pt|AIME2026-PT/7|g13,0
R1-distill,Qwen3.5-4B,aime2026_pt,consistent_error,Qwen3.5-4B|aime2026_pt|AIME2026-PT/7|g19,0
R1-distill,Qwen3.5-4B,aime2026_pt,consistent_error,Qwen3.5-4B|aime2026_pt|AIME2026-PT/7|g21,0
R1-distill,Qwen3.5-4B,aime2026_pt,consistent_error,Qwen3.5-4B|aime2026_pt|AIME2026-PT/7|g28,0
R1-distill,Qwen3.5-4B,aime2026_pt,consistent_error,Qwen3.5-4B|aime2026_pt|AIME2026-PT/7|g58,1
R1-distill,Qwen3.5-4B,aime2026_pt,consistent_error,Qwen3.5-4B|aime2026_pt|AIME2026-PT/9|g14,1
R1-distill,Qwen3.5-4B,aime2026_pt,consistent_error,Qwen3.5-4B|aime2026_pt|AIME2026-PT/9|g51,1
R1-distill,Qwen3.5-4B,aime2026_pt,consistent_error,Qwen3.5-4B|aime2026_pt|AIME2026-PT/9|g63,1
R1-distill,Qwen3.5-4B,aime2026_pt,intermediate_error,Qwen3.5-4B|aime2026_pt|AIME2026-PT/10|g45,1
R1-distill,Qwen3.5-4B,aime2026_pt,intermediate_error,Qwen3.5-4B|aime2026_pt|AIME2026-PT/12|g23,1
R1-distill,Qwen3.5-4B,aime2026_pt,intermediate_error,Qwen3.5-4B|aime2026_pt|AIME2026-PT/12|g4,1
R1-distill,Qwen3.5-4B,aime2026_pt,intermediate_error,Qwen3.5-4B|aime2026_pt|AIME2026-PT/13|g29,1
R1-distill,Qwen3.5-4B,aime2026_pt,intermediate_error,Qwen3.5-4B|aime2026_pt|AIME2026-PT/13|g40,1
R1-distill,Qwen3.5-4B,aime2026_pt,intermediate_error,Qwen3.5-4B|aime2026_pt|AIME2026-PT/14|g13,1
R1-distill,Qwen3.5-4B,aime2026_pt,intermediate_error,Qwen3.5-4B|aime2026_pt|AIME2026-PT/14|g15,1
R1-distill,Qwen3.5-4B,aime2026_pt,intermediate_error,Qwen3.5-4B|aime2026_pt|AIME2026-PT/14|g9,1
R1-distill,Qwen3.5-4B,aime2026_pt,intermediate_error,Qwen3.5-4B|aime2026_pt|AIME2026-PT/16|g12,1
R1-distill,Qwen3.5-4B,aime2026_pt,intermediate_error,Qwen3.5-4B|aime2026_pt|AIME2026-PT/16|g43,1
R1-distill,Qwen3.5-4B,aime2026_pt,intermediate_error,Qwen3.5-4B|aime2026_pt|AIME2026-PT/17|g41,1
R1-distill,Qwen3.5-4B,aime2026_pt,intermediate_error,Qwen3.5-4B|aime2026_pt|AIME2026-PT/17|g54,0
R1-distill,Qwen3.5-4B,aime2026_pt,intermediate_error,Qwen3.5-4B|aime2026_pt|AIME2026-PT/18|g26,1
R1-distill,Qwen3.5-4B,aime2026_pt,intermediate_error,Qwen3.5-4B|aime2026_pt|AIME2026-PT/18|g40,1
R1-distill,Qwen3.5-4B,aime2026_pt,intermediate_error,Qwen3.5-4B|aime2026_pt|AIME2026-PT/18|g47,1
R1-distill,Qwen3.5-4B,aime2026_pt,intermediate_error,Qwen3.5-4B|aime2026_pt|AIME2026-PT/19|g45,1
R1-distill,Qwen3.5-4B,aime2026_pt,intermediate_error,Qwen3.5-4B|aime2026_pt|AIME2026-PT/19|g46,1
R1-distill,Qwen3.5-4B,aime2026_pt,intermediate_error,Qwen3.5-4B|aime2026_pt|AIME2026-PT/19|g53,1
R1-distill,Qwen3.5-4B,aime2026_pt,intermediate_error,Qwen3.5-4B|aime2026_pt|AIME2026-PT/19|g54,1
R1-distill,Qwen3.5-4B,aime2026_pt,intermediate_error,Qwen3.5-4B|aime2026_pt|AIME2026-PT/1|g33,1
R1-distill,Qwen3.5-4B,aime2026_pt,intermediate_error,Qwen3.5-4B|aime2026_pt|AIME2026-PT/1|g42,1
R1-distill,Qwen3.5-4B,aime2026_pt,intermediate_error,Qwen3.5-4B|aime2026_pt|AIME2026-PT/1|g58,0
R1-distill,Qwen3.5-4B,aime2026_pt,intermediate_error,Qwen3.5-4B|aime2026_pt|AIME2026-PT/20|g21,1
R1-distill,Qwen3.5-4B,aime2026_pt,intermediate_error,Qwen3.5-4B|aime2026_pt|AIME2026-PT/20|g22,0
R1-distill,Qwen3.5-4B,aime2026_pt,intermediate_error,Qwen3.5-4B|aime2026_pt|AIME2026-PT/22|g42,1
R1-distill,Qwen3.5-4B,aime2026_pt,intermediate_error,Qwen3.5-4B|aime2026_pt|AIME2026-PT/22|g55,1
R1-distill,Qwen3.5-4B,aime2026_pt,intermediate_error,Qwen3.5-4B|aime2026_pt|AIME2026-PT/22|g57,1
R1-distill,Qwen3.5-4B,aime2026_pt,intermediate_error,Qwen3.5-4B|aime2026_pt|AIME2026-PT/23|g20,1
R1-distill,Qwen3.5-4B,aime2026_pt,intermediate_error,Qwen3.5-4B|aime2026_pt|AIME2026-PT/24|g11,1
R1-distill,Qwen3.5-4B,aime2026_pt,intermediate_error,Qwen3.5-4B|aime2026_pt|AIME2026-PT/24|g22,1
R1-distill,Qwen3.5-4B,aime2026_pt,intermediate_error,Qwen3.5-4B|aime2026_pt|AIME2026-PT/24|g63,1
R1-distill,Qwen3.5-4B,aime2026_pt,intermediate_error,Qwen3.5-4B|aime2026_pt|AIME2026-PT/25|g17,1
R1-distill,Qwen3.5-4B,aime2026_pt,intermediate_error,Qwen3.5-4B|aime2026_pt|AIME2026-PT/25|g18,1
R1-distill,Qwen3.5-4B,aime2026_pt,intermediate_error,Qwen3.5-4B|aime2026_pt|AIME2026-PT/25|g37,1
R1-distill,Qwen3.5-4B,aime2026_pt,intermediate_error,Qwen3.5-4B|aime2026_pt|AIME2026-PT/25|g6,1
R1-distill,Qwen3.5-4B,aime2026_pt,intermediate_error,Qwen3.5-4B|aime2026_pt|AIME2026-PT/25|g9,1
R1-distill,Qwen3.5-4B,aime2026_pt,intermediate_error,Qwen3.5-4B|aime2026_pt|AIME2026-PT/26|g1,1
R1-distill,Qwen3.5-4B,aime2026_pt,intermediate_error,Qwen3.5-4B|aime2026_pt|AIME2026-PT/26|g35,1
R1-distill,Qwen3.5-4B,aime2026_pt,intermediate_error,Qwen3.5-4B|aime2026_pt|AIME2026-PT/27|g35,1
R1-distill,Qwen3.5-4B,aime2026_pt,intermediate_error,Qwen3.5-4B|aime2026_pt|AIME2026-PT/27|g9,1
R1-distill,Qwen3.5-4B,aime2026_pt,intermediate_error,Qwen3.5-4B|aime2026_pt|AIME2026-PT/28|g32,1
R1-distill,Qwen3.5-4B,aime2026_pt,intermediate_error,Qwen3.5-4B|aime2026_pt|AIME2026-PT/28|g4,1
R1-distill,Qwen3.5-4B,aime2026_pt,intermediate_error,Qwen3.5-4B|aime2026_pt|AIME2026-PT/28|g42,1
R1-distill,Qwen3.5-4B,aime2026_pt,intermediate_error,Qwen3.5-4B|aime2026_pt|AIME2026-PT/28|g43,1
R1-distill,Qwen3.5-4B,aime2026_pt,intermediate_error,Qwen3.5-4B|aime2026_pt|AIME2026-PT/28|g46,1
R1-distill,Qwen3.5-4B,aime2026_pt,intermediate_error,Qwen3.5-4B|aime2026_pt|AIME2026-PT/29|g17,1
R1-distill,Qwen3.5-4B,aime2026_pt,intermediate_error,Qwen3.5-4B|aime2026_pt|AIME2026-PT/2|g17,1
R1-distill,Qwen3.5-4B,aime2026_pt,intermediate_error,Qwen3.5-4B|aime2026_pt|AIME2026-PT/2|g25,1
R1-distill,Qwen3.5-4B,aime2026_pt,intermediate_error,Qwen3.5-4B|aime2026_pt|AIME2026-PT/2|g55,1
R1-distill,Qwen3.5-4B,aime2026_pt,intermediate_error,Qwen3.5-4B|aime2026_pt|AIME2026-PT/3|g23,1
R1-distill,Qwen3.5-4B,aime2026_pt,intermediate_error,Qwen3.5-4B|aime2026_pt|AIME2026-PT/3|g34,1
R1-distill,Qwen3.5-4B,aime2026_pt,intermediate_error,Qwen3.5-4B|aime2026_pt|AIME2026-PT/3|g42,1
R1-distill,Qwen3.5-4B,aime2026_pt,intermediate_error,Qwen3.5-4B|aime2026_pt|AIME2026-PT/3|g46,1
R1-distill,Qwen3.5-4B,aime2026_pt,intermediate_error,Qwen3.5-4B|aime2026_pt|AIME2026-PT/4|g21,1
R1-distill,Qwen3.5-4B,aime2026_pt,intermediate_error,Qwen3.5-4B|aime2026_pt|AIME2026-PT/4|g22,1
R1-distill,Qwen3.5-4B,aime2026_pt,intermediate_error,Qwen3.5-4B|aime2026_pt|AIME2026-PT/4|g4,1
R1-distill,Qwen3.5-4B,aime2026_pt,intermediate_error,Qwen3.5-4B|aime2026_pt|AIME2026-PT/4|g58,1
R1-distill,Qwen3.5-4B,aime2026_pt,intermediate_error,Qwen3.5-4B|aime2026_pt|AIME2026-PT/5|g11,1
R1-distill,Qwen3.5-4B,aime2026_pt,intermediate_error,Qwen3.5-4B|aime2026_pt|AIME2026-PT/5|g15,1
R1-distill,Qwen3.5-4B,aime2026_pt,intermediate_error,Qwen3.5-4B|aime2026_pt|AIME2026-PT/6|g0,1
R1-distill,Qwen3.5-4B,aime2026_pt,intermediate_error,Qwen3.5-4B|aime2026_pt|AIME2026-PT/6|g1,1
R1-distill,Qwen3.5-4B,aime2026_pt,intermediate_error,Qwen3.5-4B|aime2026_pt|AIME2026-PT/6|g57,1
R1-distill,Qwen3.5-4B,aime2026_pt,intermediate_error,Qwen3.5-4B|aime2026_pt|AIME2026-PT/6|g60,1
R1-distill,Qwen3.5-4B,aime2026_pt,intermediate_error,Qwen3.5-4B|aime2026_pt|AIME2026-PT/7|g11,1
R1-distill,Qwen3.5-4B,aime2026_pt,intermediate_error,Qwen3.5-4B|aime2026_pt|AIME2026-PT/7|g13,1
R1-distill,Qwen3.5-4B,aime2026_pt,intermediate_error,Qwen3.5-4B|aime2026_pt|AIME2026-PT/7|g19,1
R1-distill,Qwen3.5-4B,aime2026_pt,intermediate_error,Qwen3.5-4B|aime2026_pt|AIME2026-PT/7|g21,1
R1-distill,Qwen3.5-4B,aime2026_pt,intermediate_error,Qwen3.5-4B|aime2026_pt|AIME2026-PT/7|g28,1
R1-distill,Qwen3.5-4B,aime2026_pt,intermediate_error,Qwen3.5-4B|aime2026_pt|AIME2026-PT/7|g58,1
R1-distill,Qwen3.5-4B,aime2026_pt,intermediate_error,Qwen3.5-4B|aime2026_pt|AIME2026-PT/9|g14,1
R1-distill,Qwen3.5-4B,aime2026_pt,intermediate_error,Qwen3.5-4B|aime2026_pt|AIME2026-PT/9|g51,1
R1-distill,Qwen3.5-4B,aime2026_pt,intermediate_error,Qwen3.5-4B|aime2026_pt|AIME2026-PT/9|g63,1
R1-distill,Qwen3.5-4B,aime2026_pt,truncated,Qwen3.5-4B|aime2026_pt|AIME2026-PT/10|g45,0
R1-distill,Qwen3.5-4B,aime2026_pt,truncated,Qwen3.5-4B|aime2026_pt|AIME2026-PT/12|g23,1
R1-distill,Qwen3.5-4B,aime2026_pt,truncated,Qwen3.5-4B|aime2026_pt|AIME2026-PT/12|g4,1
R1-distill,Qwen3.5-4B,aime2026_pt,truncated,Qwen3.5-4B|aime2026_pt|AIME2026-PT/13|g29,1
R1-distill,Qwen3.5-4B,aime2026_pt,truncated,Qwen3.5-4B|aime2026_pt|AIME2026-PT/13|g40,1
R1-distill,Qwen3.5-4B,aime2026_pt,truncated,Qwen3.5-4B|aime2026_pt|AIME2026-PT/14|g13,1
R1-distill,Qwen3.5-4B,aime2026_pt,truncated,Qwen3.5-4B|aime2026_pt|AIME2026-PT/14|g15,1
R1-distill,Qwen3.5-4B,aime2026_pt,truncated,Qwen3.5-4B|aime2026_pt|AIME2026-PT/14|g9,1
R1-distill,Qwen3.5-4B,aime2026_pt,truncated,Qwen3.5-4B|aime2026_pt|AIME2026-PT/16|g12,1
R1-distill,Qwen3.5-4B,aime2026_pt,truncated,Qwen3.5-4B|aime2026_pt|AIME2026-PT/16|g43,1
R1-distill,Qwen3.5-4B,aime2026_pt,truncated,Qwen3.5-4B|aime2026_pt|AIME2026-PT/17|g41,0
R1-distill,Qwen3.5-4B,aime2026_pt,truncated,Qwen3.5-4B|aime2026_pt|AIME2026-PT/17|g54,1
R1-distill,Qwen3.5-4B,aime2026_pt,truncated,Qwen3.5-4B|aime2026_pt|AIME2026-PT/18|g26,0
R1-distill,Qwen3.5-4B,aime2026_pt,truncated,Qwen3.5-4B|aime2026_pt|AIME2026-PT/18|g40,1
R1-distill,Qwen3.5-4B,aime2026_pt,truncated,Qwen3.5-4B|aime2026_pt|AIME2026-PT/18|g47,1
R1-distill,Qwen3.5-4B,aime2026_pt,truncated,Qwen3.5-4B|aime2026_pt|AIME2026-PT/19|g45,1
R1-distill,Qwen3.5-4B,aime2026_pt,truncated,Qwen3.5-4B|aime2026_pt|AIME2026-PT/19|g46,1
R1-distill,Qwen3.5-4B,aime2026_pt,truncated,Qwen3.5-4B|aime2026_pt|AIME2026-PT/19|g53,1
R1-distill,Qwen3.5-4B,aime2026_pt,truncated,Qwen3.5-4B|aime2026_pt|AIME2026-PT/19|g54,1
R1-distill,Qwen3.5-4B,aime2026_pt,truncated,Qwen3.5-4B|aime2026_pt|AIME2026-PT/1|g33,1
R1-distill,Qwen3.5-4B,aime2026_pt,truncated,Qwen3.5-4B|aime2026_pt|AIME2026-PT/1|g42,1
R1-distill,Qwen3.5-4B,aime2026_pt,truncated,Qwen3.5-4B|aime2026_pt|AIME2026-PT/1|g58,1
R1-distill,Qwen3.5-4B,aime2026_pt,truncated,Qwen3.5-4B|aime2026_pt|AIME2026-PT/20|g21,1
R1-distill,Qwen3.5-4B,aime2026_pt,truncated,Qwen3.5-4B|aime2026_pt|AIME2026-PT/20|g22,1
R1-distill,Qwen3.5-4B,aime2026_pt,truncated,Qwen3.5-4B|aime2026_pt|AIME2026-PT/22|g42,1
R1-distill,Qwen3.5-4B,aime2026_pt,truncated,Qwen3.5-4B|aime2026_pt|AIME2026-PT/22|g55,1
R1-distill,Qwen3.5-4B,aime2026_pt,truncated,Qwen3.5-4B|aime2026_pt|AIME2026-PT/22|g57,1
R1-distill,Qwen3.5-4B,aime2026_pt,truncated,Qwen3.5-4B|aime2026_pt|AIME2026-PT/23|g20,1
R1-distill,Qwen3.5-4B,aime2026_pt,truncated,Qwen3.5-4B|aime2026_pt|AIME2026-PT/24|g11,1
R1-distill,Qwen3.5-4B,aime2026_pt,truncated,Qwen3.5-4B|aime2026_pt|AIME2026-PT/24|g22,1
R1-distill,Qwen3.5-4B,aime2026_pt,truncated,Qwen3.5-4B|aime2026_pt|AIME2026-PT/24|g63,1
R1-distill,Qwen3.5-4B,aime2026_pt,truncated,Qwen3.5-4B|aime2026_pt|AIME2026-PT/25|g17,1
R1-distill,Qwen3.5-4B,aime2026_pt,truncated,Qwen3.5-4B|aime2026_pt|AIME2026-PT/25|g18,1
R1-distill,Qwen3.5-4B,aime2026_pt,truncated,Qwen3.5-4B|aime2026_pt|AIME2026-PT/25|g37,1
R1-distill,Qwen3.5-4B,aime2026_pt,truncated,Qwen3.5-4B|aime2026_pt|AIME2026-PT/25|g6,1
R1-distill,Qwen3.5-4B,aime2026_pt,truncated,Qwen3.5-4B|aime2026_pt|AIME2026-PT/25|g9,1
R1-distill,Qwen3.5-4B,aime2026_pt,truncated,Qwen3.5-4B|aime2026_pt|AIME2026-PT/26|g1,1
R1-distill,Qwen3.5-4B,aime2026_pt,truncated,Qwen3.5-4B|aime2026_pt|AIME2026-PT/26|g35,1
R1-distill,Qwen3.5-4B,aime2026_pt,truncated,Qwen3.5-4B|aime2026_pt|AIME2026-PT/27|g35,1
R1-distill,Qwen3.5-4B,aime2026_pt,truncated,Qwen3.5-4B|aime2026_pt|AIME2026-PT/27|g9,0
R1-distill,Qwen3.5-4B,aime2026_pt,truncated,Qwen3.5-4B|aime2026_pt|AIME2026-PT/28|g32,1
R1-distill,Qwen3.5-4B,aime2026_pt,truncated,Qwen3.5-4B|aime2026_pt|AIME2026-PT/28|g4,1
R1-distill,Qwen3.5-4B,aime2026_pt,truncated,Qwen3.5-4B|aime2026_pt|AIME2026-PT/28|g42,0
R1-distill,Qwen3.5-4B,aime2026_pt,truncated,Qwen3.5-4B|aime2026_pt|AIME2026-PT/28|g43,0
R1-distill,Qwen3.5-4B,aime2026_pt,truncated,Qwen3.5-4B|aime2026_pt|AIME2026-PT/28|g46,0
R1-distill,Qwen3.5-4B,aime2026_pt,truncated,Qwen3.5-4B|aime2026_pt|AIME2026-PT/29|g17,0
R1-distill,Qwen3.5-4B,aime2026_pt,truncated,Qwen3.5-4B|aime2026_pt|AIME2026-PT/2|g17,1
R1-distill,Qwen3.5-4B,aime2026_pt,truncated,Qwen3.5-4B|aime2026_pt|AIME2026-PT/2|g25,1
R1-distill,Qwen3.5-4B,aime2026_pt,truncated,Qwen3.5-4B|aime2026_pt|AIME2026-PT/2|g55,1
R1-distill,Qwen3.5-4B,aime2026_pt,truncated,Qwen3.5-4B|aime2026_pt|AIME2026-PT/3|g23,1
R1-distill,Qwen3.5-4B,aime2026_pt,truncated,Qwen3.5-4B|aime2026_pt|AIME2026-PT/3|g34,1
R1-distill,Qwen3.5-4B,aime2026_pt,truncated,Qwen3.5-4B|aime2026_pt|AIME2026-PT/3|g42,1
R1-distill,Qwen3.5-4B,aime2026_pt,truncated,Qwen3.5-4B|aime2026_pt|AIME2026-PT/3|g46,1
R1-distill,Qwen3.5-4B,aime2026_pt,truncated,Qwen3.5-4B|aime2026_pt|AIME2026-PT/4|g21,1
R1-distill,Qwen3.5-4B,aime2026_pt,truncated,Qwen3.5-4B|aime2026_pt|AIME2026-PT/4|g22,1
R1-distill,Qwen3.5-4B,aime2026_pt,truncated,Qwen3.5-4B|aime2026_pt|AIME2026-PT/4|g4,1
R1-distill,Qwen3.5-4B,aime2026_pt,truncated,Qwen3.5-4B|aime2026_pt|AIME2026-PT/4|g58,1
R1-distill,Qwen3.5-4B,aime2026_pt,truncated,Qwen3.5-4B|aime2026_pt|AIME2026-PT/5|g11,1
R1-distill,Qwen3.5-4B,aime2026_pt,truncated,Qwen3.5-4B|aime2026_pt|AIME2026-PT/5|g15,1
R1-distill,Qwen3.5-4B,aime2026_pt,truncated,Qwen3.5-4B|aime2026_pt|AIME2026-PT/6|g0,1
R1-distill,Qwen3.5-4B,aime2026_pt,truncated,Qwen3.5-4B|aime2026_pt|AIME2026-PT/6|g1,1
R1-distill,Qwen3.5-4B,aime2026_pt,truncated,Qwen3.5-4B|aime2026_pt|AIME2026-PT/6|g57,1
R1-distill,Qwen3.5-4B,aime2026_pt,truncated,Qwen3.5-4B|aime2026_pt|AIME2026-PT/6|g60,1
R1-distill,Qwen3.5-4B,aime2026_pt,truncated,Qwen3.5-4B|aime2026_pt|AIME2026-PT/7|g11,1
R1-distill,Qwen3.5-4B,aime2026_pt,truncated,Qwen3.5-4B|aime2026_pt|AIME2026-PT/7|g13,1
R1-distill,Qwen3.5-4B,aime2026_pt,truncated,Qwen3.5-4B|aime2026_pt|AIME2026-PT/7|g19,1
R1-distill,Qwen3.5-4B,aime2026_pt,truncated,Qwen3.5-4B|aime2026_pt|AIME2026-PT/7|g21,1
R1-distill,Qwen3.5-4B,aime2026_pt,truncated,Qwen3.5-4B|aime2026_pt|AIME2026-PT/7|g28,1
R1-distill,Qwen3.5-4B,aime2026_pt,truncated,Qwen3.5-4B|aime2026_pt|AIME2026-PT/7|g58,1
R1-distill,Qwen3.5-4B,aime2026_pt,truncated,Qwen3.5-4B|aime2026_pt|AIME2026-PT/9|g14,1
R1-distill,Qwen3.5-4B,aime2026_pt,truncated,Qwen3.5-4B|aime2026_pt|AIME2026-PT/9|g51,0
R1-distill,Qwen3.5-4B,aime2026_pt,truncated,Qwen3.5-4B|aime2026_pt|AIME2026-PT/9|g63,0
R1-distill,Qwen3.5-4B,aime2026_tr,boxed_only,Qwen3.5-4B|aime2026_tr|AIME2026-TR/10|g32,1
R1-distill,Qwen3.5-4B,aime2026_tr,boxed_only,Qwen3.5-4B|aime2026_tr|AIME2026-TR/10|g44,1
R1-distill,Qwen3.5-4B,aime2026_tr,boxed_only,Qwen3.5-4B|aime2026_tr|AIME2026-TR/12|g21,1
R1-distill,Qwen3.5-4B,aime2026_tr,boxed_only,Qwen3.5-4B|aime2026_tr|AIME2026-TR/12|g33,1
R1-distill,Qwen3.5-4B,aime2026_tr,boxed_only,Qwen3.5-4B|aime2026_tr|AIME2026-TR/12|g63,1
R1-distill,Qwen3.5-4B,aime2026_tr,boxed_only,Qwen3.5-4B|aime2026_tr|AIME2026-TR/13|g0,1
R1-distill,Qwen3.5-4B,aime2026_tr,boxed_only,Qwen3.5-4B|aime2026_tr|AIME2026-TR/13|g21,1
R1-distill,Qwen3.5-4B,aime2026_tr,boxed_only,Qwen3.5-4B|aime2026_tr|AIME2026-TR/14|g53,0
R1-distill,Qwen3.5-4B,aime2026_tr,boxed_only,Qwen3.5-4B|aime2026_tr|AIME2026-TR/16|g17,1
R1-distill,Qwen3.5-4B,aime2026_tr,boxed_only,Qwen3.5-4B|aime2026_tr|AIME2026-TR/16|g32,1
R1-distill,Qwen3.5-4B,aime2026_tr,boxed_only,Qwen3.5-4B|aime2026_tr|AIME2026-TR/16|g9,0
R1-distill,Qwen3.5-4B,aime2026_tr,boxed_only,Qwen3.5-4B|aime2026_tr|AIME2026-TR/17|g55,0
R1-distill,Qwen3.5-4B,aime2026_tr,boxed_only,Qwen3.5-4B|aime2026_tr|AIME2026-TR/18|g22,1
R1-distill,Qwen3.5-4B,aime2026_tr,boxed_only,Qwen3.5-4B|aime2026_tr|AIME2026-TR/18|g37,1
R1-distill,Qwen3.5-4B,aime2026_tr,boxed_only,Qwen3.5-4B|aime2026_tr|AIME2026-TR/18|g6,0
R1-distill,Qwen3.5-4B,aime2026_tr,boxed_only,Qwen3.5-4B|aime2026_tr|AIME2026-TR/18|g8,1
R1-distill,Qwen3.5-4B,aime2026_tr,boxed_only,Qwen3.5-4B|aime2026_tr|AIME2026-TR/18|g9,1
R1-distill,Qwen3.5-4B,aime2026_tr,boxed_only,Qwen3.5-4B|aime2026_tr|AIME2026-TR/19|g24,1
R1-distill,Qwen3.5-4B,aime2026_tr,boxed_only,Qwen3.5-4B|aime2026_tr|AIME2026-TR/19|g36,1
R1-distill,Qwen3.5-4B,aime2026_tr,boxed_only,Qwen3.5-4B|aime2026_tr|AIME2026-TR/19|g54,1
R1-distill,Qwen3.5-4B,aime2026_tr,boxed_only,Qwen3.5-4B|aime2026_tr|AIME2026-TR/1|g1,1
R1-distill,Qwen3.5-4B,aime2026_tr,boxed_only,Qwen3.5-4B|aime2026_tr|AIME2026-TR/1|g16,1
R1-distill,Qwen3.5-4B,aime2026_tr,boxed_only,Qwen3.5-4B|aime2026_tr|AIME2026-TR/1|g32,1
R1-distill,Qwen3.5-4B,aime2026_tr,boxed_only,Qwen3.5-4B|aime2026_tr|AIME2026-TR/20|g10,0
R1-distill,Qwen3.5-4B,aime2026_tr,boxed_only,Qwen3.5-4B|aime2026_tr|AIME2026-TR/20|g13,0
R1-distill,Qwen3.5-4B,aime2026_tr,boxed_only,Qwen3.5-4B|aime2026_tr|AIME2026-TR/20|g33,1
R1-distill,Qwen3.5-4B,aime2026_tr,boxed_only,Qwen3.5-4B|aime2026_tr|AIME2026-TR/21|g0,0
R1-distill,Qwen3.5-4B,aime2026_tr,boxed_only,Qwen3.5-4B|aime2026_tr|AIME2026-TR/21|g20,1
R1-distill,Qwen3.5-4B,aime2026_tr,boxed_only,Qwen3.5-4B|aime2026_tr|AIME2026-TR/21|g39,0
R1-distill,Qwen3.5-4B,aime2026_tr,boxed_only,Qwen3.5-4B|aime2026_tr|AIME2026-TR/21|g47,1
R1-distill,Qwen3.5-4B,aime2026_tr,boxed_only,Qwen3.5-4B|aime2026_tr|AIME2026-TR/22|g18,1
R1-distill,Qwen3.5-4B,aime2026_tr,boxed_only,Qwen3.5-4B|aime2026_tr|AIME2026-TR/22|g22,0
R1-distill,Qwen3.5-4B,aime2026_tr,boxed_only,Qwen3.5-4B|aime2026_tr|AIME2026-TR/22|g26,1
R1-distill,Qwen3.5-4B,aime2026_tr,boxed_only,Qwen3.5-4B|aime2026_tr|AIME2026-TR/22|g51,1
R1-distill,Qwen3.5-4B,aime2026_tr,boxed_only,Qwen3.5-4B|aime2026_tr|AIME2026-TR/23|g9,0
R1-distill,Qwen3.5-4B,aime2026_tr,boxed_only,Qwen3.5-4B|aime2026_tr|AIME2026-TR/24|g11,1
R1-distill,Qwen3.5-4B,aime2026_tr,boxed_only,Qwen3.5-4B|aime2026_tr|AIME2026-TR/24|g22,0
R1-distill,Qwen3.5-4B,aime2026_tr,boxed_only,Qwen3.5-4B|aime2026_tr|AIME2026-TR/24|g38,1
R1-distill,Qwen3.5-4B,aime2026_tr,boxed_only,Qwen3.5-4B|aime2026_tr|AIME2026-TR/24|g8,0
R1-distill,Qwen3.5-4B,aime2026_tr,boxed_only,Qwen3.5-4B|aime2026_tr|AIME2026-TR/25|g18,1
R1-distill,Qwen3.5-4B,aime2026_tr,boxed_only,Qwen3.5-4B|aime2026_tr|AIME2026-TR/25|g35,1
R1-distill,Qwen3.5-4B,aime2026_tr,boxed_only,Qwen3.5-4B|aime2026_tr|AIME2026-TR/26|g13,0
R1-distill,Qwen3.5-4B,aime2026_tr,boxed_only,Qwen3.5-4B|aime2026_tr|AIME2026-TR/26|g31,0
R1-distill,Qwen3.5-4B,aime2026_tr,boxed_only,Qwen3.5-4B|aime2026_tr|AIME2026-TR/26|g37,0
R1-distill,Qwen3.5-4B,aime2026_tr,boxed_only,Qwen3.5-4B|aime2026_tr|AIME2026-TR/27|g14,1
R1-distill,Qwen3.5-4B,aime2026_tr,boxed_only,Qwen3.5-4B|aime2026_tr|AIME2026-TR/27|g52,1
R1-distill,Qwen3.5-4B,aime2026_tr,boxed_only,Qwen3.5-4B|aime2026_tr|AIME2026-TR/28|g0,1
R1-distill,Qwen3.5-4B,aime2026_tr,boxed_only,Qwen3.5-4B|aime2026_tr|AIME2026-TR/28|g61,0
R1-distill,Qwen3.5-4B,aime2026_tr,boxed_only,Qwen3.5-4B|aime2026_tr|AIME2026-TR/29|g6,0
R1-distill,Qwen3.5-4B,aime2026_tr,boxed_only,Qwen3.5-4B|aime2026_tr|AIME2026-TR/2|g34,0
R1-distill,Qwen3.5-4B,aime2026_tr,boxed_only,Qwen3.5-4B|aime2026_tr|AIME2026-TR/2|g38,1
R1-distill,Qwen3.5-4B,aime2026_tr,boxed_only,Qwen3.5-4B|aime2026_tr|AIME2026-TR/2|g47,1
R1-distill,Qwen3.5-4B,aime2026_tr,boxed_only,Qwen3.5-4B|aime2026_tr|AIME2026-TR/3|g21,1
R1-distill,Qwen3.5-4B,aime2026_tr,boxed_only,Qwen3.5-4B|aime2026_tr|AIME2026-TR/3|g26,1
R1-distill,Qwen3.5-4B,aime2026_tr,boxed_only,Qwen3.5-4B|aime2026_tr|AIME2026-TR/3|g28,1
R1-distill,Qwen3.5-4B,aime2026_tr,boxed_only,Qwen3.5-4B|aime2026_tr|AIME2026-TR/3|g34,1
R1-distill,Qwen3.5-4B,aime2026_tr,boxed_only,Qwen3.5-4B|aime2026_tr|AIME2026-TR/4|g20,0
R1-distill,Qwen3.5-4B,aime2026_tr,boxed_only,Qwen3.5-4B|aime2026_tr|AIME2026-TR/4|g38,0
R1-distill,Qwen3.5-4B,aime2026_tr,boxed_only,Qwen3.5-4B|aime2026_tr|AIME2026-TR/4|g47,1
R1-distill,Qwen3.5-4B,aime2026_tr,boxed_only,Qwen3.5-4B|aime2026_tr|AIME2026-TR/4|g51,0
R1-distill,Qwen3.5-4B,aime2026_tr,boxed_only,Qwen3.5-4B|aime2026_tr|AIME2026-TR/4|g52,1
R1-distill,Qwen3.5-4B,aime2026_tr,boxed_only,Qwen3.5-4B|aime2026_tr|AIME2026-TR/5|g35,1
R1-distill,Qwen3.5-4B,aime2026_tr,boxed_only,Qwen3.5-4B|aime2026_tr|AIME2026-TR/5|g45,0
R1-distill,Qwen3.5-4B,aime2026_tr,boxed_only,Qwen3.5-4B|aime2026_tr|AIME2026-TR/5|g5,1
R1-distill,Qwen3.5-4B,aime2026_tr,boxed_only,Qwen3.5-4B|aime2026_tr|AIME2026-TR/5|g57,1
R1-distill,Qwen3.5-4B,aime2026_tr,boxed_only,Qwen3.5-4B|aime2026_tr|AIME2026-TR/6|g3,1
R1-distill,Qwen3.5-4B,aime2026_tr,boxed_only,Qwen3.5-4B|aime2026_tr|AIME2026-TR/6|g5,0
R1-distill,Qwen3.5-4B,aime2026_tr,boxed_only,Qwen3.5-4B|aime2026_tr|AIME2026-TR/6|g59,1
R1-distill,Qwen3.5-4B,aime2026_tr,boxed_only,Qwen3.5-4B|aime2026_tr|AIME2026-TR/6|g62,1
R1-distill,Qwen3.5-4B,aime2026_tr,boxed_only,Qwen3.5-4B|aime2026_tr|AIME2026-TR/7|g20,1
R1-distill,Qwen3.5-4B,aime2026_tr,boxed_only,Qwen3.5-4B|aime2026_tr|AIME2026-TR/7|g43,0
R1-distill,Qwen3.5-4B,aime2026_tr,boxed_only,Qwen3.5-4B|aime2026_tr|AIME2026-TR/9|g37,1
R1-distill,Qwen3.5-4B,aime2026_tr,clean,Qwen3.5-4B|aime2026_tr|AIME2026-TR/10|g32,1
R1-distill,Qwen3.5-4B,aime2026_tr,clean,Qwen3.5-4B|aime2026_tr|AIME2026-TR/10|g44,1
R1-distill,Qwen3.5-4B,aime2026_tr,clean,Qwen3.5-4B|aime2026_tr|AIME2026-TR/12|g21,1
R1-distill,Qwen3.5-4B,aime2026_tr,clean,Qwen3.5-4B|aime2026_tr|AIME2026-TR/12|g33,1
R1-distill,Qwen3.5-4B,aime2026_tr,clean,Qwen3.5-4B|aime2026_tr|AIME2026-TR/12|g63,1
R1-distill,Qwen3.5-4B,aime2026_tr,clean,Qwen3.5-4B|aime2026_tr|AIME2026-TR/13|g0,1
R1-distill,Qwen3.5-4B,aime2026_tr,clean,Qwen3.5-4B|aime2026_tr|AIME2026-TR/13|g21,1
R1-distill,Qwen3.5-4B,aime2026_tr,clean,Qwen3.5-4B|aime2026_tr|AIME2026-TR/14|g53,1
R1-distill,Qwen3.5-4B,aime2026_tr,clean,Qwen3.5-4B|aime2026_tr|AIME2026-TR/16|g17,1
R1-distill,Qwen3.5-4B,aime2026_tr,clean,Qwen3.5-4B|aime2026_tr|AIME2026-TR/16|g32,1
R1-distill,Qwen3.5-4B,aime2026_tr,clean,Qwen3.5-4B|aime2026_tr|AIME2026-TR/16|g9,1
R1-distill,Qwen3.5-4B,aime2026_tr,clean,Qwen3.5-4B|aime2026_tr|AIME2026-TR/17|g55,0
R1-distill,Qwen3.5-4B,aime2026_tr,clean,Qwen3.5-4B|aime2026_tr|AIME2026-TR/18|g22,1
R1-distill,Qwen3.5-4B,aime2026_tr,clean,Qwen3.5-4B|aime2026_tr|AIME2026-TR/18|g37,1
R1-distill,Qwen3.5-4B,aime2026_tr,clean,Qwen3.5-4B|aime2026_tr|AIME2026-TR/18|g6,1
R1-distill,Qwen3.5-4B,aime2026_tr,clean,Qwen3.5-4B|aime2026_tr|AIME2026-TR/18|g8,1
R1-distill,Qwen3.5-4B,aime2026_tr,clean,Qwen3.5-4B|aime2026_tr|AIME2026-TR/18|g9,1
R1-distill,Qwen3.5-4B,aime2026_tr,clean,Qwen3.5-4B|aime2026_tr|AIME2026-TR/19|g24,1
R1-distill,Qwen3.5-4B,aime2026_tr,clean,Qwen3.5-4B|aime2026_tr|AIME2026-TR/19|g36,1
R1-distill,Qwen3.5-4B,aime2026_tr,clean,Qwen3.5-4B|aime2026_tr|AIME2026-TR/19|g54,1
R1-distill,Qwen3.5-4B,aime2026_tr,clean,Qwen3.5-4B|aime2026_tr|AIME2026-TR/1|g1,1
R1-distill,Qwen3.5-4B,aime2026_tr,clean,Qwen3.5-4B|aime2026_tr|AIME2026-TR/1|g16,1
R1-distill,Qwen3.5-4B,aime2026_tr,clean,Qwen3.5-4B|aime2026_tr|AIME2026-TR/1|g32,1
R1-distill,Qwen3.5-4B,aime2026_tr,clean,Qwen3.5-4B|aime2026_tr|AIME2026-TR/20|g10,0
R1-distill,Qwen3.5-4B,aime2026_tr,clean,Qwen3.5-4B|aime2026_tr|AIME2026-TR/20|g13,0
R1-distill,Qwen3.5-4B,aime2026_tr,clean,Qwen3.5-4B|aime2026_tr|AIME2026-TR/20|g33,1
R1-distill,Qwen3.5-4B,aime2026_tr,clean,Qwen3.5-4B|aime2026_tr|AIME2026-TR/21|g0,0
R1-distill,Qwen3.5-4B,aime2026_tr,clean,Qwen3.5-4B|aime2026_tr|AIME2026-TR/21|g20,1
R1-distill,Qwen3.5-4B,aime2026_tr,clean,Qwen3.5-4B|aime2026_tr|AIME2026-TR/21|g39,1
R1-distill,Qwen3.5-4B,aime2026_tr,clean,Qwen3.5-4B|aime2026_tr|AIME2026-TR/21|g47,1
R1-distill,Qwen3.5-4B,aime2026_tr,clean,Qwen3.5-4B|aime2026_tr|AIME2026-TR/22|g18,1
R1-distill,Qwen3.5-4B,aime2026_tr,clean,Qwen3.5-4B|aime2026_tr|AIME2026-TR/22|g22,1
R1-distill,Qwen3.5-4B,aime2026_tr,clean,Qwen3.5-4B|aime2026_tr|AIME2026-TR/22|g26,1
R1-distill,Qwen3.5-4B,aime2026_tr,clean,Qwen3.5-4B|aime2026_tr|AIME2026-TR/22|g51,1
R1-distill,Qwen3.5-4B,aime2026_tr,clean,Qwen3.5-4B|aime2026_tr|AIME2026-TR/23|g9,1
R1-distill,Qwen3.5-4B,aime2026_tr,clean,Qwen3.5-4B|aime2026_tr|AIME2026-TR/24|g11,1
R1-distill,Qwen3.5-4B,aime2026_tr,clean,Qwen3.5-4B|aime2026_tr|AIME2026-TR/24|g22,1
R1-distill,Qwen3.5-4B,aime2026_tr,clean,Qwen3.5-4B|aime2026_tr|AIME2026-TR/24|g38,1
R1-distill,Qwen3.5-4B,aime2026_tr,clean,Qwen3.5-4B|aime2026_tr|AIME2026-TR/24|g8,1
R1-distill,Qwen3.5-4B,aime2026_tr,clean,Qwen3.5-4B|aime2026_tr|AIME2026-TR/25|g18,1
R1-distill,Qwen3.5-4B,aime2026_tr,clean,Qwen3.5-4B|aime2026_tr|AIME2026-TR/25|g35,0
R1-distill,Qwen3.5-4B,aime2026_tr,clean,Qwen3.5-4B|aime2026_tr|AIME2026-TR/26|g13,0
R1-distill,Qwen3.5-4B,aime2026_tr,clean,Qwen3.5-4B|aime2026_tr|AIME2026-TR/26|g31,1
R1-distill,Qwen3.5-4B,aime2026_tr,clean,Qwen3.5-4B|aime2026_tr|AIME2026-TR/26|g37,1
R1-distill,Qwen3.5-4B,aime2026_tr,clean,Qwen3.5-4B|aime2026_tr|AIME2026-TR/27|g14,1
R1-distill,Qwen3.5-4B,aime2026_tr,clean,Qwen3.5-4B|aime2026_tr|AIME2026-TR/27|g52,1
R1-distill,Qwen3.5-4B,aime2026_tr,clean,Qwen3.5-4B|aime2026_tr|AIME2026-TR/28|g0,1
R1-distill,Qwen3.5-4B,aime2026_tr,clean,Qwen3.5-4B|aime2026_tr|AIME2026-TR/28|g61,1
R1-distill,Qwen3.5-4B,aime2026_tr,clean,Qwen3.5-4B|aime2026_tr|AIME2026-TR/29|g6,0
R1-distill,Qwen3.5-4B,aime2026_tr,clean,Qwen3.5-4B|aime2026_tr|AIME2026-TR/2|g34,1
R1-distill,Qwen3.5-4B,aime2026_tr,clean,Qwen3.5-4B|aime2026_tr|AIME2026-TR/2|g38,1
R1-distill,Qwen3.5-4B,aime2026_tr,clean,Qwen3.5-4B|aime2026_tr|AIME2026-TR/2|g47,1
R1-distill,Qwen3.5-4B,aime2026_tr,clean,Qwen3.5-4B|aime2026_tr|AIME2026-TR/3|g21,1
R1-distill,Qwen3.5-4B,aime2026_tr,clean,Qwen3.5-4B|aime2026_tr|AIME2026-TR/3|g26,1
R1-distill,Qwen3.5-4B,aime2026_tr,clean,Qwen3.5-4B|aime2026_tr|AIME2026-TR/3|g28,1
R1-distill,Qwen3.5-4B,aime2026_tr,clean,Qwen3.5-4B|aime2026_tr|AIME2026-TR/3|g34,1
R1-distill,Qwen3.5-4B,aime2026_tr,clean,Qwen3.5-4B|aime2026_tr|AIME2026-TR/4|g20,1
R1-distill,Qwen3.5-4B,aime2026_tr,clean,Qwen3.5-4B|aime2026_tr|AIME2026-TR/4|g38,1
R1-distill,Qwen3.5-4B,aime2026_tr,clean,Qwen3.5-4B|aime2026_tr|AIME2026-TR/4|g47,1
R1-distill,Qwen3.5-4B,aime2026_tr,clean,Qwen3.5-4B|aime2026_tr|AIME2026-TR/4|g51,0
R1-distill,Qwen3.5-4B,aime2026_tr,clean,Qwen3.5-4B|aime2026_tr|AIME2026-TR/4|g52,0
R1-distill,Qwen3.5-4B,aime2026_tr,clean,Qwen3.5-4B|aime2026_tr|AIME2026-TR/5|g35,1
R1-distill,Qwen3.5-4B,aime2026_tr,clean,Qwen3.5-4B|aime2026_tr|AIME2026-TR/5|g45,1
R1-distill,Qwen3.5-4B,aime2026_tr,clean,Qwen3.5-4B|aime2026_tr|AIME2026-TR/5|g5,1
R1-distill,Qwen3.5-4B,aime2026_tr,clean,Qwen3.5-4B|aime2026_tr|AIME2026-TR/5|g57,1
R1-distill,Qwen3.5-4B,aime2026_tr,clean,Qwen3.5-4B|aime2026_tr|AIME2026-TR/6|g3,1
R1-distill,Qwen3.5-4B,aime2026_tr,clean,Qwen3.5-4B|aime2026_tr|AIME2026-TR/6|g5,1
R1-distill,Qwen3.5-4B,aime2026_tr,clean,Qwen3.5-4B|aime2026_tr|AIME2026-TR/6|g59,1
R1-distill,Qwen3.5-4B,aime2026_tr,clean,Qwen3.5-4B|aime2026_tr|AIME2026-TR/6|g62,1
R1-distill,Qwen3.5-4B,aime2026_tr,clean,Qwen3.5-4B|aime2026_tr|AIME2026-TR/7|g20,1
R1-distill,Qwen3.5-4B,aime2026_tr,clean,Qwen3.5-4B|aime2026_tr|AIME2026-TR/7|g43,1
R1-distill,Qwen3.5-4B,aime2026_tr,clean,Qwen3.5-4B|aime2026_tr|AIME2026-TR/9|g37,0
R1-distill,Qwen3.5-4B,aime2026_tr,consistent_error,Qwen3.5-4B|aime2026_tr|AIME2026-TR/10|g32,0
R1-distill,Qwen3.5-4B,aime2026_tr,consistent_error,Qwen3.5-4B|aime2026_tr|AIME2026-TR/10|g44,0
R1-distill,Qwen3.5-4B,aime2026_tr,consistent_error,Qwen3.5-4B|aime2026_tr|AIME2026-TR/12|g21,0
R1-distill,Qwen3.5-4B,aime2026_tr,consistent_error,Qwen3.5-4B|aime2026_tr|AIME2026-TR/12|g33,1
R1-distill,Qwen3.5-4B,aime2026_tr,consistent_error,Qwen3.5-4B|aime2026_tr|AIME2026-TR/12|g63,1
R1-distill,Qwen3.5-4B,aime2026_tr,consistent_error,Qwen3.5-4B|aime2026_tr|AIME2026-TR/13|g0,1
R1-distill,Qwen3.5-4B,aime2026_tr,consistent_error,Qwen3.5-4B|aime2026_tr|AIME2026-TR/13|g21,1
R1-distill,Qwen3.5-4B,aime2026_tr,consistent_error,Qwen3.5-4B|aime2026_tr|AIME2026-TR/14|g53,1
R1-distill,Qwen3.5-4B,aime2026_tr,consistent_error,Qwen3.5-4B|aime2026_tr|AIME2026-TR/16|g17,1
R1-distill,Qwen3.5-4B,aime2026_tr,consistent_error,Qwen3.5-4B|aime2026_tr|AIME2026-TR/16|g32,1
R1-distill,Qwen3.5-4B,aime2026_tr,consistent_error,Qwen3.5-4B|aime2026_tr|AIME2026-TR/16|g9,0
R1-distill,Qwen3.5-4B,aime2026_tr,consistent_error,Qwen3.5-4B|aime2026_tr|AIME2026-TR/17|g55,0
R1-distill,Qwen3.5-4B,aime2026_tr,consistent_error,Qwen3.5-4B|aime2026_tr|AIME2026-TR/18|g22,1
R1-distill,Qwen3.5-4B,aime2026_tr,consistent_error,Qwen3.5-4B|aime2026_tr|AIME2026-TR/18|g37,0
R1-distill,Qwen3.5-4B,aime2026_tr,consistent_error,Qwen3.5-4B|aime2026_tr|AIME2026-TR/18|g6,1
R1-distill,Qwen3.5-4B,aime2026_tr,consistent_error,Qwen3.5-4B|aime2026_tr|AIME2026-TR/18|g8,1
R1-distill,Qwen3.5-4B,aime2026_tr,consistent_error,Qwen3.5-4B|aime2026_tr|AIME2026-TR/18|g9,1
R1-distill,Qwen3.5-4B,aime2026_tr,consistent_error,Qwen3.5-4B|aime2026_tr|AIME2026-TR/19|g24,1
R1-distill,Qwen3.5-4B,aime2026_tr,consistent_error,Qwen3.5-4B|aime2026_tr|AIME2026-TR/19|g36,1
R1-distill,Qwen3.5-4B,aime2026_tr,consistent_error,Qwen3.5-4B|aime2026_tr|AIME2026-TR/19|g54,1
R1-distill,Qwen3.5-4B,aime2026_tr,consistent_error,Qwen3.5-4B|aime2026_tr|AIME2026-TR/1|g1,1
R1-distill,Qwen3.5-4B,aime2026_tr,consistent_error,Qwen3.5-4B|aime2026_tr|AIME2026-TR/1|g16,1
R1-distill,Qwen3.5-4B,aime2026_tr,consistent_error,Qwen3.5-4B|aime2026_tr|AIME2026-TR/1|g32,1
R1-distill,Qwen3.5-4B,aime2026_tr,consistent_error,Qwen3.5-4B|aime2026_tr|AIME2026-TR/20|g10,0
R1-distill,Qwen3.5-4B,aime2026_tr,consistent_error,Qwen3.5-4B|aime2026_tr|AIME2026-TR/20|g13,1
R1-distill,Qwen3.5-4B,aime2026_tr,consistent_error,Qwen3.5-4B|aime2026_tr|AIME2026-TR/20|g33,1
R1-distill,Qwen3.5-4B,aime2026_tr,consistent_error,Qwen3.5-4B|aime2026_tr|AIME2026-TR/21|g0,0
R1-distill,Qwen3.5-4B,aime2026_tr,consistent_error,Qwen3.5-4B|aime2026_tr|AIME2026-TR/21|g20,1
R1-distill,Qwen3.5-4B,aime2026_tr,consistent_error,Qwen3.5-4B|aime2026_tr|AIME2026-TR/21|g39,1
R1-distill,Qwen3.5-4B,aime2026_tr,consistent_error,Qwen3.5-4B|aime2026_tr|AIME2026-TR/21|g47,1
R1-distill,Qwen3.5-4B,aime2026_tr,consistent_error,Qwen3.5-4B|aime2026_tr|AIME2026-TR/22|g18,1
R1-distill,Qwen3.5-4B,aime2026_tr,consistent_error,Qwen3.5-4B|aime2026_tr|AIME2026-TR/22|g22,0
R1-distill,Qwen3.5-4B,aime2026_tr,consistent_error,Qwen3.5-4B|aime2026_tr|AIME2026-TR/22|g26,1
R1-distill,Qwen3.5-4B,aime2026_tr,consistent_error,Qwen3.5-4B|aime2026_tr|AIME2026-TR/22|g51,1
R1-distill,Qwen3.5-4B,aime2026_tr,consistent_error,Qwen3.5-4B|aime2026_tr|AIME2026-TR/23|g9,0
R1-distill,Qwen3.5-4B,aime2026_tr,consistent_error,Qwen3.5-4B|aime2026_tr|AIME2026-TR/24|g11,1
R1-distill,Qwen3.5-4B,aime2026_tr,consistent_error,Qwen3.5-4B|aime2026_tr|AIME2026-TR/24|g22,0
R1-distill,Qwen3.5-4B,aime2026_tr,consistent_error,Qwen3.5-4B|aime2026_tr|AIME2026-TR/24|g38,1
R1-distill,Qwen3.5-4B,aime2026_tr,consistent_error,Qwen3.5-4B|aime2026_tr|AIME2026-TR/24|g8,1
R1-distill,Qwen3.5-4B,aime2026_tr,consistent_error,Qwen3.5-4B|aime2026_tr|AIME2026-TR/25|g18,0
R1-distill,Qwen3.5-4B,aime2026_tr,consistent_error,Qwen3.5-4B|aime2026_tr|AIME2026-TR/25|g35,1
R1-distill,Qwen3.5-4B,aime2026_tr,consistent_error,Qwen3.5-4B|aime2026_tr|AIME2026-TR/26|g13,0
R1-distill,Qwen3.5-4B,aime2026_tr,consistent_error,Qwen3.5-4B|aime2026_tr|AIME2026-TR/26|g31,1
R1-distill,Qwen3.5-4B,aime2026_tr,consistent_error,Qwen3.5-4B|aime2026_tr|AIME2026-TR/26|g37,1
R1-distill,Qwen3.5-4B,aime2026_tr,consistent_error,Qwen3.5-4B|aime2026_tr|AIME2026-TR/27|g14,1
R1-distill,Qwen3.5-4B,aime2026_tr,consistent_error,Qwen3.5-4B|aime2026_tr|AIME2026-TR/27|g52,1
R1-distill,Qwen3.5-4B,aime2026_tr,consistent_error,Qwen3.5-4B|aime2026_tr|AIME2026-TR/28|g0,0
R1-distill,Qwen3.5-4B,aime2026_tr,consistent_error,Qwen3.5-4B|aime2026_tr|AIME2026-TR/28|g61,1
R1-distill,Qwen3.5-4B,aime2026_tr,consistent_error,Qwen3.5-4B|aime2026_tr|AIME2026-TR/29|g6,1
R1-distill,Qwen3.5-4B,aime2026_tr,consistent_error,Qwen3.5-4B|aime2026_tr|AIME2026-TR/2|g34,0
R1-distill,Qwen3.5-4B,aime2026_tr,consistent_error,Qwen3.5-4B|aime2026_tr|AIME2026-TR/2|g38,1
R1-distill,Qwen3.5-4B,aime2026_tr,consistent_error,Qwen3.5-4B|aime2026_tr|AIME2026-TR/2|g47,1
R1-distill,Qwen3.5-4B,aime2026_tr,consistent_error,Qwen3.5-4B|aime2026_tr|AIME2026-TR/3|g21,1
R1-distill,Qwen3.5-4B,aime2026_tr,consistent_error,Qwen3.5-4B|aime2026_tr|AIME2026-TR/3|g26,1
R1-distill,Qwen3.5-4B,aime2026_tr,consistent_error,Qwen3.5-4B|aime2026_tr|AIME2026-TR/3|g28,1
R1-distill,Qwen3.5-4B,aime2026_tr,consistent_error,Qwen3.5-4B|aime2026_tr|AIME2026-TR/3|g34,1
R1-distill,Qwen3.5-4B,aime2026_tr,consistent_error,Qwen3.5-4B|aime2026_tr|AIME2026-TR/4|g20,0
R1-distill,Qwen3.5-4B,aime2026_tr,consistent_error,Qwen3.5-4B|aime2026_tr|AIME2026-TR/4|g38,1
R1-distill,Qwen3.5-4B,aime2026_tr,consistent_error,Qwen3.5-4B|aime2026_tr|AIME2026-TR/4|g47,1
R1-distill,Qwen3.5-4B,aime2026_tr,consistent_error,Qwen3.5-4B|aime2026_tr|AIME2026-TR/4|g51,0
R1-distill,Qwen3.5-4B,aime2026_tr,consistent_error,Qwen3.5-4B|aime2026_tr|AIME2026-TR/4|g52,1
R1-distill,Qwen3.5-4B,aime2026_tr,consistent_error,Qwen3.5-4B|aime2026_tr|AIME2026-TR/5|g35,1
R1-distill,Qwen3.5-4B,aime2026_tr,consistent_error,Qwen3.5-4B|aime2026_tr|AIME2026-TR/5|g45,1
R1-distill,Qwen3.5-4B,aime2026_tr,consistent_error,Qwen3.5-4B|aime2026_tr|AIME2026-TR/5|g5,1
R1-distill,Qwen3.5-4B,aime2026_tr,consistent_error,Qwen3.5-4B|aime2026_tr|AIME2026-TR/5|g57,0
R1-distill,Qwen3.5-4B,aime2026_tr,consistent_error,Qwen3.5-4B|aime2026_tr|AIME2026-TR/6|g3,1
R1-distill,Qwen3.5-4B,aime2026_tr,consistent_error,Qwen3.5-4B|aime2026_tr|AIME2026-TR/6|g5,1
R1-distill,Qwen3.5-4B,aime2026_tr,consistent_error,Qwen3.5-4B|aime2026_tr|AIME2026-TR/6|g59,1
R1-distill,Qwen3.5-4B,aime2026_tr,consistent_error,Qwen3.5-4B|aime2026_tr|AIME2026-TR/6|g62,1
R1-distill,Qwen3.5-4B,aime2026_tr,consistent_error,Qwen3.5-4B|aime2026_tr|AIME2026-TR/7|g20,1
R1-distill,Qwen3.5-4B,aime2026_tr,consistent_error,Qwen3.5-4B|aime2026_tr|AIME2026-TR/7|g43,1
R1-distill,Qwen3.5-4B,aime2026_tr,consistent_error,Qwen3.5-4B|aime2026_tr|AIME2026-TR/9|g37,1
R1-distill,Qwen3.5-4B,aime2026_tr,intermediate_error,Qwen3.5-4B|aime2026_tr|AIME2026-TR/10|g32,1
R1-distill,Qwen3.5-4B,aime2026_tr,intermediate_error,Qwen3.5-4B|aime2026_tr|AIME2026-TR/10|g44,1
R1-distill,Qwen3.5-4B,aime2026_tr,intermediate_error,Qwen3.5-4B|aime2026_tr|AIME2026-TR/12|g21,1
R1-distill,Qwen3.5-4B,aime2026_tr,intermediate_error,Qwen3.5-4B|aime2026_tr|AIME2026-TR/12|g33,1
R1-distill,Qwen3.5-4B,aime2026_tr,intermediate_error,Qwen3.5-4B|aime2026_tr|AIME2026-TR/12|g63,0
R1-distill,Qwen3.5-4B,aime2026_tr,intermediate_error,Qwen3.5-4B|aime2026_tr|AIME2026-TR/13|g0,1
R1-distill,Qwen3.5-4B,aime2026_tr,intermediate_error,Qwen3.5-4B|aime2026_tr|AIME2026-TR/13|g21,1
R1-distill,Qwen3.5-4B,aime2026_tr,intermediate_error,Qwen3.5-4B|aime2026_tr|AIME2026-TR/14|g53,1
R1-distill,Qwen3.5-4B,aime2026_tr,intermediate_error,Qwen3.5-4B|aime2026_tr|AIME2026-TR/16|g17,1
R1-distill,Qwen3.5-4B,aime2026_tr,intermediate_error,Qwen3.5-4B|aime2026_tr|AIME2026-TR/16|g32,1
R1-distill,Qwen3.5-4B,aime2026_tr,intermediate_error,Qwen3.5-4B|aime2026_tr|AIME2026-TR/16|g9,1
R1-distill,Qwen3.5-4B,aime2026_tr,intermediate_error,Qwen3.5-4B|aime2026_tr|AIME2026-TR/17|g55,0
R1-distill,Qwen3.5-4B,aime2026_tr,intermediate_error,Qwen3.5-4B|aime2026_tr|AIME2026-TR/18|g22,1
R1-distill,Qwen3.5-4B,aime2026_tr,intermediate_error,Qwen3.5-4B|aime2026_tr|AIME2026-TR/18|g37,1
R1-distill,Qwen3.5-4B,aime2026_tr,intermediate_error,Qwen3.5-4B|aime2026_tr|AIME2026-TR/18|g6,0
R1-distill,Qwen3.5-4B,aime2026_tr,intermediate_error,Qwen3.5-4B|aime2026_tr|AIME2026-TR/18|g8,1
R1-distill,Qwen3.5-4B,aime2026_tr,intermediate_error,Qwen3.5-4B|aime2026_tr|AIME2026-TR/18|g9,1
R1-distill,Qwen3.5-4B,aime2026_tr,intermediate_error,Qwen3.5-4B|aime2026_tr|AIME2026-TR/19|g24,1
R1-distill,Qwen3.5-4B,aime2026_tr,intermediate_error,Qwen3.5-4B|aime2026_tr|AIME2026-TR/19|g36,1
R1-distill,Qwen3.5-4B,aime2026_tr,intermediate_error,Qwen3.5-4B|aime2026_tr|AIME2026-TR/19|g54,1
R1-distill,Qwen3.5-4B,aime2026_tr,intermediate_error,Qwen3.5-4B|aime2026_tr|AIME2026-TR/1|g1,1
R1-distill,Qwen3.5-4B,aime2026_tr,intermediate_error,Qwen3.5-4B|aime2026_tr|AIME2026-TR/1|g16,1
R1-distill,Qwen3.5-4B,aime2026_tr,intermediate_error,Qwen3.5-4B|aime2026_tr|AIME2026-TR/1|g32,1
R1-distill,Qwen3.5-4B,aime2026_tr,intermediate_error,Qwen3.5-4B|aime2026_tr|AIME2026-TR/20|g10,1
R1-distill,Qwen3.5-4B,aime2026_tr,intermediate_error,Qwen3.5-4B|aime2026_tr|AIME2026-TR/20|g13,0
R1-distill,Qwen3.5-4B,aime2026_tr,intermediate_error,Qwen3.5-4B|aime2026_tr|AIME2026-TR/20|g33,1
R1-distill,Qwen3.5-4B,aime2026_tr,intermediate_error,Qwen3.5-4B|aime2026_tr|AIME2026-TR/21|g0,1
R1-distill,Qwen3.5-4B,aime2026_tr,intermediate_error,Qwen3.5-4B|aime2026_tr|AIME2026-TR/21|g20,1
R1-distill,Qwen3.5-4B,aime2026_tr,intermediate_error,Qwen3.5-4B|aime2026_tr|AIME2026-TR/21|g39,1
R1-distill,Qwen3.5-4B,aime2026_tr,intermediate_error,Qwen3.5-4B|aime2026_tr|AIME2026-TR/21|g47,0
R1-distill,Qwen3.5-4B,aime2026_tr,intermediate_error,Qwen3.5-4B|aime2026_tr|AIME2026-TR/22|g18,1
R1-distill,Qwen3.5-4B,aime2026_tr,intermediate_error,Qwen3.5-4B|aime2026_tr|AIME2026-TR/22|g22,1
R1-distill,Qwen3.5-4B,aime2026_tr,intermediate_error,Qwen3.5-4B|aime2026_tr|AIME2026-TR/22|g26,1
R1-distill,Qwen3.5-4B,aime2026_tr,intermediate_error,Qwen3.5-4B|aime2026_tr|AIME2026-TR/22|g51,1
R1-distill,Qwen3.5-4B,aime2026_tr,intermediate_error,Qwen3.5-4B|aime2026_tr|AIME2026-TR/23|g9,1
R1-distill,Qwen3.5-4B,aime2026_tr,intermediate_error,Qwen3.5-4B|aime2026_tr|AIME2026-TR/24|g11,1
R1-distill,Qwen3.5-4B,aime2026_tr,intermediate_error,Qwen3.5-4B|aime2026_tr|AIME2026-TR/24|g22,1
R1-distill,Qwen3.5-4B,aime2026_tr,intermediate_error,Qwen3.5-4B|aime2026_tr|AIME2026-TR/24|g38,1
R1-distill,Qwen3.5-4B,aime2026_tr,intermediate_error,Qwen3.5-4B|aime2026_tr|AIME2026-TR/24|g8,1
R1-distill,Qwen3.5-4B,aime2026_tr,intermediate_error,Qwen3.5-4B|aime2026_tr|AIME2026-TR/25|g18,1
R1-distill,Qwen3.5-4B,aime2026_tr,intermediate_error,Qwen3.5-4B|aime2026_tr|AIME2026-TR/25|g35,1
R1-distill,Qwen3.5-4B,aime2026_tr,intermediate_error,Qwen3.5-4B|aime2026_tr|AIME2026-TR/26|g13,1
R1-distill,Qwen3.5-4B,aime2026_tr,intermediate_error,Qwen3.5-4B|aime2026_tr|AIME2026-TR/26|g31,1
R1-distill,Qwen3.5-4B,aime2026_tr,intermediate_error,Qwen3.5-4B|aime2026_tr|AIME2026-TR/26|g37,1
R1-distill,Qwen3.5-4B,aime2026_tr,intermediate_error,Qwen3.5-4B|aime2026_tr|AIME2026-TR/27|g14,1
R1-distill,Qwen3.5-4B,aime2026_tr,intermediate_error,Qwen3.5-4B|aime2026_tr|AIME2026-TR/27|g52,1
R1-distill,Qwen3.5-4B,aime2026_tr,intermediate_error,Qwen3.5-4B|aime2026_tr|AIME2026-TR/28|g0,1
R1-distill,Qwen3.5-4B,aime2026_tr,intermediate_error,Qwen3.5-4B|aime2026_tr|AIME2026-TR/28|g61,1
R1-distill,Qwen3.5-4B,aime2026_tr,intermediate_error,Qwen3.5-4B|aime2026_tr|AIME2026-TR/29|g6,1
R1-distill,Qwen3.5-4B,aime2026_tr,intermediate_error,Qwen3.5-4B|aime2026_tr|AIME2026-TR/2|g34,0
R1-distill,Qwen3.5-4B,aime2026_tr,intermediate_error,Qwen3.5-4B|aime2026_tr|AIME2026-TR/2|g38,1
R1-distill,Qwen3.5-4B,aime2026_tr,intermediate_error,Qwen3.5-4B|aime2026_tr|AIME2026-TR/2|g47,1
R1-distill,Qwen3.5-4B,aime2026_tr,intermediate_error,Qwen3.5-4B|aime2026_tr|AIME2026-TR/3|g21,1
R1-distill,Qwen3.5-4B,aime2026_tr,intermediate_error,Qwen3.5-4B|aime2026_tr|AIME2026-TR/3|g26,1
R1-distill,Qwen3.5-4B,aime2026_tr,intermediate_error,Qwen3.5-4B|aime2026_tr|AIME2026-TR/3|g28,1
R1-distill,Qwen3.5-4B,aime2026_tr,intermediate_error,Qwen3.5-4B|aime2026_tr|AIME2026-TR/3|g34,1
R1-distill,Qwen3.5-4B,aime2026_tr,intermediate_error,Qwen3.5-4B|aime2026_tr|AIME2026-TR/4|g20,1
R1-distill,Qwen3.5-4B,aime2026_tr,intermediate_error,Qwen3.5-4B|aime2026_tr|AIME2026-TR/4|g38,1
R1-distill,Qwen3.5-4B,aime2026_tr,intermediate_error,Qwen3.5-4B|aime2026_tr|AIME2026-TR/4|g47,1
R1-distill,Qwen3.5-4B,aime2026_tr,intermediate_error,Qwen3.5-4B|aime2026_tr|AIME2026-TR/4|g51,1
R1-distill,Qwen3.5-4B,aime2026_tr,intermediate_error,Qwen3.5-4B|aime2026_tr|AIME2026-TR/4|g52,1
R1-distill,Qwen3.5-4B,aime2026_tr,intermediate_error,Qwen3.5-4B|aime2026_tr|AIME2026-TR/5|g35,1
R1-distill,Qwen3.5-4B,aime2026_tr,intermediate_error,Qwen3.5-4B|aime2026_tr|AIME2026-TR/5|g45,1
R1-distill,Qwen3.5-4B,aime2026_tr,intermediate_error,Qwen3.5-4B|aime2026_tr|AIME2026-TR/5|g5,1
R1-distill,Qwen3.5-4B,aime2026_tr,intermediate_error,Qwen3.5-4B|aime2026_tr|AIME2026-TR/5|g57,1
R1-distill,Qwen3.5-4B,aime2026_tr,intermediate_error,Qwen3.5-4B|aime2026_tr|AIME2026-TR/6|g3,1
R1-distill,Qwen3.5-4B,aime2026_tr,intermediate_error,Qwen3.5-4B|aime2026_tr|AIME2026-TR/6|g5,1
R1-distill,Qwen3.5-4B,aime2026_tr,intermediate_error,Qwen3.5-4B|aime2026_tr|AIME2026-TR/6|g59,1
R1-distill,Qwen3.5-4B,aime2026_tr,intermediate_error,Qwen3.5-4B|aime2026_tr|AIME2026-TR/6|g62,1
R1-distill,Qwen3.5-4B,aime2026_tr,intermediate_error,Qwen3.5-4B|aime2026_tr|AIME2026-TR/7|g20,1
R1-distill,Qwen3.5-4B,aime2026_tr,intermediate_error,Qwen3.5-4B|aime2026_tr|AIME2026-TR/7|g43,1
R1-distill,Qwen3.5-4B,aime2026_tr,intermediate_error,Qwen3.5-4B|aime2026_tr|AIME2026-TR/9|g37,1
R1-distill,Qwen3.5-4B,aime2026_tr,truncated,Qwen3.5-4B|aime2026_tr|AIME2026-TR/10|g32,1
R1-distill,Qwen3.5-4B,aime2026_tr,truncated,Qwen3.5-4B|aime2026_tr|AIME2026-TR/10|g44,1
R1-distill,Qwen3.5-4B,aime2026_tr,truncated,Qwen3.5-4B|aime2026_tr|AIME2026-TR/12|g21,1
R1-distill,Qwen3.5-4B,aime2026_tr,truncated,Qwen3.5-4B|aime2026_tr|AIME2026-TR/12|g33,1
R1-distill,Qwen3.5-4B,aime2026_tr,truncated,Qwen3.5-4B|aime2026_tr|AIME2026-TR/12|g63,0
R1-distill,Qwen3.5-4B,aime2026_tr,truncated,Qwen3.5-4B|aime2026_tr|AIME2026-TR/13|g0,1
R1-distill,Qwen3.5-4B,aime2026_tr,truncated,Qwen3.5-4B|aime2026_tr|AIME2026-TR/13|g21,1
R1-distill,Qwen3.5-4B,aime2026_tr,truncated,Qwen3.5-4B|aime2026_tr|AIME2026-TR/14|g53,0
R1-distill,Qwen3.5-4B,aime2026_tr,truncated,Qwen3.5-4B|aime2026_tr|AIME2026-TR/16|g17,1
R1-distill,Qwen3.5-4B,aime2026_tr,truncated,Qwen3.5-4B|aime2026_tr|AIME2026-TR/16|g32,1
R1-distill,Qwen3.5-4B,aime2026_tr,truncated,Qwen3.5-4B|aime2026_tr|AIME2026-TR/16|g9,0
R1-distill,Qwen3.5-4B,aime2026_tr,truncated,Qwen3.5-4B|aime2026_tr|AIME2026-TR/17|g55,0
R1-distill,Qwen3.5-4B,aime2026_tr,truncated,Qwen3.5-4B|aime2026_tr|AIME2026-TR/18|g22,1
R1-distill,Qwen3.5-4B,aime2026_tr,truncated,Qwen3.5-4B|aime2026_tr|AIME2026-TR/18|g37,1
R1-distill,Qwen3.5-4B,aime2026_tr,truncated,Qwen3.5-4B|aime2026_tr|AIME2026-TR/18|g6,0
R1-distill,Qwen3.5-4B,aime2026_tr,truncated,Qwen3.5-4B|aime2026_tr|AIME2026-TR/18|g8,1
R1-distill,Qwen3.5-4B,aime2026_tr,truncated,Qwen3.5-4B|aime2026_tr|AIME2026-TR/18|g9,0
R1-distill,Qwen3.5-4B,aime2026_tr,truncated,Qwen3.5-4B|aime2026_tr|AIME2026-TR/19|g24,1
R1-distill,Qwen3.5-4B,aime2026_tr,truncated,Qwen3.5-4B|aime2026_tr|AIME2026-TR/19|g36,1
R1-distill,Qwen3.5-4B,aime2026_tr,truncated,Qwen3.5-4B|aime2026_tr|AIME2026-TR/19|g54,1
R1-distill,Qwen3.5-4B,aime2026_tr,truncated,Qwen3.5-4B|aime2026_tr|AIME2026-TR/1|g1,1
R1-distill,Qwen3.5-4B,aime2026_tr,truncated,Qwen3.5-4B|aime2026_tr|AIME2026-TR/1|g16,1
R1-distill,Qwen3.5-4B,aime2026_tr,truncated,Qwen3.5-4B|aime2026_tr|AIME2026-TR/1|g32,1
R1-distill,Qwen3.5-4B,aime2026_tr,truncated,Qwen3.5-4B|aime2026_tr|AIME2026-TR/20|g10,0
R1-distill,Qwen3.5-4B,aime2026_tr,truncated,Qwen3.5-4B|aime2026_tr|AIME2026-TR/20|g13,1
R1-distill,Qwen3.5-4B,aime2026_tr,truncated,Qwen3.5-4B|aime2026_tr|AIME2026-TR/20|g33,1
R1-distill,Qwen3.5-4B,aime2026_tr,truncated,Qwen3.5-4B|aime2026_tr|AIME2026-TR/21|g0,1
R1-distill,Qwen3.5-4B,aime2026_tr,truncated,Qwen3.5-4B|aime2026_tr|AIME2026-TR/21|g20,1
R1-distill,Qwen3.5-4B,aime2026_tr,truncated,Qwen3.5-4B|aime2026_tr|AIME2026-TR/21|g39,1
R1-distill,Qwen3.5-4B,aime2026_tr,truncated,Qwen3.5-4B|aime2026_tr|AIME2026-TR/21|g47,0
R1-distill,Qwen3.5-4B,aime2026_tr,truncated,Qwen3.5-4B|aime2026_tr|AIME2026-TR/22|g18,1
R1-distill,Qwen3.5-4B,aime2026_tr,truncated,Qwen3.5-4B|aime2026_tr|AIME2026-TR/22|g22,1
R1-distill,Qwen3.5-4B,aime2026_tr,truncated,Qwen3.5-4B|aime2026_tr|AIME2026-TR/22|g26,1
R1-distill,Qwen3.5-4B,aime2026_tr,truncated,Qwen3.5-4B|aime2026_tr|AIME2026-TR/22|g51,1
R1-distill,Qwen3.5-4B,aime2026_tr,truncated,Qwen3.5-4B|aime2026_tr|AIME2026-TR/23|g9,0
R1-distill,Qwen3.5-4B,aime2026_tr,truncated,Qwen3.5-4B|aime2026_tr|AIME2026-TR/24|g11,1
R1-distill,Qwen3.5-4B,aime2026_tr,truncated,Qwen3.5-4B|aime2026_tr|AIME2026-TR/24|g22,1
R1-distill,Qwen3.5-4B,aime2026_tr,truncated,Qwen3.5-4B|aime2026_tr|AIME2026-TR/24|g38,1
R1-distill,Qwen3.5-4B,aime2026_tr,truncated,Qwen3.5-4B|aime2026_tr|AIME2026-TR/24|g8,1
R1-distill,Qwen3.5-4B,aime2026_tr,truncated,Qwen3.5-4B|aime2026_tr|AIME2026-TR/25|g18,1
R1-distill,Qwen3.5-4B,aime2026_tr,truncated,Qwen3.5-4B|aime2026_tr|AIME2026-TR/25|g35,1
R1-distill,Qwen3.5-4B,aime2026_tr,truncated,Qwen3.5-4B|aime2026_tr|AIME2026-TR/26|g13,1
R1-distill,Qwen3.5-4B,aime2026_tr,truncated,Qwen3.5-4B|aime2026_tr|AIME2026-TR/26|g31,1
R1-distill,Qwen3.5-4B,aime2026_tr,truncated,Qwen3.5-4B|aime2026_tr|AIME2026-TR/26|g37,1
R1-distill,Qwen3.5-4B,aime2026_tr,truncated,Qwen3.5-4B|aime2026_tr|AIME2026-TR/27|g14,1
R1-distill,Qwen3.5-4B,aime2026_tr,truncated,Qwen3.5-4B|aime2026_tr|AIME2026-TR/27|g52,1
R1-distill,Qwen3.5-4B,aime2026_tr,truncated,Qwen3.5-4B|aime2026_tr|AIME2026-TR/28|g0,1
R1-distill,Qwen3.5-4B,aime2026_tr,truncated,Qwen3.5-4B|aime2026_tr|AIME2026-TR/28|g61,0
R1-distill,Qwen3.5-4B,aime2026_tr,truncated,Qwen3.5-4B|aime2026_tr|AIME2026-TR/29|g6,0
R1-distill,Qwen3.5-4B,aime2026_tr,truncated,Qwen3.5-4B|aime2026_tr|AIME2026-TR/2|g34,1
R1-distill,Qwen3.5-4B,aime2026_tr,truncated,Qwen3.5-4B|aime2026_tr|AIME2026-TR/2|g38,1
R1-distill,Qwen3.5-4B,aime2026_tr,truncated,Qwen3.5-4B|aime2026_tr|AIME2026-TR/2|g47,1
R1-distill,Qwen3.5-4B,aime2026_tr,truncated,Qwen3.5-4B|aime2026_tr|AIME2026-TR/3|g21,1
R1-distill,Qwen3.5-4B,aime2026_tr,truncated,Qwen3.5-4B|aime2026_tr|AIME2026-TR/3|g26,1
R1-distill,Qwen3.5-4B,aime2026_tr,truncated,Qwen3.5-4B|aime2026_tr|AIME2026-TR/3|g28,1
R1-distill,Qwen3.5-4B,aime2026_tr,truncated,Qwen3.5-4B|aime2026_tr|AIME2026-TR/3|g34,1
R1-distill,Qwen3.5-4B,aime2026_tr,truncated,Qwen3.5-4B|aime2026_tr|AIME2026-TR/4|g20,1
R1-distill,Qwen3.5-4B,aime2026_tr,truncated,Qwen3.5-4B|aime2026_tr|AIME2026-TR/4|g38,1
R1-distill,Qwen3.5-4B,aime2026_tr,truncated,Qwen3.5-4B|aime2026_tr|AIME2026-TR/4|g47,1
R1-distill,Qwen3.5-4B,aime2026_tr,truncated,Qwen3.5-4B|aime2026_tr|AIME2026-TR/4|g51,0
R1-distill,Qwen3.5-4B,aime2026_tr,truncated,Qwen3.5-4B|aime2026_tr|AIME2026-TR/4|g52,0
R1-distill,Qwen3.5-4B,aime2026_tr,truncated,Qwen3.5-4B|aime2026_tr|AIME2026-TR/5|g35,1
R1-distill,Qwen3.5-4B,aime2026_tr,truncated,Qwen3.5-4B|aime2026_tr|AIME2026-TR/5|g45,1
R1-distill,Qwen3.5-4B,aime2026_tr,truncated,Qwen3.5-4B|aime2026_tr|AIME2026-TR/5|g5,1
R1-distill,Qwen3.5-4B,aime2026_tr,truncated,Qwen3.5-4B|aime2026_tr|AIME2026-TR/5|g57,1
R1-distill,Qwen3.5-4B,aime2026_tr,truncated,Qwen3.5-4B|aime2026_tr|AIME2026-TR/6|g3,1
R1-distill,Qwen3.5-4B,aime2026_tr,truncated,Qwen3.5-4B|aime2026_tr|AIME2026-TR/6|g5,1
R1-distill,Qwen3.5-4B,aime2026_tr,truncated,Qwen3.5-4B|aime2026_tr|AIME2026-TR/6|g59,1
R1-distill,Qwen3.5-4B,aime2026_tr,truncated,Qwen3.5-4B|aime2026_tr|AIME2026-TR/6|g62,1
R1-distill,Qwen3.5-4B,aime2026_tr,truncated,Qwen3.5-4B|aime2026_tr|AIME2026-TR/7|g20,1
R1-distill,Qwen3.5-4B,aime2026_tr,truncated,Qwen3.5-4B|aime2026_tr|AIME2026-TR/7|g43,1
R1-distill,Qwen3.5-4B,aime2026_tr,truncated,Qwen3.5-4B|aime2026_tr|AIME2026-TR/9|g37,0
R1-distill,Qwen3.5-4B,pt_exams_math,boxed_only,Qwen3.5-4B|pt_exams_math|pt_exams_math/101|g12,1
R1-distill,Qwen3.5-4B,pt_exams_math,boxed_only,Qwen3.5-4B|pt_exams_math|pt_exams_math/102|g5,1
R1-distill,Qwen3.5-4B,pt_exams_math,boxed_only,Qwen3.5-4B|pt_exams_math|pt_exams_math/103|g2,1
R1-distill,Qwen3.5-4B,pt_exams_math,boxed_only,Qwen3.5-4B|pt_exams_math|pt_exams_math/104|g7,0
R1-distill,Qwen3.5-4B,pt_exams_math,boxed_only,Qwen3.5-4B|pt_exams_math|pt_exams_math/106|g12,1
R1-distill,Qwen3.5-4B,pt_exams_math,boxed_only,Qwen3.5-4B|pt_exams_math|pt_exams_math/107|g5,1
R1-distill,Qwen3.5-4B,pt_exams_math,boxed_only,Qwen3.5-4B|pt_exams_math|pt_exams_math/108|g15,1
R1-distill,Qwen3.5-4B,pt_exams_math,boxed_only,Qwen3.5-4B|pt_exams_math|pt_exams_math/109|g3,1
R1-distill,Qwen3.5-4B,pt_exams_math,boxed_only,Qwen3.5-4B|pt_exams_math|pt_exams_math/10|g3,1
R1-distill,Qwen3.5-4B,pt_exams_math,boxed_only,Qwen3.5-4B|pt_exams_math|pt_exams_math/111|g1,1
R1-distill,Qwen3.5-4B,pt_exams_math,boxed_only,Qwen3.5-4B|pt_exams_math|pt_exams_math/113|g7,0
R1-distill,Qwen3.5-4B,pt_exams_math,boxed_only,Qwen3.5-4B|pt_exams_math|pt_exams_math/118|g13,1
R1-distill,Qwen3.5-4B,pt_exams_math,boxed_only,Qwen3.5-4B|pt_exams_math|pt_exams_math/119|g14,1
R1-distill,Qwen3.5-4B,pt_exams_math,boxed_only,Qwen3.5-4B|pt_exams_math|pt_exams_math/121|g12,1
R1-distill,Qwen3.5-4B,pt_exams_math,boxed_only,Qwen3.5-4B|pt_exams_math|pt_exams_math/126|g15,1
R1-distill,Qwen3.5-4B,pt_exams_math,boxed_only,Qwen3.5-4B|pt_exams_math|pt_exams_math/128|g1,1
R1-distill,Qwen3.5-4B,pt_exams_math,boxed_only,Qwen3.5-4B|pt_exams_math|pt_exams_math/130|g1,1
R1-distill,Qwen3.5-4B,pt_exams_math,boxed_only,Qwen3.5-4B|pt_exams_math|pt_exams_math/134|g3,1
R1-distill,Qwen3.5-4B,pt_exams_math,boxed_only,Qwen3.5-4B|pt_exams_math|pt_exams_math/138|g7,1
R1-distill,Qwen3.5-4B,pt_exams_math,boxed_only,Qwen3.5-4B|pt_exams_math|pt_exams_math/140|g5,1
R1-distill,Qwen3.5-4B,pt_exams_math,boxed_only,Qwen3.5-4B|pt_exams_math|pt_exams_math/142|g9,1
R1-distill,Qwen3.5-4B,pt_exams_math,boxed_only,Qwen3.5-4B|pt_exams_math|pt_exams_math/146|g9,0
R1-distill,Qwen3.5-4B,pt_exams_math,boxed_only,Qwen3.5-4B|pt_exams_math|pt_exams_math/14|g7,1
R1-distill,Qwen3.5-4B,pt_exams_math,boxed_only,Qwen3.5-4B|pt_exams_math|pt_exams_math/150|g9,1
R1-distill,Qwen3.5-4B,pt_exams_math,boxed_only,Qwen3.5-4B|pt_exams_math|pt_exams_math/153|g3,1
R1-distill,Qwen3.5-4B,pt_exams_math,boxed_only,Qwen3.5-4B|pt_exams_math|pt_exams_math/159|g8,1
R1-distill,Qwen3.5-4B,pt_exams_math,boxed_only,Qwen3.5-4B|pt_exams_math|pt_exams_math/15|g5,1
R1-distill,Qwen3.5-4B,pt_exams_math,boxed_only,Qwen3.5-4B|pt_exams_math|pt_exams_math/160|g4,1
R1-distill,Qwen3.5-4B,pt_exams_math,boxed_only,Qwen3.5-4B|pt_exams_math|pt_exams_math/17|g10,1
R1-distill,Qwen3.5-4B,pt_exams_math,boxed_only,Qwen3.5-4B|pt_exams_math|pt_exams_math/18|g14,1
R1-distill,Qwen3.5-4B,pt_exams_math,boxed_only,Qwen3.5-4B|pt_exams_math|pt_exams_math/1|g7,1
R1-distill,Qwen3.5-4B,pt_exams_math,boxed_only,Qwen3.5-4B|pt_exams_math|pt_exams_math/21|g1,1
R1-distill,Qwen3.5-4B,pt_exams_math,boxed_only,Qwen3.5-4B|pt_exams_math|pt_exams_math/26|g0,1
R1-distill,Qwen3.5-4B,pt_exams_math,boxed_only,Qwen3.5-4B|pt_exams_math|pt_exams_math/27|g6,1
R1-distill,Qwen3.5-4B,pt_exams_math,boxed_only,Qwen3.5-4B|pt_exams_math|pt_exams_math/28|g4,1
R1-distill,Qwen3.5-4B,pt_exams_math,boxed_only,Qwen3.5-4B|pt_exams_math|pt_exams_math/31|g10,1
R1-distill,Qwen3.5-4B,pt_exams_math,boxed_only,Qwen3.5-4B|pt_exams_math|pt_exams_math/33|g1,1
R1-distill,Qwen3.5-4B,pt_exams_math,boxed_only,Qwen3.5-4B|pt_exams_math|pt_exams_math/34|g10,1
R1-distill,Qwen3.5-4B,pt_exams_math,boxed_only,Qwen3.5-4B|pt_exams_math|pt_exams_math/35|g6,1
R1-distill,Qwen3.5-4B,pt_exams_math,boxed_only,Qwen3.5-4B|pt_exams_math|pt_exams_math/36|g2,1
R1-distill,Qwen3.5-4B,pt_exams_math,boxed_only,Qwen3.5-4B|pt_exams_math|pt_exams_math/3|g13,1
R1-distill,Qwen3.5-4B,pt_exams_math,boxed_only,Qwen3.5-4B|pt_exams_math|pt_exams_math/44|g10,1
R1-distill,Qwen3.5-4B,pt_exams_math,boxed_only,Qwen3.5-4B|pt_exams_math|pt_exams_math/45|g2,1
R1-distill,Qwen3.5-4B,pt_exams_math,boxed_only,Qwen3.5-4B|pt_exams_math|pt_exams_math/50|g15,1
R1-distill,Qwen3.5-4B,pt_exams_math,boxed_only,Qwen3.5-4B|pt_exams_math|pt_exams_math/51|g11,0
R1-distill,Qwen3.5-4B,pt_exams_math,boxed_only,Qwen3.5-4B|pt_exams_math|pt_exams_math/53|g9,1
R1-distill,Qwen3.5-4B,pt_exams_math,boxed_only,Qwen3.5-4B|pt_exams_math|pt_exams_math/54|g4,1
R1-distill,Qwen3.5-4B,pt_exams_math,boxed_only,Qwen3.5-4B|pt_exams_math|pt_exams_math/56|g0,1
R1-distill,Qwen3.5-4B,pt_exams_math,boxed_only,Qwen3.5-4B|pt_exams_math|pt_exams_math/58|g4,0
R1-distill,Qwen3.5-4B,pt_exams_math,boxed_only,Qwen3.5-4B|pt_exams_math|pt_exams_math/59|g4,1
R1-distill,Qwen3.5-4B,pt_exams_math,boxed_only,Qwen3.5-4B|pt_exams_math|pt_exams_math/5|g8,1
R1-distill,Qwen3.5-4B,pt_exams_math,boxed_only,Qwen3.5-4B|pt_exams_math|pt_exams_math/60|g10,1
R1-distill,Qwen3.5-4B,pt_exams_math,boxed_only,Qwen3.5-4B|pt_exams_math|pt_exams_math/62|g15,1
R1-distill,Qwen3.5-4B,pt_exams_math,boxed_only,Qwen3.5-4B|pt_exams_math|pt_exams_math/65|g2,1
R1-distill,Qwen3.5-4B,pt_exams_math,boxed_only,Qwen3.5-4B|pt_exams_math|pt_exams_math/68|g2,0
R1-distill,Qwen3.5-4B,pt_exams_math,boxed_only,Qwen3.5-4B|pt_exams_math|pt_exams_math/69|g10,1
R1-distill,Qwen3.5-4B,pt_exams_math,boxed_only,Qwen3.5-4B|pt_exams_math|pt_exams_math/6|g6,1
R1-distill,Qwen3.5-4B,pt_exams_math,boxed_only,Qwen3.5-4B|pt_exams_math|pt_exams_math/70|g13,1
R1-distill,Qwen3.5-4B,pt_exams_math,boxed_only,Qwen3.5-4B|pt_exams_math|pt_exams_math/71|g13,0
R1-distill,Qwen3.5-4B,pt_exams_math,boxed_only,Qwen3.5-4B|pt_exams_math|pt_exams_math/72|g7,1
R1-distill,Qwen3.5-4B,pt_exams_math,boxed_only,Qwen3.5-4B|pt_exams_math|pt_exams_math/74|g10,1
R1-distill,Qwen3.5-4B,pt_exams_math,boxed_only,Qwen3.5-4B|pt_exams_math|pt_exams_math/75|g4,1
R1-distill,Qwen3.5-4B,pt_exams_math,boxed_only,Qwen3.5-4B|pt_exams_math|pt_exams_math/77|g9,0
R1-distill,Qwen3.5-4B,pt_exams_math,boxed_only,Qwen3.5-4B|pt_exams_math|pt_exams_math/79|g14,1
R1-distill,Qwen3.5-4B,pt_exams_math,boxed_only,Qwen3.5-4B|pt_exams_math|pt_exams_math/7|g6,1
R1-distill,Qwen3.5-4B,pt_exams_math,boxed_only,Qwen3.5-4B|pt_exams_math|pt_exams_math/81|g1,1
R1-distill,Qwen3.5-4B,pt_exams_math,boxed_only,Qwen3.5-4B|pt_exams_math|pt_exams_math/82|g13,0
R1-distill,Qwen3.5-4B,pt_exams_math,boxed_only,Qwen3.5-4B|pt_exams_math|pt_exams_math/86|g11,1
R1-distill,Qwen3.5-4B,pt_exams_math,boxed_only,Qwen3.5-4B|pt_exams_math|pt_exams_math/87|g14,1
R1-distill,Qwen3.5-4B,pt_exams_math,boxed_only,Qwen3.5-4B|pt_exams_math|pt_exams_math/90|g15,1
R1-distill,Qwen3.5-4B,pt_exams_math,boxed_only,Qwen3.5-4B|pt_exams_math|pt_exams_math/97|g0,1
R1-distill,Qwen3.5-4B,pt_exams_math,boxed_only,Qwen3.5-4B|pt_exams_math|pt_exams_math/99|g12,1
R1-distill,Qwen3.5-4B,pt_exams_math,clean,Qwen3.5-4B|pt_exams_math|pt_exams_math/101|g12,1
R1-distill,Qwen3.5-4B,pt_exams_math,clean,Qwen3.5-4B|pt_exams_math|pt_exams_math/102|g5,1
R1-distill,Qwen3.5-4B,pt_exams_math,clean,Qwen3.5-4B|pt_exams_math|pt_exams_math/103|g2,1
R1-distill,Qwen3.5-4B,pt_exams_math,clean,Qwen3.5-4B|pt_exams_math|pt_exams_math/104|g7,1
R1-distill,Qwen3.5-4B,pt_exams_math,clean,Qwen3.5-4B|pt_exams_math|pt_exams_math/106|g12,1
R1-distill,Qwen3.5-4B,pt_exams_math,clean,Qwen3.5-4B|pt_exams_math|pt_exams_math/107|g5,1
R1-distill,Qwen3.5-4B,pt_exams_math,clean,Qwen3.5-4B|pt_exams_math|pt_exams_math/108|g15,1
R1-distill,Qwen3.5-4B,pt_exams_math,clean,Qwen3.5-4B|pt_exams_math|pt_exams_math/109|g3,1
R1-distill,Qwen3.5-4B,pt_exams_math,clean,Qwen3.5-4B|pt_exams_math|pt_exams_math/10|g3,1
R1-distill,Qwen3.5-4B,pt_exams_math,clean,Qwen3.5-4B|pt_exams_math|pt_exams_math/111|g1,1
R1-distill,Qwen3.5-4B,pt_exams_math,clean,Qwen3.5-4B|pt_exams_math|pt_exams_math/113|g7,1
R1-distill,Qwen3.5-4B,pt_exams_math,clean,Qwen3.5-4B|pt_exams_math|pt_exams_math/118|g13,1
R1-distill,Qwen3.5-4B,pt_exams_math,clean,Qwen3.5-4B|pt_exams_math|pt_exams_math/119|g14,1
R1-distill,Qwen3.5-4B,pt_exams_math,clean,Qwen3.5-4B|pt_exams_math|pt_exams_math/121|g12,1
R1-distill,Qwen3.5-4B,pt_exams_math,clean,Qwen3.5-4B|pt_exams_math|pt_exams_math/126|g15,1
R1-distill,Qwen3.5-4B,pt_exams_math,clean,Qwen3.5-4B|pt_exams_math|pt_exams_math/128|g1,1
R1-distill,Qwen3.5-4B,pt_exams_math,clean,Qwen3.5-4B|pt_exams_math|pt_exams_math/130|g1,1
R1-distill,Qwen3.5-4B,pt_exams_math,clean,Qwen3.5-4B|pt_exams_math|pt_exams_math/134|g3,1
R1-distill,Qwen3.5-4B,pt_exams_math,clean,Qwen3.5-4B|pt_exams_math|pt_exams_math/138|g7,1
R1-distill,Qwen3.5-4B,pt_exams_math,clean,Qwen3.5-4B|pt_exams_math|pt_exams_math/140|g5,1
R1-distill,Qwen3.5-4B,pt_exams_math,clean,Qwen3.5-4B|pt_exams_math|pt_exams_math/142|g9,1
R1-distill,Qwen3.5-4B,pt_exams_math,clean,Qwen3.5-4B|pt_exams_math|pt_exams_math/146|g9,1
R1-distill,Qwen3.5-4B,pt_exams_math,clean,Qwen3.5-4B|pt_exams_math|pt_exams_math/14|g7,1
R1-distill,Qwen3.5-4B,pt_exams_math,clean,Qwen3.5-4B|pt_exams_math|pt_exams_math/150|g9,1
R1-distill,Qwen3.5-4B,pt_exams_math,clean,Qwen3.5-4B|pt_exams_math|pt_exams_math/153|g3,1
R1-distill,Qwen3.5-4B,pt_exams_math,clean,Qwen3.5-4B|pt_exams_math|pt_exams_math/159|g8,1
R1-distill,Qwen3.5-4B,pt_exams_math,clean,Qwen3.5-4B|pt_exams_math|pt_exams_math/15|g5,1
R1-distill,Qwen3.5-4B,pt_exams_math,clean,Qwen3.5-4B|pt_exams_math|pt_exams_math/160|g4,1
R1-distill,Qwen3.5-4B,pt_exams_math,clean,Qwen3.5-4B|pt_exams_math|pt_exams_math/17|g10,1
R1-distill,Qwen3.5-4B,pt_exams_math,clean,Qwen3.5-4B|pt_exams_math|pt_exams_math/18|g14,1
R1-distill,Qwen3.5-4B,pt_exams_math,clean,Qwen3.5-4B|pt_exams_math|pt_exams_math/1|g7,1
R1-distill,Qwen3.5-4B,pt_exams_math,clean,Qwen3.5-4B|pt_exams_math|pt_exams_math/21|g1,1
R1-distill,Qwen3.5-4B,pt_exams_math,clean,Qwen3.5-4B|pt_exams_math|pt_exams_math/26|g0,1
R1-distill,Qwen3.5-4B,pt_exams_math,clean,Qwen3.5-4B|pt_exams_math|pt_exams_math/27|g6,1
R1-distill,Qwen3.5-4B,pt_exams_math,clean,Qwen3.5-4B|pt_exams_math|pt_exams_math/28|g4,1
R1-distill,Qwen3.5-4B,pt_exams_math,clean,Qwen3.5-4B|pt_exams_math|pt_exams_math/31|g10,1
R1-distill,Qwen3.5-4B,pt_exams_math,clean,Qwen3.5-4B|pt_exams_math|pt_exams_math/33|g1,1
R1-distill,Qwen3.5-4B,pt_exams_math,clean,Qwen3.5-4B|pt_exams_math|pt_exams_math/34|g10,1
R1-distill,Qwen3.5-4B,pt_exams_math,clean,Qwen3.5-4B|pt_exams_math|pt_exams_math/35|g6,1
R1-distill,Qwen3.5-4B,pt_exams_math,clean,Qwen3.5-4B|pt_exams_math|pt_exams_math/36|g2,1
R1-distill,Qwen3.5-4B,pt_exams_math,clean,Qwen3.5-4B|pt_exams_math|pt_exams_math/3|g13,1
R1-distill,Qwen3.5-4B,pt_exams_math,clean,Qwen3.5-4B|pt_exams_math|pt_exams_math/44|g10,1
R1-distill,Qwen3.5-4B,pt_exams_math,clean,Qwen3.5-4B|pt_exams_math|pt_exams_math/45|g2,1
R1-distill,Qwen3.5-4B,pt_exams_math,clean,Qwen3.5-4B|pt_exams_math|pt_exams_math/50|g15,1
R1-distill,Qwen3.5-4B,pt_exams_math,clean,Qwen3.5-4B|pt_exams_math|pt_exams_math/51|g11,1
R1-distill,Qwen3.5-4B,pt_exams_math,clean,Qwen3.5-4B|pt_exams_math|pt_exams_math/53|g9,1
R1-distill,Qwen3.5-4B,pt_exams_math,clean,Qwen3.5-4B|pt_exams_math|pt_exams_math/54|g4,1
R1-distill,Qwen3.5-4B,pt_exams_math,clean,Qwen3.5-4B|pt_exams_math|pt_exams_math/56|g0,1
R1-distill,Qwen3.5-4B,pt_exams_math,clean,Qwen3.5-4B|pt_exams_math|pt_exams_math/58|g4,1
R1-distill,Qwen3.5-4B,pt_exams_math,clean,Qwen3.5-4B|pt_exams_math|pt_exams_math/59|g4,1
R1-distill,Qwen3.5-4B,pt_exams_math,clean,Qwen3.5-4B|pt_exams_math|pt_exams_math/5|g8,1
R1-distill,Qwen3.5-4B,pt_exams_math,clean,Qwen3.5-4B|pt_exams_math|pt_exams_math/60|g10,1
R1-distill,Qwen3.5-4B,pt_exams_math,clean,Qwen3.5-4B|pt_exams_math|pt_exams_math/62|g15,1
R1-distill,Qwen3.5-4B,pt_exams_math,clean,Qwen3.5-4B|pt_exams_math|pt_exams_math/65|g2,1
R1-distill,Qwen3.5-4B,pt_exams_math,clean,Qwen3.5-4B|pt_exams_math|pt_exams_math/68|g2,1
R1-distill,Qwen3.5-4B,pt_exams_math,clean,Qwen3.5-4B|pt_exams_math|pt_exams_math/69|g10,1
R1-distill,Qwen3.5-4B,pt_exams_math,clean,Qwen3.5-4B|pt_exams_math|pt_exams_math/6|g6,1
R1-distill,Qwen3.5-4B,pt_exams_math,clean,Qwen3.5-4B|pt_exams_math|pt_exams_math/70|g13,1
R1-distill,Qwen3.5-4B,pt_exams_math,clean,Qwen3.5-4B|pt_exams_math|pt_exams_math/71|g13,1
R1-distill,Qwen3.5-4B,pt_exams_math,clean,Qwen3.5-4B|pt_exams_math|pt_exams_math/72|g7,1
R1-distill,Qwen3.5-4B,pt_exams_math,clean,Qwen3.5-4B|pt_exams_math|pt_exams_math/74|g10,1
R1-distill,Qwen3.5-4B,pt_exams_math,clean,Qwen3.5-4B|pt_exams_math|pt_exams_math/75|g4,1
R1-distill,Qwen3.5-4B,pt_exams_math,clean,Qwen3.5-4B|pt_exams_math|pt_exams_math/77|g9,1
R1-distill,Qwen3.5-4B,pt_exams_math,clean,Qwen3.5-4B|pt_exams_math|pt_exams_math/79|g14,1
R1-distill,Qwen3.5-4B,pt_exams_math,clean,Qwen3.5-4B|pt_exams_math|pt_exams_math/7|g6,1
R1-distill,Qwen3.5-4B,pt_exams_math,clean,Qwen3.5-4B|pt_exams_math|pt_exams_math/81|g1,1
R1-distill,Qwen3.5-4B,pt_exams_math,clean,Qwen3.5-4B|pt_exams_math|pt_exams_math/82|g13,1
R1-distill,Qwen3.5-4B,pt_exams_math,clean,Qwen3.5-4B|pt_exams_math|pt_exams_math/86|g11,1
R1-distill,Qwen3.5-4B,pt_exams_math,clean,Qwen3.5-4B|pt_exams_math|pt_exams_math/87|g14,1
R1-distill,Qwen3.5-4B,pt_exams_math,clean,Qwen3.5-4B|pt_exams_math|pt_exams_math/90|g15,1
R1-distill,Qwen3.5-4B,pt_exams_math,clean,Qwen3.5-4B|pt_exams_math|pt_exams_math/97|g0,1
R1-distill,Qwen3.5-4B,pt_exams_math,clean,Qwen3.5-4B|pt_exams_math|pt_exams_math/99|g12,1
R1-distill,Qwen3.5-4B,pt_exams_math,consistent_error,Qwen3.5-4B|pt_exams_math|pt_exams_math/101|g12,0
R1-distill,Qwen3.5-4B,pt_exams_math,consistent_error,Qwen3.5-4B|pt_exams_math|pt_exams_math/102|g5,0
R1-distill,Qwen3.5-4B,pt_exams_math,consistent_error,Qwen3.5-4B|pt_exams_math|pt_exams_math/103|g2,0
R1-distill,Qwen3.5-4B,pt_exams_math,consistent_error,Qwen3.5-4B|pt_exams_math|pt_exams_math/104|g7,0
R1-distill,Qwen3.5-4B,pt_exams_math,consistent_error,Qwen3.5-4B|pt_exams_math|pt_exams_math/106|g12,0
R1-distill,Qwen3.5-4B,pt_exams_math,consistent_error,Qwen3.5-4B|pt_exams_math|pt_exams_math/107|g5,0
R1-distill,Qwen3.5-4B,pt_exams_math,consistent_error,Qwen3.5-4B|pt_exams_math|pt_exams_math/108|g15,0
R1-distill,Qwen3.5-4B,pt_exams_math,consistent_error,Qwen3.5-4B|pt_exams_math|pt_exams_math/109|g3,0
R1-distill,Qwen3.5-4B,pt_exams_math,consistent_error,Qwen3.5-4B|pt_exams_math|pt_exams_math/10|g3,0
R1-distill,Qwen3.5-4B,pt_exams_math,consistent_error,Qwen3.5-4B|pt_exams_math|pt_exams_math/111|g1,1
R1-distill,Qwen3.5-4B,pt_exams_math,consistent_error,Qwen3.5-4B|pt_exams_math|pt_exams_math/113|g7,0
R1-distill,Qwen3.5-4B,pt_exams_math,consistent_error,Qwen3.5-4B|pt_exams_math|pt_exams_math/118|g13,1
R1-distill,Qwen3.5-4B,pt_exams_math,consistent_error,Qwen3.5-4B|pt_exams_math|pt_exams_math/119|g14,1
R1-distill,Qwen3.5-4B,pt_exams_math,consistent_error,Qwen3.5-4B|pt_exams_math|pt_exams_math/121|g12,1
R1-distill,Qwen3.5-4B,pt_exams_math,consistent_error,Qwen3.5-4B|pt_exams_math|pt_exams_math/126|g15,0
R1-distill,Qwen3.5-4B,pt_exams_math,consistent_error,Qwen3.5-4B|pt_exams_math|pt_exams_math/128|g1,0
R1-distill,Qwen3.5-4B,pt_exams_math,consistent_error,Qwen3.5-4B|pt_exams_math|pt_exams_math/130|g1,0
R1-distill,Qwen3.5-4B,pt_exams_math,consistent_error,Qwen3.5-4B|pt_exams_math|pt_exams_math/134|g3,0
R1-distill,Qwen3.5-4B,pt_exams_math,consistent_error,Qwen3.5-4B|pt_exams_math|pt_exams_math/138|g7,1
R1-distill,Qwen3.5-4B,pt_exams_math,consistent_error,Qwen3.5-4B|pt_exams_math|pt_exams_math/140|g5,0
R1-distill,Qwen3.5-4B,pt_exams_math,consistent_error,Qwen3.5-4B|pt_exams_math|pt_exams_math/142|g9,0
R1-distill,Qwen3.5-4B,pt_exams_math,consistent_error,Qwen3.5-4B|pt_exams_math|pt_exams_math/146|g9,0
R1-distill,Qwen3.5-4B,pt_exams_math,consistent_error,Qwen3.5-4B|pt_exams_math|pt_exams_math/14|g7,0
R1-distill,Qwen3.5-4B,pt_exams_math,consistent_error,Qwen3.5-4B|pt_exams_math|pt_exams_math/150|g9,0
R1-distill,Qwen3.5-4B,pt_exams_math,consistent_error,Qwen3.5-4B|pt_exams_math|pt_exams_math/153|g3,0
R1-distill,Qwen3.5-4B,pt_exams_math,consistent_error,Qwen3.5-4B|pt_exams_math|pt_exams_math/159|g8,0
R1-distill,Qwen3.5-4B,pt_exams_math,consistent_error,Qwen3.5-4B|pt_exams_math|pt_exams_math/15|g5,0
R1-distill,Qwen3.5-4B,pt_exams_math,consistent_error,Qwen3.5-4B|pt_exams_math|pt_exams_math/160|g4,0
R1-distill,Qwen3.5-4B,pt_exams_math,consistent_error,Qwen3.5-4B|pt_exams_math|pt_exams_math/17|g10,0
R1-distill,Qwen3.5-4B,pt_exams_math,consistent_error,Qwen3.5-4B|pt_exams_math|pt_exams_math/18|g14,0
R1-distill,Qwen3.5-4B,pt_exams_math,consistent_error,Qwen3.5-4B|pt_exams_math|pt_exams_math/1|g7,0
R1-distill,Qwen3.5-4B,pt_exams_math,consistent_error,Qwen3.5-4B|pt_exams_math|pt_exams_math/21|g1,1
R1-distill,Qwen3.5-4B,pt_exams_math,consistent_error,Qwen3.5-4B|pt_exams_math|pt_exams_math/26|g0,0
R1-distill,Qwen3.5-4B,pt_exams_math,consistent_error,Qwen3.5-4B|pt_exams_math|pt_exams_math/27|g6,0
R1-distill,Qwen3.5-4B,pt_exams_math,consistent_error,Qwen3.5-4B|pt_exams_math|pt_exams_math/28|g4,0
R1-distill,Qwen3.5-4B,pt_exams_math,consistent_error,Qwen3.5-4B|pt_exams_math|pt_exams_math/31|g10,1
R1-distill,Qwen3.5-4B,pt_exams_math,consistent_error,Qwen3.5-4B|pt_exams_math|pt_exams_math/33|g1,0
R1-distill,Qwen3.5-4B,pt_exams_math,consistent_error,Qwen3.5-4B|pt_exams_math|pt_exams_math/34|g10,0
R1-distill,Qwen3.5-4B,pt_exams_math,consistent_error,Qwen3.5-4B|pt_exams_math|pt_exams_math/35|g6,1
R1-distill,Qwen3.5-4B,pt_exams_math,consistent_error,Qwen3.5-4B|pt_exams_math|pt_exams_math/36|g2,0
R1-distill,Qwen3.5-4B,pt_exams_math,consistent_error,Qwen3.5-4B|pt_exams_math|pt_exams_math/3|g13,1
R1-distill,Qwen3.5-4B,pt_exams_math,consistent_error,Qwen3.5-4B|pt_exams_math|pt_exams_math/44|g10,0
R1-distill,Qwen3.5-4B,pt_exams_math,consistent_error,Qwen3.5-4B|pt_exams_math|pt_exams_math/45|g2,0
R1-distill,Qwen3.5-4B,pt_exams_math,consistent_error,Qwen3.5-4B|pt_exams_math|pt_exams_math/50|g15,1
R1-distill,Qwen3.5-4B,pt_exams_math,consistent_error,Qwen3.5-4B|pt_exams_math|pt_exams_math/51|g11,0
R1-distill,Qwen3.5-4B,pt_exams_math,consistent_error,Qwen3.5-4B|pt_exams_math|pt_exams_math/53|g9,0
R1-distill,Qwen3.5-4B,pt_exams_math,consistent_error,Qwen3.5-4B|pt_exams_math|pt_exams_math/54|g4,1
R1-distill,Qwen3.5-4B,pt_exams_math,consistent_error,Qwen3.5-4B|pt_exams_math|pt_exams_math/56|g0,0
R1-distill,Qwen3.5-4B,pt_exams_math,consistent_error,Qwen3.5-4B|pt_exams_math|pt_exams_math/58|g4,1
R1-distill,Qwen3.5-4B,pt_exams_math,consistent_error,Qwen3.5-4B|pt_exams_math|pt_exams_math/59|g4,0
R1-distill,Qwen3.5-4B,pt_exams_math,consistent_error,Qwen3.5-4B|pt_exams_math|pt_exams_math/5|g8,1
R1-distill,Qwen3.5-4B,pt_exams_math,consistent_error,Qwen3.5-4B|pt_exams_math|pt_exams_math/60|g10,0
R1-distill,Qwen3.5-4B,pt_exams_math,consistent_error,Qwen3.5-4B|pt_exams_math|pt_exams_math/62|g15,0
R1-distill,Qwen3.5-4B,pt_exams_math,consistent_error,Qwen3.5-4B|pt_exams_math|pt_exams_math/65|g2,0
R1-distill,Qwen3.5-4B,pt_exams_math,consistent_error,Qwen3.5-4B|pt_exams_math|pt_exams_math/68|g2,0
R1-distill,Qwen3.5-4B,pt_exams_math,consistent_error,Qwen3.5-4B|pt_exams_math|pt_exams_math/69|g10,0
R1-distill,Qwen3.5-4B,pt_exams_math,consistent_error,Qwen3.5-4B|pt_exams_math|pt_exams_math/6|g6,0
R1-distill,Qwen3.5-4B,pt_exams_math,consistent_error,Qwen3.5-4B|pt_exams_math|pt_exams_math/70|g13,1
R1-distill,Qwen3.5-4B,pt_exams_math,consistent_error,Qwen3.5-4B|pt_exams_math|pt_exams_math/71|g13,1
R1-distill,Qwen3.5-4B,pt_exams_math,consistent_error,Qwen3.5-4B|pt_exams_math|pt_exams_math/72|g7,0
R1-distill,Qwen3.5-4B,pt_exams_math,consistent_error,Qwen3.5-4B|pt_exams_math|pt_exams_math/74|g10,0
R1-distill,Qwen3.5-4B,pt_exams_math,consistent_error,Qwen3.5-4B|pt_exams_math|pt_exams_math/75|g4,0
R1-distill,Qwen3.5-4B,pt_exams_math,consistent_error,Qwen3.5-4B|pt_exams_math|pt_exams_math/77|g9,1
R1-distill,Qwen3.5-4B,pt_exams_math,consistent_error,Qwen3.5-4B|pt_exams_math|pt_exams_math/79|g14,0
R1-distill,Qwen3.5-4B,pt_exams_math,consistent_error,Qwen3.5-4B|pt_exams_math|pt_exams_math/7|g6,0
R1-distill,Qwen3.5-4B,pt_exams_math,consistent_error,Qwen3.5-4B|pt_exams_math|pt_exams_math/81|g1,0
R1-distill,Qwen3.5-4B,pt_exams_math,consistent_error,Qwen3.5-4B|pt_exams_math|pt_exams_math/82|g13,0
R1-distill,Qwen3.5-4B,pt_exams_math,consistent_error,Qwen3.5-4B|pt_exams_math|pt_exams_math/86|g11,0
R1-distill,Qwen3.5-4B,pt_exams_math,consistent_error,Qwen3.5-4B|pt_exams_math|pt_exams_math/87|g14,0
R1-distill,Qwen3.5-4B,pt_exams_math,consistent_error,Qwen3.5-4B|pt_exams_math|pt_exams_math/90|g15,1
R1-distill,Qwen3.5-4B,pt_exams_math,consistent_error,Qwen3.5-4B|pt_exams_math|pt_exams_math/97|g0,1
R1-distill,Qwen3.5-4B,pt_exams_math,consistent_error,Qwen3.5-4B|pt_exams_math|pt_exams_math/99|g12,1
R1-distill,Qwen3.5-4B,pt_exams_math,intermediate_error,Qwen3.5-4B|pt_exams_math|pt_exams_math/101|g12,0
R1-distill,Qwen3.5-4B,pt_exams_math,intermediate_error,Qwen3.5-4B|pt_exams_math|pt_exams_math/102|g5,1
R1-distill,Qwen3.5-4B,pt_exams_math,intermediate_error,Qwen3.5-4B|pt_exams_math|pt_exams_math/103|g2,1
R1-distill,Qwen3.5-4B,pt_exams_math,intermediate_error,Qwen3.5-4B|pt_exams_math|pt_exams_math/104|g7,1
R1-distill,Qwen3.5-4B,pt_exams_math,intermediate_error,Qwen3.5-4B|pt_exams_math|pt_exams_math/106|g12,1
R1-distill,Qwen3.5-4B,pt_exams_math,intermediate_error,Qwen3.5-4B|pt_exams_math|pt_exams_math/107|g5,1
R1-distill,Qwen3.5-4B,pt_exams_math,intermediate_error,Qwen3.5-4B|pt_exams_math|pt_exams_math/108|g15,1
R1-distill,Qwen3.5-4B,pt_exams_math,intermediate_error,Qwen3.5-4B|pt_exams_math|pt_exams_math/109|g3,1
R1-distill,Qwen3.5-4B,pt_exams_math,intermediate_error,Qwen3.5-4B|pt_exams_math|pt_exams_math/10|g3,1
R1-distill,Qwen3.5-4B,pt_exams_math,intermediate_error,Qwen3.5-4B|pt_exams_math|pt_exams_math/111|g1,1
R1-distill,Qwen3.5-4B,pt_exams_math,intermediate_error,Qwen3.5-4B|pt_exams_math|pt_exams_math/113|g7,1
R1-distill,Qwen3.5-4B,pt_exams_math,intermediate_error,Qwen3.5-4B|pt_exams_math|pt_exams_math/118|g13,1
R1-distill,Qwen3.5-4B,pt_exams_math,intermediate_error,Qwen3.5-4B|pt_exams_math|pt_exams_math/119|g14,1
R1-distill,Qwen3.5-4B,pt_exams_math,intermediate_error,Qwen3.5-4B|pt_exams_math|pt_exams_math/121|g12,1
R1-distill,Qwen3.5-4B,pt_exams_math,intermediate_error,Qwen3.5-4B|pt_exams_math|pt_exams_math/126|g15,1
R1-distill,Qwen3.5-4B,pt_exams_math,intermediate_error,Qwen3.5-4B|pt_exams_math|pt_exams_math/128|g1,1
R1-distill,Qwen3.5-4B,pt_exams_math,intermediate_error,Qwen3.5-4B|pt_exams_math|pt_exams_math/130|g1,1
R1-distill,Qwen3.5-4B,pt_exams_math,intermediate_error,Qwen3.5-4B|pt_exams_math|pt_exams_math/134|g3,1
R1-distill,Qwen3.5-4B,pt_exams_math,intermediate_error,Qwen3.5-4B|pt_exams_math|pt_exams_math/138|g7,1
R1-distill,Qwen3.5-4B,pt_exams_math,intermediate_error,Qwen3.5-4B|pt_exams_math|pt_exams_math/140|g5,1
R1-distill,Qwen3.5-4B,pt_exams_math,intermediate_error,Qwen3.5-4B|pt_exams_math|pt_exams_math/142|g9,1
R1-distill,Qwen3.5-4B,pt_exams_math,intermediate_error,Qwen3.5-4B|pt_exams_math|pt_exams_math/146|g9,1
R1-distill,Qwen3.5-4B,pt_exams_math,intermediate_error,Qwen3.5-4B|pt_exams_math|pt_exams_math/14|g7,1
R1-distill,Qwen3.5-4B,pt_exams_math,intermediate_error,Qwen3.5-4B|pt_exams_math|pt_exams_math/150|g9,1
R1-distill,Qwen3.5-4B,pt_exams_math,intermediate_error,Qwen3.5-4B|pt_exams_math|pt_exams_math/153|g3,1
R1-distill,Qwen3.5-4B,pt_exams_math,intermediate_error,Qwen3.5-4B|pt_exams_math|pt_exams_math/159|g8,1
R1-distill,Qwen3.5-4B,pt_exams_math,intermediate_error,Qwen3.5-4B|pt_exams_math|pt_exams_math/15|g5,1
R1-distill,Qwen3.5-4B,pt_exams_math,intermediate_error,Qwen3.5-4B|pt_exams_math|pt_exams_math/160|g4,1
R1-distill,Qwen3.5-4B,pt_exams_math,intermediate_error,Qwen3.5-4B|pt_exams_math|pt_exams_math/17|g10,1
R1-distill,Qwen3.5-4B,pt_exams_math,intermediate_error,Qwen3.5-4B|pt_exams_math|pt_exams_math/18|g14,1
R1-distill,Qwen3.5-4B,pt_exams_math,intermediate_error,Qwen3.5-4B|pt_exams_math|pt_exams_math/1|g7,1
R1-distill,Qwen3.5-4B,pt_exams_math,intermediate_error,Qwen3.5-4B|pt_exams_math|pt_exams_math/21|g1,1
R1-distill,Qwen3.5-4B,pt_exams_math,intermediate_error,Qwen3.5-4B|pt_exams_math|pt_exams_math/26|g0,1
R1-distill,Qwen3.5-4B,pt_exams_math,intermediate_error,Qwen3.5-4B|pt_exams_math|pt_exams_math/27|g6,1
R1-distill,Qwen3.5-4B,pt_exams_math,intermediate_error,Qwen3.5-4B|pt_exams_math|pt_exams_math/28|g4,1
R1-distill,Qwen3.5-4B,pt_exams_math,intermediate_error,Qwen3.5-4B|pt_exams_math|pt_exams_math/31|g10,1
R1-distill,Qwen3.5-4B,pt_exams_math,intermediate_error,Qwen3.5-4B|pt_exams_math|pt_exams_math/33|g1,1
R1-distill,Qwen3.5-4B,pt_exams_math,intermediate_error,Qwen3.5-4B|pt_exams_math|pt_exams_math/34|g10,1
R1-distill,Qwen3.5-4B,pt_exams_math,intermediate_error,Qwen3.5-4B|pt_exams_math|pt_exams_math/35|g6,1
R1-distill,Qwen3.5-4B,pt_exams_math,intermediate_error,Qwen3.5-4B|pt_exams_math|pt_exams_math/36|g2,1
R1-distill,Qwen3.5-4B,pt_exams_math,intermediate_error,Qwen3.5-4B|pt_exams_math|pt_exams_math/3|g13,1
R1-distill,Qwen3.5-4B,pt_exams_math,intermediate_error,Qwen3.5-4B|pt_exams_math|pt_exams_math/44|g10,1
R1-distill,Qwen3.5-4B,pt_exams_math,intermediate_error,Qwen3.5-4B|pt_exams_math|pt_exams_math/45|g2,1
R1-distill,Qwen3.5-4B,pt_exams_math,intermediate_error,Qwen3.5-4B|pt_exams_math|pt_exams_math/50|g15,1
R1-distill,Qwen3.5-4B,pt_exams_math,intermediate_error,Qwen3.5-4B|pt_exams_math|pt_exams_math/51|g11,1
R1-distill,Qwen3.5-4B,pt_exams_math,intermediate_error,Qwen3.5-4B|pt_exams_math|pt_exams_math/53|g9,1
R1-distill,Qwen3.5-4B,pt_exams_math,intermediate_error,Qwen3.5-4B|pt_exams_math|pt_exams_math/54|g4,1
R1-distill,Qwen3.5-4B,pt_exams_math,intermediate_error,Qwen3.5-4B|pt_exams_math|pt_exams_math/56|g0,1
R1-distill,Qwen3.5-4B,pt_exams_math,intermediate_error,Qwen3.5-4B|pt_exams_math|pt_exams_math/58|g4,1
R1-distill,Qwen3.5-4B,pt_exams_math,intermediate_error,Qwen3.5-4B|pt_exams_math|pt_exams_math/59|g4,1
R1-distill,Qwen3.5-4B,pt_exams_math,intermediate_error,Qwen3.5-4B|pt_exams_math|pt_exams_math/5|g8,1
R1-distill,Qwen3.5-4B,pt_exams_math,intermediate_error,Qwen3.5-4B|pt_exams_math|pt_exams_math/60|g10,1
R1-distill,Qwen3.5-4B,pt_exams_math,intermediate_error,Qwen3.5-4B|pt_exams_math|pt_exams_math/62|g15,1
R1-distill,Qwen3.5-4B,pt_exams_math,intermediate_error,Qwen3.5-4B|pt_exams_math|pt_exams_math/65|g2,1
R1-distill,Qwen3.5-4B,pt_exams_math,intermediate_error,Qwen3.5-4B|pt_exams_math|pt_exams_math/68|g2,1
R1-distill,Qwen3.5-4B,pt_exams_math,intermediate_error,Qwen3.5-4B|pt_exams_math|pt_exams_math/69|g10,1
R1-distill,Qwen3.5-4B,pt_exams_math,intermediate_error,Qwen3.5-4B|pt_exams_math|pt_exams_math/6|g6,1
R1-distill,Qwen3.5-4B,pt_exams_math,intermediate_error,Qwen3.5-4B|pt_exams_math|pt_exams_math/70|g13,1
R1-distill,Qwen3.5-4B,pt_exams_math,intermediate_error,Qwen3.5-4B|pt_exams_math|pt_exams_math/71|g13,1
R1-distill,Qwen3.5-4B,pt_exams_math,intermediate_error,Qwen3.5-4B|pt_exams_math|pt_exams_math/72|g7,1
R1-distill,Qwen3.5-4B,pt_exams_math,intermediate_error,Qwen3.5-4B|pt_exams_math|pt_exams_math/74|g10,1
R1-distill,Qwen3.5-4B,pt_exams_math,intermediate_error,Qwen3.5-4B|pt_exams_math|pt_exams_math/75|g4,1
R1-distill,Qwen3.5-4B,pt_exams_math,intermediate_error,Qwen3.5-4B|pt_exams_math|pt_exams_math/77|g9,1
R1-distill,Qwen3.5-4B,pt_exams_math,intermediate_error,Qwen3.5-4B|pt_exams_math|pt_exams_math/79|g14,1
R1-distill,Qwen3.5-4B,pt_exams_math,intermediate_error,Qwen3.5-4B|pt_exams_math|pt_exams_math/7|g6,1
R1-distill,Qwen3.5-4B,pt_exams_math,intermediate_error,Qwen3.5-4B|pt_exams_math|pt_exams_math/81|g1,1
R1-distill,Qwen3.5-4B,pt_exams_math,intermediate_error,Qwen3.5-4B|pt_exams_math|pt_exams_math/82|g13,1
R1-distill,Qwen3.5-4B,pt_exams_math,intermediate_error,Qwen3.5-4B|pt_exams_math|pt_exams_math/86|g11,1
R1-distill,Qwen3.5-4B,pt_exams_math,intermediate_error,Qwen3.5-4B|pt_exams_math|pt_exams_math/87|g14,1
R1-distill,Qwen3.5-4B,pt_exams_math,intermediate_error,Qwen3.5-4B|pt_exams_math|pt_exams_math/90|g15,1
R1-distill,Qwen3.5-4B,pt_exams_math,intermediate_error,Qwen3.5-4B|pt_exams_math|pt_exams_math/97|g0,1
R1-distill,Qwen3.5-4B,pt_exams_math,intermediate_error,Qwen3.5-4B|pt_exams_math|pt_exams_math/99|g12,1
R1-distill,Qwen3.5-4B,pt_exams_math,truncated,Qwen3.5-4B|pt_exams_math|pt_exams_math/101|g12,1
R1-distill,Qwen3.5-4B,pt_exams_math,truncated,Qwen3.5-4B|pt_exams_math|pt_exams_math/102|g5,1
R1-distill,Qwen3.5-4B,pt_exams_math,truncated,Qwen3.5-4B|pt_exams_math|pt_exams_math/103|g2,1
R1-distill,Qwen3.5-4B,pt_exams_math,truncated,Qwen3.5-4B|pt_exams_math|pt_exams_math/104|g7,1
R1-distill,Qwen3.5-4B,pt_exams_math,truncated,Qwen3.5-4B|pt_exams_math|pt_exams_math/106|g12,1
R1-distill,Qwen3.5-4B,pt_exams_math,truncated,Qwen3.5-4B|pt_exams_math|pt_exams_math/107|g5,1
R1-distill,Qwen3.5-4B,pt_exams_math,truncated,Qwen3.5-4B|pt_exams_math|pt_exams_math/108|g15,1
R1-distill,Qwen3.5-4B,pt_exams_math,truncated,Qwen3.5-4B|pt_exams_math|pt_exams_math/109|g3,1
R1-distill,Qwen3.5-4B,pt_exams_math,truncated,Qwen3.5-4B|pt_exams_math|pt_exams_math/10|g3,1
R1-distill,Qwen3.5-4B,pt_exams_math,truncated,Qwen3.5-4B|pt_exams_math|pt_exams_math/111|g1,1
R1-distill,Qwen3.5-4B,pt_exams_math,truncated,Qwen3.5-4B|pt_exams_math|pt_exams_math/113|g7,1
R1-distill,Qwen3.5-4B,pt_exams_math,truncated,Qwen3.5-4B|pt_exams_math|pt_exams_math/118|g13,1
R1-distill,Qwen3.5-4B,pt_exams_math,truncated,Qwen3.5-4B|pt_exams_math|pt_exams_math/119|g14,1
R1-distill,Qwen3.5-4B,pt_exams_math,truncated,Qwen3.5-4B|pt_exams_math|pt_exams_math/121|g12,1
R1-distill,Qwen3.5-4B,pt_exams_math,truncated,Qwen3.5-4B|pt_exams_math|pt_exams_math/126|g15,1
R1-distill,Qwen3.5-4B,pt_exams_math,truncated,Qwen3.5-4B|pt_exams_math|pt_exams_math/128|g1,1
R1-distill,Qwen3.5-4B,pt_exams_math,truncated,Qwen3.5-4B|pt_exams_math|pt_exams_math/130|g1,1
R1-distill,Qwen3.5-4B,pt_exams_math,truncated,Qwen3.5-4B|pt_exams_math|pt_exams_math/134|g3,1
R1-distill,Qwen3.5-4B,pt_exams_math,truncated,Qwen3.5-4B|pt_exams_math|pt_exams_math/138|g7,1
R1-distill,Qwen3.5-4B,pt_exams_math,truncated,Qwen3.5-4B|pt_exams_math|pt_exams_math/140|g5,1
R1-distill,Qwen3.5-4B,pt_exams_math,truncated,Qwen3.5-4B|pt_exams_math|pt_exams_math/142|g9,1
R1-distill,Qwen3.5-4B,pt_exams_math,truncated,Qwen3.5-4B|pt_exams_math|pt_exams_math/146|g9,1
R1-distill,Qwen3.5-4B,pt_exams_math,truncated,Qwen3.5-4B|pt_exams_math|pt_exams_math/14|g7,1
R1-distill,Qwen3.5-4B,pt_exams_math,truncated,Qwen3.5-4B|pt_exams_math|pt_exams_math/150|g9,1
R1-distill,Qwen3.5-4B,pt_exams_math,truncated,Qwen3.5-4B|pt_exams_math|pt_exams_math/153|g3,1
R1-distill,Qwen3.5-4B,pt_exams_math,truncated,Qwen3.5-4B|pt_exams_math|pt_exams_math/159|g8,1
R1-distill,Qwen3.5-4B,pt_exams_math,truncated,Qwen3.5-4B|pt_exams_math|pt_exams_math/15|g5,1
R1-distill,Qwen3.5-4B,pt_exams_math,truncated,Qwen3.5-4B|pt_exams_math|pt_exams_math/160|g4,1
R1-distill,Qwen3.5-4B,pt_exams_math,truncated,Qwen3.5-4B|pt_exams_math|pt_exams_math/17|g10,1
R1-distill,Qwen3.5-4B,pt_exams_math,truncated,Qwen3.5-4B|pt_exams_math|pt_exams_math/18|g14,1
R1-distill,Qwen3.5-4B,pt_exams_math,truncated,Qwen3.5-4B|pt_exams_math|pt_exams_math/1|g7,1
R1-distill,Qwen3.5-4B,pt_exams_math,truncated,Qwen3.5-4B|pt_exams_math|pt_exams_math/21|g1,1
R1-distill,Qwen3.5-4B,pt_exams_math,truncated,Qwen3.5-4B|pt_exams_math|pt_exams_math/26|g0,1
R1-distill,Qwen3.5-4B,pt_exams_math,truncated,Qwen3.5-4B|pt_exams_math|pt_exams_math/27|g6,1
R1-distill,Qwen3.5-4B,pt_exams_math,truncated,Qwen3.5-4B|pt_exams_math|pt_exams_math/28|g4,1
R1-distill,Qwen3.5-4B,pt_exams_math,truncated,Qwen3.5-4B|pt_exams_math|pt_exams_math/31|g10,1
R1-distill,Qwen3.5-4B,pt_exams_math,truncated,Qwen3.5-4B|pt_exams_math|pt_exams_math/33|g1,1
R1-distill,Qwen3.5-4B,pt_exams_math,truncated,Qwen3.5-4B|pt_exams_math|pt_exams_math/34|g10,1
R1-distill,Qwen3.5-4B,pt_exams_math,truncated,Qwen3.5-4B|pt_exams_math|pt_exams_math/35|g6,1
R1-distill,Qwen3.5-4B,pt_exams_math,truncated,Qwen3.5-4B|pt_exams_math|pt_exams_math/36|g2,1
R1-distill,Qwen3.5-4B,pt_exams_math,truncated,Qwen3.5-4B|pt_exams_math|pt_exams_math/3|g13,1
R1-distill,Qwen3.5-4B,pt_exams_math,truncated,Qwen3.5-4B|pt_exams_math|pt_exams_math/44|g10,1
R1-distill,Qwen3.5-4B,pt_exams_math,truncated,Qwen3.5-4B|pt_exams_math|pt_exams_math/45|g2,1
R1-distill,Qwen3.5-4B,pt_exams_math,truncated,Qwen3.5-4B|pt_exams_math|pt_exams_math/50|g15,1
R1-distill,Qwen3.5-4B,pt_exams_math,truncated,Qwen3.5-4B|pt_exams_math|pt_exams_math/51|g11,1
R1-distill,Qwen3.5-4B,pt_exams_math,truncated,Qwen3.5-4B|pt_exams_math|pt_exams_math/53|g9,1
R1-distill,Qwen3.5-4B,pt_exams_math,truncated,Qwen3.5-4B|pt_exams_math|pt_exams_math/54|g4,1
R1-distill,Qwen3.5-4B,pt_exams_math,truncated,Qwen3.5-4B|pt_exams_math|pt_exams_math/56|g0,1
R1-distill,Qwen3.5-4B,pt_exams_math,truncated,Qwen3.5-4B|pt_exams_math|pt_exams_math/58|g4,1
R1-distill,Qwen3.5-4B,pt_exams_math,truncated,Qwen3.5-4B|pt_exams_math|pt_exams_math/59|g4,1
R1-distill,Qwen3.5-4B,pt_exams_math,truncated,Qwen3.5-4B|pt_exams_math|pt_exams_math/5|g8,1
R1-distill,Qwen3.5-4B,pt_exams_math,truncated,Qwen3.5-4B|pt_exams_math|pt_exams_math/60|g10,1
R1-distill,Qwen3.5-4B,pt_exams_math,truncated,Qwen3.5-4B|pt_exams_math|pt_exams_math/62|g15,1
R1-distill,Qwen3.5-4B,pt_exams_math,truncated,Qwen3.5-4B|pt_exams_math|pt_exams_math/65|g2,1
R1-distill,Qwen3.5-4B,pt_exams_math,truncated,Qwen3.5-4B|pt_exams_math|pt_exams_math/68|g2,1
R1-distill,Qwen3.5-4B,pt_exams_math,truncated,Qwen3.5-4B|pt_exams_math|pt_exams_math/69|g10,1
R1-distill,Qwen3.5-4B,pt_exams_math,truncated,Qwen3.5-4B|pt_exams_math|pt_exams_math/6|g6,1
R1-distill,Qwen3.5-4B,pt_exams_math,truncated,Qwen3.5-4B|pt_exams_math|pt_exams_math/70|g13,1
R1-distill,Qwen3.5-4B,pt_exams_math,truncated,Qwen3.5-4B|pt_exams_math|pt_exams_math/71|g13,1
R1-distill,Qwen3.5-4B,pt_exams_math,truncated,Qwen3.5-4B|pt_exams_math|pt_exams_math/72|g7,1
R1-distill,Qwen3.5-4B,pt_exams_math,truncated,Qwen3.5-4B|pt_exams_math|pt_exams_math/74|g10,1
R1-distill,Qwen3.5-4B,pt_exams_math,truncated,Qwen3.5-4B|pt_exams_math|pt_exams_math/75|g4,1
R1-distill,Qwen3.5-4B,pt_exams_math,truncated,Qwen3.5-4B|pt_exams_math|pt_exams_math/77|g9,1
R1-distill,Qwen3.5-4B,pt_exams_math,truncated,Qwen3.5-4B|pt_exams_math|pt_exams_math/79|g14,1
R1-distill,Qwen3.5-4B,pt_exams_math,truncated,Qwen3.5-4B|pt_exams_math|pt_exams_math/7|g6,1
R1-distill,Qwen3.5-4B,pt_exams_math,truncated,Qwen3.5-4B|pt_exams_math|pt_exams_math/81|g1,1
R1-distill,Qwen3.5-4B,pt_exams_math,truncated,Qwen3.5-4B|pt_exams_math|pt_exams_math/82|g13,1
R1-distill,Qwen3.5-4B,pt_exams_math,truncated,Qwen3.5-4B|pt_exams_math|pt_exams_math/86|g11,0
R1-distill,Qwen3.5-4B,pt_exams_math,truncated,Qwen3.5-4B|pt_exams_math|pt_exams_math/87|g14,1
R1-distill,Qwen3.5-4B,pt_exams_math,truncated,Qwen3.5-4B|pt_exams_math|pt_exams_math/90|g15,1
R1-distill,Qwen3.5-4B,pt_exams_math,truncated,Qwen3.5-4B|pt_exams_math|pt_exams_math/97|g0,1
R1-distill,Qwen3.5-4B,pt_exams_math,truncated,Qwen3.5-4B|pt_exams_math|pt_exams_math/99|g12,1
R1-distill,Qwen3.5-4B,tubitak_math2026,boxed_only,Qwen3.5-4B|tubitak_math2026|tubitak_math2026/11|g14,1
R1-distill,Qwen3.5-4B,tubitak_math2026,boxed_only,Qwen3.5-4B|tubitak_math2026|tubitak_math2026/11|g18,0
R1-distill,Qwen3.5-4B,tubitak_math2026,boxed_only,Qwen3.5-4B|tubitak_math2026|tubitak_math2026/11|g26,1
R1-distill,Qwen3.5-4B,tubitak_math2026,boxed_only,Qwen3.5-4B|tubitak_math2026|tubitak_math2026/11|g37,1
R1-distill,Qwen3.5-4B,tubitak_math2026,boxed_only,Qwen3.5-4B|tubitak_math2026|tubitak_math2026/12|g1,0
R1-distill,Qwen3.5-4B,tubitak_math2026,boxed_only,Qwen3.5-4B|tubitak_math2026|tubitak_math2026/12|g18,0
R1-distill,Qwen3.5-4B,tubitak_math2026,boxed_only,Qwen3.5-4B|tubitak_math2026|tubitak_math2026/12|g21,1
R1-distill,Qwen3.5-4B,tubitak_math2026,boxed_only,Qwen3.5-4B|tubitak_math2026|tubitak_math2026/12|g38,1
R1-distill,Qwen3.5-4B,tubitak_math2026,boxed_only,Qwen3.5-4B|tubitak_math2026|tubitak_math2026/12|g6,0
R1-distill,Qwen3.5-4B,tubitak_math2026,boxed_only,Qwen3.5-4B|tubitak_math2026|tubitak_math2026/13|g10,0
R1-distill,Qwen3.5-4B,tubitak_math2026,boxed_only,Qwen3.5-4B|tubitak_math2026|tubitak_math2026/13|g16,0
R1-distill,Qwen3.5-4B,tubitak_math2026,boxed_only,Qwen3.5-4B|tubitak_math2026|tubitak_math2026/13|g23,1
R1-distill,Qwen3.5-4B,tubitak_math2026,boxed_only,Qwen3.5-4B|tubitak_math2026|tubitak_math2026/13|g33,0
R1-distill,Qwen3.5-4B,tubitak_math2026,boxed_only,Qwen3.5-4B|tubitak_math2026|tubitak_math2026/13|g51,0
R1-distill,Qwen3.5-4B,tubitak_math2026,boxed_only,Qwen3.5-4B|tubitak_math2026|tubitak_math2026/15|g41,1
R1-distill,Qwen3.5-4B,tubitak_math2026,boxed_only,Qwen3.5-4B|tubitak_math2026|tubitak_math2026/15|g52,1
R1-distill,Qwen3.5-4B,tubitak_math2026,boxed_only,Qwen3.5-4B|tubitak_math2026|tubitak_math2026/15|g59,1
R1-distill,Qwen3.5-4B,tubitak_math2026,boxed_only,Qwen3.5-4B|tubitak_math2026|tubitak_math2026/15|g60,0
R1-distill,Qwen3.5-4B,tubitak_math2026,boxed_only,Qwen3.5-4B|tubitak_math2026|tubitak_math2026/15|g61,0
R1-distill,Qwen3.5-4B,tubitak_math2026,boxed_only,Qwen3.5-4B|tubitak_math2026|tubitak_math2026/16|g21,0
R1-distill,Qwen3.5-4B,tubitak_math2026,boxed_only,Qwen3.5-4B|tubitak_math2026|tubitak_math2026/16|g22,1
R1-distill,Qwen3.5-4B,tubitak_math2026,boxed_only,Qwen3.5-4B|tubitak_math2026|tubitak_math2026/16|g27,1
R1-distill,Qwen3.5-4B,tubitak_math2026,boxed_only,Qwen3.5-4B|tubitak_math2026|tubitak_math2026/16|g43,1
R1-distill,Qwen3.5-4B,tubitak_math2026,boxed_only,Qwen3.5-4B|tubitak_math2026|tubitak_math2026/16|g60,1
R1-distill,Qwen3.5-4B,tubitak_math2026,boxed_only,Qwen3.5-4B|tubitak_math2026|tubitak_math2026/17|g1,1
R1-distill,Qwen3.5-4B,tubitak_math2026,boxed_only,Qwen3.5-4B|tubitak_math2026|tubitak_math2026/17|g15,0
R1-distill,Qwen3.5-4B,tubitak_math2026,boxed_only,Qwen3.5-4B|tubitak_math2026|tubitak_math2026/17|g28,1
R1-distill,Qwen3.5-4B,tubitak_math2026,boxed_only,Qwen3.5-4B|tubitak_math2026|tubitak_math2026/17|g45,1
R1-distill,Qwen3.5-4B,tubitak_math2026,boxed_only,Qwen3.5-4B|tubitak_math2026|tubitak_math2026/17|g8,1
R1-distill,Qwen3.5-4B,tubitak_math2026,boxed_only,Qwen3.5-4B|tubitak_math2026|tubitak_math2026/1|g0,1
R1-distill,Qwen3.5-4B,tubitak_math2026,boxed_only,Qwen3.5-4B|tubitak_math2026|tubitak_math2026/1|g1,0
R1-distill,Qwen3.5-4B,tubitak_math2026,boxed_only,Qwen3.5-4B|tubitak_math2026|tubitak_math2026/1|g21,1
R1-distill,Qwen3.5-4B,tubitak_math2026,boxed_only,Qwen3.5-4B|tubitak_math2026|tubitak_math2026/1|g31,0
R1-distill,Qwen3.5-4B,tubitak_math2026,boxed_only,Qwen3.5-4B|tubitak_math2026|tubitak_math2026/1|g59,0
R1-distill,Qwen3.5-4B,tubitak_math2026,boxed_only,Qwen3.5-4B|tubitak_math2026|tubitak_math2026/20|g20,0
R1-distill,Qwen3.5-4B,tubitak_math2026,boxed_only,Qwen3.5-4B|tubitak_math2026|tubitak_math2026/20|g45,0
R1-distill,Qwen3.5-4B,tubitak_math2026,boxed_only,Qwen3.5-4B|tubitak_math2026|tubitak_math2026/20|g56,1
R1-distill,Qwen3.5-4B,tubitak_math2026,boxed_only,Qwen3.5-4B|tubitak_math2026|tubitak_math2026/20|g63,0
R1-distill,Qwen3.5-4B,tubitak_math2026,boxed_only,Qwen3.5-4B|tubitak_math2026|tubitak_math2026/20|g8,0
R1-distill,Qwen3.5-4B,tubitak_math2026,boxed_only,Qwen3.5-4B|tubitak_math2026|tubitak_math2026/21|g10,0
R1-distill,Qwen3.5-4B,tubitak_math2026,boxed_only,Qwen3.5-4B|tubitak_math2026|tubitak_math2026/21|g44,1
R1-distill,Qwen3.5-4B,tubitak_math2026,boxed_only,Qwen3.5-4B|tubitak_math2026|tubitak_math2026/28|g0,0
R1-distill,Qwen3.5-4B,tubitak_math2026,boxed_only,Qwen3.5-4B|tubitak_math2026|tubitak_math2026/28|g23,0
R1-distill,Qwen3.5-4B,tubitak_math2026,boxed_only,Qwen3.5-4B|tubitak_math2026|tubitak_math2026/28|g38,0
R1-distill,Qwen3.5-4B,tubitak_math2026,boxed_only,Qwen3.5-4B|tubitak_math2026|tubitak_math2026/28|g52,0
R1-distill,Qwen3.5-4B,tubitak_math2026,boxed_only,Qwen3.5-4B|tubitak_math2026|tubitak_math2026/28|g63,0
R1-distill,Qwen3.5-4B,tubitak_math2026,boxed_only,Qwen3.5-4B|tubitak_math2026|tubitak_math2026/30|g20,1
R1-distill,Qwen3.5-4B,tubitak_math2026,boxed_only,Qwen3.5-4B|tubitak_math2026|tubitak_math2026/30|g28,1
R1-distill,Qwen3.5-4B,tubitak_math2026,boxed_only,Qwen3.5-4B|tubitak_math2026|tubitak_math2026/30|g31,1
R1-distill,Qwen3.5-4B,tubitak_math2026,boxed_only,Qwen3.5-4B|tubitak_math2026|tubitak_math2026/30|g42,1
R1-distill,Qwen3.5-4B,tubitak_math2026,boxed_only,Qwen3.5-4B|tubitak_math2026|tubitak_math2026/30|g7,0
R1-distill,Qwen3.5-4B,tubitak_math2026,boxed_only,Qwen3.5-4B|tubitak_math2026|tubitak_math2026/31|g0,1
R1-distill,Qwen3.5-4B,tubitak_math2026,boxed_only,Qwen3.5-4B|tubitak_math2026|tubitak_math2026/31|g33,0
R1-distill,Qwen3.5-4B,tubitak_math2026,boxed_only,Qwen3.5-4B|tubitak_math2026|tubitak_math2026/31|g5,1
R1-distill,Qwen3.5-4B,tubitak_math2026,boxed_only,Qwen3.5-4B|tubitak_math2026|tubitak_math2026/31|g55,1
R1-distill,Qwen3.5-4B,tubitak_math2026,boxed_only,Qwen3.5-4B|tubitak_math2026|tubitak_math2026/31|g57,1
R1-distill,Qwen3.5-4B,tubitak_math2026,boxed_only,Qwen3.5-4B|tubitak_math2026|tubitak_math2026/4|g0,1
R1-distill,Qwen3.5-4B,tubitak_math2026,boxed_only,Qwen3.5-4B|tubitak_math2026|tubitak_math2026/4|g18,1
R1-distill,Qwen3.5-4B,tubitak_math2026,boxed_only,Qwen3.5-4B|tubitak_math2026|tubitak_math2026/4|g24,1
R1-distill,Qwen3.5-4B,tubitak_math2026,boxed_only,Qwen3.5-4B|tubitak_math2026|tubitak_math2026/4|g28,1
R1-distill,Qwen3.5-4B,tubitak_math2026,boxed_only,Qwen3.5-4B|tubitak_math2026|tubitak_math2026/4|g57,1
R1-distill,Qwen3.5-4B,tubitak_math2026,boxed_only,Qwen3.5-4B|tubitak_math2026|tubitak_math2026/5|g12,1
R1-distill,Qwen3.5-4B,tubitak_math2026,boxed_only,Qwen3.5-4B|tubitak_math2026|tubitak_math2026/5|g15,1
R1-distill,Qwen3.5-4B,tubitak_math2026,boxed_only,Qwen3.5-4B|tubitak_math2026|tubitak_math2026/5|g21,1
R1-distill,Qwen3.5-4B,tubitak_math2026,boxed_only,Qwen3.5-4B|tubitak_math2026|tubitak_math2026/5|g61,1
R1-distill,Qwen3.5-4B,tubitak_math2026,boxed_only,Qwen3.5-4B|tubitak_math2026|tubitak_math2026/5|g8,1
R1-distill,Qwen3.5-4B,tubitak_math2026,boxed_only,Qwen3.5-4B|tubitak_math2026|tubitak_math2026/9|g16,0
R1-distill,Qwen3.5-4B,tubitak_math2026,boxed_only,Qwen3.5-4B|tubitak_math2026|tubitak_math2026/9|g34,1
R1-distill,Qwen3.5-4B,tubitak_math2026,boxed_only,Qwen3.5-4B|tubitak_math2026|tubitak_math2026/9|g36,0
R1-distill,Qwen3.5-4B,tubitak_math2026,boxed_only,Qwen3.5-4B|tubitak_math2026|tubitak_math2026/9|g42,1
R1-distill,Qwen3.5-4B,tubitak_math2026,boxed_only,Qwen3.5-4B|tubitak_math2026|tubitak_math2026/9|g55,1
R1-distill,Qwen3.5-4B,tubitak_math2026,boxed_only,Qwen3.5-4B|tubitak_math2026|tubitak_math2026/9|g59,1
R1-distill,Qwen3.5-4B,tubitak_math2026,clean,Qwen3.5-4B|tubitak_math2026|tubitak_math2026/11|g14,1
R1-distill,Qwen3.5-4B,tubitak_math2026,clean,Qwen3.5-4B|tubitak_math2026|tubitak_math2026/11|g18,1
R1-distill,Qwen3.5-4B,tubitak_math2026,clean,Qwen3.5-4B|tubitak_math2026|tubitak_math2026/11|g26,1
R1-distill,Qwen3.5-4B,tubitak_math2026,clean,Qwen3.5-4B|tubitak_math2026|tubitak_math2026/11|g37,1
R1-distill,Qwen3.5-4B,tubitak_math2026,clean,Qwen3.5-4B|tubitak_math2026|tubitak_math2026/12|g1,0
R1-distill,Qwen3.5-4B,tubitak_math2026,clean,Qwen3.5-4B|tubitak_math2026|tubitak_math2026/12|g18,1
R1-distill,Qwen3.5-4B,tubitak_math2026,clean,Qwen3.5-4B|tubitak_math2026|tubitak_math2026/12|g21,1
R1-distill,Qwen3.5-4B,tubitak_math2026,clean,Qwen3.5-4B|tubitak_math2026|tubitak_math2026/12|g38,1
R1-distill,Qwen3.5-4B,tubitak_math2026,clean,Qwen3.5-4B|tubitak_math2026|tubitak_math2026/12|g6,1
R1-distill,Qwen3.5-4B,tubitak_math2026,clean,Qwen3.5-4B|tubitak_math2026|tubitak_math2026/13|g10,0
R1-distill,Qwen3.5-4B,tubitak_math2026,clean,Qwen3.5-4B|tubitak_math2026|tubitak_math2026/13|g16,0
R1-distill,Qwen3.5-4B,tubitak_math2026,clean,Qwen3.5-4B|tubitak_math2026|tubitak_math2026/13|g23,1
R1-distill,Qwen3.5-4B,tubitak_math2026,clean,Qwen3.5-4B|tubitak_math2026|tubitak_math2026/13|g33,1
R1-distill,Qwen3.5-4B,tubitak_math2026,clean,Qwen3.5-4B|tubitak_math2026|tubitak_math2026/13|g51,1
R1-distill,Qwen3.5-4B,tubitak_math2026,clean,Qwen3.5-4B|tubitak_math2026|tubitak_math2026/15|g41,1
R1-distill,Qwen3.5-4B,tubitak_math2026,clean,Qwen3.5-4B|tubitak_math2026|tubitak_math2026/15|g52,1
R1-distill,Qwen3.5-4B,tubitak_math2026,clean,Qwen3.5-4B|tubitak_math2026|tubitak_math2026/15|g59,1
R1-distill,Qwen3.5-4B,tubitak_math2026,clean,Qwen3.5-4B|tubitak_math2026|tubitak_math2026/15|g60,0
R1-distill,Qwen3.5-4B,tubitak_math2026,clean,Qwen3.5-4B|tubitak_math2026|tubitak_math2026/15|g61,1
R1-distill,Qwen3.5-4B,tubitak_math2026,clean,Qwen3.5-4B|tubitak_math2026|tubitak_math2026/16|g21,0
R1-distill,Qwen3.5-4B,tubitak_math2026,clean,Qwen3.5-4B|tubitak_math2026|tubitak_math2026/16|g22,1
R1-distill,Qwen3.5-4B,tubitak_math2026,clean,Qwen3.5-4B|tubitak_math2026|tubitak_math2026/16|g27,1
R1-distill,Qwen3.5-4B,tubitak_math2026,clean,Qwen3.5-4B|tubitak_math2026|tubitak_math2026/16|g43,1
R1-distill,Qwen3.5-4B,tubitak_math2026,clean,Qwen3.5-4B|tubitak_math2026|tubitak_math2026/16|g60,0
R1-distill,Qwen3.5-4B,tubitak_math2026,clean,Qwen3.5-4B|tubitak_math2026|tubitak_math2026/17|g1,1
R1-distill,Qwen3.5-4B,tubitak_math2026,clean,Qwen3.5-4B|tubitak_math2026|tubitak_math2026/17|g15,1
R1-distill,Qwen3.5-4B,tubitak_math2026,clean,Qwen3.5-4B|tubitak_math2026|tubitak_math2026/17|g28,0
R1-distill,Qwen3.5-4B,tubitak_math2026,clean,Qwen3.5-4B|tubitak_math2026|tubitak_math2026/17|g45,1
R1-distill,Qwen3.5-4B,tubitak_math2026,clean,Qwen3.5-4B|tubitak_math2026|tubitak_math2026/17|g8,0
R1-distill,Qwen3.5-4B,tubitak_math2026,clean,Qwen3.5-4B|tubitak_math2026|tubitak_math2026/1|g0,1
R1-distill,Qwen3.5-4B,tubitak_math2026,clean,Qwen3.5-4B|tubitak_math2026|tubitak_math2026/1|g1,0
R1-distill,Qwen3.5-4B,tubitak_math2026,clean,Qwen3.5-4B|tubitak_math2026|tubitak_math2026/1|g21,1
R1-distill,Qwen3.5-4B,tubitak_math2026,clean,Qwen3.5-4B|tubitak_math2026|tubitak_math2026/1|g31,1
R1-distill,Qwen3.5-4B,tubitak_math2026,clean,Qwen3.5-4B|tubitak_math2026|tubitak_math2026/1|g59,0
R1-distill,Qwen3.5-4B,tubitak_math2026,clean,Qwen3.5-4B|tubitak_math2026|tubitak_math2026/20|g20,1
R1-distill,Qwen3.5-4B,tubitak_math2026,clean,Qwen3.5-4B|tubitak_math2026|tubitak_math2026/20|g45,1
R1-distill,Qwen3.5-4B,tubitak_math2026,clean,Qwen3.5-4B|tubitak_math2026|tubitak_math2026/20|g56,0
R1-distill,Qwen3.5-4B,tubitak_math2026,clean,Qwen3.5-4B|tubitak_math2026|tubitak_math2026/20|g63,1
R1-distill,Qwen3.5-4B,tubitak_math2026,clean,Qwen3.5-4B|tubitak_math2026|tubitak_math2026/20|g8,0
R1-distill,Qwen3.5-4B,tubitak_math2026,clean,Qwen3.5-4B|tubitak_math2026|tubitak_math2026/21|g10,0
R1-distill,Qwen3.5-4B,tubitak_math2026,clean,Qwen3.5-4B|tubitak_math2026|tubitak_math2026/21|g44,1
R1-distill,Qwen3.5-4B,tubitak_math2026,clean,Qwen3.5-4B|tubitak_math2026|tubitak_math2026/28|g0,0
R1-distill,Qwen3.5-4B,tubitak_math2026,clean,Qwen3.5-4B|tubitak_math2026|tubitak_math2026/28|g23,1
R1-distill,Qwen3.5-4B,tubitak_math2026,clean,Qwen3.5-4B|tubitak_math2026|tubitak_math2026/28|g38,1
R1-distill,Qwen3.5-4B,tubitak_math2026,clean,Qwen3.5-4B|tubitak_math2026|tubitak_math2026/28|g52,0
R1-distill,Qwen3.5-4B,tubitak_math2026,clean,Qwen3.5-4B|tubitak_math2026|tubitak_math2026/28|g63,0
R1-distill,Qwen3.5-4B,tubitak_math2026,clean,Qwen3.5-4B|tubitak_math2026|tubitak_math2026/30|g20,1
R1-distill,Qwen3.5-4B,tubitak_math2026,clean,Qwen3.5-4B|tubitak_math2026|tubitak_math2026/30|g28,0
R1-distill,Qwen3.5-4B,tubitak_math2026,clean,Qwen3.5-4B|tubitak_math2026|tubitak_math2026/30|g31,1
R1-distill,Qwen3.5-4B,tubitak_math2026,clean,Qwen3.5-4B|tubitak_math2026|tubitak_math2026/30|g42,1
R1-distill,Qwen3.5-4B,tubitak_math2026,clean,Qwen3.5-4B|tubitak_math2026|tubitak_math2026/30|g7,1
R1-distill,Qwen3.5-4B,tubitak_math2026,clean,Qwen3.5-4B|tubitak_math2026|tubitak_math2026/31|g0,1
R1-distill,Qwen3.5-4B,tubitak_math2026,clean,Qwen3.5-4B|tubitak_math2026|tubitak_math2026/31|g33,1
R1-distill,Qwen3.5-4B,tubitak_math2026,clean,Qwen3.5-4B|tubitak_math2026|tubitak_math2026/31|g5,1
R1-distill,Qwen3.5-4B,tubitak_math2026,clean,Qwen3.5-4B|tubitak_math2026|tubitak_math2026/31|g55,1
R1-distill,Qwen3.5-4B,tubitak_math2026,clean,Qwen3.5-4B|tubitak_math2026|tubitak_math2026/31|g57,1
R1-distill,Qwen3.5-4B,tubitak_math2026,clean,Qwen3.5-4B|tubitak_math2026|tubitak_math2026/4|g0,1
R1-distill,Qwen3.5-4B,tubitak_math2026,clean,Qwen3.5-4B|tubitak_math2026|tubitak_math2026/4|g18,1
R1-distill,Qwen3.5-4B,tubitak_math2026,clean,Qwen3.5-4B|tubitak_math2026|tubitak_math2026/4|g24,1
R1-distill,Qwen3.5-4B,tubitak_math2026,clean,Qwen3.5-4B|tubitak_math2026|tubitak_math2026/4|g28,1
R1-distill,Qwen3.5-4B,tubitak_math2026,clean,Qwen3.5-4B|tubitak_math2026|tubitak_math2026/4|g57,1
R1-distill,Qwen3.5-4B,tubitak_math2026,clean,Qwen3.5-4B|tubitak_math2026|tubitak_math2026/5|g12,1
R1-distill,Qwen3.5-4B,tubitak_math2026,clean,Qwen3.5-4B|tubitak_math2026|tubitak_math2026/5|g15,1
R1-distill,Qwen3.5-4B,tubitak_math2026,clean,Qwen3.5-4B|tubitak_math2026|tubitak_math2026/5|g21,1
R1-distill,Qwen3.5-4B,tubitak_math2026,clean,Qwen3.5-4B|tubitak_math2026|tubitak_math2026/5|g61,1
R1-distill,Qwen3.5-4B,tubitak_math2026,clean,Qwen3.5-4B|tubitak_math2026|tubitak_math2026/5|g8,0
R1-distill,Qwen3.5-4B,tubitak_math2026,clean,Qwen3.5-4B|tubitak_math2026|tubitak_math2026/9|g16,1
R1-distill,Qwen3.5-4B,tubitak_math2026,clean,Qwen3.5-4B|tubitak_math2026|tubitak_math2026/9|g34,1
R1-distill,Qwen3.5-4B,tubitak_math2026,clean,Qwen3.5-4B|tubitak_math2026|tubitak_math2026/9|g36,1
R1-distill,Qwen3.5-4B,tubitak_math2026,clean,Qwen3.5-4B|tubitak_math2026|tubitak_math2026/9|g42,1
R1-distill,Qwen3.5-4B,tubitak_math2026,clean,Qwen3.5-4B|tubitak_math2026|tubitak_math2026/9|g55,1
R1-distill,Qwen3.5-4B,tubitak_math2026,clean,Qwen3.5-4B|tubitak_math2026|tubitak_math2026/9|g59,1
R1-distill,Qwen3.5-4B,tubitak_math2026,consistent_error,Qwen3.5-4B|tubitak_math2026|tubitak_math2026/11|g14,0
R1-distill,Qwen3.5-4B,tubitak_math2026,consistent_error,Qwen3.5-4B|tubitak_math2026|tubitak_math2026/11|g18,1
R1-distill,Qwen3.5-4B,tubitak_math2026,consistent_error,Qwen3.5-4B|tubitak_math2026|tubitak_math2026/11|g26,0
R1-distill,Qwen3.5-4B,tubitak_math2026,consistent_error,Qwen3.5-4B|tubitak_math2026|tubitak_math2026/11|g37,1
R1-distill,Qwen3.5-4B,tubitak_math2026,consistent_error,Qwen3.5-4B|tubitak_math2026|tubitak_math2026/12|g1,1
R1-distill,Qwen3.5-4B,tubitak_math2026,consistent_error,Qwen3.5-4B|tubitak_math2026|tubitak_math2026/12|g18,1
R1-distill,Qwen3.5-4B,tubitak_math2026,consistent_error,Qwen3.5-4B|tubitak_math2026|tubitak_math2026/12|g21,1
R1-distill,Qwen3.5-4B,tubitak_math2026,consistent_error,Qwen3.5-4B|tubitak_math2026|tubitak_math2026/12|g38,1
R1-distill,Qwen3.5-4B,tubitak_math2026,consistent_error,Qwen3.5-4B|tubitak_math2026|tubitak_math2026/12|g6,0
R1-distill,Qwen3.5-4B,tubitak_math2026,consistent_error,Qwen3.5-4B|tubitak_math2026|tubitak_math2026/13|g10,0
R1-distill,Qwen3.5-4B,tubitak_math2026,consistent_error,Qwen3.5-4B|tubitak_math2026|tubitak_math2026/13|g16,0
R1-distill,Qwen3.5-4B,tubitak_math2026,consistent_error,Qwen3.5-4B|tubitak_math2026|tubitak_math2026/13|g23,1
R1-distill,Qwen3.5-4B,tubitak_math2026,consistent_error,Qwen3.5-4B|tubitak_math2026|tubitak_math2026/13|g33,1
R1-distill,Qwen3.5-4B,tubitak_math2026,consistent_error,Qwen3.5-4B|tubitak_math2026|tubitak_math2026/13|g51,1
R1-distill,Qwen3.5-4B,tubitak_math2026,consistent_error,Qwen3.5-4B|tubitak_math2026|tubitak_math2026/15|g41,1
R1-distill,Qwen3.5-4B,tubitak_math2026,consistent_error,Qwen3.5-4B|tubitak_math2026|tubitak_math2026/15|g52,1
R1-distill,Qwen3.5-4B,tubitak_math2026,consistent_error,Qwen3.5-4B|tubitak_math2026|tubitak_math2026/15|g59,1
R1-distill,Qwen3.5-4B,tubitak_math2026,consistent_error,Qwen3.5-4B|tubitak_math2026|tubitak_math2026/15|g60,0
R1-distill,Qwen3.5-4B,tubitak_math2026,consistent_error,Qwen3.5-4B|tubitak_math2026|tubitak_math2026/15|g61,0
R1-distill,Qwen3.5-4B,tubitak_math2026,consistent_error,Qwen3.5-4B|tubitak_math2026|tubitak_math2026/16|g21,1
R1-distill,Qwen3.5-4B,tubitak_math2026,consistent_error,Qwen3.5-4B|tubitak_math2026|tubitak_math2026/16|g22,1
R1-distill,Qwen3.5-4B,tubitak_math2026,consistent_error,Qwen3.5-4B|tubitak_math2026|tubitak_math2026/16|g27,0
R1-distill,Qwen3.5-4B,tubitak_math2026,consistent_error,Qwen3.5-4B|tubitak_math2026|tubitak_math2026/16|g43,0
R1-distill,Qwen3.5-4B,tubitak_math2026,consistent_error,Qwen3.5-4B|tubitak_math2026|tubitak_math2026/16|g60,1
R1-distill,Qwen3.5-4B,tubitak_math2026,consistent_error,Qwen3.5-4B|tubitak_math2026|tubitak_math2026/17|g1,0
R1-distill,Qwen3.5-4B,tubitak_math2026,consistent_error,Qwen3.5-4B|tubitak_math2026|tubitak_math2026/17|g15,1
R1-distill,Qwen3.5-4B,tubitak_math2026,consistent_error,Qwen3.5-4B|tubitak_math2026|tubitak_math2026/17|g28,1
R1-distill,Qwen3.5-4B,tubitak_math2026,consistent_error,Qwen3.5-4B|tubitak_math2026|tubitak_math2026/17|g45,1
R1-distill,Qwen3.5-4B,tubitak_math2026,consistent_error,Qwen3.5-4B|tubitak_math2026|tubitak_math2026/17|g8,1
R1-distill,Qwen3.5-4B,tubitak_math2026,consistent_error,Qwen3.5-4B|tubitak_math2026|tubitak_math2026/1|g0,0
R1-distill,Qwen3.5-4B,tubitak_math2026,consistent_error,Qwen3.5-4B|tubitak_math2026|tubitak_math2026/1|g1,0
R1-distill,Qwen3.5-4B,tubitak_math2026,consistent_error,Qwen3.5-4B|tubitak_math2026|tubitak_math2026/1|g21,0
R1-distill,Qwen3.5-4B,tubitak_math2026,consistent_error,Qwen3.5-4B|tubitak_math2026|tubitak_math2026/1|g31,0
R1-distill,Qwen3.5-4B,tubitak_math2026,consistent_error,Qwen3.5-4B|tubitak_math2026|tubitak_math2026/1|g59,0
R1-distill,Qwen3.5-4B,tubitak_math2026,consistent_error,Qwen3.5-4B|tubitak_math2026|tubitak_math2026/20|g20,0
R1-distill,Qwen3.5-4B,tubitak_math2026,consistent_error,Qwen3.5-4B|tubitak_math2026|tubitak_math2026/20|g45,0
R1-distill,Qwen3.5-4B,tubitak_math2026,consistent_error,Qwen3.5-4B|tubitak_math2026|tubitak_math2026/20|g56,1
R1-distill,Qwen3.5-4B,tubitak_math2026,consistent_error,Qwen3.5-4B|tubitak_math2026|tubitak_math2026/20|g63,0
R1-distill,Qwen3.5-4B,tubitak_math2026,consistent_error,Qwen3.5-4B|tubitak_math2026|tubitak_math2026/20|g8,0
R1-distill,Qwen3.5-4B,tubitak_math2026,consistent_error,Qwen3.5-4B|tubitak_math2026|tubitak_math2026/21|g10,0
R1-distill,Qwen3.5-4B,tubitak_math2026,consistent_error,Qwen3.5-4B|tubitak_math2026|tubitak_math2026/21|g44,1
R1-distill,Qwen3.5-4B,tubitak_math2026,consistent_error,Qwen3.5-4B|tubitak_math2026|tubitak_math2026/28|g0,0
R1-distill,Qwen3.5-4B,tubitak_math2026,consistent_error,Qwen3.5-4B|tubitak_math2026|tubitak_math2026/28|g23,0
R1-distill,Qwen3.5-4B,tubitak_math2026,consistent_error,Qwen3.5-4B|tubitak_math2026|tubitak_math2026/28|g38,0
R1-distill,Qwen3.5-4B,tubitak_math2026,consistent_error,Qwen3.5-4B|tubitak_math2026|tubitak_math2026/28|g52,1
R1-distill,Qwen3.5-4B,tubitak_math2026,consistent_error,Qwen3.5-4B|tubitak_math2026|tubitak_math2026/28|g63,0
R1-distill,Qwen3.5-4B,tubitak_math2026,consistent_error,Qwen3.5-4B|tubitak_math2026|tubitak_math2026/30|g20,0
R1-distill,Qwen3.5-4B,tubitak_math2026,consistent_error,Qwen3.5-4B|tubitak_math2026|tubitak_math2026/30|g28,0
R1-distill,Qwen3.5-4B,tubitak_math2026,consistent_error,Qwen3.5-4B|tubitak_math2026|tubitak_math2026/30|g31,0
R1-distill,Qwen3.5-4B,tubitak_math2026,consistent_error,Qwen3.5-4B|tubitak_math2026|tubitak_math2026/30|g42,0
R1-distill,Qwen3.5-4B,tubitak_math2026,consistent_error,Qwen3.5-4B|tubitak_math2026|tubitak_math2026/30|g7,0
R1-distill,Qwen3.5-4B,tubitak_math2026,consistent_error,Qwen3.5-4B|tubitak_math2026|tubitak_math2026/31|g0,1
R1-distill,Qwen3.5-4B,tubitak_math2026,consistent_error,Qwen3.5-4B|tubitak_math2026|tubitak_math2026/31|g33,0
R1-distill,Qwen3.5-4B,tubitak_math2026,consistent_error,Qwen3.5-4B|tubitak_math2026|tubitak_math2026/31|g5,1
R1-distill,Qwen3.5-4B,tubitak_math2026,consistent_error,Qwen3.5-4B|tubitak_math2026|tubitak_math2026/31|g55,0
R1-distill,Qwen3.5-4B,tubitak_math2026,consistent_error,Qwen3.5-4B|tubitak_math2026|tubitak_math2026/31|g57,0
R1-distill,Qwen3.5-4B,tubitak_math2026,consistent_error,Qwen3.5-4B|tubitak_math2026|tubitak_math2026/4|g0,1
R1-distill,Qwen3.5-4B,tubitak_math2026,consistent_error,Qwen3.5-4B|tubitak_math2026|tubitak_math2026/4|g18,0
R1-distill,Qwen3.5-4B,tubitak_math2026,consistent_error,Qwen3.5-4B|tubitak_math2026|tubitak_math2026/4|g24,0
R1-distill,Qwen3.5-4B,tubitak_math2026,consistent_error,Qwen3.5-4B|tubitak_math2026|tubitak_math2026/4|g28,0
R1-distill,Qwen3.5-4B,tubitak_math2026,consistent_error,Qwen3.5-4B|tubitak_math2026|tubitak_math2026/4|g57,1
R1-distill,Qwen3.5-4B,tubitak_math2026,consistent_error,Qwen3.5-4B|tubitak_math2026|tubitak_math2026/5|g12,1
R1-distill,Qwen3.5-4B,tubitak_math2026,consistent_error,Qwen3.5-4B|tubitak_math2026|tubitak_math2026/5|g15,1
R1-distill,Qwen3.5-4B,tubitak_math2026,consistent_error,Qwen3.5-4B|tubitak_math2026|tubitak_math2026/5|g21,0
R1-distill,Qwen3.5-4B,tubitak_math2026,consistent_error,Qwen3.5-4B|tubitak_math2026|tubitak_math2026/5|g61,1
R1-distill,Qwen3.5-4B,tubitak_math2026,consistent_error,Qwen3.5-4B|tubitak_math2026|tubitak_math2026/5|g8,0
R1-distill,Qwen3.5-4B,tubitak_math2026,consistent_error,Qwen3.5-4B|tubitak_math2026|tubitak_math2026/9|g16,0
R1-distill,Qwen3.5-4B,tubitak_math2026,consistent_error,Qwen3.5-4B|tubitak_math2026|tubitak_math2026/9|g34,0
R1-distill,Qwen3.5-4B,tubitak_math2026,consistent_error,Qwen3.5-4B|tubitak_math2026|tubitak_math2026/9|g36,0
R1-distill,Qwen3.5-4B,tubitak_math2026,consistent_error,Qwen3.5-4B|tubitak_math2026|tubitak_math2026/9|g42,0
R1-distill,Qwen3.5-4B,tubitak_math2026,consistent_error,Qwen3.5-4B|tubitak_math2026|tubitak_math2026/9|g55,0
R1-distill,Qwen3.5-4B,tubitak_math2026,consistent_error,Qwen3.5-4B|tubitak_math2026|tubitak_math2026/9|g59,0
R1-distill,Qwen3.5-4B,tubitak_math2026,intermediate_error,Qwen3.5-4B|tubitak_math2026|tubitak_math2026/11|g14,1
R1-distill,Qwen3.5-4B,tubitak_math2026,intermediate_error,Qwen3.5-4B|tubitak_math2026|tubitak_math2026/11|g18,1
R1-distill,Qwen3.5-4B,tubitak_math2026,intermediate_error,Qwen3.5-4B|tubitak_math2026|tubitak_math2026/11|g26,1
R1-distill,Qwen3.5-4B,tubitak_math2026,intermediate_error,Qwen3.5-4B|tubitak_math2026|tubitak_math2026/11|g37,1
R1-distill,Qwen3.5-4B,tubitak_math2026,intermediate_error,Qwen3.5-4B|tubitak_math2026|tubitak_math2026/12|g1,1
R1-distill,Qwen3.5-4B,tubitak_math2026,intermediate_error,Qwen3.5-4B|tubitak_math2026|tubitak_math2026/12|g18,1
R1-distill,Qwen3.5-4B,tubitak_math2026,intermediate_error,Qwen3.5-4B|tubitak_math2026|tubitak_math2026/12|g21,1
R1-distill,Qwen3.5-4B,tubitak_math2026,intermediate_error,Qwen3.5-4B|tubitak_math2026|tubitak_math2026/12|g38,1
R1-distill,Qwen3.5-4B,tubitak_math2026,intermediate_error,Qwen3.5-4B|tubitak_math2026|tubitak_math2026/12|g6,1
R1-distill,Qwen3.5-4B,tubitak_math2026,intermediate_error,Qwen3.5-4B|tubitak_math2026|tubitak_math2026/13|g10,1
R1-distill,Qwen3.5-4B,tubitak_math2026,intermediate_error,Qwen3.5-4B|tubitak_math2026|tubitak_math2026/13|g16,1
R1-distill,Qwen3.5-4B,tubitak_math2026,intermediate_error,Qwen3.5-4B|tubitak_math2026|tubitak_math2026/13|g23,1
R1-distill,Qwen3.5-4B,tubitak_math2026,intermediate_error,Qwen3.5-4B|tubitak_math2026|tubitak_math2026/13|g33,1
R1-distill,Qwen3.5-4B,tubitak_math2026,intermediate_error,Qwen3.5-4B|tubitak_math2026|tubitak_math2026/13|g51,1
R1-distill,Qwen3.5-4B,tubitak_math2026,intermediate_error,Qwen3.5-4B|tubitak_math2026|tubitak_math2026/15|g41,1
R1-distill,Qwen3.5-4B,tubitak_math2026,intermediate_error,Qwen3.5-4B|tubitak_math2026|tubitak_math2026/15|g52,1
R1-distill,Qwen3.5-4B,tubitak_math2026,intermediate_error,Qwen3.5-4B|tubitak_math2026|tubitak_math2026/15|g59,0
R1-distill,Qwen3.5-4B,tubitak_math2026,intermediate_error,Qwen3.5-4B|tubitak_math2026|tubitak_math2026/15|g60,1
R1-distill,Qwen3.5-4B,tubitak_math2026,intermediate_error,Qwen3.5-4B|tubitak_math2026|tubitak_math2026/15|g61,1
R1-distill,Qwen3.5-4B,tubitak_math2026,intermediate_error,Qwen3.5-4B|tubitak_math2026|tubitak_math2026/16|g21,1
R1-distill,Qwen3.5-4B,tubitak_math2026,intermediate_error,Qwen3.5-4B|tubitak_math2026|tubitak_math2026/16|g22,0
R1-distill,Qwen3.5-4B,tubitak_math2026,intermediate_error,Qwen3.5-4B|tubitak_math2026|tubitak_math2026/16|g27,1
R1-distill,Qwen3.5-4B,tubitak_math2026,intermediate_error,Qwen3.5-4B|tubitak_math2026|tubitak_math2026/16|g43,1
R1-distill,Qwen3.5-4B,tubitak_math2026,intermediate_error,Qwen3.5-4B|tubitak_math2026|tubitak_math2026/16|g60,1
R1-distill,Qwen3.5-4B,tubitak_math2026,intermediate_error,Qwen3.5-4B|tubitak_math2026|tubitak_math2026/17|g1,1
R1-distill,Qwen3.5-4B,tubitak_math2026,intermediate_error,Qwen3.5-4B|tubitak_math2026|tubitak_math2026/17|g15,1
R1-distill,Qwen3.5-4B,tubitak_math2026,intermediate_error,Qwen3.5-4B|tubitak_math2026|tubitak_math2026/17|g28,1
R1-distill,Qwen3.5-4B,tubitak_math2026,intermediate_error,Qwen3.5-4B|tubitak_math2026|tubitak_math2026/17|g45,1
R1-distill,Qwen3.5-4B,tubitak_math2026,intermediate_error,Qwen3.5-4B|tubitak_math2026|tubitak_math2026/17|g8,1
R1-distill,Qwen3.5-4B,tubitak_math2026,intermediate_error,Qwen3.5-4B|tubitak_math2026|tubitak_math2026/1|g0,1
R1-distill,Qwen3.5-4B,tubitak_math2026,intermediate_error,Qwen3.5-4B|tubitak_math2026|tubitak_math2026/1|g1,0
R1-distill,Qwen3.5-4B,tubitak_math2026,intermediate_error,Qwen3.5-4B|tubitak_math2026|tubitak_math2026/1|g21,1
R1-distill,Qwen3.5-4B,tubitak_math2026,intermediate_error,Qwen3.5-4B|tubitak_math2026|tubitak_math2026/1|g31,0
R1-distill,Qwen3.5-4B,tubitak_math2026,intermediate_error,Qwen3.5-4B|tubitak_math2026|tubitak_math2026/1|g59,1
R1-distill,Qwen3.5-4B,tubitak_math2026,intermediate_error,Qwen3.5-4B|tubitak_math2026|tubitak_math2026/20|g20,1
R1-distill,Qwen3.5-4B,tubitak_math2026,intermediate_error,Qwen3.5-4B|tubitak_math2026|tubitak_math2026/20|g45,1
R1-distill,Qwen3.5-4B,tubitak_math2026,intermediate_error,Qwen3.5-4B|tubitak_math2026|tubitak_math2026/20|g56,0
R1-distill,Qwen3.5-4B,tubitak_math2026,intermediate_error,Qwen3.5-4B|tubitak_math2026|tubitak_math2026/20|g63,0
R1-distill,Qwen3.5-4B,tubitak_math2026,intermediate_error,Qwen3.5-4B|tubitak_math2026|tubitak_math2026/20|g8,1
R1-distill,Qwen3.5-4B,tubitak_math2026,intermediate_error,Qwen3.5-4B|tubitak_math2026|tubitak_math2026/21|g10,0
R1-distill,Qwen3.5-4B,tubitak_math2026,intermediate_error,Qwen3.5-4B|tubitak_math2026|tubitak_math2026/21|g44,1
R1-distill,Qwen3.5-4B,tubitak_math2026,intermediate_error,Qwen3.5-4B|tubitak_math2026|tubitak_math2026/28|g0,0
R1-distill,Qwen3.5-4B,tubitak_math2026,intermediate_error,Qwen3.5-4B|tubitak_math2026|tubitak_math2026/28|g23,0
R1-distill,Qwen3.5-4B,tubitak_math2026,intermediate_error,Qwen3.5-4B|tubitak_math2026|tubitak_math2026/28|g38,1
R1-distill,Qwen3.5-4B,tubitak_math2026,intermediate_error,Qwen3.5-4B|tubitak_math2026|tubitak_math2026/28|g52,1
R1-distill,Qwen3.5-4B,tubitak_math2026,intermediate_error,Qwen3.5-4B|tubitak_math2026|tubitak_math2026/28|g63,1
R1-distill,Qwen3.5-4B,tubitak_math2026,intermediate_error,Qwen3.5-4B|tubitak_math2026|tubitak_math2026/30|g20,0
R1-distill,Qwen3.5-4B,tubitak_math2026,intermediate_error,Qwen3.5-4B|tubitak_math2026|tubitak_math2026/30|g28,0
R1-distill,Qwen3.5-4B,tubitak_math2026,intermediate_error,Qwen3.5-4B|tubitak_math2026|tubitak_math2026/30|g31,0
R1-distill,Qwen3.5-4B,tubitak_math2026,intermediate_error,Qwen3.5-4B|tubitak_math2026|tubitak_math2026/30|g42,1
R1-distill,Qwen3.5-4B,tubitak_math2026,intermediate_error,Qwen3.5-4B|tubitak_math2026|tubitak_math2026/30|g7,0
R1-distill,Qwen3.5-4B,tubitak_math2026,intermediate_error,Qwen3.5-4B|tubitak_math2026|tubitak_math2026/31|g0,0
R1-distill,Qwen3.5-4B,tubitak_math2026,intermediate_error,Qwen3.5-4B|tubitak_math2026|tubitak_math2026/31|g33,1
R1-distill,Qwen3.5-4B,tubitak_math2026,intermediate_error,Qwen3.5-4B|tubitak_math2026|tubitak_math2026/31|g5,0
R1-distill,Qwen3.5-4B,tubitak_math2026,intermediate_error,Qwen3.5-4B|tubitak_math2026|tubitak_math2026/31|g55,1
R1-distill,Qwen3.5-4B,tubitak_math2026,intermediate_error,Qwen3.5-4B|tubitak_math2026|tubitak_math2026/31|g57,1
R1-distill,Qwen3.5-4B,tubitak_math2026,intermediate_error,Qwen3.5-4B|tubitak_math2026|tubitak_math2026/4|g0,0
R1-distill,Qwen3.5-4B,tubitak_math2026,intermediate_error,Qwen3.5-4B|tubitak_math2026|tubitak_math2026/4|g18,1
R1-distill,Qwen3.5-4B,tubitak_math2026,intermediate_error,Qwen3.5-4B|tubitak_math2026|tubitak_math2026/4|g24,1
R1-distill,Qwen3.5-4B,tubitak_math2026,intermediate_error,Qwen3.5-4B|tubitak_math2026|tubitak_math2026/4|g28,0
R1-distill,Qwen3.5-4B,tubitak_math2026,intermediate_error,Qwen3.5-4B|tubitak_math2026|tubitak_math2026/4|g57,1
R1-distill,Qwen3.5-4B,tubitak_math2026,intermediate_error,Qwen3.5-4B|tubitak_math2026|tubitak_math2026/5|g12,1
R1-distill,Qwen3.5-4B,tubitak_math2026,intermediate_error,Qwen3.5-4B|tubitak_math2026|tubitak_math2026/5|g15,1
R1-distill,Qwen3.5-4B,tubitak_math2026,intermediate_error,Qwen3.5-4B|tubitak_math2026|tubitak_math2026/5|g21,1
R1-distill,Qwen3.5-4B,tubitak_math2026,intermediate_error,Qwen3.5-4B|tubitak_math2026|tubitak_math2026/5|g61,1
R1-distill,Qwen3.5-4B,tubitak_math2026,intermediate_error,Qwen3.5-4B|tubitak_math2026|tubitak_math2026/5|g8,1
R1-distill,Qwen3.5-4B,tubitak_math2026,intermediate_error,Qwen3.5-4B|tubitak_math2026|tubitak_math2026/9|g16,1
R1-distill,Qwen3.5-4B,tubitak_math2026,intermediate_error,Qwen3.5-4B|tubitak_math2026|tubitak_math2026/9|g34,1
R1-distill,Qwen3.5-4B,tubitak_math2026,intermediate_error,Qwen3.5-4B|tubitak_math2026|tubitak_math2026/9|g36,1
R1-distill,Qwen3.5-4B,tubitak_math2026,intermediate_error,Qwen3.5-4B|tubitak_math2026|tubitak_math2026/9|g42,1
R1-distill,Qwen3.5-4B,tubitak_math2026,intermediate_error,Qwen3.5-4B|tubitak_math2026|tubitak_math2026/9|g55,1
R1-distill,Qwen3.5-4B,tubitak_math2026,intermediate_error,Qwen3.5-4B|tubitak_math2026|tubitak_math2026/9|g59,1
R1-distill,Qwen3.5-4B,tubitak_math2026,truncated,Qwen3.5-4B|tubitak_math2026|tubitak_math2026/11|g14,1
R1-distill,Qwen3.5-4B,tubitak_math2026,truncated,Qwen3.5-4B|tubitak_math2026|tubitak_math2026/11|g18,0
R1-distill,Qwen3.5-4B,tubitak_math2026,truncated,Qwen3.5-4B|tubitak_math2026|tubitak_math2026/11|g26,1
R1-distill,Qwen3.5-4B,tubitak_math2026,truncated,Qwen3.5-4B|tubitak_math2026|tubitak_math2026/11|g37,1
R1-distill,Qwen3.5-4B,tubitak_math2026,truncated,Qwen3.5-4B|tubitak_math2026|tubitak_math2026/12|g1,1
R1-distill,Qwen3.5-4B,tubitak_math2026,truncated,Qwen3.5-4B|tubitak_math2026|tubitak_math2026/12|g18,1
R1-distill,Qwen3.5-4B,tubitak_math2026,truncated,Qwen3.5-4B|tubitak_math2026|tubitak_math2026/12|g21,1
R1-distill,Qwen3.5-4B,tubitak_math2026,truncated,Qwen3.5-4B|tubitak_math2026|tubitak_math2026/12|g38,1
R1-distill,Qwen3.5-4B,tubitak_math2026,truncated,Qwen3.5-4B|tubitak_math2026|tubitak_math2026/12|g6,1
R1-distill,Qwen3.5-4B,tubitak_math2026,truncated,Qwen3.5-4B|tubitak_math2026|tubitak_math2026/13|g10,1
R1-distill,Qwen3.5-4B,tubitak_math2026,truncated,Qwen3.5-4B|tubitak_math2026|tubitak_math2026/13|g16,0
R1-distill,Qwen3.5-4B,tubitak_math2026,truncated,Qwen3.5-4B|tubitak_math2026|tubitak_math2026/13|g23,1
R1-distill,Qwen3.5-4B,tubitak_math2026,truncated,Qwen3.5-4B|tubitak_math2026|tubitak_math2026/13|g33,1
R1-distill,Qwen3.5-4B,tubitak_math2026,truncated,Qwen3.5-4B|tubitak_math2026|tubitak_math2026/13|g51,1
R1-distill,Qwen3.5-4B,tubitak_math2026,truncated,Qwen3.5-4B|tubitak_math2026|tubitak_math2026/15|g41,1
R1-distill,Qwen3.5-4B,tubitak_math2026,truncated,Qwen3.5-4B|tubitak_math2026|tubitak_math2026/15|g52,1
R1-distill,Qwen3.5-4B,tubitak_math2026,truncated,Qwen3.5-4B|tubitak_math2026|tubitak_math2026/15|g59,0
R1-distill,Qwen3.5-4B,tubitak_math2026,truncated,Qwen3.5-4B|tubitak_math2026|tubitak_math2026/15|g60,1
R1-distill,Qwen3.5-4B,tubitak_math2026,truncated,Qwen3.5-4B|tubitak_math2026|tubitak_math2026/15|g61,1
R1-distill,Qwen3.5-4B,tubitak_math2026,truncated,Qwen3.5-4B|tubitak_math2026|tubitak_math2026/16|g21,0
R1-distill,Qwen3.5-4B,tubitak_math2026,truncated,Qwen3.5-4B|tubitak_math2026|tubitak_math2026/16|g22,0
R1-distill,Qwen3.5-4B,tubitak_math2026,truncated,Qwen3.5-4B|tubitak_math2026|tubitak_math2026/16|g27,0
R1-distill,Qwen3.5-4B,tubitak_math2026,truncated,Qwen3.5-4B|tubitak_math2026|tubitak_math2026/16|g43,1
R1-distill,Qwen3.5-4B,tubitak_math2026,truncated,Qwen3.5-4B|tubitak_math2026|tubitak_math2026/16|g60,1
R1-distill,Qwen3.5-4B,tubitak_math2026,truncated,Qwen3.5-4B|tubitak_math2026|tubitak_math2026/17|g1,1
R1-distill,Qwen3.5-4B,tubitak_math2026,truncated,Qwen3.5-4B|tubitak_math2026|tubitak_math2026/17|g15,1
R1-distill,Qwen3.5-4B,tubitak_math2026,truncated,Qwen3.5-4B|tubitak_math2026|tubitak_math2026/17|g28,1
R1-distill,Qwen3.5-4B,tubitak_math2026,truncated,Qwen3.5-4B|tubitak_math2026|tubitak_math2026/17|g45,1
R1-distill,Qwen3.5-4B,tubitak_math2026,truncated,Qwen3.5-4B|tubitak_math2026|tubitak_math2026/17|g8,1
R1-distill,Qwen3.5-4B,tubitak_math2026,truncated,Qwen3.5-4B|tubitak_math2026|tubitak_math2026/1|g0,1
R1-distill,Qwen3.5-4B,tubitak_math2026,truncated,Qwen3.5-4B|tubitak_math2026|tubitak_math2026/1|g1,0
R1-distill,Qwen3.5-4B,tubitak_math2026,truncated,Qwen3.5-4B|tubitak_math2026|tubitak_math2026/1|g21,1
R1-distill,Qwen3.5-4B,tubitak_math2026,truncated,Qwen3.5-4B|tubitak_math2026|tubitak_math2026/1|g31,0
R1-distill,Qwen3.5-4B,tubitak_math2026,truncated,Qwen3.5-4B|tubitak_math2026|tubitak_math2026/1|g59,1
R1-distill,Qwen3.5-4B,tubitak_math2026,truncated,Qwen3.5-4B|tubitak_math2026|tubitak_math2026/20|g20,1
R1-distill,Qwen3.5-4B,tubitak_math2026,truncated,Qwen3.5-4B|tubitak_math2026|tubitak_math2026/20|g45,0
R1-distill,Qwen3.5-4B,tubitak_math2026,truncated,Qwen3.5-4B|tubitak_math2026|tubitak_math2026/20|g56,1
R1-distill,Qwen3.5-4B,tubitak_math2026,truncated,Qwen3.5-4B|tubitak_math2026|tubitak_math2026/20|g63,1
R1-distill,Qwen3.5-4B,tubitak_math2026,truncated,Qwen3.5-4B|tubitak_math2026|tubitak_math2026/20|g8,1
R1-distill,Qwen3.5-4B,tubitak_math2026,truncated,Qwen3.5-4B|tubitak_math2026|tubitak_math2026/21|g10,0
R1-distill,Qwen3.5-4B,tubitak_math2026,truncated,Qwen3.5-4B|tubitak_math2026|tubitak_math2026/21|g44,1
R1-distill,Qwen3.5-4B,tubitak_math2026,truncated,Qwen3.5-4B|tubitak_math2026|tubitak_math2026/28|g0,0
R1-distill,Qwen3.5-4B,tubitak_math2026,truncated,Qwen3.5-4B|tubitak_math2026|tubitak_math2026/28|g23,0
R1-distill,Qwen3.5-4B,tubitak_math2026,truncated,Qwen3.5-4B|tubitak_math2026|tubitak_math2026/28|g38,0
R1-distill,Qwen3.5-4B,tubitak_math2026,truncated,Qwen3.5-4B|tubitak_math2026|tubitak_math2026/28|g52,0
R1-distill,Qwen3.5-4B,tubitak_math2026,truncated,Qwen3.5-4B|tubitak_math2026|tubitak_math2026/28|g63,0
R1-distill,Qwen3.5-4B,tubitak_math2026,truncated,Qwen3.5-4B|tubitak_math2026|tubitak_math2026/30|g20,0
R1-distill,Qwen3.5-4B,tubitak_math2026,truncated,Qwen3.5-4B|tubitak_math2026|tubitak_math2026/30|g28,1
R1-distill,Qwen3.5-4B,tubitak_math2026,truncated,Qwen3.5-4B|tubitak_math2026|tubitak_math2026/30|g31,0
R1-distill,Qwen3.5-4B,tubitak_math2026,truncated,Qwen3.5-4B|tubitak_math2026|tubitak_math2026/30|g42,1
R1-distill,Qwen3.5-4B,tubitak_math2026,truncated,Qwen3.5-4B|tubitak_math2026|tubitak_math2026/30|g7,1
R1-distill,Qwen3.5-4B,tubitak_math2026,truncated,Qwen3.5-4B|tubitak_math2026|tubitak_math2026/31|g0,0
R1-distill,Qwen3.5-4B,tubitak_math2026,truncated,Qwen3.5-4B|tubitak_math2026|tubitak_math2026/31|g33,0
R1-distill,Qwen3.5-4B,tubitak_math2026,truncated,Qwen3.5-4B|tubitak_math2026|tubitak_math2026/31|g5,0
R1-distill,Qwen3.5-4B,tubitak_math2026,truncated,Qwen3.5-4B|tubitak_math2026|tubitak_math2026/31|g55,1
R1-distill,Qwen3.5-4B,tubitak_math2026,truncated,Qwen3.5-4B|tubitak_math2026|tubitak_math2026/31|g57,0
R1-distill,Qwen3.5-4B,tubitak_math2026,truncated,Qwen3.5-4B|tubitak_math2026|tubitak_math2026/4|g0,1
R1-distill,Qwen3.5-4B,tubitak_math2026,truncated,Qwen3.5-4B|tubitak_math2026|tubitak_math2026/4|g18,1
R1-distill,Qwen3.5-4B,tubitak_math2026,truncated,Qwen3.5-4B|tubitak_math2026|tubitak_math2026/4|g24,1
R1-distill,Qwen3.5-4B,tubitak_math2026,truncated,Qwen3.5-4B|tubitak_math2026|tubitak_math2026/4|g28,1
R1-distill,Qwen3.5-4B,tubitak_math2026,truncated,Qwen3.5-4B|tubitak_math2026|tubitak_math2026/4|g57,1
R1-distill,Qwen3.5-4B,tubitak_math2026,truncated,Qwen3.5-4B|tubitak_math2026|tubitak_math2026/5|g12,1
R1-distill,Qwen3.5-4B,tubitak_math2026,truncated,Qwen3.5-4B|tubitak_math2026|tubitak_math2026/5|g15,1
R1-distill,Qwen3.5-4B,tubitak_math2026,truncated,Qwen3.5-4B|tubitak_math2026|tubitak_math2026/5|g21,1
R1-distill,Qwen3.5-4B,tubitak_math2026,truncated,Qwen3.5-4B|tubitak_math2026|tubitak_math2026/5|g61,1
R1-distill,Qwen3.5-4B,tubitak_math2026,truncated,Qwen3.5-4B|tubitak_math2026|tubitak_math2026/5|g8,1
R1-distill,Qwen3.5-4B,tubitak_math2026,truncated,Qwen3.5-4B|tubitak_math2026|tubitak_math2026/9|g16,0
R1-distill,Qwen3.5-4B,tubitak_math2026,truncated,Qwen3.5-4B|tubitak_math2026|tubitak_math2026/9|g34,1
R1-distill,Qwen3.5-4B,tubitak_math2026,truncated,Qwen3.5-4B|tubitak_math2026|tubitak_math2026/9|g36,0
R1-distill,Qwen3.5-4B,tubitak_math2026,truncated,Qwen3.5-4B|tubitak_math2026|tubitak_math2026/9|g42,1
R1-distill,Qwen3.5-4B,tubitak_math2026,truncated,Qwen3.5-4B|tubitak_math2026|tubitak_math2026/9|g55,1
R1-distill,Qwen3.5-4B,tubitak_math2026,truncated,Qwen3.5-4B|tubitak_math2026|tubitak_math2026/9|g59,1
R1-distill,Qwen3.5-9B,aime2026,boxed_only,Qwen3.5-9B|aime2026|AIME2026/10|g13,1
R1-distill,Qwen3.5-9B,aime2026,boxed_only,Qwen3.5-9B|aime2026|AIME2026/12|g10,1
R1-distill,Qwen3.5-9B,aime2026,boxed_only,Qwen3.5-9B|aime2026|AIME2026/12|g43,1
R1-distill,Qwen3.5-9B,aime2026,boxed_only,Qwen3.5-9B|aime2026|AIME2026/12|g61,1
R1-distill,Qwen3.5-9B,aime2026,boxed_only,Qwen3.5-9B|aime2026|AIME2026/13|g13,1
R1-distill,Qwen3.5-9B,aime2026,boxed_only,Qwen3.5-9B|aime2026|AIME2026/13|g36,1
R1-distill,Qwen3.5-9B,aime2026,boxed_only,Qwen3.5-9B|aime2026|AIME2026/14|g19,1
R1-distill,Qwen3.5-9B,aime2026,boxed_only,Qwen3.5-9B|aime2026|AIME2026/14|g5,1
R1-distill,Qwen3.5-9B,aime2026,boxed_only,Qwen3.5-9B|aime2026|AIME2026/14|g8,1
R1-distill,Qwen3.5-9B,aime2026,boxed_only,Qwen3.5-9B|aime2026|AIME2026/16|g33,1
R1-distill,Qwen3.5-9B,aime2026,boxed_only,Qwen3.5-9B|aime2026|AIME2026/16|g34,1
R1-distill,Qwen3.5-9B,aime2026,boxed_only,Qwen3.5-9B|aime2026|AIME2026/16|g40,0
R1-distill,Qwen3.5-9B,aime2026,boxed_only,Qwen3.5-9B|aime2026|AIME2026/16|g43,1
R1-distill,Qwen3.5-9B,aime2026,boxed_only,Qwen3.5-9B|aime2026|AIME2026/16|g51,1
R1-distill,Qwen3.5-9B,aime2026,boxed_only,Qwen3.5-9B|aime2026|AIME2026/17|g2,0
R1-distill,Qwen3.5-9B,aime2026,boxed_only,Qwen3.5-9B|aime2026|AIME2026/17|g50,1
R1-distill,Qwen3.5-9B,aime2026,boxed_only,Qwen3.5-9B|aime2026|AIME2026/18|g49,1
R1-distill,Qwen3.5-9B,aime2026,boxed_only,Qwen3.5-9B|aime2026|AIME2026/19|g0,0
R1-distill,Qwen3.5-9B,aime2026,boxed_only,Qwen3.5-9B|aime2026|AIME2026/19|g22,1
R1-distill,Qwen3.5-9B,aime2026,boxed_only,Qwen3.5-9B|aime2026|AIME2026/19|g51,1
R1-distill,Qwen3.5-9B,aime2026,boxed_only,Qwen3.5-9B|aime2026|AIME2026/1|g19,1
R1-distill,Qwen3.5-9B,aime2026,boxed_only,Qwen3.5-9B|aime2026|AIME2026/1|g26,1
R1-distill,Qwen3.5-9B,aime2026,boxed_only,Qwen3.5-9B|aime2026|AIME2026/1|g31,1
R1-distill,Qwen3.5-9B,aime2026,boxed_only,Qwen3.5-9B|aime2026|AIME2026/1|g49,1
R1-distill,Qwen3.5-9B,aime2026,boxed_only,Qwen3.5-9B|aime2026|AIME2026/20|g36,1
R1-distill,Qwen3.5-9B,aime2026,boxed_only,Qwen3.5-9B|aime2026|AIME2026/20|g38,1
R1-distill,Qwen3.5-9B,aime2026,boxed_only,Qwen3.5-9B|aime2026|AIME2026/20|g44,0
R1-distill,Qwen3.5-9B,aime2026,boxed_only,Qwen3.5-9B|aime2026|AIME2026/21|g62,1
R1-distill,Qwen3.5-9B,aime2026,boxed_only,Qwen3.5-9B|aime2026|AIME2026/22|g14,1
R1-distill,Qwen3.5-9B,aime2026,boxed_only,Qwen3.5-9B|aime2026|AIME2026/22|g3,1
R1-distill,Qwen3.5-9B,aime2026,boxed_only,Qwen3.5-9B|aime2026|AIME2026/23|g12,0
R1-distill,Qwen3.5-9B,aime2026,boxed_only,Qwen3.5-9B|aime2026|AIME2026/24|g14,1
R1-distill,Qwen3.5-9B,aime2026,boxed_only,Qwen3.5-9B|aime2026|AIME2026/24|g48,0
R1-distill,Qwen3.5-9B,aime2026,boxed_only,Qwen3.5-9B|aime2026|AIME2026/24|g5,1
R1-distill,Qwen3.5-9B,aime2026,boxed_only,Qwen3.5-9B|aime2026|AIME2026/25|g21,1
R1-distill,Qwen3.5-9B,aime2026,boxed_only,Qwen3.5-9B|aime2026|AIME2026/25|g51,1
R1-distill,Qwen3.5-9B,aime2026,boxed_only,Qwen3.5-9B|aime2026|AIME2026/25|g63,1
R1-distill,Qwen3.5-9B,aime2026,boxed_only,Qwen3.5-9B|aime2026|AIME2026/26|g28,0
R1-distill,Qwen3.5-9B,aime2026,boxed_only,Qwen3.5-9B|aime2026|AIME2026/26|g55,1
R1-distill,Qwen3.5-9B,aime2026,boxed_only,Qwen3.5-9B|aime2026|AIME2026/27|g45,1
R1-distill,Qwen3.5-9B,aime2026,boxed_only,Qwen3.5-9B|aime2026|AIME2026/28|g16,0
R1-distill,Qwen3.5-9B,aime2026,boxed_only,Qwen3.5-9B|aime2026|AIME2026/28|g45,0
R1-distill,Qwen3.5-9B,aime2026,boxed_only,Qwen3.5-9B|aime2026|AIME2026/28|g51,1
R1-distill,Qwen3.5-9B,aime2026,boxed_only,Qwen3.5-9B|aime2026|AIME2026/28|g9,0
R1-distill,Qwen3.5-9B,aime2026,boxed_only,Qwen3.5-9B|aime2026|AIME2026/29|g21,1
R1-distill,Qwen3.5-9B,aime2026,boxed_only,Qwen3.5-9B|aime2026|AIME2026/29|g28,1
R1-distill,Qwen3.5-9B,aime2026,boxed_only,Qwen3.5-9B|aime2026|AIME2026/29|g35,1
R1-distill,Qwen3.5-9B,aime2026,boxed_only,Qwen3.5-9B|aime2026|AIME2026/29|g60,1
R1-distill,Qwen3.5-9B,aime2026,boxed_only,Qwen3.5-9B|aime2026|AIME2026/2|g29,1
R1-distill,Qwen3.5-9B,aime2026,boxed_only,Qwen3.5-9B|aime2026|AIME2026/2|g45,1
R1-distill,Qwen3.5-9B,aime2026,boxed_only,Qwen3.5-9B|aime2026|AIME2026/2|g47,1
R1-distill,Qwen3.5-9B,aime2026,boxed_only,Qwen3.5-9B|aime2026|AIME2026/30|g16,0
R1-distill,Qwen3.5-9B,aime2026,boxed_only,Qwen3.5-9B|aime2026|AIME2026/30|g28,1
R1-distill,Qwen3.5-9B,aime2026,boxed_only,Qwen3.5-9B|aime2026|AIME2026/30|g35,0
R1-distill,Qwen3.5-9B,aime2026,boxed_only,Qwen3.5-9B|aime2026|AIME2026/3|g15,1
R1-distill,Qwen3.5-9B,aime2026,boxed_only,Qwen3.5-9B|aime2026|AIME2026/3|g21,1
R1-distill,Qwen3.5-9B,aime2026,boxed_only,Qwen3.5-9B|aime2026|AIME2026/3|g35,1
R1-distill,Qwen3.5-9B,aime2026,boxed_only,Qwen3.5-9B|aime2026|AIME2026/3|g50,1
R1-distill,Qwen3.5-9B,aime2026,boxed_only,Qwen3.5-9B|aime2026|AIME2026/4|g12,1
R1-distill,Qwen3.5-9B,aime2026,boxed_only,Qwen3.5-9B|aime2026|AIME2026/4|g32,0
R1-distill,Qwen3.5-9B,aime2026,boxed_only,Qwen3.5-9B|aime2026|AIME2026/4|g33,1
R1-distill,Qwen3.5-9B,aime2026,boxed_only,Qwen3.5-9B|aime2026|AIME2026/4|g58,1
R1-distill,Qwen3.5-9B,aime2026,boxed_only,Qwen3.5-9B|aime2026|AIME2026/5|g21,1
R1-distill,Qwen3.5-9B,aime2026,boxed_only,Qwen3.5-9B|aime2026|AIME2026/6|g11,1
R1-distill,Qwen3.5-9B,aime2026,boxed_only,Qwen3.5-9B|aime2026|AIME2026/6|g17,0
R1-distill,Qwen3.5-9B,aime2026,boxed_only,Qwen3.5-9B|aime2026|AIME2026/6|g35,1
R1-distill,Qwen3.5-9B,aime2026,boxed_only,Qwen3.5-9B|aime2026|AIME2026/7|g24,1
R1-distill,Qwen3.5-9B,aime2026,boxed_only,Qwen3.5-9B|aime2026|AIME2026/7|g39,1
R1-distill,Qwen3.5-9B,aime2026,boxed_only,Qwen3.5-9B|aime2026|AIME2026/7|g7,1
R1-distill,Qwen3.5-9B,aime2026,boxed_only,Qwen3.5-9B|aime2026|AIME2026/9|g11,1
R1-distill,Qwen3.5-9B,aime2026,boxed_only,Qwen3.5-9B|aime2026|AIME2026/9|g14,1
R1-distill,Qwen3.5-9B,aime2026,boxed_only,Qwen3.5-9B|aime2026|AIME2026/9|g59,1
R1-distill,Qwen3.5-9B,aime2026,clean,Qwen3.5-9B|aime2026|AIME2026/10|g13,0
R1-distill,Qwen3.5-9B,aime2026,clean,Qwen3.5-9B|aime2026|AIME2026/12|g10,1
R1-distill,Qwen3.5-9B,aime2026,clean,Qwen3.5-9B|aime2026|AIME2026/12|g43,1
R1-distill,Qwen3.5-9B,aime2026,clean,Qwen3.5-9B|aime2026|AIME2026/12|g61,1
R1-distill,Qwen3.5-9B,aime2026,clean,Qwen3.5-9B|aime2026|AIME2026/13|g13,1
R1-distill,Qwen3.5-9B,aime2026,clean,Qwen3.5-9B|aime2026|AIME2026/13|g36,1
R1-distill,Qwen3.5-9B,aime2026,clean,Qwen3.5-9B|aime2026|AIME2026/14|g19,1
R1-distill,Qwen3.5-9B,aime2026,clean,Qwen3.5-9B|aime2026|AIME2026/14|g5,1
R1-distill,Qwen3.5-9B,aime2026,clean,Qwen3.5-9B|aime2026|AIME2026/14|g8,1
R1-distill,Qwen3.5-9B,aime2026,clean,Qwen3.5-9B|aime2026|AIME2026/16|g33,1
R1-distill,Qwen3.5-9B,aime2026,clean,Qwen3.5-9B|aime2026|AIME2026/16|g34,1
R1-distill,Qwen3.5-9B,aime2026,clean,Qwen3.5-9B|aime2026|AIME2026/16|g40,1
R1-distill,Qwen3.5-9B,aime2026,clean,Qwen3.5-9B|aime2026|AIME2026/16|g43,1
R1-distill,Qwen3.5-9B,aime2026,clean,Qwen3.5-9B|aime2026|AIME2026/16|g51,1
R1-distill,Qwen3.5-9B,aime2026,clean,Qwen3.5-9B|aime2026|AIME2026/17|g2,1
R1-distill,Qwen3.5-9B,aime2026,clean,Qwen3.5-9B|aime2026|AIME2026/17|g50,0
R1-distill,Qwen3.5-9B,aime2026,clean,Qwen3.5-9B|aime2026|AIME2026/18|g49,1
R1-distill,Qwen3.5-9B,aime2026,clean,Qwen3.5-9B|aime2026|AIME2026/19|g0,1
R1-distill,Qwen3.5-9B,aime2026,clean,Qwen3.5-9B|aime2026|AIME2026/19|g22,1
R1-distill,Qwen3.5-9B,aime2026,clean,Qwen3.5-9B|aime2026|AIME2026/19|g51,1
R1-distill,Qwen3.5-9B,aime2026,clean,Qwen3.5-9B|aime2026|AIME2026/1|g19,1
R1-distill,Qwen3.5-9B,aime2026,clean,Qwen3.5-9B|aime2026|AIME2026/1|g26,1
R1-distill,Qwen3.5-9B,aime2026,clean,Qwen3.5-9B|aime2026|AIME2026/1|g31,1
R1-distill,Qwen3.5-9B,aime2026,clean,Qwen3.5-9B|aime2026|AIME2026/1|g49,1
R1-distill,Qwen3.5-9B,aime2026,clean,Qwen3.5-9B|aime2026|AIME2026/20|g36,1
R1-distill,Qwen3.5-9B,aime2026,clean,Qwen3.5-9B|aime2026|AIME2026/20|g38,1
R1-distill,Qwen3.5-9B,aime2026,clean,Qwen3.5-9B|aime2026|AIME2026/20|g44,1
R1-distill,Qwen3.5-9B,aime2026,clean,Qwen3.5-9B|aime2026|AIME2026/21|g62,1
R1-distill,Qwen3.5-9B,aime2026,clean,Qwen3.5-9B|aime2026|AIME2026/22|g14,1
R1-distill,Qwen3.5-9B,aime2026,clean,Qwen3.5-9B|aime2026|AIME2026/22|g3,1
R1-distill,Qwen3.5-9B,aime2026,clean,Qwen3.5-9B|aime2026|AIME2026/23|g12,1
R1-distill,Qwen3.5-9B,aime2026,clean,Qwen3.5-9B|aime2026|AIME2026/24|g14,1
R1-distill,Qwen3.5-9B,aime2026,clean,Qwen3.5-9B|aime2026|AIME2026/24|g48,1
R1-distill,Qwen3.5-9B,aime2026,clean,Qwen3.5-9B|aime2026|AIME2026/24|g5,1
R1-distill,Qwen3.5-9B,aime2026,clean,Qwen3.5-9B|aime2026|AIME2026/25|g21,1
R1-distill,Qwen3.5-9B,aime2026,clean,Qwen3.5-9B|aime2026|AIME2026/25|g51,1
R1-distill,Qwen3.5-9B,aime2026,clean,Qwen3.5-9B|aime2026|AIME2026/25|g63,1
R1-distill,Qwen3.5-9B,aime2026,clean,Qwen3.5-9B|aime2026|AIME2026/26|g28,1
R1-distill,Qwen3.5-9B,aime2026,clean,Qwen3.5-9B|aime2026|AIME2026/26|g55,1
R1-distill,Qwen3.5-9B,aime2026,clean,Qwen3.5-9B|aime2026|AIME2026/27|g45,1
R1-distill,Qwen3.5-9B,aime2026,clean,Qwen3.5-9B|aime2026|AIME2026/28|g16,1
R1-distill,Qwen3.5-9B,aime2026,clean,Qwen3.5-9B|aime2026|AIME2026/28|g45,1
R1-distill,Qwen3.5-9B,aime2026,clean,Qwen3.5-9B|aime2026|AIME2026/28|g51,1
R1-distill,Qwen3.5-9B,aime2026,clean,Qwen3.5-9B|aime2026|AIME2026/28|g9,1
R1-distill,Qwen3.5-9B,aime2026,clean,Qwen3.5-9B|aime2026|AIME2026/29|g21,0
R1-distill,Qwen3.5-9B,aime2026,clean,Qwen3.5-9B|aime2026|AIME2026/29|g28,1
R1-distill,Qwen3.5-9B,aime2026,clean,Qwen3.5-9B|aime2026|AIME2026/29|g35,1
R1-distill,Qwen3.5-9B,aime2026,clean,Qwen3.5-9B|aime2026|AIME2026/29|g60,1
R1-distill,Qwen3.5-9B,aime2026,clean,Qwen3.5-9B|aime2026|AIME2026/2|g29,1
R1-distill,Qwen3.5-9B,aime2026,clean,Qwen3.5-9B|aime2026|AIME2026/2|g45,1
R1-distill,Qwen3.5-9B,aime2026,clean,Qwen3.5-9B|aime2026|AIME2026/2|g47,1
R1-distill,Qwen3.5-9B,aime2026,clean,Qwen3.5-9B|aime2026|AIME2026/30|g16,1
R1-distill,Qwen3.5-9B,aime2026,clean,Qwen3.5-9B|aime2026|AIME2026/30|g28,1
R1-distill,Qwen3.5-9B,aime2026,clean,Qwen3.5-9B|aime2026|AIME2026/30|g35,1
R1-distill,Qwen3.5-9B,aime2026,clean,Qwen3.5-9B|aime2026|AIME2026/3|g15,1
R1-distill,Qwen3.5-9B,aime2026,clean,Qwen3.5-9B|aime2026|AIME2026/3|g21,1
R1-distill,Qwen3.5-9B,aime2026,clean,Qwen3.5-9B|aime2026|AIME2026/3|g35,1
R1-distill,Qwen3.5-9B,aime2026,clean,Qwen3.5-9B|aime2026|AIME2026/3|g50,1
R1-distill,Qwen3.5-9B,aime2026,clean,Qwen3.5-9B|aime2026|AIME2026/4|g12,1
R1-distill,Qwen3.5-9B,aime2026,clean,Qwen3.5-9B|aime2026|AIME2026/4|g32,1
R1-distill,Qwen3.5-9B,aime2026,clean,Qwen3.5-9B|aime2026|AIME2026/4|g33,1
R1-distill,Qwen3.5-9B,aime2026,clean,Qwen3.5-9B|aime2026|AIME2026/4|g58,1
R1-distill,Qwen3.5-9B,aime2026,clean,Qwen3.5-9B|aime2026|AIME2026/5|g21,1
R1-distill,Qwen3.5-9B,aime2026,clean,Qwen3.5-9B|aime2026|AIME2026/6|g11,1
R1-distill,Qwen3.5-9B,aime2026,clean,Qwen3.5-9B|aime2026|AIME2026/6|g17,1
R1-distill,Qwen3.5-9B,aime2026,clean,Qwen3.5-9B|aime2026|AIME2026/6|g35,1
R1-distill,Qwen3.5-9B,aime2026,clean,Qwen3.5-9B|aime2026|AIME2026/7|g24,1
R1-distill,Qwen3.5-9B,aime2026,clean,Qwen3.5-9B|aime2026|AIME2026/7|g39,1
R1-distill,Qwen3.5-9B,aime2026,clean,Qwen3.5-9B|aime2026|AIME2026/7|g7,1
R1-distill,Qwen3.5-9B,aime2026,clean,Qwen3.5-9B|aime2026|AIME2026/9|g11,1
R1-distill,Qwen3.5-9B,aime2026,clean,Qwen3.5-9B|aime2026|AIME2026/9|g14,1
R1-distill,Qwen3.5-9B,aime2026,clean,Qwen3.5-9B|aime2026|AIME2026/9|g59,0
R1-distill,Qwen3.5-9B,aime2026,consistent_error,Qwen3.5-9B|aime2026|AIME2026/10|g13,1
R1-distill,Qwen3.5-9B,aime2026,consistent_error,Qwen3.5-9B|aime2026|AIME2026/12|g10,1
R1-distill,Qwen3.5-9B,aime2026,consistent_error,Qwen3.5-9B|aime2026|AIME2026/12|g43,1
R1-distill,Qwen3.5-9B,aime2026,consistent_error,Qwen3.5-9B|aime2026|AIME2026/12|g61,1
R1-distill,Qwen3.5-9B,aime2026,consistent_error,Qwen3.5-9B|aime2026|AIME2026/13|g13,1
R1-distill,Qwen3.5-9B,aime2026,consistent_error,Qwen3.5-9B|aime2026|AIME2026/13|g36,1
R1-distill,Qwen3.5-9B,aime2026,consistent_error,Qwen3.5-9B|aime2026|AIME2026/14|g19,1
R1-distill,Qwen3.5-9B,aime2026,consistent_error,Qwen3.5-9B|aime2026|AIME2026/14|g5,1
R1-distill,Qwen3.5-9B,aime2026,consistent_error,Qwen3.5-9B|aime2026|AIME2026/14|g8,1
R1-distill,Qwen3.5-9B,aime2026,consistent_error,Qwen3.5-9B|aime2026|AIME2026/16|g33,1
R1-distill,Qwen3.5-9B,aime2026,consistent_error,Qwen3.5-9B|aime2026|AIME2026/16|g34,1
R1-distill,Qwen3.5-9B,aime2026,consistent_error,Qwen3.5-9B|aime2026|AIME2026/16|g40,0
R1-distill,Qwen3.5-9B,aime2026,consistent_error,Qwen3.5-9B|aime2026|AIME2026/16|g43,1
R1-distill,Qwen3.5-9B,aime2026,consistent_error,Qwen3.5-9B|aime2026|AIME2026/16|g51,1
R1-distill,Qwen3.5-9B,aime2026,consistent_error,Qwen3.5-9B|aime2026|AIME2026/17|g2,0
R1-distill,Qwen3.5-9B,aime2026,consistent_error,Qwen3.5-9B|aime2026|AIME2026/17|g50,1
R1-distill,Qwen3.5-9B,aime2026,consistent_error,Qwen3.5-9B|aime2026|AIME2026/18|g49,0
R1-distill,Qwen3.5-9B,aime2026,consistent_error,Qwen3.5-9B|aime2026|AIME2026/19|g0,1
R1-distill,Qwen3.5-9B,aime2026,consistent_error,Qwen3.5-9B|aime2026|AIME2026/19|g22,1
R1-distill,Qwen3.5-9B,aime2026,consistent_error,Qwen3.5-9B|aime2026|AIME2026/19|g51,1
R1-distill,Qwen3.5-9B,aime2026,consistent_error,Qwen3.5-9B|aime2026|AIME2026/1|g19,1
R1-distill,Qwen3.5-9B,aime2026,consistent_error,Qwen3.5-9B|aime2026|AIME2026/1|g26,1
R1-distill,Qwen3.5-9B,aime2026,consistent_error,Qwen3.5-9B|aime2026|AIME2026/1|g31,1
R1-distill,Qwen3.5-9B,aime2026,consistent_error,Qwen3.5-9B|aime2026|AIME2026/1|g49,1
R1-distill,Qwen3.5-9B,aime2026,consistent_error,Qwen3.5-9B|aime2026|AIME2026/20|g36,1
R1-distill,Qwen3.5-9B,aime2026,consistent_error,Qwen3.5-9B|aime2026|AIME2026/20|g38,1
R1-distill,Qwen3.5-9B,aime2026,consistent_error,Qwen3.5-9B|aime2026|AIME2026/20|g44,1
R1-distill,Qwen3.5-9B,aime2026,consistent_error,Qwen3.5-9B|aime2026|AIME2026/21|g62,1
R1-distill,Qwen3.5-9B,aime2026,consistent_error,Qwen3.5-9B|aime2026|AIME2026/22|g14,1
R1-distill,Qwen3.5-9B,aime2026,consistent_error,Qwen3.5-9B|aime2026|AIME2026/22|g3,1
R1-distill,Qwen3.5-9B,aime2026,consistent_error,Qwen3.5-9B|aime2026|AIME2026/23|g12,1
R1-distill,Qwen3.5-9B,aime2026,consistent_error,Qwen3.5-9B|aime2026|AIME2026/24|g14,1
R1-distill,Qwen3.5-9B,aime2026,consistent_error,Qwen3.5-9B|aime2026|AIME2026/24|g48,1
R1-distill,Qwen3.5-9B,aime2026,consistent_error,Qwen3.5-9B|aime2026|AIME2026/24|g5,0
R1-distill,Qwen3.5-9B,aime2026,consistent_error,Qwen3.5-9B|aime2026|AIME2026/25|g21,1
R1-distill,Qwen3.5-9B,aime2026,consistent_error,Qwen3.5-9B|aime2026|AIME2026/25|g51,1
R1-distill,Qwen3.5-9B,aime2026,consistent_error,Qwen3.5-9B|aime2026|AIME2026/25|g63,0
R1-distill,Qwen3.5-9B,aime2026,consistent_error,Qwen3.5-9B|aime2026|AIME2026/26|g28,1
R1-distill,Qwen3.5-9B,aime2026,consistent_error,Qwen3.5-9B|aime2026|AIME2026/26|g55,1
R1-distill,Qwen3.5-9B,aime2026,consistent_error,Qwen3.5-9B|aime2026|AIME2026/27|g45,1
R1-distill,Qwen3.5-9B,aime2026,consistent_error,Qwen3.5-9B|aime2026|AIME2026/28|g16,1
R1-distill,Qwen3.5-9B,aime2026,consistent_error,Qwen3.5-9B|aime2026|AIME2026/28|g45,1
R1-distill,Qwen3.5-9B,aime2026,consistent_error,Qwen3.5-9B|aime2026|AIME2026/28|g51,0
R1-distill,Qwen3.5-9B,aime2026,consistent_error,Qwen3.5-9B|aime2026|AIME2026/28|g9,1
R1-distill,Qwen3.5-9B,aime2026,consistent_error,Qwen3.5-9B|aime2026|AIME2026/29|g21,1
R1-distill,Qwen3.5-9B,aime2026,consistent_error,Qwen3.5-9B|aime2026|AIME2026/29|g28,0
R1-distill,Qwen3.5-9B,aime2026,consistent_error,Qwen3.5-9B|aime2026|AIME2026/29|g35,1
R1-distill,Qwen3.5-9B,aime2026,consistent_error,Qwen3.5-9B|aime2026|AIME2026/29|g60,1
R1-distill,Qwen3.5-9B,aime2026,consistent_error,Qwen3.5-9B|aime2026|AIME2026/2|g29,1
R1-distill,Qwen3.5-9B,aime2026,consistent_error,Qwen3.5-9B|aime2026|AIME2026/2|g45,0
R1-distill,Qwen3.5-9B,aime2026,consistent_error,Qwen3.5-9B|aime2026|AIME2026/2|g47,1
R1-distill,Qwen3.5-9B,aime2026,consistent_error,Qwen3.5-9B|aime2026|AIME2026/30|g16,0
R1-distill,Qwen3.5-9B,aime2026,consistent_error,Qwen3.5-9B|aime2026|AIME2026/30|g28,1
R1-distill,Qwen3.5-9B,aime2026,consistent_error,Qwen3.5-9B|aime2026|AIME2026/30|g35,1
R1-distill,Qwen3.5-9B,aime2026,consistent_error,Qwen3.5-9B|aime2026|AIME2026/3|g15,1
R1-distill,Qwen3.5-9B,aime2026,consistent_error,Qwen3.5-9B|aime2026|AIME2026/3|g21,1
R1-distill,Qwen3.5-9B,aime2026,consistent_error,Qwen3.5-9B|aime2026|AIME2026/3|g35,1
R1-distill,Qwen3.5-9B,aime2026,consistent_error,Qwen3.5-9B|aime2026|AIME2026/3|g50,1
R1-distill,Qwen3.5-9B,aime2026,consistent_error,Qwen3.5-9B|aime2026|AIME2026/4|g12,1
R1-distill,Qwen3.5-9B,aime2026,consistent_error,Qwen3.5-9B|aime2026|AIME2026/4|g32,1
R1-distill,Qwen3.5-9B,aime2026,consistent_error,Qwen3.5-9B|aime2026|AIME2026/4|g33,0
R1-distill,Qwen3.5-9B,aime2026,consistent_error,Qwen3.5-9B|aime2026|AIME2026/4|g58,1
R1-distill,Qwen3.5-9B,aime2026,consistent_error,Qwen3.5-9B|aime2026|AIME2026/5|g21,1
R1-distill,Qwen3.5-9B,aime2026,consistent_error,Qwen3.5-9B|aime2026|AIME2026/6|g11,1
R1-distill,Qwen3.5-9B,aime2026,consistent_error,Qwen3.5-9B|aime2026|AIME2026/6|g17,1
R1-distill,Qwen3.5-9B,aime2026,consistent_error,Qwen3.5-9B|aime2026|AIME2026/6|g35,1
R1-distill,Qwen3.5-9B,aime2026,consistent_error,Qwen3.5-9B|aime2026|AIME2026/7|g24,0
R1-distill,Qwen3.5-9B,aime2026,consistent_error,Qwen3.5-9B|aime2026|AIME2026/7|g39,1
R1-distill,Qwen3.5-9B,aime2026,consistent_error,Qwen3.5-9B|aime2026|AIME2026/7|g7,1
R1-distill,Qwen3.5-9B,aime2026,consistent_error,Qwen3.5-9B|aime2026|AIME2026/9|g11,1
R1-distill,Qwen3.5-9B,aime2026,consistent_error,Qwen3.5-9B|aime2026|AIME2026/9|g14,0
R1-distill,Qwen3.5-9B,aime2026,consistent_error,Qwen3.5-9B|aime2026|AIME2026/9|g59,1
R1-distill,Qwen3.5-9B,aime2026,intermediate_error,Qwen3.5-9B|aime2026|AIME2026/10|g13,1
R1-distill,Qwen3.5-9B,aime2026,intermediate_error,Qwen3.5-9B|aime2026|AIME2026/12|g10,1
R1-distill,Qwen3.5-9B,aime2026,intermediate_error,Qwen3.5-9B|aime2026|AIME2026/12|g43,1
R1-distill,Qwen3.5-9B,aime2026,intermediate_error,Qwen3.5-9B|aime2026|AIME2026/12|g61,1
R1-distill,Qwen3.5-9B,aime2026,intermediate_error,Qwen3.5-9B|aime2026|AIME2026/13|g13,1
R1-distill,Qwen3.5-9B,aime2026,intermediate_error,Qwen3.5-9B|aime2026|AIME2026/13|g36,1
R1-distill,Qwen3.5-9B,aime2026,intermediate_error,Qwen3.5-9B|aime2026|AIME2026/14|g19,1
R1-distill,Qwen3.5-9B,aime2026,intermediate_error,Qwen3.5-9B|aime2026|AIME2026/14|g5,1
R1-distill,Qwen3.5-9B,aime2026,intermediate_error,Qwen3.5-9B|aime2026|AIME2026/14|g8,1
R1-distill,Qwen3.5-9B,aime2026,intermediate_error,Qwen3.5-9B|aime2026|AIME2026/16|g33,1
R1-distill,Qwen3.5-9B,aime2026,intermediate_error,Qwen3.5-9B|aime2026|AIME2026/16|g34,1
R1-distill,Qwen3.5-9B,aime2026,intermediate_error,Qwen3.5-9B|aime2026|AIME2026/16|g40,1
R1-distill,Qwen3.5-9B,aime2026,intermediate_error,Qwen3.5-9B|aime2026|AIME2026/16|g43,1
R1-distill,Qwen3.5-9B,aime2026,intermediate_error,Qwen3.5-9B|aime2026|AIME2026/16|g51,1
R1-distill,Qwen3.5-9B,aime2026,intermediate_error,Qwen3.5-9B|aime2026|AIME2026/17|g2,1
R1-distill,Qwen3.5-9B,aime2026,intermediate_error,Qwen3.5-9B|aime2026|AIME2026/17|g50,0
R1-distill,Qwen3.5-9B,aime2026,intermediate_error,Qwen3.5-9B|aime2026|AIME2026/18|g49,1
R1-distill,Qwen3.5-9B,aime2026,intermediate_error,Qwen3.5-9B|aime2026|AIME2026/19|g0,1
R1-distill,Qwen3.5-9B,aime2026,intermediate_error,Qwen3.5-9B|aime2026|AIME2026/19|g22,1
R1-distill,Qwen3.5-9B,aime2026,intermediate_error,Qwen3.5-9B|aime2026|AIME2026/19|g51,1
R1-distill,Qwen3.5-9B,aime2026,intermediate_error,Qwen3.5-9B|aime2026|AIME2026/1|g19,1
R1-distill,Qwen3.5-9B,aime2026,intermediate_error,Qwen3.5-9B|aime2026|AIME2026/1|g26,1
R1-distill,Qwen3.5-9B,aime2026,intermediate_error,Qwen3.5-9B|aime2026|AIME2026/1|g31,1
R1-distill,Qwen3.5-9B,aime2026,intermediate_error,Qwen3.5-9B|aime2026|AIME2026/1|g49,1
R1-distill,Qwen3.5-9B,aime2026,intermediate_error,Qwen3.5-9B|aime2026|AIME2026/20|g36,1
R1-distill,Qwen3.5-9B,aime2026,intermediate_error,Qwen3.5-9B|aime2026|AIME2026/20|g38,1
R1-distill,Qwen3.5-9B,aime2026,intermediate_error,Qwen3.5-9B|aime2026|AIME2026/20|g44,1
R1-distill,Qwen3.5-9B,aime2026,intermediate_error,Qwen3.5-9B|aime2026|AIME2026/21|g62,0
R1-distill,Qwen3.5-9B,aime2026,intermediate_error,Qwen3.5-9B|aime2026|AIME2026/22|g14,1
R1-distill,Qwen3.5-9B,aime2026,intermediate_error,Qwen3.5-9B|aime2026|AIME2026/22|g3,1
R1-distill,Qwen3.5-9B,aime2026,intermediate_error,Qwen3.5-9B|aime2026|AIME2026/23|g12,1
R1-distill,Qwen3.5-9B,aime2026,intermediate_error,Qwen3.5-9B|aime2026|AIME2026/24|g14,1
R1-distill,Qwen3.5-9B,aime2026,intermediate_error,Qwen3.5-9B|aime2026|AIME2026/24|g48,1
R1-distill,Qwen3.5-9B,aime2026,intermediate_error,Qwen3.5-9B|aime2026|AIME2026/24|g5,1
R1-distill,Qwen3.5-9B,aime2026,intermediate_error,Qwen3.5-9B|aime2026|AIME2026/25|g21,1
R1-distill,Qwen3.5-9B,aime2026,intermediate_error,Qwen3.5-9B|aime2026|AIME2026/25|g51,1
R1-distill,Qwen3.5-9B,aime2026,intermediate_error,Qwen3.5-9B|aime2026|AIME2026/25|g63,1
R1-distill,Qwen3.5-9B,aime2026,intermediate_error,Qwen3.5-9B|aime2026|AIME2026/26|g28,1
R1-distill,Qwen3.5-9B,aime2026,intermediate_error,Qwen3.5-9B|aime2026|AIME2026/26|g55,1
R1-distill,Qwen3.5-9B,aime2026,intermediate_error,Qwen3.5-9B|aime2026|AIME2026/27|g45,1
R1-distill,Qwen3.5-9B,aime2026,intermediate_error,Qwen3.5-9B|aime2026|AIME2026/28|g16,1
R1-distill,Qwen3.5-9B,aime2026,intermediate_error,Qwen3.5-9B|aime2026|AIME2026/28|g45,1
R1-distill,Qwen3.5-9B,aime2026,intermediate_error,Qwen3.5-9B|aime2026|AIME2026/28|g51,1
R1-distill,Qwen3.5-9B,aime2026,intermediate_error,Qwen3.5-9B|aime2026|AIME2026/28|g9,1
R1-distill,Qwen3.5-9B,aime2026,intermediate_error,Qwen3.5-9B|aime2026|AIME2026/29|g21,1
R1-distill,Qwen3.5-9B,aime2026,intermediate_error,Qwen3.5-9B|aime2026|AIME2026/29|g28,1
R1-distill,Qwen3.5-9B,aime2026,intermediate_error,Qwen3.5-9B|aime2026|AIME2026/29|g35,1
R1-distill,Qwen3.5-9B,aime2026,intermediate_error,Qwen3.5-9B|aime2026|AIME2026/29|g60,1
R1-distill,Qwen3.5-9B,aime2026,intermediate_error,Qwen3.5-9B|aime2026|AIME2026/2|g29,1
R1-distill,Qwen3.5-9B,aime2026,intermediate_error,Qwen3.5-9B|aime2026|AIME2026/2|g45,0
R1-distill,Qwen3.5-9B,aime2026,intermediate_error,Qwen3.5-9B|aime2026|AIME2026/2|g47,1
R1-distill,Qwen3.5-9B,aime2026,intermediate_error,Qwen3.5-9B|aime2026|AIME2026/30|g16,1
R1-distill,Qwen3.5-9B,aime2026,intermediate_error,Qwen3.5-9B|aime2026|AIME2026/30|g28,1
R1-distill,Qwen3.5-9B,aime2026,intermediate_error,Qwen3.5-9B|aime2026|AIME2026/30|g35,1
R1-distill,Qwen3.5-9B,aime2026,intermediate_error,Qwen3.5-9B|aime2026|AIME2026/3|g15,1
R1-distill,Qwen3.5-9B,aime2026,intermediate_error,Qwen3.5-9B|aime2026|AIME2026/3|g21,1
R1-distill,Qwen3.5-9B,aime2026,intermediate_error,Qwen3.5-9B|aime2026|AIME2026/3|g35,1
R1-distill,Qwen3.5-9B,aime2026,intermediate_error,Qwen3.5-9B|aime2026|AIME2026/3|g50,1
R1-distill,Qwen3.5-9B,aime2026,intermediate_error,Qwen3.5-9B|aime2026|AIME2026/4|g12,1
R1-distill,Qwen3.5-9B,aime2026,intermediate_error,Qwen3.5-9B|aime2026|AIME2026/4|g32,1
R1-distill,Qwen3.5-9B,aime2026,intermediate_error,Qwen3.5-9B|aime2026|AIME2026/4|g33,1
R1-distill,Qwen3.5-9B,aime2026,intermediate_error,Qwen3.5-9B|aime2026|AIME2026/4|g58,1
R1-distill,Qwen3.5-9B,aime2026,intermediate_error,Qwen3.5-9B|aime2026|AIME2026/5|g21,1
R1-distill,Qwen3.5-9B,aime2026,intermediate_error,Qwen3.5-9B|aime2026|AIME2026/6|g11,1
R1-distill,Qwen3.5-9B,aime2026,intermediate_error,Qwen3.5-9B|aime2026|AIME2026/6|g17,1
R1-distill,Qwen3.5-9B,aime2026,intermediate_error,Qwen3.5-9B|aime2026|AIME2026/6|g35,1
R1-distill,Qwen3.5-9B,aime2026,intermediate_error,Qwen3.5-9B|aime2026|AIME2026/7|g24,1
R1-distill,Qwen3.5-9B,aime2026,intermediate_error,Qwen3.5-9B|aime2026|AIME2026/7|g39,1
R1-distill,Qwen3.5-9B,aime2026,intermediate_error,Qwen3.5-9B|aime2026|AIME2026/7|g7,0
R1-distill,Qwen3.5-9B,aime2026,intermediate_error,Qwen3.5-9B|aime2026|AIME2026/9|g11,1
R1-distill,Qwen3.5-9B,aime2026,intermediate_error,Qwen3.5-9B|aime2026|AIME2026/9|g14,1
R1-distill,Qwen3.5-9B,aime2026,intermediate_error,Qwen3.5-9B|aime2026|AIME2026/9|g59,1
R1-distill,Qwen3.5-9B,aime2026,truncated,Qwen3.5-9B|aime2026|AIME2026/10|g13,0
R1-distill,Qwen3.5-9B,aime2026,truncated,Qwen3.5-9B|aime2026|AIME2026/12|g10,1
R1-distill,Qwen3.5-9B,aime2026,truncated,Qwen3.5-9B|aime2026|AIME2026/12|g43,1
R1-distill,Qwen3.5-9B,aime2026,truncated,Qwen3.5-9B|aime2026|AIME2026/12|g61,1
R1-distill,Qwen3.5-9B,aime2026,truncated,Qwen3.5-9B|aime2026|AIME2026/13|g13,1
R1-distill,Qwen3.5-9B,aime2026,truncated,Qwen3.5-9B|aime2026|AIME2026/13|g36,1
R1-distill,Qwen3.5-9B,aime2026,truncated,Qwen3.5-9B|aime2026|AIME2026/14|g19,0
R1-distill,Qwen3.5-9B,aime2026,truncated,Qwen3.5-9B|aime2026|AIME2026/14|g5,1
R1-distill,Qwen3.5-9B,aime2026,truncated,Qwen3.5-9B|aime2026|AIME2026/14|g8,1
R1-distill,Qwen3.5-9B,aime2026,truncated,Qwen3.5-9B|aime2026|AIME2026/16|g33,1
R1-distill,Qwen3.5-9B,aime2026,truncated,Qwen3.5-9B|aime2026|AIME2026/16|g34,1
R1-distill,Qwen3.5-9B,aime2026,truncated,Qwen3.5-9B|aime2026|AIME2026/16|g40,1
R1-distill,Qwen3.5-9B,aime2026,truncated,Qwen3.5-9B|aime2026|AIME2026/16|g43,1
R1-distill,Qwen3.5-9B,aime2026,truncated,Qwen3.5-9B|aime2026|AIME2026/16|g51,1
R1-distill,Qwen3.5-9B,aime2026,truncated,Qwen3.5-9B|aime2026|AIME2026/17|g2,1
R1-distill,Qwen3.5-9B,aime2026,truncated,Qwen3.5-9B|aime2026|AIME2026/17|g50,1
R1-distill,Qwen3.5-9B,aime2026,truncated,Qwen3.5-9B|aime2026|AIME2026/18|g49,1
R1-distill,Qwen3.5-9B,aime2026,truncated,Qwen3.5-9B|aime2026|AIME2026/19|g0,1
R1-distill,Qwen3.5-9B,aime2026,truncated,Qwen3.5-9B|aime2026|AIME2026/19|g22,1
R1-distill,Qwen3.5-9B,aime2026,truncated,Qwen3.5-9B|aime2026|AIME2026/19|g51,1
R1-distill,Qwen3.5-9B,aime2026,truncated,Qwen3.5-9B|aime2026|AIME2026/1|g19,0
R1-distill,Qwen3.5-9B,aime2026,truncated,Qwen3.5-9B|aime2026|AIME2026/1|g26,0
R1-distill,Qwen3.5-9B,aime2026,truncated,Qwen3.5-9B|aime2026|AIME2026/1|g31,1
R1-distill,Qwen3.5-9B,aime2026,truncated,Qwen3.5-9B|aime2026|AIME2026/1|g49,1
R1-distill,Qwen3.5-9B,aime2026,truncated,Qwen3.5-9B|aime2026|AIME2026/20|g36,1
R1-distill,Qwen3.5-9B,aime2026,truncated,Qwen3.5-9B|aime2026|AIME2026/20|g38,1
R1-distill,Qwen3.5-9B,aime2026,truncated,Qwen3.5-9B|aime2026|AIME2026/20|g44,1
R1-distill,Qwen3.5-9B,aime2026,truncated,Qwen3.5-9B|aime2026|AIME2026/21|g62,1
R1-distill,Qwen3.5-9B,aime2026,truncated,Qwen3.5-9B|aime2026|AIME2026/22|g14,1
R1-distill,Qwen3.5-9B,aime2026,truncated,Qwen3.5-9B|aime2026|AIME2026/22|g3,1
R1-distill,Qwen3.5-9B,aime2026,truncated,Qwen3.5-9B|aime2026|AIME2026/23|g12,1
R1-distill,Qwen3.5-9B,aime2026,truncated,Qwen3.5-9B|aime2026|AIME2026/24|g14,1
R1-distill,Qwen3.5-9B,aime2026,truncated,Qwen3.5-9B|aime2026|AIME2026/24|g48,1
R1-distill,Qwen3.5-9B,aime2026,truncated,Qwen3.5-9B|aime2026|AIME2026/24|g5,1
R1-distill,Qwen3.5-9B,aime2026,truncated,Qwen3.5-9B|aime2026|AIME2026/25|g21,1
R1-distill,Qwen3.5-9B,aime2026,truncated,Qwen3.5-9B|aime2026|AIME2026/25|g51,1
R1-distill,Qwen3.5-9B,aime2026,truncated,Qwen3.5-9B|aime2026|AIME2026/25|g63,1
R1-distill,Qwen3.5-9B,aime2026,truncated,Qwen3.5-9B|aime2026|AIME2026/26|g28,1
R1-distill,Qwen3.5-9B,aime2026,truncated,Qwen3.5-9B|aime2026|AIME2026/26|g55,0
R1-distill,Qwen3.5-9B,aime2026,truncated,Qwen3.5-9B|aime2026|AIME2026/27|g45,1
R1-distill,Qwen3.5-9B,aime2026,truncated,Qwen3.5-9B|aime2026|AIME2026/28|g16,0
R1-distill,Qwen3.5-9B,aime2026,truncated,Qwen3.5-9B|aime2026|AIME2026/28|g45,0
R1-distill,Qwen3.5-9B,aime2026,truncated,Qwen3.5-9B|aime2026|AIME2026/28|g51,0
R1-distill,Qwen3.5-9B,aime2026,truncated,Qwen3.5-9B|aime2026|AIME2026/28|g9,1
R1-distill,Qwen3.5-9B,aime2026,truncated,Qwen3.5-9B|aime2026|AIME2026/29|g21,1
R1-distill,Qwen3.5-9B,aime2026,truncated,Qwen3.5-9B|aime2026|AIME2026/29|g28,0
R1-distill,Qwen3.5-9B,aime2026,truncated,Qwen3.5-9B|aime2026|AIME2026/29|g35,0
R1-distill,Qwen3.5-9B,aime2026,truncated,Qwen3.5-9B|aime2026|AIME2026/29|g60,0
R1-distill,Qwen3.5-9B,aime2026,truncated,Qwen3.5-9B|aime2026|AIME2026/2|g29,1
R1-distill,Qwen3.5-9B,aime2026,truncated,Qwen3.5-9B|aime2026|AIME2026/2|g45,1
R1-distill,Qwen3.5-9B,aime2026,truncated,Qwen3.5-9B|aime2026|AIME2026/2|g47,1
R1-distill,Qwen3.5-9B,aime2026,truncated,Qwen3.5-9B|aime2026|AIME2026/30|g16,1
R1-distill,Qwen3.5-9B,aime2026,truncated,Qwen3.5-9B|aime2026|AIME2026/30|g28,1
R1-distill,Qwen3.5-9B,aime2026,truncated,Qwen3.5-9B|aime2026|AIME2026/30|g35,1
R1-distill,Qwen3.5-9B,aime2026,truncated,Qwen3.5-9B|aime2026|AIME2026/3|g15,1
R1-distill,Qwen3.5-9B,aime2026,truncated,Qwen3.5-9B|aime2026|AIME2026/3|g21,1
R1-distill,Qwen3.5-9B,aime2026,truncated,Qwen3.5-9B|aime2026|AIME2026/3|g35,1
R1-distill,Qwen3.5-9B,aime2026,truncated,Qwen3.5-9B|aime2026|AIME2026/3|g50,1
R1-distill,Qwen3.5-9B,aime2026,truncated,Qwen3.5-9B|aime2026|AIME2026/4|g12,1
R1-distill,Qwen3.5-9B,aime2026,truncated,Qwen3.5-9B|aime2026|AIME2026/4|g32,1
R1-distill,Qwen3.5-9B,aime2026,truncated,Qwen3.5-9B|aime2026|AIME2026/4|g33,1
R1-distill,Qwen3.5-9B,aime2026,truncated,Qwen3.5-9B|aime2026|AIME2026/4|g58,1
R1-distill,Qwen3.5-9B,aime2026,truncated,Qwen3.5-9B|aime2026|AIME2026/5|g21,1
R1-distill,Qwen3.5-9B,aime2026,truncated,Qwen3.5-9B|aime2026|AIME2026/6|g11,1
R1-distill,Qwen3.5-9B,aime2026,truncated,Qwen3.5-9B|aime2026|AIME2026/6|g17,1
R1-distill,Qwen3.5-9B,aime2026,truncated,Qwen3.5-9B|aime2026|AIME2026/6|g35,1
R1-distill,Qwen3.5-9B,aime2026,truncated,Qwen3.5-9B|aime2026|AIME2026/7|g24,1
R1-distill,Qwen3.5-9B,aime2026,truncated,Qwen3.5-9B|aime2026|AIME2026/7|g39,1
R1-distill,Qwen3.5-9B,aime2026,truncated,Qwen3.5-9B|aime2026|AIME2026/7|g7,1
R1-distill,Qwen3.5-9B,aime2026,truncated,Qwen3.5-9B|aime2026|AIME2026/9|g11,0
R1-distill,Qwen3.5-9B,aime2026,truncated,Qwen3.5-9B|aime2026|AIME2026/9|g14,0
R1-distill,Qwen3.5-9B,aime2026,truncated,Qwen3.5-9B|aime2026|AIME2026/9|g59,1
R1-distill,Qwen3.5-9B,aime2026_pt,boxed_only,Qwen3.5-9B|aime2026_pt|AIME2026-PT/10|g58,0
R1-distill,Qwen3.5-9B,aime2026_pt,boxed_only,Qwen3.5-9B|aime2026_pt|AIME2026-PT/12|g24,0
R1-distill,Qwen3.5-9B,aime2026_pt,boxed_only,Qwen3.5-9B|aime2026_pt|AIME2026-PT/12|g29,1
R1-distill,Qwen3.5-9B,aime2026_pt,boxed_only,Qwen3.5-9B|aime2026_pt|AIME2026-PT/12|g57,1
R1-distill,Qwen3.5-9B,aime2026_pt,boxed_only,Qwen3.5-9B|aime2026_pt|AIME2026-PT/13|g29,0
R1-distill,Qwen3.5-9B,aime2026_pt,boxed_only,Qwen3.5-9B|aime2026_pt|AIME2026-PT/14|g4,1
R1-distill,Qwen3.5-9B,aime2026_pt,boxed_only,Qwen3.5-9B|aime2026_pt|AIME2026-PT/14|g43,1
R1-distill,Qwen3.5-9B,aime2026_pt,boxed_only,Qwen3.5-9B|aime2026_pt|AIME2026-PT/14|g44,1
R1-distill,Qwen3.5-9B,aime2026_pt,boxed_only,Qwen3.5-9B|aime2026_pt|AIME2026-PT/14|g55,1
R1-distill,Qwen3.5-9B,aime2026_pt,boxed_only,Qwen3.5-9B|aime2026_pt|AIME2026-PT/16|g1,1
R1-distill,Qwen3.5-9B,aime2026_pt,boxed_only,Qwen3.5-9B|aime2026_pt|AIME2026-PT/16|g17,0
R1-distill,Qwen3.5-9B,aime2026_pt,boxed_only,Qwen3.5-9B|aime2026_pt|AIME2026-PT/16|g18,0
R1-distill,Qwen3.5-9B,aime2026_pt,boxed_only,Qwen3.5-9B|aime2026_pt|AIME2026-PT/16|g47,1
R1-distill,Qwen3.5-9B,aime2026_pt,boxed_only,Qwen3.5-9B|aime2026_pt|AIME2026-PT/17|g12,1
R1-distill,Qwen3.5-9B,aime2026_pt,boxed_only,Qwen3.5-9B|aime2026_pt|AIME2026-PT/17|g18,1
R1-distill,Qwen3.5-9B,aime2026_pt,boxed_only,Qwen3.5-9B|aime2026_pt|AIME2026-PT/17|g36,1
R1-distill,Qwen3.5-9B,aime2026_pt,boxed_only,Qwen3.5-9B|aime2026_pt|AIME2026-PT/17|g52,0
R1-distill,Qwen3.5-9B,aime2026_pt,boxed_only,Qwen3.5-9B|aime2026_pt|AIME2026-PT/18|g43,1
R1-distill,Qwen3.5-9B,aime2026_pt,boxed_only,Qwen3.5-9B|aime2026_pt|AIME2026-PT/18|g58,0
R1-distill,Qwen3.5-9B,aime2026_pt,boxed_only,Qwen3.5-9B|aime2026_pt|AIME2026-PT/19|g26,0
R1-distill,Qwen3.5-9B,aime2026_pt,boxed_only,Qwen3.5-9B|aime2026_pt|AIME2026-PT/19|g3,0
R1-distill,Qwen3.5-9B,aime2026_pt,boxed_only,Qwen3.5-9B|aime2026_pt|AIME2026-PT/19|g56,0
R1-distill,Qwen3.5-9B,aime2026_pt,boxed_only,Qwen3.5-9B|aime2026_pt|AIME2026-PT/1|g36,1
R1-distill,Qwen3.5-9B,aime2026_pt,boxed_only,Qwen3.5-9B|aime2026_pt|AIME2026-PT/1|g59,1
R1-distill,Qwen3.5-9B,aime2026_pt,boxed_only,Qwen3.5-9B|aime2026_pt|AIME2026-PT/1|g7,1
R1-distill,Qwen3.5-9B,aime2026_pt,boxed_only,Qwen3.5-9B|aime2026_pt|AIME2026-PT/20|g4,1
R1-distill,Qwen3.5-9B,aime2026_pt,boxed_only,Qwen3.5-9B|aime2026_pt|AIME2026-PT/20|g48,1
R1-distill,Qwen3.5-9B,aime2026_pt,boxed_only,Qwen3.5-9B|aime2026_pt|AIME2026-PT/20|g49,1
R1-distill,Qwen3.5-9B,aime2026_pt,boxed_only,Qwen3.5-9B|aime2026_pt|AIME2026-PT/20|g53,1
R1-distill,Qwen3.5-9B,aime2026_pt,boxed_only,Qwen3.5-9B|aime2026_pt|AIME2026-PT/21|g42,1
R1-distill,Qwen3.5-9B,aime2026_pt,boxed_only,Qwen3.5-9B|aime2026_pt|AIME2026-PT/21|g8,1
R1-distill,Qwen3.5-9B,aime2026_pt,boxed_only,Qwen3.5-9B|aime2026_pt|AIME2026-PT/22|g40,0
R1-distill,Qwen3.5-9B,aime2026_pt,boxed_only,Qwen3.5-9B|aime2026_pt|AIME2026-PT/22|g58,1
R1-distill,Qwen3.5-9B,aime2026_pt,boxed_only,Qwen3.5-9B|aime2026_pt|AIME2026-PT/23|g2,1
R1-distill,Qwen3.5-9B,aime2026_pt,boxed_only,Qwen3.5-9B|aime2026_pt|AIME2026-PT/24|g15,0
R1-distill,Qwen3.5-9B,aime2026_pt,boxed_only,Qwen3.5-9B|aime2026_pt|AIME2026-PT/24|g41,0
R1-distill,Qwen3.5-9B,aime2026_pt,boxed_only,Qwen3.5-9B|aime2026_pt|AIME2026-PT/24|g44,0
R1-distill,Qwen3.5-9B,aime2026_pt,boxed_only,Qwen3.5-9B|aime2026_pt|AIME2026-PT/24|g62,1
R1-distill,Qwen3.5-9B,aime2026_pt,boxed_only,Qwen3.5-9B|aime2026_pt|AIME2026-PT/25|g24,1
R1-distill,Qwen3.5-9B,aime2026_pt,boxed_only,Qwen3.5-9B|aime2026_pt|AIME2026-PT/25|g28,1
R1-distill,Qwen3.5-9B,aime2026_pt,boxed_only,Qwen3.5-9B|aime2026_pt|AIME2026-PT/25|g44,1
R1-distill,Qwen3.5-9B,aime2026_pt,boxed_only,Qwen3.5-9B|aime2026_pt|AIME2026-PT/26|g17,0
R1-distill,Qwen3.5-9B,aime2026_pt,boxed_only,Qwen3.5-9B|aime2026_pt|AIME2026-PT/26|g20,1
R1-distill,Qwen3.5-9B,aime2026_pt,boxed_only,Qwen3.5-9B|aime2026_pt|AIME2026-PT/26|g22,1
R1-distill,Qwen3.5-9B,aime2026_pt,boxed_only,Qwen3.5-9B|aime2026_pt|AIME2026-PT/26|g27,1
R1-distill,Qwen3.5-9B,aime2026_pt,boxed_only,Qwen3.5-9B|aime2026_pt|AIME2026-PT/27|g11,1
R1-distill,Qwen3.5-9B,aime2026_pt,boxed_only,Qwen3.5-9B|aime2026_pt|AIME2026-PT/27|g19,1
R1-distill,Qwen3.5-9B,aime2026_pt,boxed_only,Qwen3.5-9B|aime2026_pt|AIME2026-PT/27|g20,0
R1-distill,Qwen3.5-9B,aime2026_pt,boxed_only,Qwen3.5-9B|aime2026_pt|AIME2026-PT/27|g3,1
R1-distill,Qwen3.5-9B,aime2026_pt,boxed_only,Qwen3.5-9B|aime2026_pt|AIME2026-PT/27|g41,0
R1-distill,Qwen3.5-9B,aime2026_pt,boxed_only,Qwen3.5-9B|aime2026_pt|AIME2026-PT/28|g42,0
R1-distill,Qwen3.5-9B,aime2026_pt,boxed_only,Qwen3.5-9B|aime2026_pt|AIME2026-PT/28|g61,1
R1-distill,Qwen3.5-9B,aime2026_pt,boxed_only,Qwen3.5-9B|aime2026_pt|AIME2026-PT/29|g17,0
R1-distill,Qwen3.5-9B,aime2026_pt,boxed_only,Qwen3.5-9B|aime2026_pt|AIME2026-PT/29|g36,0
R1-distill,Qwen3.5-9B,aime2026_pt,boxed_only,Qwen3.5-9B|aime2026_pt|AIME2026-PT/2|g53,1
R1-distill,Qwen3.5-9B,aime2026_pt,boxed_only,Qwen3.5-9B|aime2026_pt|AIME2026-PT/2|g7,1
R1-distill,Qwen3.5-9B,aime2026_pt,boxed_only,Qwen3.5-9B|aime2026_pt|AIME2026-PT/3|g19,1
R1-distill,Qwen3.5-9B,aime2026_pt,boxed_only,Qwen3.5-9B|aime2026_pt|AIME2026-PT/3|g2,1
R1-distill,Qwen3.5-9B,aime2026_pt,boxed_only,Qwen3.5-9B|aime2026_pt|AIME2026-PT/3|g23,1
R1-distill,Qwen3.5-9B,aime2026_pt,boxed_only,Qwen3.5-9B|aime2026_pt|AIME2026-PT/3|g6,1
R1-distill,Qwen3.5-9B,aime2026_pt,boxed_only,Qwen3.5-9B|aime2026_pt|AIME2026-PT/4|g3,1
R1-distill,Qwen3.5-9B,aime2026_pt,boxed_only,Qwen3.5-9B|aime2026_pt|AIME2026-PT/4|g43,1
R1-distill,Qwen3.5-9B,aime2026_pt,boxed_only,Qwen3.5-9B|aime2026_pt|AIME2026-PT/4|g45,1
R1-distill,Qwen3.5-9B,aime2026_pt,boxed_only,Qwen3.5-9B|aime2026_pt|AIME2026-PT/5|g18,1
R1-distill,Qwen3.5-9B,aime2026_pt,boxed_only,Qwen3.5-9B|aime2026_pt|AIME2026-PT/5|g24,1
R1-distill,Qwen3.5-9B,aime2026_pt,boxed_only,Qwen3.5-9B|aime2026_pt|AIME2026-PT/6|g13,1
R1-distill,Qwen3.5-9B,aime2026_pt,boxed_only,Qwen3.5-9B|aime2026_pt|AIME2026-PT/6|g17,1
R1-distill,Qwen3.5-9B,aime2026_pt,boxed_only,Qwen3.5-9B|aime2026_pt|AIME2026-PT/7|g38,0
R1-distill,Qwen3.5-9B,aime2026_pt,boxed_only,Qwen3.5-9B|aime2026_pt|AIME2026-PT/7|g48,0
R1-distill,Qwen3.5-9B,aime2026_pt,boxed_only,Qwen3.5-9B|aime2026_pt|AIME2026-PT/7|g49,0
R1-distill,Qwen3.5-9B,aime2026_pt,boxed_only,Qwen3.5-9B|aime2026_pt|AIME2026-PT/9|g60,1
R1-distill,Qwen3.5-9B,aime2026_pt,boxed_only,Qwen3.5-9B|aime2026_pt|AIME2026-PT/9|g9,1
R1-distill,Qwen3.5-9B,aime2026_pt,clean,Qwen3.5-9B|aime2026_pt|AIME2026-PT/10|g58,1
R1-distill,Qwen3.5-9B,aime2026_pt,clean,Qwen3.5-9B|aime2026_pt|AIME2026-PT/12|g24,1
R1-distill,Qwen3.5-9B,aime2026_pt,clean,Qwen3.5-9B|aime2026_pt|AIME2026-PT/12|g29,1
R1-distill,Qwen3.5-9B,aime2026_pt,clean,Qwen3.5-9B|aime2026_pt|AIME2026-PT/12|g57,1
R1-distill,Qwen3.5-9B,aime2026_pt,clean,Qwen3.5-9B|aime2026_pt|AIME2026-PT/13|g29,1
R1-distill,Qwen3.5-9B,aime2026_pt,clean,Qwen3.5-9B|aime2026_pt|AIME2026-PT/14|g4,1
R1-distill,Qwen3.5-9B,aime2026_pt,clean,Qwen3.5-9B|aime2026_pt|AIME2026-PT/14|g43,1
R1-distill,Qwen3.5-9B,aime2026_pt,clean,Qwen3.5-9B|aime2026_pt|AIME2026-PT/14|g44,1
R1-distill,Qwen3.5-9B,aime2026_pt,clean,Qwen3.5-9B|aime2026_pt|AIME2026-PT/14|g55,0
R1-distill,Qwen3.5-9B,aime2026_pt,clean,Qwen3.5-9B|aime2026_pt|AIME2026-PT/16|g1,1
R1-distill,Qwen3.5-9B,aime2026_pt,clean,Qwen3.5-9B|aime2026_pt|AIME2026-PT/16|g17,1
R1-distill,Qwen3.5-9B,aime2026_pt,clean,Qwen3.5-9B|aime2026_pt|AIME2026-PT/16|g18,1
R1-distill,Qwen3.5-9B,aime2026_pt,clean,Qwen3.5-9B|aime2026_pt|AIME2026-PT/16|g47,1
R1-distill,Qwen3.5-9B,aime2026_pt,clean,Qwen3.5-9B|aime2026_pt|AIME2026-PT/17|g12,1
R1-distill,Qwen3.5-9B,aime2026_pt,clean,Qwen3.5-9B|aime2026_pt|AIME2026-PT/17|g18,1
R1-distill,Qwen3.5-9B,aime2026_pt,clean,Qwen3.5-9B|aime2026_pt|AIME2026-PT/17|g36,1
R1-distill,Qwen3.5-9B,aime2026_pt,clean,Qwen3.5-9B|aime2026_pt|AIME2026-PT/17|g52,0
R1-distill,Qwen3.5-9B,aime2026_pt,clean,Qwen3.5-9B|aime2026_pt|AIME2026-PT/18|g43,1
R1-distill,Qwen3.5-9B,aime2026_pt,clean,Qwen3.5-9B|aime2026_pt|AIME2026-PT/18|g58,1
R1-distill,Qwen3.5-9B,aime2026_pt,clean,Qwen3.5-9B|aime2026_pt|AIME2026-PT/19|g26,1
R1-distill,Qwen3.5-9B,aime2026_pt,clean,Qwen3.5-9B|aime2026_pt|AIME2026-PT/19|g3,1
R1-distill,Qwen3.5-9B,aime2026_pt,clean,Qwen3.5-9B|aime2026_pt|AIME2026-PT/19|g56,1
R1-distill,Qwen3.5-9B,aime2026_pt,clean,Qwen3.5-9B|aime2026_pt|AIME2026-PT/1|g36,0
R1-distill,Qwen3.5-9B,aime2026_pt,clean,Qwen3.5-9B|aime2026_pt|AIME2026-PT/1|g59,1
R1-distill,Qwen3.5-9B,aime2026_pt,clean,Qwen3.5-9B|aime2026_pt|AIME2026-PT/1|g7,1
R1-distill,Qwen3.5-9B,aime2026_pt,clean,Qwen3.5-9B|aime2026_pt|AIME2026-PT/20|g4,1
R1-distill,Qwen3.5-9B,aime2026_pt,clean,Qwen3.5-9B|aime2026_pt|AIME2026-PT/20|g48,0
R1-distill,Qwen3.5-9B,aime2026_pt,clean,Qwen3.5-9B|aime2026_pt|AIME2026-PT/20|g49,1
R1-distill,Qwen3.5-9B,aime2026_pt,clean,Qwen3.5-9B|aime2026_pt|AIME2026-PT/20|g53,1
R1-distill,Qwen3.5-9B,aime2026_pt,clean,Qwen3.5-9B|aime2026_pt|AIME2026-PT/21|g42,1
R1-distill,Qwen3.5-9B,aime2026_pt,clean,Qwen3.5-9B|aime2026_pt|AIME2026-PT/21|g8,1
R1-distill,Qwen3.5-9B,aime2026_pt,clean,Qwen3.5-9B|aime2026_pt|AIME2026-PT/22|g40,1
R1-distill,Qwen3.5-9B,aime2026_pt,clean,Qwen3.5-9B|aime2026_pt|AIME2026-PT/22|g58,1
R1-distill,Qwen3.5-9B,aime2026_pt,clean,Qwen3.5-9B|aime2026_pt|AIME2026-PT/23|g2,1
R1-distill,Qwen3.5-9B,aime2026_pt,clean,Qwen3.5-9B|aime2026_pt|AIME2026-PT/24|g15,1
R1-distill,Qwen3.5-9B,aime2026_pt,clean,Qwen3.5-9B|aime2026_pt|AIME2026-PT/24|g41,1
R1-distill,Qwen3.5-9B,aime2026_pt,clean,Qwen3.5-9B|aime2026_pt|AIME2026-PT/24|g44,1
R1-distill,Qwen3.5-9B,aime2026_pt,clean,Qwen3.5-9B|aime2026_pt|AIME2026-PT/24|g62,1
R1-distill,Qwen3.5-9B,aime2026_pt,clean,Qwen3.5-9B|aime2026_pt|AIME2026-PT/25|g24,1
R1-distill,Qwen3.5-9B,aime2026_pt,clean,Qwen3.5-9B|aime2026_pt|AIME2026-PT/25|g28,1
R1-distill,Qwen3.5-9B,aime2026_pt,clean,Qwen3.5-9B|aime2026_pt|AIME2026-PT/25|g44,1
R1-distill,Qwen3.5-9B,aime2026_pt,clean,Qwen3.5-9B|aime2026_pt|AIME2026-PT/26|g17,1
R1-distill,Qwen3.5-9B,aime2026_pt,clean,Qwen3.5-9B|aime2026_pt|AIME2026-PT/26|g20,1
R1-distill,Qwen3.5-9B,aime2026_pt,clean,Qwen3.5-9B|aime2026_pt|AIME2026-PT/26|g22,1
R1-distill,Qwen3.5-9B,aime2026_pt,clean,Qwen3.5-9B|aime2026_pt|AIME2026-PT/26|g27,1
R1-distill,Qwen3.5-9B,aime2026_pt,clean,Qwen3.5-9B|aime2026_pt|AIME2026-PT/27|g11,1
R1-distill,Qwen3.5-9B,aime2026_pt,clean,Qwen3.5-9B|aime2026_pt|AIME2026-PT/27|g19,1
R1-distill,Qwen3.5-9B,aime2026_pt,clean,Qwen3.5-9B|aime2026_pt|AIME2026-PT/27|g20,0
R1-distill,Qwen3.5-9B,aime2026_pt,clean,Qwen3.5-9B|aime2026_pt|AIME2026-PT/27|g3,1
R1-distill,Qwen3.5-9B,aime2026_pt,clean,Qwen3.5-9B|aime2026_pt|AIME2026-PT/27|g41,1
R1-distill,Qwen3.5-9B,aime2026_pt,clean,Qwen3.5-9B|aime2026_pt|AIME2026-PT/28|g42,1
R1-distill,Qwen3.5-9B,aime2026_pt,clean,Qwen3.5-9B|aime2026_pt|AIME2026-PT/28|g61,1
R1-distill,Qwen3.5-9B,aime2026_pt,clean,Qwen3.5-9B|aime2026_pt|AIME2026-PT/29|g17,1
R1-distill,Qwen3.5-9B,aime2026_pt,clean,Qwen3.5-9B|aime2026_pt|AIME2026-PT/29|g36,0
R1-distill,Qwen3.5-9B,aime2026_pt,clean,Qwen3.5-9B|aime2026_pt|AIME2026-PT/2|g53,1
R1-distill,Qwen3.5-9B,aime2026_pt,clean,Qwen3.5-9B|aime2026_pt|AIME2026-PT/2|g7,1
R1-distill,Qwen3.5-9B,aime2026_pt,clean,Qwen3.5-9B|aime2026_pt|AIME2026-PT/3|g19,1
R1-distill,Qwen3.5-9B,aime2026_pt,clean,Qwen3.5-9B|aime2026_pt|AIME2026-PT/3|g2,1
R1-distill,Qwen3.5-9B,aime2026_pt,clean,Qwen3.5-9B|aime2026_pt|AIME2026-PT/3|g23,1
R1-distill,Qwen3.5-9B,aime2026_pt,clean,Qwen3.5-9B|aime2026_pt|AIME2026-PT/3|g6,1
R1-distill,Qwen3.5-9B,aime2026_pt,clean,Qwen3.5-9B|aime2026_pt|AIME2026-PT/4|g3,1
R1-distill,Qwen3.5-9B,aime2026_pt,clean,Qwen3.5-9B|aime2026_pt|AIME2026-PT/4|g43,1
R1-distill,Qwen3.5-9B,aime2026_pt,clean,Qwen3.5-9B|aime2026_pt|AIME2026-PT/4|g45,1
R1-distill,Qwen3.5-9B,aime2026_pt,clean,Qwen3.5-9B|aime2026_pt|AIME2026-PT/5|g18,1
R1-distill,Qwen3.5-9B,aime2026_pt,clean,Qwen3.5-9B|aime2026_pt|AIME2026-PT/5|g24,1
R1-distill,Qwen3.5-9B,aime2026_pt,clean,Qwen3.5-9B|aime2026_pt|AIME2026-PT/6|g13,1
R1-distill,Qwen3.5-9B,aime2026_pt,clean,Qwen3.5-9B|aime2026_pt|AIME2026-PT/6|g17,1
R1-distill,Qwen3.5-9B,aime2026_pt,clean,Qwen3.5-9B|aime2026_pt|AIME2026-PT/7|g38,1
R1-distill,Qwen3.5-9B,aime2026_pt,clean,Qwen3.5-9B|aime2026_pt|AIME2026-PT/7|g48,1
R1-distill,Qwen3.5-9B,aime2026_pt,clean,Qwen3.5-9B|aime2026_pt|AIME2026-PT/7|g49,1
R1-distill,Qwen3.5-9B,aime2026_pt,clean,Qwen3.5-9B|aime2026_pt|AIME2026-PT/9|g60,1
R1-distill,Qwen3.5-9B,aime2026_pt,clean,Qwen3.5-9B|aime2026_pt|AIME2026-PT/9|g9,1
R1-distill,Qwen3.5-9B,aime2026_pt,consistent_error,Qwen3.5-9B|aime2026_pt|AIME2026-PT/10|g58,1
R1-distill,Qwen3.5-9B,aime2026_pt,consistent_error,Qwen3.5-9B|aime2026_pt|AIME2026-PT/12|g24,1
R1-distill,Qwen3.5-9B,aime2026_pt,consistent_error,Qwen3.5-9B|aime2026_pt|AIME2026-PT/12|g29,1
R1-distill,Qwen3.5-9B,aime2026_pt,consistent_error,Qwen3.5-9B|aime2026_pt|AIME2026-PT/12|g57,1
R1-distill,Qwen3.5-9B,aime2026_pt,consistent_error,Qwen3.5-9B|aime2026_pt|AIME2026-PT/13|g29,1
R1-distill,Qwen3.5-9B,aime2026_pt,consistent_error,Qwen3.5-9B|aime2026_pt|AIME2026-PT/14|g4,1
R1-distill,Qwen3.5-9B,aime2026_pt,consistent_error,Qwen3.5-9B|aime2026_pt|AIME2026-PT/14|g43,1
R1-distill,Qwen3.5-9B,aime2026_pt,consistent_error,Qwen3.5-9B|aime2026_pt|AIME2026-PT/14|g44,1
R1-distill,Qwen3.5-9B,aime2026_pt,consistent_error,Qwen3.5-9B|aime2026_pt|AIME2026-PT/14|g55,1
R1-distill,Qwen3.5-9B,aime2026_pt,consistent_error,Qwen3.5-9B|aime2026_pt|AIME2026-PT/16|g1,1
R1-distill,Qwen3.5-9B,aime2026_pt,consistent_error,Qwen3.5-9B|aime2026_pt|AIME2026-PT/16|g17,0
R1-distill,Qwen3.5-9B,aime2026_pt,consistent_error,Qwen3.5-9B|aime2026_pt|AIME2026-PT/16|g18,1
R1-distill,Qwen3.5-9B,aime2026_pt,consistent_error,Qwen3.5-9B|aime2026_pt|AIME2026-PT/16|g47,0
R1-distill,Qwen3.5-9B,aime2026_pt,consistent_error,Qwen3.5-9B|aime2026_pt|AIME2026-PT/17|g12,0
R1-distill,Qwen3.5-9B,aime2026_pt,consistent_error,Qwen3.5-9B|aime2026_pt|AIME2026-PT/17|g18,1
R1-distill,Qwen3.5-9B,aime2026_pt,consistent_error,Qwen3.5-9B|aime2026_pt|AIME2026-PT/17|g36,0
R1-distill,Qwen3.5-9B,aime2026_pt,consistent_error,Qwen3.5-9B|aime2026_pt|AIME2026-PT/17|g52,0
R1-distill,Qwen3.5-9B,aime2026_pt,consistent_error,Qwen3.5-9B|aime2026_pt|AIME2026-PT/18|g43,1
R1-distill,Qwen3.5-9B,aime2026_pt,consistent_error,Qwen3.5-9B|aime2026_pt|AIME2026-PT/18|g58,1
R1-distill,Qwen3.5-9B,aime2026_pt,consistent_error,Qwen3.5-9B|aime2026_pt|AIME2026-PT/19|g26,1
R1-distill,Qwen3.5-9B,aime2026_pt,consistent_error,Qwen3.5-9B|aime2026_pt|AIME2026-PT/19|g3,1
R1-distill,Qwen3.5-9B,aime2026_pt,consistent_error,Qwen3.5-9B|aime2026_pt|AIME2026-PT/19|g56,0
R1-distill,Qwen3.5-9B,aime2026_pt,consistent_error,Qwen3.5-9B|aime2026_pt|AIME2026-PT/1|g36,1
R1-distill,Qwen3.5-9B,aime2026_pt,consistent_error,Qwen3.5-9B|aime2026_pt|AIME2026-PT/1|g59,1
R1-distill,Qwen3.5-9B,aime2026_pt,consistent_error,Qwen3.5-9B|aime2026_pt|AIME2026-PT/1|g7,1
R1-distill,Qwen3.5-9B,aime2026_pt,consistent_error,Qwen3.5-9B|aime2026_pt|AIME2026-PT/20|g4,0
R1-distill,Qwen3.5-9B,aime2026_pt,consistent_error,Qwen3.5-9B|aime2026_pt|AIME2026-PT/20|g48,1
R1-distill,Qwen3.5-9B,aime2026_pt,consistent_error,Qwen3.5-9B|aime2026_pt|AIME2026-PT/20|g49,1
R1-distill,Qwen3.5-9B,aime2026_pt,consistent_error,Qwen3.5-9B|aime2026_pt|AIME2026-PT/20|g53,1
R1-distill,Qwen3.5-9B,aime2026_pt,consistent_error,Qwen3.5-9B|aime2026_pt|AIME2026-PT/21|g42,1
R1-distill,Qwen3.5-9B,aime2026_pt,consistent_error,Qwen3.5-9B|aime2026_pt|AIME2026-PT/21|g8,1
R1-distill,Qwen3.5-9B,aime2026_pt,consistent_error,Qwen3.5-9B|aime2026_pt|AIME2026-PT/22|g40,1
R1-distill,Qwen3.5-9B,aime2026_pt,consistent_error,Qwen3.5-9B|aime2026_pt|AIME2026-PT/22|g58,1
R1-distill,Qwen3.5-9B,aime2026_pt,consistent_error,Qwen3.5-9B|aime2026_pt|AIME2026-PT/23|g2,0
R1-distill,Qwen3.5-9B,aime2026_pt,consistent_error,Qwen3.5-9B|aime2026_pt|AIME2026-PT/24|g15,1
R1-distill,Qwen3.5-9B,aime2026_pt,consistent_error,Qwen3.5-9B|aime2026_pt|AIME2026-PT/24|g41,0
R1-distill,Qwen3.5-9B,aime2026_pt,consistent_error,Qwen3.5-9B|aime2026_pt|AIME2026-PT/24|g44,0
R1-distill,Qwen3.5-9B,aime2026_pt,consistent_error,Qwen3.5-9B|aime2026_pt|AIME2026-PT/24|g62,1
R1-distill,Qwen3.5-9B,aime2026_pt,consistent_error,Qwen3.5-9B|aime2026_pt|AIME2026-PT/25|g24,0
R1-distill,Qwen3.5-9B,aime2026_pt,consistent_error,Qwen3.5-9B|aime2026_pt|AIME2026-PT/25|g28,1
R1-distill,Qwen3.5-9B,aime2026_pt,consistent_error,Qwen3.5-9B|aime2026_pt|AIME2026-PT/25|g44,0
R1-distill,Qwen3.5-9B,aime2026_pt,consistent_error,Qwen3.5-9B|aime2026_pt|AIME2026-PT/26|g17,0
R1-distill,Qwen3.5-9B,aime2026_pt,consistent_error,Qwen3.5-9B|aime2026_pt|AIME2026-PT/26|g20,0
R1-distill,Qwen3.5-9B,aime2026_pt,consistent_error,Qwen3.5-9B|aime2026_pt|AIME2026-PT/26|g22,1
R1-distill,Qwen3.5-9B,aime2026_pt,consistent_error,Qwen3.5-9B|aime2026_pt|AIME2026-PT/26|g27,1
R1-distill,Qwen3.5-9B,aime2026_pt,consistent_error,Qwen3.5-9B|aime2026_pt|AIME2026-PT/27|g11,1
R1-distill,Qwen3.5-9B,aime2026_pt,consistent_error,Qwen3.5-9B|aime2026_pt|AIME2026-PT/27|g19,1
R1-distill,Qwen3.5-9B,aime2026_pt,consistent_error,Qwen3.5-9B|aime2026_pt|AIME2026-PT/27|g20,1
R1-distill,Qwen3.5-9B,aime2026_pt,consistent_error,Qwen3.5-9B|aime2026_pt|AIME2026-PT/27|g3,1
R1-distill,Qwen3.5-9B,aime2026_pt,consistent_error,Qwen3.5-9B|aime2026_pt|AIME2026-PT/27|g41,1
R1-distill,Qwen3.5-9B,aime2026_pt,consistent_error,Qwen3.5-9B|aime2026_pt|AIME2026-PT/28|g42,1
R1-distill,Qwen3.5-9B,aime2026_pt,consistent_error,Qwen3.5-9B|aime2026_pt|AIME2026-PT/28|g61,1
R1-distill,Qwen3.5-9B,aime2026_pt,consistent_error,Qwen3.5-9B|aime2026_pt|AIME2026-PT/29|g17,1
R1-distill,Qwen3.5-9B,aime2026_pt,consistent_error,Qwen3.5-9B|aime2026_pt|AIME2026-PT/29|g36,1
R1-distill,Qwen3.5-9B,aime2026_pt,consistent_error,Qwen3.5-9B|aime2026_pt|AIME2026-PT/2|g53,0
R1-distill,Qwen3.5-9B,aime2026_pt,consistent_error,Qwen3.5-9B|aime2026_pt|AIME2026-PT/2|g7,1
R1-distill,Qwen3.5-9B,aime2026_pt,consistent_error,Qwen3.5-9B|aime2026_pt|AIME2026-PT/3|g19,1
R1-distill,Qwen3.5-9B,aime2026_pt,consistent_error,Qwen3.5-9B|aime2026_pt|AIME2026-PT/3|g2,1
R1-distill,Qwen3.5-9B,aime2026_pt,consistent_error,Qwen3.5-9B|aime2026_pt|AIME2026-PT/3|g23,1
R1-distill,Qwen3.5-9B,aime2026_pt,consistent_error,Qwen3.5-9B|aime2026_pt|AIME2026-PT/3|g6,1
R1-distill,Qwen3.5-9B,aime2026_pt,consistent_error,Qwen3.5-9B|aime2026_pt|AIME2026-PT/4|g3,1
R1-distill,Qwen3.5-9B,aime2026_pt,consistent_error,Qwen3.5-9B|aime2026_pt|AIME2026-PT/4|g43,0
R1-distill,Qwen3.5-9B,aime2026_pt,consistent_error,Qwen3.5-9B|aime2026_pt|AIME2026-PT/4|g45,1
R1-distill,Qwen3.5-9B,aime2026_pt,consistent_error,Qwen3.5-9B|aime2026_pt|AIME2026-PT/5|g18,1
R1-distill,Qwen3.5-9B,aime2026_pt,consistent_error,Qwen3.5-9B|aime2026_pt|AIME2026-PT/5|g24,1
R1-distill,Qwen3.5-9B,aime2026_pt,consistent_error,Qwen3.5-9B|aime2026_pt|AIME2026-PT/6|g13,1
R1-distill,Qwen3.5-9B,aime2026_pt,consistent_error,Qwen3.5-9B|aime2026_pt|AIME2026-PT/6|g17,1
R1-distill,Qwen3.5-9B,aime2026_pt,consistent_error,Qwen3.5-9B|aime2026_pt|AIME2026-PT/7|g38,1
R1-distill,Qwen3.5-9B,aime2026_pt,consistent_error,Qwen3.5-9B|aime2026_pt|AIME2026-PT/7|g48,0
R1-distill,Qwen3.5-9B,aime2026_pt,consistent_error,Qwen3.5-9B|aime2026_pt|AIME2026-PT/7|g49,1
R1-distill,Qwen3.5-9B,aime2026_pt,consistent_error,Qwen3.5-9B|aime2026_pt|AIME2026-PT/9|g60,1
R1-distill,Qwen3.5-9B,aime2026_pt,consistent_error,Qwen3.5-9B|aime2026_pt|AIME2026-PT/9|g9,0
R1-distill,Qwen3.5-9B,aime2026_pt,intermediate_error,Qwen3.5-9B|aime2026_pt|AIME2026-PT/10|g58,1
R1-distill,Qwen3.5-9B,aime2026_pt,intermediate_error,Qwen3.5-9B|aime2026_pt|AIME2026-PT/12|g24,1
R1-distill,Qwen3.5-9B,aime2026_pt,intermediate_error,Qwen3.5-9B|aime2026_pt|AIME2026-PT/12|g29,1
R1-distill,Qwen3.5-9B,aime2026_pt,intermediate_error,Qwen3.5-9B|aime2026_pt|AIME2026-PT/12|g57,1
R1-distill,Qwen3.5-9B,aime2026_pt,intermediate_error,Qwen3.5-9B|aime2026_pt|AIME2026-PT/13|g29,1
R1-distill,Qwen3.5-9B,aime2026_pt,intermediate_error,Qwen3.5-9B|aime2026_pt|AIME2026-PT/14|g4,1
R1-distill,Qwen3.5-9B,aime2026_pt,intermediate_error,Qwen3.5-9B|aime2026_pt|AIME2026-PT/14|g43,1
R1-distill,Qwen3.5-9B,aime2026_pt,intermediate_error,Qwen3.5-9B|aime2026_pt|AIME2026-PT/14|g44,1
R1-distill,Qwen3.5-9B,aime2026_pt,intermediate_error,Qwen3.5-9B|aime2026_pt|AIME2026-PT/14|g55,1
R1-distill,Qwen3.5-9B,aime2026_pt,intermediate_error,Qwen3.5-9B|aime2026_pt|AIME2026-PT/16|g1,1
R1-distill,Qwen3.5-9B,aime2026_pt,intermediate_error,Qwen3.5-9B|aime2026_pt|AIME2026-PT/16|g17,1
R1-distill,Qwen3.5-9B,aime2026_pt,intermediate_error,Qwen3.5-9B|aime2026_pt|AIME2026-PT/16|g18,0
R1-distill,Qwen3.5-9B,aime2026_pt,intermediate_error,Qwen3.5-9B|aime2026_pt|AIME2026-PT/16|g47,1
R1-distill,Qwen3.5-9B,aime2026_pt,intermediate_error,Qwen3.5-9B|aime2026_pt|AIME2026-PT/17|g12,1
R1-distill,Qwen3.5-9B,aime2026_pt,intermediate_error,Qwen3.5-9B|aime2026_pt|AIME2026-PT/17|g18,1
R1-distill,Qwen3.5-9B,aime2026_pt,intermediate_error,Qwen3.5-9B|aime2026_pt|AIME2026-PT/17|g36,1
R1-distill,Qwen3.5-9B,aime2026_pt,intermediate_error,Qwen3.5-9B|aime2026_pt|AIME2026-PT/17|g52,0
R1-distill,Qwen3.5-9B,aime2026_pt,intermediate_error,Qwen3.5-9B|aime2026_pt|AIME2026-PT/18|g43,1
R1-distill,Qwen3.5-9B,aime2026_pt,intermediate_error,Qwen3.5-9B|aime2026_pt|AIME2026-PT/18|g58,1
R1-distill,Qwen3.5-9B,aime2026_pt,intermediate_error,Qwen3.5-9B|aime2026_pt|AIME2026-PT/19|g26,1
R1-distill,Qwen3.5-9B,aime2026_pt,intermediate_error,Qwen3.5-9B|aime2026_pt|AIME2026-PT/19|g3,1
R1-distill,Qwen3.5-9B,aime2026_pt,intermediate_error,Qwen3.5-9B|aime2026_pt|AIME2026-PT/19|g56,1
R1-distill,Qwen3.5-9B,aime2026_pt,intermediate_error,Qwen3.5-9B|aime2026_pt|AIME2026-PT/1|g36,1
R1-distill,Qwen3.5-9B,aime2026_pt,intermediate_error,Qwen3.5-9B|aime2026_pt|AIME2026-PT/1|g59,1
R1-distill,Qwen3.5-9B,aime2026_pt,intermediate_error,Qwen3.5-9B|aime2026_pt|AIME2026-PT/1|g7,1
R1-distill,Qwen3.5-9B,aime2026_pt,intermediate_error,Qwen3.5-9B|aime2026_pt|AIME2026-PT/20|g4,1
R1-distill,Qwen3.5-9B,aime2026_pt,intermediate_error,Qwen3.5-9B|aime2026_pt|AIME2026-PT/20|g48,1
R1-distill,Qwen3.5-9B,aime2026_pt,intermediate_error,Qwen3.5-9B|aime2026_pt|AIME2026-PT/20|g49,1
R1-distill,Qwen3.5-9B,aime2026_pt,intermediate_error,Qwen3.5-9B|aime2026_pt|AIME2026-PT/20|g53,1
R1-distill,Qwen3.5-9B,aime2026_pt,intermediate_error,Qwen3.5-9B|aime2026_pt|AIME2026-PT/21|g42,1
R1-distill,Qwen3.5-9B,aime2026_pt,intermediate_error,Qwen3.5-9B|aime2026_pt|AIME2026-PT/21|g8,1
R1-distill,Qwen3.5-9B,aime2026_pt,intermediate_error,Qwen3.5-9B|aime2026_pt|AIME2026-PT/22|g40,1
R1-distill,Qwen3.5-9B,aime2026_pt,intermediate_error,Qwen3.5-9B|aime2026_pt|AIME2026-PT/22|g58,1
R1-distill,Qwen3.5-9B,aime2026_pt,intermediate_error,Qwen3.5-9B|aime2026_pt|AIME2026-PT/23|g2,1
R1-distill,Qwen3.5-9B,aime2026_pt,intermediate_error,Qwen3.5-9B|aime2026_pt|AIME2026-PT/24|g15,1
R1-distill,Qwen3.5-9B,aime2026_pt,intermediate_error,Qwen3.5-9B|aime2026_pt|AIME2026-PT/24|g41,1
R1-distill,Qwen3.5-9B,aime2026_pt,intermediate_error,Qwen3.5-9B|aime2026_pt|AIME2026-PT/24|g44,1
R1-distill,Qwen3.5-9B,aime2026_pt,intermediate_error,Qwen3.5-9B|aime2026_pt|AIME2026-PT/24|g62,1
R1-distill,Qwen3.5-9B,aime2026_pt,intermediate_error,Qwen3.5-9B|aime2026_pt|AIME2026-PT/25|g24,1
R1-distill,Qwen3.5-9B,aime2026_pt,intermediate_error,Qwen3.5-9B|aime2026_pt|AIME2026-PT/25|g28,1
R1-distill,Qwen3.5-9B,aime2026_pt,intermediate_error,Qwen3.5-9B|aime2026_pt|AIME2026-PT/25|g44,1
R1-distill,Qwen3.5-9B,aime2026_pt,intermediate_error,Qwen3.5-9B|aime2026_pt|AIME2026-PT/26|g17,1
R1-distill,Qwen3.5-9B,aime2026_pt,intermediate_error,Qwen3.5-9B|aime2026_pt|AIME2026-PT/26|g20,1
R1-distill,Qwen3.5-9B,aime2026_pt,intermediate_error,Qwen3.5-9B|aime2026_pt|AIME2026-PT/26|g22,1
R1-distill,Qwen3.5-9B,aime2026_pt,intermediate_error,Qwen3.5-9B|aime2026_pt|AIME2026-PT/26|g27,1
R1-distill,Qwen3.5-9B,aime2026_pt,intermediate_error,Qwen3.5-9B|aime2026_pt|AIME2026-PT/27|g11,1
R1-distill,Qwen3.5-9B,aime2026_pt,intermediate_error,Qwen3.5-9B|aime2026_pt|AIME2026-PT/27|g19,1
R1-distill,Qwen3.5-9B,aime2026_pt,intermediate_error,Qwen3.5-9B|aime2026_pt|AIME2026-PT/27|g20,1
R1-distill,Qwen3.5-9B,aime2026_pt,intermediate_error,Qwen3.5-9B|aime2026_pt|AIME2026-PT/27|g3,1
R1-distill,Qwen3.5-9B,aime2026_pt,intermediate_error,Qwen3.5-9B|aime2026_pt|AIME2026-PT/27|g41,1
R1-distill,Qwen3.5-9B,aime2026_pt,intermediate_error,Qwen3.5-9B|aime2026_pt|AIME2026-PT/28|g42,1
R1-distill,Qwen3.5-9B,aime2026_pt,intermediate_error,Qwen3.5-9B|aime2026_pt|AIME2026-PT/28|g61,1
R1-distill,Qwen3.5-9B,aime2026_pt,intermediate_error,Qwen3.5-9B|aime2026_pt|AIME2026-PT/29|g17,1
R1-distill,Qwen3.5-9B,aime2026_pt,intermediate_error,Qwen3.5-9B|aime2026_pt|AIME2026-PT/29|g36,1
R1-distill,Qwen3.5-9B,aime2026_pt,intermediate_error,Qwen3.5-9B|aime2026_pt|AIME2026-PT/2|g53,1
R1-distill,Qwen3.5-9B,aime2026_pt,intermediate_error,Qwen3.5-9B|aime2026_pt|AIME2026-PT/2|g7,1
R1-distill,Qwen3.5-9B,aime2026_pt,intermediate_error,Qwen3.5-9B|aime2026_pt|AIME2026-PT/3|g19,1
R1-distill,Qwen3.5-9B,aime2026_pt,intermediate_error,Qwen3.5-9B|aime2026_pt|AIME2026-PT/3|g2,1
R1-distill,Qwen3.5-9B,aime2026_pt,intermediate_error,Qwen3.5-9B|aime2026_pt|AIME2026-PT/3|g23,1
R1-distill,Qwen3.5-9B,aime2026_pt,intermediate_error,Qwen3.5-9B|aime2026_pt|AIME2026-PT/3|g6,1
R1-distill,Qwen3.5-9B,aime2026_pt,intermediate_error,Qwen3.5-9B|aime2026_pt|AIME2026-PT/4|g3,1
R1-distill,Qwen3.5-9B,aime2026_pt,intermediate_error,Qwen3.5-9B|aime2026_pt|AIME2026-PT/4|g43,1
R1-distill,Qwen3.5-9B,aime2026_pt,intermediate_error,Qwen3.5-9B|aime2026_pt|AIME2026-PT/4|g45,1
R1-distill,Qwen3.5-9B,aime2026_pt,intermediate_error,Qwen3.5-9B|aime2026_pt|AIME2026-PT/5|g18,1
R1-distill,Qwen3.5-9B,aime2026_pt,intermediate_error,Qwen3.5-9B|aime2026_pt|AIME2026-PT/5|g24,1
R1-distill,Qwen3.5-9B,aime2026_pt,intermediate_error,Qwen3.5-9B|aime2026_pt|AIME2026-PT/6|g13,1
R1-distill,Qwen3.5-9B,aime2026_pt,intermediate_error,Qwen3.5-9B|aime2026_pt|AIME2026-PT/6|g17,1
R1-distill,Qwen3.5-9B,aime2026_pt,intermediate_error,Qwen3.5-9B|aime2026_pt|AIME2026-PT/7|g38,1
R1-distill,Qwen3.5-9B,aime2026_pt,intermediate_error,Qwen3.5-9B|aime2026_pt|AIME2026-PT/7|g48,0
R1-distill,Qwen3.5-9B,aime2026_pt,intermediate_error,Qwen3.5-9B|aime2026_pt|AIME2026-PT/7|g49,1
R1-distill,Qwen3.5-9B,aime2026_pt,intermediate_error,Qwen3.5-9B|aime2026_pt|AIME2026-PT/9|g60,1
R1-distill,Qwen3.5-9B,aime2026_pt,intermediate_error,Qwen3.5-9B|aime2026_pt|AIME2026-PT/9|g9,1
R1-distill,Qwen3.5-9B,aime2026_pt,truncated,Qwen3.5-9B|aime2026_pt|AIME2026-PT/10|g58,1
R1-distill,Qwen3.5-9B,aime2026_pt,truncated,Qwen3.5-9B|aime2026_pt|AIME2026-PT/12|g24,0
R1-distill,Qwen3.5-9B,aime2026_pt,truncated,Qwen3.5-9B|aime2026_pt|AIME2026-PT/12|g29,1
R1-distill,Qwen3.5-9B,aime2026_pt,truncated,Qwen3.5-9B|aime2026_pt|AIME2026-PT/12|g57,1
R1-distill,Qwen3.5-9B,aime2026_pt,truncated,Qwen3.5-9B|aime2026_pt|AIME2026-PT/13|g29,0
R1-distill,Qwen3.5-9B,aime2026_pt,truncated,Qwen3.5-9B|aime2026_pt|AIME2026-PT/14|g4,1
R1-distill,Qwen3.5-9B,aime2026_pt,truncated,Qwen3.5-9B|aime2026_pt|AIME2026-PT/14|g43,1
R1-distill,Qwen3.5-9B,aime2026_pt,truncated,Qwen3.5-9B|aime2026_pt|AIME2026-PT/14|g44,1
R1-distill,Qwen3.5-9B,aime2026_pt,truncated,Qwen3.5-9B|aime2026_pt|AIME2026-PT/14|g55,0
R1-distill,Qwen3.5-9B,aime2026_pt,truncated,Qwen3.5-9B|aime2026_pt|AIME2026-PT/16|g1,1
R1-distill,Qwen3.5-9B,aime2026_pt,truncated,Qwen3.5-9B|aime2026_pt|AIME2026-PT/16|g17,1
R1-distill,Qwen3.5-9B,aime2026_pt,truncated,Qwen3.5-9B|aime2026_pt|AIME2026-PT/16|g18,1
R1-distill,Qwen3.5-9B,aime2026_pt,truncated,Qwen3.5-9B|aime2026_pt|AIME2026-PT/16|g47,1
R1-distill,Qwen3.5-9B,aime2026_pt,truncated,Qwen3.5-9B|aime2026_pt|AIME2026-PT/17|g12,1
R1-distill,Qwen3.5-9B,aime2026_pt,truncated,Qwen3.5-9B|aime2026_pt|AIME2026-PT/17|g18,1
R1-distill,Qwen3.5-9B,aime2026_pt,truncated,Qwen3.5-9B|aime2026_pt|AIME2026-PT/17|g36,1
R1-distill,Qwen3.5-9B,aime2026_pt,truncated,Qwen3.5-9B|aime2026_pt|AIME2026-PT/17|g52,0
R1-distill,Qwen3.5-9B,aime2026_pt,truncated,Qwen3.5-9B|aime2026_pt|AIME2026-PT/18|g43,1
R1-distill,Qwen3.5-9B,aime2026_pt,truncated,Qwen3.5-9B|aime2026_pt|AIME2026-PT/18|g58,0
R1-distill,Qwen3.5-9B,aime2026_pt,truncated,Qwen3.5-9B|aime2026_pt|AIME2026-PT/19|g26,1
R1-distill,Qwen3.5-9B,aime2026_pt,truncated,Qwen3.5-9B|aime2026_pt|AIME2026-PT/19|g3,1
R1-distill,Qwen3.5-9B,aime2026_pt,truncated,Qwen3.5-9B|aime2026_pt|AIME2026-PT/19|g56,1
R1-distill,Qwen3.5-9B,aime2026_pt,truncated,Qwen3.5-9B|aime2026_pt|AIME2026-PT/1|g36,1
R1-distill,Qwen3.5-9B,aime2026_pt,truncated,Qwen3.5-9B|aime2026_pt|AIME2026-PT/1|g59,1
R1-distill,Qwen3.5-9B,aime2026_pt,truncated,Qwen3.5-9B|aime2026_pt|AIME2026-PT/1|g7,1
R1-distill,Qwen3.5-9B,aime2026_pt,truncated,Qwen3.5-9B|aime2026_pt|AIME2026-PT/20|g4,1
R1-distill,Qwen3.5-9B,aime2026_pt,truncated,Qwen3.5-9B|aime2026_pt|AIME2026-PT/20|g48,1
R1-distill,Qwen3.5-9B,aime2026_pt,truncated,Qwen3.5-9B|aime2026_pt|AIME2026-PT/20|g49,1
R1-distill,Qwen3.5-9B,aime2026_pt,truncated,Qwen3.5-9B|aime2026_pt|AIME2026-PT/20|g53,1
R1-distill,Qwen3.5-9B,aime2026_pt,truncated,Qwen3.5-9B|aime2026_pt|AIME2026-PT/21|g42,1
R1-distill,Qwen3.5-9B,aime2026_pt,truncated,Qwen3.5-9B|aime2026_pt|AIME2026-PT/21|g8,1
R1-distill,Qwen3.5-9B,aime2026_pt,truncated,Qwen3.5-9B|aime2026_pt|AIME2026-PT/22|g40,1
R1-distill,Qwen3.5-9B,aime2026_pt,truncated,Qwen3.5-9B|aime2026_pt|AIME2026-PT/22|g58,1
R1-distill,Qwen3.5-9B,aime2026_pt,truncated,Qwen3.5-9B|aime2026_pt|AIME2026-PT/23|g2,1
R1-distill,Qwen3.5-9B,aime2026_pt,truncated,Qwen3.5-9B|aime2026_pt|AIME2026-PT/24|g15,1
R1-distill,Qwen3.5-9B,aime2026_pt,truncated,Qwen3.5-9B|aime2026_pt|AIME2026-PT/24|g41,1
R1-distill,Qwen3.5-9B,aime2026_pt,truncated,Qwen3.5-9B|aime2026_pt|AIME2026-PT/24|g44,1
R1-distill,Qwen3.5-9B,aime2026_pt,truncated,Qwen3.5-9B|aime2026_pt|AIME2026-PT/24|g62,1
R1-distill,Qwen3.5-9B,aime2026_pt,truncated,Qwen3.5-9B|aime2026_pt|AIME2026-PT/25|g24,1
R1-distill,Qwen3.5-9B,aime2026_pt,truncated,Qwen3.5-9B|aime2026_pt|AIME2026-PT/25|g28,1
R1-distill,Qwen3.5-9B,aime2026_pt,truncated,Qwen3.5-9B|aime2026_pt|AIME2026-PT/25|g44,1
R1-distill,Qwen3.5-9B,aime2026_pt,truncated,Qwen3.5-9B|aime2026_pt|AIME2026-PT/26|g17,1
R1-distill,Qwen3.5-9B,aime2026_pt,truncated,Qwen3.5-9B|aime2026_pt|AIME2026-PT/26|g20,1
R1-distill,Qwen3.5-9B,aime2026_pt,truncated,Qwen3.5-9B|aime2026_pt|AIME2026-PT/26|g22,1
R1-distill,Qwen3.5-9B,aime2026_pt,truncated,Qwen3.5-9B|aime2026_pt|AIME2026-PT/26|g27,1
R1-distill,Qwen3.5-9B,aime2026_pt,truncated,Qwen3.5-9B|aime2026_pt|AIME2026-PT/27|g11,0
R1-distill,Qwen3.5-9B,aime2026_pt,truncated,Qwen3.5-9B|aime2026_pt|AIME2026-PT/27|g19,0
R1-distill,Qwen3.5-9B,aime2026_pt,truncated,Qwen3.5-9B|aime2026_pt|AIME2026-PT/27|g20,1
R1-distill,Qwen3.5-9B,aime2026_pt,truncated,Qwen3.5-9B|aime2026_pt|AIME2026-PT/27|g3,1
R1-distill,Qwen3.5-9B,aime2026_pt,truncated,Qwen3.5-9B|aime2026_pt|AIME2026-PT/27|g41,1
R1-distill,Qwen3.5-9B,aime2026_pt,truncated,Qwen3.5-9B|aime2026_pt|AIME2026-PT/28|g42,0
R1-distill,Qwen3.5-9B,aime2026_pt,truncated,Qwen3.5-9B|aime2026_pt|AIME2026-PT/28|g61,1
R1-distill,Qwen3.5-9B,aime2026_pt,truncated,Qwen3.5-9B|aime2026_pt|AIME2026-PT/29|g17,0
R1-distill,Qwen3.5-9B,aime2026_pt,truncated,Qwen3.5-9B|aime2026_pt|AIME2026-PT/29|g36,0
R1-distill,Qwen3.5-9B,aime2026_pt,truncated,Qwen3.5-9B|aime2026_pt|AIME2026-PT/2|g53,1
R1-distill,Qwen3.5-9B,aime2026_pt,truncated,Qwen3.5-9B|aime2026_pt|AIME2026-PT/2|g7,1
R1-distill,Qwen3.5-9B,aime2026_pt,truncated,Qwen3.5-9B|aime2026_pt|AIME2026-PT/3|g19,1
R1-distill,Qwen3.5-9B,aime2026_pt,truncated,Qwen3.5-9B|aime2026_pt|AIME2026-PT/3|g2,1
R1-distill,Qwen3.5-9B,aime2026_pt,truncated,Qwen3.5-9B|aime2026_pt|AIME2026-PT/3|g23,1
R1-distill,Qwen3.5-9B,aime2026_pt,truncated,Qwen3.5-9B|aime2026_pt|AIME2026-PT/3|g6,1
R1-distill,Qwen3.5-9B,aime2026_pt,truncated,Qwen3.5-9B|aime2026_pt|AIME2026-PT/4|g3,1
R1-distill,Qwen3.5-9B,aime2026_pt,truncated,Qwen3.5-9B|aime2026_pt|AIME2026-PT/4|g43,1
R1-distill,Qwen3.5-9B,aime2026_pt,truncated,Qwen3.5-9B|aime2026_pt|AIME2026-PT/4|g45,1
R1-distill,Qwen3.5-9B,aime2026_pt,truncated,Qwen3.5-9B|aime2026_pt|AIME2026-PT/5|g18,1
R1-distill,Qwen3.5-9B,aime2026_pt,truncated,Qwen3.5-9B|aime2026_pt|AIME2026-PT/5|g24,1
R1-distill,Qwen3.5-9B,aime2026_pt,truncated,Qwen3.5-9B|aime2026_pt|AIME2026-PT/6|g13,1
R1-distill,Qwen3.5-9B,aime2026_pt,truncated,Qwen3.5-9B|aime2026_pt|AIME2026-PT/6|g17,1
R1-distill,Qwen3.5-9B,aime2026_pt,truncated,Qwen3.5-9B|aime2026_pt|AIME2026-PT/7|g38,1
R1-distill,Qwen3.5-9B,aime2026_pt,truncated,Qwen3.5-9B|aime2026_pt|AIME2026-PT/7|g48,1
R1-distill,Qwen3.5-9B,aime2026_pt,truncated,Qwen3.5-9B|aime2026_pt|AIME2026-PT/7|g49,1
R1-distill,Qwen3.5-9B,aime2026_pt,truncated,Qwen3.5-9B|aime2026_pt|AIME2026-PT/9|g60,0
R1-distill,Qwen3.5-9B,aime2026_pt,truncated,Qwen3.5-9B|aime2026_pt|AIME2026-PT/9|g9,1
R1-distill,Qwen3.5-9B,aime2026_tr,boxed_only,Qwen3.5-9B|aime2026_tr|AIME2026-TR/10|g24,0
R1-distill,Qwen3.5-9B,aime2026_tr,boxed_only,Qwen3.5-9B|aime2026_tr|AIME2026-TR/10|g27,1
R1-distill,Qwen3.5-9B,aime2026_tr,boxed_only,Qwen3.5-9B|aime2026_tr|AIME2026-TR/10|g42,1
R1-distill,Qwen3.5-9B,aime2026_tr,boxed_only,Qwen3.5-9B|aime2026_tr|AIME2026-TR/12|g14,1
R1-distill,Qwen3.5-9B,aime2026_tr,boxed_only,Qwen3.5-9B|aime2026_tr|AIME2026-TR/12|g19,0
R1-distill,Qwen3.5-9B,aime2026_tr,boxed_only,Qwen3.5-9B|aime2026_tr|AIME2026-TR/13|g1,0
R1-distill,Qwen3.5-9B,aime2026_tr,boxed_only,Qwen3.5-9B|aime2026_tr|AIME2026-TR/13|g15,1
R1-distill,Qwen3.5-9B,aime2026_tr,boxed_only,Qwen3.5-9B|aime2026_tr|AIME2026-TR/13|g6,1
R1-distill,Qwen3.5-9B,aime2026_tr,boxed_only,Qwen3.5-9B|aime2026_tr|AIME2026-TR/14|g15,1
R1-distill,Qwen3.5-9B,aime2026_tr,boxed_only,Qwen3.5-9B|aime2026_tr|AIME2026-TR/14|g36,1
R1-distill,Qwen3.5-9B,aime2026_tr,boxed_only,Qwen3.5-9B|aime2026_tr|AIME2026-TR/14|g48,0
R1-distill,Qwen3.5-9B,aime2026_tr,boxed_only,Qwen3.5-9B|aime2026_tr|AIME2026-TR/14|g52,1
R1-distill,Qwen3.5-9B,aime2026_tr,boxed_only,Qwen3.5-9B|aime2026_tr|AIME2026-TR/16|g18,1
R1-distill,Qwen3.5-9B,aime2026_tr,boxed_only,Qwen3.5-9B|aime2026_tr|AIME2026-TR/16|g27,1
R1-distill,Qwen3.5-9B,aime2026_tr,boxed_only,Qwen3.5-9B|aime2026_tr|AIME2026-TR/16|g45,1
R1-distill,Qwen3.5-9B,aime2026_tr,boxed_only,Qwen3.5-9B|aime2026_tr|AIME2026-TR/17|g12,0
R1-distill,Qwen3.5-9B,aime2026_tr,boxed_only,Qwen3.5-9B|aime2026_tr|AIME2026-TR/17|g39,1
R1-distill,Qwen3.5-9B,aime2026_tr,boxed_only,Qwen3.5-9B|aime2026_tr|AIME2026-TR/17|g6,0
R1-distill,Qwen3.5-9B,aime2026_tr,boxed_only,Qwen3.5-9B|aime2026_tr|AIME2026-TR/18|g24,1
R1-distill,Qwen3.5-9B,aime2026_tr,boxed_only,Qwen3.5-9B|aime2026_tr|AIME2026-TR/18|g35,1
R1-distill,Qwen3.5-9B,aime2026_tr,boxed_only,Qwen3.5-9B|aime2026_tr|AIME2026-TR/18|g56,1
R1-distill,Qwen3.5-9B,aime2026_tr,boxed_only,Qwen3.5-9B|aime2026_tr|AIME2026-TR/19|g19,0
R1-distill,Qwen3.5-9B,aime2026_tr,boxed_only,Qwen3.5-9B|aime2026_tr|AIME2026-TR/19|g24,1
R1-distill,Qwen3.5-9B,aime2026_tr,boxed_only,Qwen3.5-9B|aime2026_tr|AIME2026-TR/19|g50,0
R1-distill,Qwen3.5-9B,aime2026_tr,boxed_only,Qwen3.5-9B|aime2026_tr|AIME2026-TR/1|g32,1
R1-distill,Qwen3.5-9B,aime2026_tr,boxed_only,Qwen3.5-9B|aime2026_tr|AIME2026-TR/20|g15,1
R1-distill,Qwen3.5-9B,aime2026_tr,boxed_only,Qwen3.5-9B|aime2026_tr|AIME2026-TR/20|g19,0
R1-distill,Qwen3.5-9B,aime2026_tr,boxed_only,Qwen3.5-9B|aime2026_tr|AIME2026-TR/20|g48,1
R1-distill,Qwen3.5-9B,aime2026_tr,boxed_only,Qwen3.5-9B|aime2026_tr|AIME2026-TR/21|g42,1
R1-distill,Qwen3.5-9B,aime2026_tr,boxed_only,Qwen3.5-9B|aime2026_tr|AIME2026-TR/22|g39,1
R1-distill,Qwen3.5-9B,aime2026_tr,boxed_only,Qwen3.5-9B|aime2026_tr|AIME2026-TR/22|g44,1
R1-distill,Qwen3.5-9B,aime2026_tr,boxed_only,Qwen3.5-9B|aime2026_tr|AIME2026-TR/22|g49,0
R1-distill,Qwen3.5-9B,aime2026_tr,boxed_only,Qwen3.5-9B|aime2026_tr|AIME2026-TR/23|g28,1
R1-distill,Qwen3.5-9B,aime2026_tr,boxed_only,Qwen3.5-9B|aime2026_tr|AIME2026-TR/23|g49,1
R1-distill,Qwen3.5-9B,aime2026_tr,boxed_only,Qwen3.5-9B|aime2026_tr|AIME2026-TR/24|g28,0
R1-distill,Qwen3.5-9B,aime2026_tr,boxed_only,Qwen3.5-9B|aime2026_tr|AIME2026-TR/24|g30,1
R1-distill,Qwen3.5-9B,aime2026_tr,boxed_only,Qwen3.5-9B|aime2026_tr|AIME2026-TR/25|g15,1
R1-distill,Qwen3.5-9B,aime2026_tr,boxed_only,Qwen3.5-9B|aime2026_tr|AIME2026-TR/25|g19,1
R1-distill,Qwen3.5-9B,aime2026_tr,boxed_only,Qwen3.5-9B|aime2026_tr|AIME2026-TR/25|g28,1
R1-distill,Qwen3.5-9B,aime2026_tr,boxed_only,Qwen3.5-9B|aime2026_tr|AIME2026-TR/25|g44,1
R1-distill,Qwen3.5-9B,aime2026_tr,boxed_only,Qwen3.5-9B|aime2026_tr|AIME2026-TR/25|g47,0
R1-distill,Qwen3.5-9B,aime2026_tr,boxed_only,Qwen3.5-9B|aime2026_tr|AIME2026-TR/26|g0,0
R1-distill,Qwen3.5-9B,aime2026_tr,boxed_only,Qwen3.5-9B|aime2026_tr|AIME2026-TR/26|g30,0
R1-distill,Qwen3.5-9B,aime2026_tr,boxed_only,Qwen3.5-9B|aime2026_tr|AIME2026-TR/26|g38,0
R1-distill,Qwen3.5-9B,aime2026_tr,boxed_only,Qwen3.5-9B|aime2026_tr|AIME2026-TR/27|g13,0
R1-distill,Qwen3.5-9B,aime2026_tr,boxed_only,Qwen3.5-9B|aime2026_tr|AIME2026-TR/27|g51,1
R1-distill,Qwen3.5-9B,aime2026_tr,boxed_only,Qwen3.5-9B|aime2026_tr|AIME2026-TR/28|g2,1
R1-distill,Qwen3.5-9B,aime2026_tr,boxed_only,Qwen3.5-9B|aime2026_tr|AIME2026-TR/28|g59,0
R1-distill,Qwen3.5-9B,aime2026_tr,boxed_only,Qwen3.5-9B|aime2026_tr|AIME2026-TR/29|g11,0
R1-distill,Qwen3.5-9B,aime2026_tr,boxed_only,Qwen3.5-9B|aime2026_tr|AIME2026-TR/2|g12,1
R1-distill,Qwen3.5-9B,aime2026_tr,boxed_only,Qwen3.5-9B|aime2026_tr|AIME2026-TR/2|g22,1
R1-distill,Qwen3.5-9B,aime2026_tr,boxed_only,Qwen3.5-9B|aime2026_tr|AIME2026-TR/2|g36,1
R1-distill,Qwen3.5-9B,aime2026_tr,boxed_only,Qwen3.5-9B|aime2026_tr|AIME2026-TR/2|g6,1
R1-distill,Qwen3.5-9B,aime2026_tr,boxed_only,Qwen3.5-9B|aime2026_tr|AIME2026-TR/3|g13,1
R1-distill,Qwen3.5-9B,aime2026_tr,boxed_only,Qwen3.5-9B|aime2026_tr|AIME2026-TR/3|g42,1
R1-distill,Qwen3.5-9B,aime2026_tr,boxed_only,Qwen3.5-9B|aime2026_tr|AIME2026-TR/3|g51,1
R1-distill,Qwen3.5-9B,aime2026_tr,boxed_only,Qwen3.5-9B|aime2026_tr|AIME2026-TR/4|g49,1
R1-distill,Qwen3.5-9B,aime2026_tr,boxed_only,Qwen3.5-9B|aime2026_tr|AIME2026-TR/4|g57,0
R1-distill,Qwen3.5-9B,aime2026_tr,boxed_only,Qwen3.5-9B|aime2026_tr|AIME2026-TR/5|g24,1
R1-distill,Qwen3.5-9B,aime2026_tr,boxed_only,Qwen3.5-9B|aime2026_tr|AIME2026-TR/5|g36,1
R1-distill,Qwen3.5-9B,aime2026_tr,boxed_only,Qwen3.5-9B|aime2026_tr|AIME2026-TR/5|g4,0
R1-distill,Qwen3.5-9B,aime2026_tr,boxed_only,Qwen3.5-9B|aime2026_tr|AIME2026-TR/5|g61,1
R1-distill,Qwen3.5-9B,aime2026_tr,boxed_only,Qwen3.5-9B|aime2026_tr|AIME2026-TR/6|g16,1
R1-distill,Qwen3.5-9B,aime2026_tr,boxed_only,Qwen3.5-9B|aime2026_tr|AIME2026-TR/6|g4,0
R1-distill,Qwen3.5-9B,aime2026_tr,boxed_only,Qwen3.5-9B|aime2026_tr|AIME2026-TR/6|g52,1
R1-distill,Qwen3.5-9B,aime2026_tr,boxed_only,Qwen3.5-9B|aime2026_tr|AIME2026-TR/6|g56,1
R1-distill,Qwen3.5-9B,aime2026_tr,boxed_only,Qwen3.5-9B|aime2026_tr|AIME2026-TR/7|g23,1
R1-distill,Qwen3.5-9B,aime2026_tr,boxed_only,Qwen3.5-9B|aime2026_tr|AIME2026-TR/7|g32,0
R1-distill,Qwen3.5-9B,aime2026_tr,boxed_only,Qwen3.5-9B|aime2026_tr|AIME2026-TR/7|g37,0
R1-distill,Qwen3.5-9B,aime2026_tr,boxed_only,Qwen3.5-9B|aime2026_tr|AIME2026-TR/7|g49,1
R1-distill,Qwen3.5-9B,aime2026_tr,boxed_only,Qwen3.5-9B|aime2026_tr|AIME2026-TR/9|g42,1
R1-distill,Qwen3.5-9B,aime2026_tr,boxed_only,Qwen3.5-9B|aime2026_tr|AIME2026-TR/9|g50,1
R1-distill,Qwen3.5-9B,aime2026_tr,clean,Qwen3.5-9B|aime2026_tr|AIME2026-TR/10|g24,1
R1-distill,Qwen3.5-9B,aime2026_tr,clean,Qwen3.5-9B|aime2026_tr|AIME2026-TR/10|g27,1
R1-distill,Qwen3.5-9B,aime2026_tr,clean,Qwen3.5-9B|aime2026_tr|AIME2026-TR/10|g42,1
R1-distill,Qwen3.5-9B,aime2026_tr,clean,Qwen3.5-9B|aime2026_tr|AIME2026-TR/12|g14,1
R1-distill,Qwen3.5-9B,aime2026_tr,clean,Qwen3.5-9B|aime2026_tr|AIME2026-TR/12|g19,1
R1-distill,Qwen3.5-9B,aime2026_tr,clean,Qwen3.5-9B|aime2026_tr|AIME2026-TR/13|g1,1
R1-distill,Qwen3.5-9B,aime2026_tr,clean,Qwen3.5-9B|aime2026_tr|AIME2026-TR/13|g15,1
R1-distill,Qwen3.5-9B,aime2026_tr,clean,Qwen3.5-9B|aime2026_tr|AIME2026-TR/13|g6,1
R1-distill,Qwen3.5-9B,aime2026_tr,clean,Qwen3.5-9B|aime2026_tr|AIME2026-TR/14|g15,1
R1-distill,Qwen3.5-9B,aime2026_tr,clean,Qwen3.5-9B|aime2026_tr|AIME2026-TR/14|g36,0
R1-distill,Qwen3.5-9B,aime2026_tr,clean,Qwen3.5-9B|aime2026_tr|AIME2026-TR/14|g48,1
R1-distill,Qwen3.5-9B,aime2026_tr,clean,Qwen3.5-9B|aime2026_tr|AIME2026-TR/14|g52,1
R1-distill,Qwen3.5-9B,aime2026_tr,clean,Qwen3.5-9B|aime2026_tr|AIME2026-TR/16|g18,1
R1-distill,Qwen3.5-9B,aime2026_tr,clean,Qwen3.5-9B|aime2026_tr|AIME2026-TR/16|g27,1
R1-distill,Qwen3.5-9B,aime2026_tr,clean,Qwen3.5-9B|aime2026_tr|AIME2026-TR/16|g45,1
R1-distill,Qwen3.5-9B,aime2026_tr,clean,Qwen3.5-9B|aime2026_tr|AIME2026-TR/17|g12,0
R1-distill,Qwen3.5-9B,aime2026_tr,clean,Qwen3.5-9B|aime2026_tr|AIME2026-TR/17|g39,0
R1-distill,Qwen3.5-9B,aime2026_tr,clean,Qwen3.5-9B|aime2026_tr|AIME2026-TR/17|g6,1
R1-distill,Qwen3.5-9B,aime2026_tr,clean,Qwen3.5-9B|aime2026_tr|AIME2026-TR/18|g24,1
R1-distill,Qwen3.5-9B,aime2026_tr,clean,Qwen3.5-9B|aime2026_tr|AIME2026-TR/18|g35,1
R1-distill,Qwen3.5-9B,aime2026_tr,clean,Qwen3.5-9B|aime2026_tr|AIME2026-TR/18|g56,1
R1-distill,Qwen3.5-9B,aime2026_tr,clean,Qwen3.5-9B|aime2026_tr|AIME2026-TR/19|g19,1
R1-distill,Qwen3.5-9B,aime2026_tr,clean,Qwen3.5-9B|aime2026_tr|AIME2026-TR/19|g24,1
R1-distill,Qwen3.5-9B,aime2026_tr,clean,Qwen3.5-9B|aime2026_tr|AIME2026-TR/19|g50,1
R1-distill,Qwen3.5-9B,aime2026_tr,clean,Qwen3.5-9B|aime2026_tr|AIME2026-TR/1|g32,1
R1-distill,Qwen3.5-9B,aime2026_tr,clean,Qwen3.5-9B|aime2026_tr|AIME2026-TR/20|g15,0
R1-distill,Qwen3.5-9B,aime2026_tr,clean,Qwen3.5-9B|aime2026_tr|AIME2026-TR/20|g19,1
R1-distill,Qwen3.5-9B,aime2026_tr,clean,Qwen3.5-9B|aime2026_tr|AIME2026-TR/20|g48,1
R1-distill,Qwen3.5-9B,aime2026_tr,clean,Qwen3.5-9B|aime2026_tr|AIME2026-TR/21|g42,1
R1-distill,Qwen3.5-9B,aime2026_tr,clean,Qwen3.5-9B|aime2026_tr|AIME2026-TR/22|g39,1
R1-distill,Qwen3.5-9B,aime2026_tr,clean,Qwen3.5-9B|aime2026_tr|AIME2026-TR/22|g44,1
R1-distill,Qwen3.5-9B,aime2026_tr,clean,Qwen3.5-9B|aime2026_tr|AIME2026-TR/22|g49,1
R1-distill,Qwen3.5-9B,aime2026_tr,clean,Qwen3.5-9B|aime2026_tr|AIME2026-TR/23|g28,1
R1-distill,Qwen3.5-9B,aime2026_tr,clean,Qwen3.5-9B|aime2026_tr|AIME2026-TR/23|g49,1
R1-distill,Qwen3.5-9B,aime2026_tr,clean,Qwen3.5-9B|aime2026_tr|AIME2026-TR/24|g28,1
R1-distill,Qwen3.5-9B,aime2026_tr,clean,Qwen3.5-9B|aime2026_tr|AIME2026-TR/24|g30,1
R1-distill,Qwen3.5-9B,aime2026_tr,clean,Qwen3.5-9B|aime2026_tr|AIME2026-TR/25|g15,1
R1-distill,Qwen3.5-9B,aime2026_tr,clean,Qwen3.5-9B|aime2026_tr|AIME2026-TR/25|g19,1
R1-distill,Qwen3.5-9B,aime2026_tr,clean,Qwen3.5-9B|aime2026_tr|AIME2026-TR/25|g28,1
R1-distill,Qwen3.5-9B,aime2026_tr,clean,Qwen3.5-9B|aime2026_tr|AIME2026-TR/25|g44,1
R1-distill,Qwen3.5-9B,aime2026_tr,clean,Qwen3.5-9B|aime2026_tr|AIME2026-TR/25|g47,1
R1-distill,Qwen3.5-9B,aime2026_tr,clean,Qwen3.5-9B|aime2026_tr|AIME2026-TR/26|g0,0
R1-distill,Qwen3.5-9B,aime2026_tr,clean,Qwen3.5-9B|aime2026_tr|AIME2026-TR/26|g30,1
R1-distill,Qwen3.5-9B,aime2026_tr,clean,Qwen3.5-9B|aime2026_tr|AIME2026-TR/26|g38,1
R1-distill,Qwen3.5-9B,aime2026_tr,clean,Qwen3.5-9B|aime2026_tr|AIME2026-TR/27|g13,0
R1-distill,Qwen3.5-9B,aime2026_tr,clean,Qwen3.5-9B|aime2026_tr|AIME2026-TR/27|g51,1
R1-distill,Qwen3.5-9B,aime2026_tr,clean,Qwen3.5-9B|aime2026_tr|AIME2026-TR/28|g2,1
R1-distill,Qwen3.5-9B,aime2026_tr,clean,Qwen3.5-9B|aime2026_tr|AIME2026-TR/28|g59,0
R1-distill,Qwen3.5-9B,aime2026_tr,clean,Qwen3.5-9B|aime2026_tr|AIME2026-TR/29|g11,1
R1-distill,Qwen3.5-9B,aime2026_tr,clean,Qwen3.5-9B|aime2026_tr|AIME2026-TR/2|g12,1
R1-distill,Qwen3.5-9B,aime2026_tr,clean,Qwen3.5-9B|aime2026_tr|AIME2026-TR/2|g22,0
R1-distill,Qwen3.5-9B,aime2026_tr,clean,Qwen3.5-9B|aime2026_tr|AIME2026-TR/2|g36,1
R1-distill,Qwen3.5-9B,aime2026_tr,clean,Qwen3.5-9B|aime2026_tr|AIME2026-TR/2|g6,1
R1-distill,Qwen3.5-9B,aime2026_tr,clean,Qwen3.5-9B|aime2026_tr|AIME2026-TR/3|g13,1
R1-distill,Qwen3.5-9B,aime2026_tr,clean,Qwen3.5-9B|aime2026_tr|AIME2026-TR/3|g42,1
R1-distill,Qwen3.5-9B,aime2026_tr,clean,Qwen3.5-9B|aime2026_tr|AIME2026-TR/3|g51,1
R1-distill,Qwen3.5-9B,aime2026_tr,clean,Qwen3.5-9B|aime2026_tr|AIME2026-TR/4|g49,1
R1-distill,Qwen3.5-9B,aime2026_tr,clean,Qwen3.5-9B|aime2026_tr|AIME2026-TR/4|g57,1
R1-distill,Qwen3.5-9B,aime2026_tr,clean,Qwen3.5-9B|aime2026_tr|AIME2026-TR/5|g24,1
R1-distill,Qwen3.5-9B,aime2026_tr,clean,Qwen3.5-9B|aime2026_tr|AIME2026-TR/5|g36,1
R1-distill,Qwen3.5-9B,aime2026_tr,clean,Qwen3.5-9B|aime2026_tr|AIME2026-TR/5|g4,1
R1-distill,Qwen3.5-9B,aime2026_tr,clean,Qwen3.5-9B|aime2026_tr|AIME2026-TR/5|g61,1
R1-distill,Qwen3.5-9B,aime2026_tr,clean,Qwen3.5-9B|aime2026_tr|AIME2026-TR/6|g16,1
R1-distill,Qwen3.5-9B,aime2026_tr,clean,Qwen3.5-9B|aime2026_tr|AIME2026-TR/6|g4,1
R1-distill,Qwen3.5-9B,aime2026_tr,clean,Qwen3.5-9B|aime2026_tr|AIME2026-TR/6|g52,1
R1-distill,Qwen3.5-9B,aime2026_tr,clean,Qwen3.5-9B|aime2026_tr|AIME2026-TR/6|g56,1
R1-distill,Qwen3.5-9B,aime2026_tr,clean,Qwen3.5-9B|aime2026_tr|AIME2026-TR/7|g23,1
R1-distill,Qwen3.5-9B,aime2026_tr,clean,Qwen3.5-9B|aime2026_tr|AIME2026-TR/7|g32,1
R1-distill,Qwen3.5-9B,aime2026_tr,clean,Qwen3.5-9B|aime2026_tr|AIME2026-TR/7|g37,1
R1-distill,Qwen3.5-9B,aime2026_tr,clean,Qwen3.5-9B|aime2026_tr|AIME2026-TR/7|g49,1
R1-distill,Qwen3.5-9B,aime2026_tr,clean,Qwen3.5-9B|aime2026_tr|AIME2026-TR/9|g42,1
R1-distill,Qwen3.5-9B,aime2026_tr,clean,Qwen3.5-9B|aime2026_tr|AIME2026-TR/9|g50,1
R1-distill,Qwen3.5-9B,aime2026_tr,consistent_error,Qwen3.5-9B|aime2026_tr|AIME2026-TR/10|g24,0
R1-distill,Qwen3.5-9B,aime2026_tr,consistent_error,Qwen3.5-9B|aime2026_tr|AIME2026-TR/10|g27,1
R1-distill,Qwen3.5-9B,aime2026_tr,consistent_error,Qwen3.5-9B|aime2026_tr|AIME2026-TR/10|g42,0
R1-distill,Qwen3.5-9B,aime2026_tr,consistent_error,Qwen3.5-9B|aime2026_tr|AIME2026-TR/12|g14,1
R1-distill,Qwen3.5-9B,aime2026_tr,consistent_error,Qwen3.5-9B|aime2026_tr|AIME2026-TR/12|g19,1
R1-distill,Qwen3.5-9B,aime2026_tr,consistent_error,Qwen3.5-9B|aime2026_tr|AIME2026-TR/13|g1,0
R1-distill,Qwen3.5-9B,aime2026_tr,consistent_error,Qwen3.5-9B|aime2026_tr|AIME2026-TR/13|g15,1
R1-distill,Qwen3.5-9B,aime2026_tr,consistent_error,Qwen3.5-9B|aime2026_tr|AIME2026-TR/13|g6,0
R1-distill,Qwen3.5-9B,aime2026_tr,consistent_error,Qwen3.5-9B|aime2026_tr|AIME2026-TR/14|g15,1
R1-distill,Qwen3.5-9B,aime2026_tr,consistent_error,Qwen3.5-9B|aime2026_tr|AIME2026-TR/14|g36,1
R1-distill,Qwen3.5-9B,aime2026_tr,consistent_error,Qwen3.5-9B|aime2026_tr|AIME2026-TR/14|g48,1
R1-distill,Qwen3.5-9B,aime2026_tr,consistent_error,Qwen3.5-9B|aime2026_tr|AIME2026-TR/14|g52,1
R1-distill,Qwen3.5-9B,aime2026_tr,consistent_error,Qwen3.5-9B|aime2026_tr|AIME2026-TR/16|g18,1
R1-distill,Qwen3.5-9B,aime2026_tr,consistent_error,Qwen3.5-9B|aime2026_tr|AIME2026-TR/16|g27,1
R1-distill,Qwen3.5-9B,aime2026_tr,consistent_error,Qwen3.5-9B|aime2026_tr|AIME2026-TR/16|g45,1
R1-distill,Qwen3.5-9B,aime2026_tr,consistent_error,Qwen3.5-9B|aime2026_tr|AIME2026-TR/17|g12,0
R1-distill,Qwen3.5-9B,aime2026_tr,consistent_error,Qwen3.5-9B|aime2026_tr|AIME2026-TR/17|g39,1
R1-distill,Qwen3.5-9B,aime2026_tr,consistent_error,Qwen3.5-9B|aime2026_tr|AIME2026-TR/17|g6,0
R1-distill,Qwen3.5-9B,aime2026_tr,consistent_error,Qwen3.5-9B|aime2026_tr|AIME2026-TR/18|g24,1
R1-distill,Qwen3.5-9B,aime2026_tr,consistent_error,Qwen3.5-9B|aime2026_tr|AIME2026-TR/18|g35,1
R1-distill,Qwen3.5-9B,aime2026_tr,consistent_error,Qwen3.5-9B|aime2026_tr|AIME2026-TR/18|g56,1
R1-distill,Qwen3.5-9B,aime2026_tr,consistent_error,Qwen3.5-9B|aime2026_tr|AIME2026-TR/19|g19,1
R1-distill,Qwen3.5-9B,aime2026_tr,consistent_error,Qwen3.5-9B|aime2026_tr|AIME2026-TR/19|g24,1
R1-distill,Qwen3.5-9B,aime2026_tr,consistent_error,Qwen3.5-9B|aime2026_tr|AIME2026-TR/19|g50,1
R1-distill,Qwen3.5-9B,aime2026_tr,consistent_error,Qwen3.5-9B|aime2026_tr|AIME2026-TR/1|g32,1
R1-distill,Qwen3.5-9B,aime2026_tr,consistent_error,Qwen3.5-9B|aime2026_tr|AIME2026-TR/20|g15,1
R1-distill,Qwen3.5-9B,aime2026_tr,consistent_error,Qwen3.5-9B|aime2026_tr|AIME2026-TR/20|g19,1
R1-distill,Qwen3.5-9B,aime2026_tr,consistent_error,Qwen3.5-9B|aime2026_tr|AIME2026-TR/20|g48,0
R1-distill,Qwen3.5-9B,aime2026_tr,consistent_error,Qwen3.5-9B|aime2026_tr|AIME2026-TR/21|g42,1
R1-distill,Qwen3.5-9B,aime2026_tr,consistent_error,Qwen3.5-9B|aime2026_tr|AIME2026-TR/22|g39,1
R1-distill,Qwen3.5-9B,aime2026_tr,consistent_error,Qwen3.5-9B|aime2026_tr|AIME2026-TR/22|g44,1
R1-distill,Qwen3.5-9B,aime2026_tr,consistent_error,Qwen3.5-9B|aime2026_tr|AIME2026-TR/22|g49,1
R1-distill,Qwen3.5-9B,aime2026_tr,consistent_error,Qwen3.5-9B|aime2026_tr|AIME2026-TR/23|g28,0
R1-distill,Qwen3.5-9B,aime2026_tr,consistent_error,Qwen3.5-9B|aime2026_tr|AIME2026-TR/23|g49,1
R1-distill,Qwen3.5-9B,aime2026_tr,consistent_error,Qwen3.5-9B|aime2026_tr|AIME2026-TR/24|g28,1
R1-distill,Qwen3.5-9B,aime2026_tr,consistent_error,Qwen3.5-9B|aime2026_tr|AIME2026-TR/24|g30,1
R1-distill,Qwen3.5-9B,aime2026_tr,consistent_error,Qwen3.5-9B|aime2026_tr|AIME2026-TR/25|g15,1
R1-distill,Qwen3.5-9B,aime2026_tr,consistent_error,Qwen3.5-9B|aime2026_tr|AIME2026-TR/25|g19,1
R1-distill,Qwen3.5-9B,aime2026_tr,consistent_error,Qwen3.5-9B|aime2026_tr|AIME2026-TR/25|g28,1
R1-distill,Qwen3.5-9B,aime2026_tr,consistent_error,Qwen3.5-9B|aime2026_tr|AIME2026-TR/25|g44,1
R1-distill,Qwen3.5-9B,aime2026_tr,consistent_error,Qwen3.5-9B|aime2026_tr|AIME2026-TR/25|g47,1
R1-distill,Qwen3.5-9B,aime2026_tr,consistent_error,Qwen3.5-9B|aime2026_tr|AIME2026-TR/26|g0,0
R1-distill,Qwen3.5-9B,aime2026_tr,consistent_error,Qwen3.5-9B|aime2026_tr|AIME2026-TR/26|g30,1
R1-distill,Qwen3.5-9B,aime2026_tr,consistent_error,Qwen3.5-9B|aime2026_tr|AIME2026-TR/26|g38,0
R1-distill,Qwen3.5-9B,aime2026_tr,consistent_error,Qwen3.5-9B|aime2026_tr|AIME2026-TR/27|g13,1
R1-distill,Qwen3.5-9B,aime2026_tr,consistent_error,Qwen3.5-9B|aime2026_tr|AIME2026-TR/27|g51,1
R1-distill,Qwen3.5-9B,aime2026_tr,consistent_error,Qwen3.5-9B|aime2026_tr|AIME2026-TR/28|g2,1
R1-distill,Qwen3.5-9B,aime2026_tr,consistent_error,Qwen3.5-9B|aime2026_tr|AIME2026-TR/28|g59,1
R1-distill,Qwen3.5-9B,aime2026_tr,consistent_error,Qwen3.5-9B|aime2026_tr|AIME2026-TR/29|g11,0
R1-distill,Qwen3.5-9B,aime2026_tr,consistent_error,Qwen3.5-9B|aime2026_tr|AIME2026-TR/2|g12,1
R1-distill,Qwen3.5-9B,aime2026_tr,consistent_error,Qwen3.5-9B|aime2026_tr|AIME2026-TR/2|g22,1
R1-distill,Qwen3.5-9B,aime2026_tr,consistent_error,Qwen3.5-9B|aime2026_tr|AIME2026-TR/2|g36,1
R1-distill,Qwen3.5-9B,aime2026_tr,consistent_error,Qwen3.5-9B|aime2026_tr|AIME2026-TR/2|g6,1
R1-distill,Qwen3.5-9B,aime2026_tr,consistent_error,Qwen3.5-9B|aime2026_tr|AIME2026-TR/3|g13,1
R1-distill,Qwen3.5-9B,aime2026_tr,consistent_error,Qwen3.5-9B|aime2026_tr|AIME2026-TR/3|g42,1
R1-distill,Qwen3.5-9B,aime2026_tr,consistent_error,Qwen3.5-9B|aime2026_tr|AIME2026-TR/3|g51,1
R1-distill,Qwen3.5-9B,aime2026_tr,consistent_error,Qwen3.5-9B|aime2026_tr|AIME2026-TR/4|g49,1
R1-distill,Qwen3.5-9B,aime2026_tr,consistent_error,Qwen3.5-9B|aime2026_tr|AIME2026-TR/4|g57,0
R1-distill,Qwen3.5-9B,aime2026_tr,consistent_error,Qwen3.5-9B|aime2026_tr|AIME2026-TR/5|g24,1
R1-distill,Qwen3.5-9B,aime2026_tr,consistent_error,Qwen3.5-9B|aime2026_tr|AIME2026-TR/5|g36,1
R1-distill,Qwen3.5-9B,aime2026_tr,consistent_error,Qwen3.5-9B|aime2026_tr|AIME2026-TR/5|g4,0
R1-distill,Qwen3.5-9B,aime2026_tr,consistent_error,Qwen3.5-9B|aime2026_tr|AIME2026-TR/5|g61,1
R1-distill,Qwen3.5-9B,aime2026_tr,consistent_error,Qwen3.5-9B|aime2026_tr|AIME2026-TR/6|g16,1
R1-distill,Qwen3.5-9B,aime2026_tr,consistent_error,Qwen3.5-9B|aime2026_tr|AIME2026-TR/6|g4,1
R1-distill,Qwen3.5-9B,aime2026_tr,consistent_error,Qwen3.5-9B|aime2026_tr|AIME2026-TR/6|g52,1
R1-distill,Qwen3.5-9B,aime2026_tr,consistent_error,Qwen3.5-9B|aime2026_tr|AIME2026-TR/6|g56,1
R1-distill,Qwen3.5-9B,aime2026_tr,consistent_error,Qwen3.5-9B|aime2026_tr|AIME2026-TR/7|g23,1
R1-distill,Qwen3.5-9B,aime2026_tr,consistent_error,Qwen3.5-9B|aime2026_tr|AIME2026-TR/7|g32,0
R1-distill,Qwen3.5-9B,aime2026_tr,consistent_error,Qwen3.5-9B|aime2026_tr|AIME2026-TR/7|g37,0
R1-distill,Qwen3.5-9B,aime2026_tr,consistent_error,Qwen3.5-9B|aime2026_tr|AIME2026-TR/7|g49,1
R1-distill,Qwen3.5-9B,aime2026_tr,consistent_error,Qwen3.5-9B|aime2026_tr|AIME2026-TR/9|g42,1
R1-distill,Qwen3.5-9B,aime2026_tr,consistent_error,Qwen3.5-9B|aime2026_tr|AIME2026-TR/9|g50,1
R1-distill,Qwen3.5-9B,aime2026_tr,intermediate_error,Qwen3.5-9B|aime2026_tr|AIME2026-TR/10|g24,0
R1-distill,Qwen3.5-9B,aime2026_tr,intermediate_error,Qwen3.5-9B|aime2026_tr|AIME2026-TR/10|g27,1
R1-distill,Qwen3.5-9B,aime2026_tr,intermediate_error,Qwen3.5-9B|aime2026_tr|AIME2026-TR/10|g42,1
R1-distill,Qwen3.5-9B,aime2026_tr,intermediate_error,Qwen3.5-9B|aime2026_tr|AIME2026-TR/12|g14,1
R1-distill,Qwen3.5-9B,aime2026_tr,intermediate_error,Qwen3.5-9B|aime2026_tr|AIME2026-TR/12|g19,1
R1-distill,Qwen3.5-9B,aime2026_tr,intermediate_error,Qwen3.5-9B|aime2026_tr|AIME2026-TR/13|g1,0
R1-distill,Qwen3.5-9B,aime2026_tr,intermediate_error,Qwen3.5-9B|aime2026_tr|AIME2026-TR/13|g15,1
R1-distill,Qwen3.5-9B,aime2026_tr,intermediate_error,Qwen3.5-9B|aime2026_tr|AIME2026-TR/13|g6,1
R1-distill,Qwen3.5-9B,aime2026_tr,intermediate_error,Qwen3.5-9B|aime2026_tr|AIME2026-TR/14|g15,1
R1-distill,Qwen3.5-9B,aime2026_tr,intermediate_error,Qwen3.5-9B|aime2026_tr|AIME2026-TR/14|g36,1
R1-distill,Qwen3.5-9B,aime2026_tr,intermediate_error,Qwen3.5-9B|aime2026_tr|AIME2026-TR/14|g48,1
R1-distill,Qwen3.5-9B,aime2026_tr,intermediate_error,Qwen3.5-9B|aime2026_tr|AIME2026-TR/14|g52,1
R1-distill,Qwen3.5-9B,aime2026_tr,intermediate_error,Qwen3.5-9B|aime2026_tr|AIME2026-TR/16|g18,1
R1-distill,Qwen3.5-9B,aime2026_tr,intermediate_error,Qwen3.5-9B|aime2026_tr|AIME2026-TR/16|g27,1
R1-distill,Qwen3.5-9B,aime2026_tr,intermediate_error,Qwen3.5-9B|aime2026_tr|AIME2026-TR/16|g45,1
R1-distill,Qwen3.5-9B,aime2026_tr,intermediate_error,Qwen3.5-9B|aime2026_tr|AIME2026-TR/17|g12,1
R1-distill,Qwen3.5-9B,aime2026_tr,intermediate_error,Qwen3.5-9B|aime2026_tr|AIME2026-TR/17|g39,1
R1-distill,Qwen3.5-9B,aime2026_tr,intermediate_error,Qwen3.5-9B|aime2026_tr|AIME2026-TR/17|g6,1
R1-distill,Qwen3.5-9B,aime2026_tr,intermediate_error,Qwen3.5-9B|aime2026_tr|AIME2026-TR/18|g24,1
R1-distill,Qwen3.5-9B,aime2026_tr,intermediate_error,Qwen3.5-9B|aime2026_tr|AIME2026-TR/18|g35,0
R1-distill,Qwen3.5-9B,aime2026_tr,intermediate_error,Qwen3.5-9B|aime2026_tr|AIME2026-TR/18|g56,0
R1-distill,Qwen3.5-9B,aime2026_tr,intermediate_error,Qwen3.5-9B|aime2026_tr|AIME2026-TR/19|g19,1
R1-distill,Qwen3.5-9B,aime2026_tr,intermediate_error,Qwen3.5-9B|aime2026_tr|AIME2026-TR/19|g24,1
R1-distill,Qwen3.5-9B,aime2026_tr,intermediate_error,Qwen3.5-9B|aime2026_tr|AIME2026-TR/19|g50,1
R1-distill,Qwen3.5-9B,aime2026_tr,intermediate_error,Qwen3.5-9B|aime2026_tr|AIME2026-TR/1|g32,1
R1-distill,Qwen3.5-9B,aime2026_tr,intermediate_error,Qwen3.5-9B|aime2026_tr|AIME2026-TR/20|g15,1
R1-distill,Qwen3.5-9B,aime2026_tr,intermediate_error,Qwen3.5-9B|aime2026_tr|AIME2026-TR/20|g19,1
R1-distill,Qwen3.5-9B,aime2026_tr,intermediate_error,Qwen3.5-9B|aime2026_tr|AIME2026-TR/20|g48,1
R1-distill,Qwen3.5-9B,aime2026_tr,intermediate_error,Qwen3.5-9B|aime2026_tr|AIME2026-TR/21|g42,1
R1-distill,Qwen3.5-9B,aime2026_tr,intermediate_error,Qwen3.5-9B|aime2026_tr|AIME2026-TR/22|g39,1
R1-distill,Qwen3.5-9B,aime2026_tr,intermediate_error,Qwen3.5-9B|aime2026_tr|AIME2026-TR/22|g44,1
R1-distill,Qwen3.5-9B,aime2026_tr,intermediate_error,Qwen3.5-9B|aime2026_tr|AIME2026-TR/22|g49,1
R1-distill,Qwen3.5-9B,aime2026_tr,intermediate_error,Qwen3.5-9B|aime2026_tr|AIME2026-TR/23|g28,0
R1-distill,Qwen3.5-9B,aime2026_tr,intermediate_error,Qwen3.5-9B|aime2026_tr|AIME2026-TR/23|g49,1
R1-distill,Qwen3.5-9B,aime2026_tr,intermediate_error,Qwen3.5-9B|aime2026_tr|AIME2026-TR/24|g28,1
R1-distill,Qwen3.5-9B,aime2026_tr,intermediate_error,Qwen3.5-9B|aime2026_tr|AIME2026-TR/24|g30,1
R1-distill,Qwen3.5-9B,aime2026_tr,intermediate_error,Qwen3.5-9B|aime2026_tr|AIME2026-TR/25|g15,1
R1-distill,Qwen3.5-9B,aime2026_tr,intermediate_error,Qwen3.5-9B|aime2026_tr|AIME2026-TR/25|g19,1
R1-distill,Qwen3.5-9B,aime2026_tr,intermediate_error,Qwen3.5-9B|aime2026_tr|AIME2026-TR/25|g28,1
R1-distill,Qwen3.5-9B,aime2026_tr,intermediate_error,Qwen3.5-9B|aime2026_tr|AIME2026-TR/25|g44,1
R1-distill,Qwen3.5-9B,aime2026_tr,intermediate_error,Qwen3.5-9B|aime2026_tr|AIME2026-TR/25|g47,1
R1-distill,Qwen3.5-9B,aime2026_tr,intermediate_error,Qwen3.5-9B|aime2026_tr|AIME2026-TR/26|g0,1
R1-distill,Qwen3.5-9B,aime2026_tr,intermediate_error,Qwen3.5-9B|aime2026_tr|AIME2026-TR/26|g30,1
R1-distill,Qwen3.5-9B,aime2026_tr,intermediate_error,Qwen3.5-9B|aime2026_tr|AIME2026-TR/26|g38,0
R1-distill,Qwen3.5-9B,aime2026_tr,intermediate_error,Qwen3.5-9B|aime2026_tr|AIME2026-TR/27|g13,1
R1-distill,Qwen3.5-9B,aime2026_tr,intermediate_error,Qwen3.5-9B|aime2026_tr|AIME2026-TR/27|g51,1
R1-distill,Qwen3.5-9B,aime2026_tr,intermediate_error,Qwen3.5-9B|aime2026_tr|AIME2026-TR/28|g2,1
R1-distill,Qwen3.5-9B,aime2026_tr,intermediate_error,Qwen3.5-9B|aime2026_tr|AIME2026-TR/28|g59,0
R1-distill,Qwen3.5-9B,aime2026_tr,intermediate_error,Qwen3.5-9B|aime2026_tr|AIME2026-TR/29|g11,1
R1-distill,Qwen3.5-9B,aime2026_tr,intermediate_error,Qwen3.5-9B|aime2026_tr|AIME2026-TR/2|g12,1
R1-distill,Qwen3.5-9B,aime2026_tr,intermediate_error,Qwen3.5-9B|aime2026_tr|AIME2026-TR/2|g22,1
R1-distill,Qwen3.5-9B,aime2026_tr,intermediate_error,Qwen3.5-9B|aime2026_tr|AIME2026-TR/2|g36,1
R1-distill,Qwen3.5-9B,aime2026_tr,intermediate_error,Qwen3.5-9B|aime2026_tr|AIME2026-TR/2|g6,1
R1-distill,Qwen3.5-9B,aime2026_tr,intermediate_error,Qwen3.5-9B|aime2026_tr|AIME2026-TR/3|g13,1
R1-distill,Qwen3.5-9B,aime2026_tr,intermediate_error,Qwen3.5-9B|aime2026_tr|AIME2026-TR/3|g42,1
R1-distill,Qwen3.5-9B,aime2026_tr,intermediate_error,Qwen3.5-9B|aime2026_tr|AIME2026-TR/3|g51,1
R1-distill,Qwen3.5-9B,aime2026_tr,intermediate_error,Qwen3.5-9B|aime2026_tr|AIME2026-TR/4|g49,1
R1-distill,Qwen3.5-9B,aime2026_tr,intermediate_error,Qwen3.5-9B|aime2026_tr|AIME2026-TR/4|g57,1
R1-distill,Qwen3.5-9B,aime2026_tr,intermediate_error,Qwen3.5-9B|aime2026_tr|AIME2026-TR/5|g24,1
R1-distill,Qwen3.5-9B,aime2026_tr,intermediate_error,Qwen3.5-9B|aime2026_tr|AIME2026-TR/5|g36,1
R1-distill,Qwen3.5-9B,aime2026_tr,intermediate_error,Qwen3.5-9B|aime2026_tr|AIME2026-TR/5|g4,1
R1-distill,Qwen3.5-9B,aime2026_tr,intermediate_error,Qwen3.5-9B|aime2026_tr|AIME2026-TR/5|g61,1
R1-distill,Qwen3.5-9B,aime2026_tr,intermediate_error,Qwen3.5-9B|aime2026_tr|AIME2026-TR/6|g16,1
R1-distill,Qwen3.5-9B,aime2026_tr,intermediate_error,Qwen3.5-9B|aime2026_tr|AIME2026-TR/6|g4,1
R1-distill,Qwen3.5-9B,aime2026_tr,intermediate_error,Qwen3.5-9B|aime2026_tr|AIME2026-TR/6|g52,1
R1-distill,Qwen3.5-9B,aime2026_tr,intermediate_error,Qwen3.5-9B|aime2026_tr|AIME2026-TR/6|g56,1
R1-distill,Qwen3.5-9B,aime2026_tr,intermediate_error,Qwen3.5-9B|aime2026_tr|AIME2026-TR/7|g23,1
R1-distill,Qwen3.5-9B,aime2026_tr,intermediate_error,Qwen3.5-9B|aime2026_tr|AIME2026-TR/7|g32,1
R1-distill,Qwen3.5-9B,aime2026_tr,intermediate_error,Qwen3.5-9B|aime2026_tr|AIME2026-TR/7|g37,1
R1-distill,Qwen3.5-9B,aime2026_tr,intermediate_error,Qwen3.5-9B|aime2026_tr|AIME2026-TR/7|g49,1
R1-distill,Qwen3.5-9B,aime2026_tr,intermediate_error,Qwen3.5-9B|aime2026_tr|AIME2026-TR/9|g42,1
R1-distill,Qwen3.5-9B,aime2026_tr,intermediate_error,Qwen3.5-9B|aime2026_tr|AIME2026-TR/9|g50,1
R1-distill,Qwen3.5-9B,aime2026_tr,truncated,Qwen3.5-9B|aime2026_tr|AIME2026-TR/10|g24,0
R1-distill,Qwen3.5-9B,aime2026_tr,truncated,Qwen3.5-9B|aime2026_tr|AIME2026-TR/10|g27,1
R1-distill,Qwen3.5-9B,aime2026_tr,truncated,Qwen3.5-9B|aime2026_tr|AIME2026-TR/10|g42,1
R1-distill,Qwen3.5-9B,aime2026_tr,truncated,Qwen3.5-9B|aime2026_tr|AIME2026-TR/12|g14,1
R1-distill,Qwen3.5-9B,aime2026_tr,truncated,Qwen3.5-9B|aime2026_tr|AIME2026-TR/12|g19,1
R1-distill,Qwen3.5-9B,aime2026_tr,truncated,Qwen3.5-9B|aime2026_tr|AIME2026-TR/13|g1,1
R1-distill,Qwen3.5-9B,aime2026_tr,truncated,Qwen3.5-9B|aime2026_tr|AIME2026-TR/13|g15,1
R1-distill,Qwen3.5-9B,aime2026_tr,truncated,Qwen3.5-9B|aime2026_tr|AIME2026-TR/13|g6,1
R1-distill,Qwen3.5-9B,aime2026_tr,truncated,Qwen3.5-9B|aime2026_tr|AIME2026-TR/14|g15,1
R1-distill,Qwen3.5-9B,aime2026_tr,truncated,Qwen3.5-9B|aime2026_tr|AIME2026-TR/14|g36,1
R1-distill,Qwen3.5-9B,aime2026_tr,truncated,Qwen3.5-9B|aime2026_tr|AIME2026-TR/14|g48,1
R1-distill,Qwen3.5-9B,aime2026_tr,truncated,Qwen3.5-9B|aime2026_tr|AIME2026-TR/14|g52,1
R1-distill,Qwen3.5-9B,aime2026_tr,truncated,Qwen3.5-9B|aime2026_tr|AIME2026-TR/16|g18,1
R1-distill,Qwen3.5-9B,aime2026_tr,truncated,Qwen3.5-9B|aime2026_tr|AIME2026-TR/16|g27,1
R1-distill,Qwen3.5-9B,aime2026_tr,truncated,Qwen3.5-9B|aime2026_tr|AIME2026-TR/16|g45,1
R1-distill,Qwen3.5-9B,aime2026_tr,truncated,Qwen3.5-9B|aime2026_tr|AIME2026-TR/17|g12,0
R1-distill,Qwen3.5-9B,aime2026_tr,truncated,Qwen3.5-9B|aime2026_tr|AIME2026-TR/17|g39,1
R1-distill,Qwen3.5-9B,aime2026_tr,truncated,Qwen3.5-9B|aime2026_tr|AIME2026-TR/17|g6,0
R1-distill,Qwen3.5-9B,aime2026_tr,truncated,Qwen3.5-9B|aime2026_tr|AIME2026-TR/18|g24,1
R1-distill,Qwen3.5-9B,aime2026_tr,truncated,Qwen3.5-9B|aime2026_tr|AIME2026-TR/18|g35,1
R1-distill,Qwen3.5-9B,aime2026_tr,truncated,Qwen3.5-9B|aime2026_tr|AIME2026-TR/18|g56,1
R1-distill,Qwen3.5-9B,aime2026_tr,truncated,Qwen3.5-9B|aime2026_tr|AIME2026-TR/19|g19,1
R1-distill,Qwen3.5-9B,aime2026_tr,truncated,Qwen3.5-9B|aime2026_tr|AIME2026-TR/19|g24,1
R1-distill,Qwen3.5-9B,aime2026_tr,truncated,Qwen3.5-9B|aime2026_tr|AIME2026-TR/19|g50,1
R1-distill,Qwen3.5-9B,aime2026_tr,truncated,Qwen3.5-9B|aime2026_tr|AIME2026-TR/1|g32,1
R1-distill,Qwen3.5-9B,aime2026_tr,truncated,Qwen3.5-9B|aime2026_tr|AIME2026-TR/20|g15,1
R1-distill,Qwen3.5-9B,aime2026_tr,truncated,Qwen3.5-9B|aime2026_tr|AIME2026-TR/20|g19,1
R1-distill,Qwen3.5-9B,aime2026_tr,truncated,Qwen3.5-9B|aime2026_tr|AIME2026-TR/20|g48,1
R1-distill,Qwen3.5-9B,aime2026_tr,truncated,Qwen3.5-9B|aime2026_tr|AIME2026-TR/21|g42,1
R1-distill,Qwen3.5-9B,aime2026_tr,truncated,Qwen3.5-9B|aime2026_tr|AIME2026-TR/22|g39,1
R1-distill,Qwen3.5-9B,aime2026_tr,truncated,Qwen3.5-9B|aime2026_tr|AIME2026-TR/22|g44,1
R1-distill,Qwen3.5-9B,aime2026_tr,truncated,Qwen3.5-9B|aime2026_tr|AIME2026-TR/22|g49,1
R1-distill,Qwen3.5-9B,aime2026_tr,truncated,Qwen3.5-9B|aime2026_tr|AIME2026-TR/23|g28,1
R1-distill,Qwen3.5-9B,aime2026_tr,truncated,Qwen3.5-9B|aime2026_tr|AIME2026-TR/23|g49,1
R1-distill,Qwen3.5-9B,aime2026_tr,truncated,Qwen3.5-9B|aime2026_tr|AIME2026-TR/24|g28,1
R1-distill,Qwen3.5-9B,aime2026_tr,truncated,Qwen3.5-9B|aime2026_tr|AIME2026-TR/24|g30,1
R1-distill,Qwen3.5-9B,aime2026_tr,truncated,Qwen3.5-9B|aime2026_tr|AIME2026-TR/25|g15,1
R1-distill,Qwen3.5-9B,aime2026_tr,truncated,Qwen3.5-9B|aime2026_tr|AIME2026-TR/25|g19,1
R1-distill,Qwen3.5-9B,aime2026_tr,truncated,Qwen3.5-9B|aime2026_tr|AIME2026-TR/25|g28,1
R1-distill,Qwen3.5-9B,aime2026_tr,truncated,Qwen3.5-9B|aime2026_tr|AIME2026-TR/25|g44,1
R1-distill,Qwen3.5-9B,aime2026_tr,truncated,Qwen3.5-9B|aime2026_tr|AIME2026-TR/25|g47,1
R1-distill,Qwen3.5-9B,aime2026_tr,truncated,Qwen3.5-9B|aime2026_tr|AIME2026-TR/26|g0,1
R1-distill,Qwen3.5-9B,aime2026_tr,truncated,Qwen3.5-9B|aime2026_tr|AIME2026-TR/26|g30,1
R1-distill,Qwen3.5-9B,aime2026_tr,truncated,Qwen3.5-9B|aime2026_tr|AIME2026-TR/26|g38,1
R1-distill,Qwen3.5-9B,aime2026_tr,truncated,Qwen3.5-9B|aime2026_tr|AIME2026-TR/27|g13,1
R1-distill,Qwen3.5-9B,aime2026_tr,truncated,Qwen3.5-9B|aime2026_tr|AIME2026-TR/27|g51,1
R1-distill,Qwen3.5-9B,aime2026_tr,truncated,Qwen3.5-9B|aime2026_tr|AIME2026-TR/28|g2,1
R1-distill,Qwen3.5-9B,aime2026_tr,truncated,Qwen3.5-9B|aime2026_tr|AIME2026-TR/28|g59,1
R1-distill,Qwen3.5-9B,aime2026_tr,truncated,Qwen3.5-9B|aime2026_tr|AIME2026-TR/29|g11,0
R1-distill,Qwen3.5-9B,aime2026_tr,truncated,Qwen3.5-9B|aime2026_tr|AIME2026-TR/2|g12,1
R1-distill,Qwen3.5-9B,aime2026_tr,truncated,Qwen3.5-9B|aime2026_tr|AIME2026-TR/2|g22,1
R1-distill,Qwen3.5-9B,aime2026_tr,truncated,Qwen3.5-9B|aime2026_tr|AIME2026-TR/2|g36,1
R1-distill,Qwen3.5-9B,aime2026_tr,truncated,Qwen3.5-9B|aime2026_tr|AIME2026-TR/2|g6,1
R1-distill,Qwen3.5-9B,aime2026_tr,truncated,Qwen3.5-9B|aime2026_tr|AIME2026-TR/3|g13,1
R1-distill,Qwen3.5-9B,aime2026_tr,truncated,Qwen3.5-9B|aime2026_tr|AIME2026-TR/3|g42,1
R1-distill,Qwen3.5-9B,aime2026_tr,truncated,Qwen3.5-9B|aime2026_tr|AIME2026-TR/3|g51,1
R1-distill,Qwen3.5-9B,aime2026_tr,truncated,Qwen3.5-9B|aime2026_tr|AIME2026-TR/4|g49,1
R1-distill,Qwen3.5-9B,aime2026_tr,truncated,Qwen3.5-9B|aime2026_tr|AIME2026-TR/4|g57,1
R1-distill,Qwen3.5-9B,aime2026_tr,truncated,Qwen3.5-9B|aime2026_tr|AIME2026-TR/5|g24,1
R1-distill,Qwen3.5-9B,aime2026_tr,truncated,Qwen3.5-9B|aime2026_tr|AIME2026-TR/5|g36,1
R1-distill,Qwen3.5-9B,aime2026_tr,truncated,Qwen3.5-9B|aime2026_tr|AIME2026-TR/5|g4,1
R1-distill,Qwen3.5-9B,aime2026_tr,truncated,Qwen3.5-9B|aime2026_tr|AIME2026-TR/5|g61,1
R1-distill,Qwen3.5-9B,aime2026_tr,truncated,Qwen3.5-9B|aime2026_tr|AIME2026-TR/6|g16,1
R1-distill,Qwen3.5-9B,aime2026_tr,truncated,Qwen3.5-9B|aime2026_tr|AIME2026-TR/6|g4,1
R1-distill,Qwen3.5-9B,aime2026_tr,truncated,Qwen3.5-9B|aime2026_tr|AIME2026-TR/6|g52,1
R1-distill,Qwen3.5-9B,aime2026_tr,truncated,Qwen3.5-9B|aime2026_tr|AIME2026-TR/6|g56,1
R1-distill,Qwen3.5-9B,aime2026_tr,truncated,Qwen3.5-9B|aime2026_tr|AIME2026-TR/7|g23,1
R1-distill,Qwen3.5-9B,aime2026_tr,truncated,Qwen3.5-9B|aime2026_tr|AIME2026-TR/7|g32,1
R1-distill,Qwen3.5-9B,aime2026_tr,truncated,Qwen3.5-9B|aime2026_tr|AIME2026-TR/7|g37,1
R1-distill,Qwen3.5-9B,aime2026_tr,truncated,Qwen3.5-9B|aime2026_tr|AIME2026-TR/7|g49,1
R1-distill,Qwen3.5-9B,aime2026_tr,truncated,Qwen3.5-9B|aime2026_tr|AIME2026-TR/9|g42,1
R1-distill,Qwen3.5-9B,aime2026_tr,truncated,Qwen3.5-9B|aime2026_tr|AIME2026-TR/9|g50,1
R1-distill,Qwen3.5-9B,pt_exams_math,boxed_only,Qwen3.5-9B|pt_exams_math|pt_exams_math/101|g11,1
R1-distill,Qwen3.5-9B,pt_exams_math,boxed_only,Qwen3.5-9B|pt_exams_math|pt_exams_math/103|g1,1
R1-distill,Qwen3.5-9B,pt_exams_math,boxed_only,Qwen3.5-9B|pt_exams_math|pt_exams_math/106|g14,1
R1-distill,Qwen3.5-9B,pt_exams_math,boxed_only,Qwen3.5-9B|pt_exams_math|pt_exams_math/107|g0,1
R1-distill,Qwen3.5-9B,pt_exams_math,boxed_only,Qwen3.5-9B|pt_exams_math|pt_exams_math/109|g2,1
R1-distill,Qwen3.5-9B,pt_exams_math,boxed_only,Qwen3.5-9B|pt_exams_math|pt_exams_math/10|g14,0
R1-distill,Qwen3.5-9B,pt_exams_math,boxed_only,Qwen3.5-9B|pt_exams_math|pt_exams_math/110|g12,0
R1-distill,Qwen3.5-9B,pt_exams_math,boxed_only,Qwen3.5-9B|pt_exams_math|pt_exams_math/112|g7,1
R1-distill,Qwen3.5-9B,pt_exams_math,boxed_only,Qwen3.5-9B|pt_exams_math|pt_exams_math/113|g14,1
R1-distill,Qwen3.5-9B,pt_exams_math,boxed_only,Qwen3.5-9B|pt_exams_math|pt_exams_math/118|g11,1
R1-distill,Qwen3.5-9B,pt_exams_math,boxed_only,Qwen3.5-9B|pt_exams_math|pt_exams_math/119|g12,1
R1-distill,Qwen3.5-9B,pt_exams_math,boxed_only,Qwen3.5-9B|pt_exams_math|pt_exams_math/121|g14,1
R1-distill,Qwen3.5-9B,pt_exams_math,boxed_only,Qwen3.5-9B|pt_exams_math|pt_exams_math/125|g6,0
R1-distill,Qwen3.5-9B,pt_exams_math,boxed_only,Qwen3.5-9B|pt_exams_math|pt_exams_math/126|g13,1
R1-distill,Qwen3.5-9B,pt_exams_math,boxed_only,Qwen3.5-9B|pt_exams_math|pt_exams_math/128|g12,0
R1-distill,Qwen3.5-9B,pt_exams_math,boxed_only,Qwen3.5-9B|pt_exams_math|pt_exams_math/130|g13,1
R1-distill,Qwen3.5-9B,pt_exams_math,boxed_only,Qwen3.5-9B|pt_exams_math|pt_exams_math/133|g6,1
R1-distill,Qwen3.5-9B,pt_exams_math,boxed_only,Qwen3.5-9B|pt_exams_math|pt_exams_math/134|g5,1
R1-distill,Qwen3.5-9B,pt_exams_math,boxed_only,Qwen3.5-9B|pt_exams_math|pt_exams_math/138|g6,1
R1-distill,Qwen3.5-9B,pt_exams_math,boxed_only,Qwen3.5-9B|pt_exams_math|pt_exams_math/141|g2,1
R1-distill,Qwen3.5-9B,pt_exams_math,boxed_only,Qwen3.5-9B|pt_exams_math|pt_exams_math/146|g8,0
R1-distill,Qwen3.5-9B,pt_exams_math,boxed_only,Qwen3.5-9B|pt_exams_math|pt_exams_math/147|g1,1
R1-distill,Qwen3.5-9B,pt_exams_math,boxed_only,Qwen3.5-9B|pt_exams_math|pt_exams_math/151|g8,1
R1-distill,Qwen3.5-9B,pt_exams_math,boxed_only,Qwen3.5-9B|pt_exams_math|pt_exams_math/152|g2,1
R1-distill,Qwen3.5-9B,pt_exams_math,boxed_only,Qwen3.5-9B|pt_exams_math|pt_exams_math/155|g15,0
R1-distill,Qwen3.5-9B,pt_exams_math,boxed_only,Qwen3.5-9B|pt_exams_math|pt_exams_math/156|g15,1
R1-distill,Qwen3.5-9B,pt_exams_math,boxed_only,Qwen3.5-9B|pt_exams_math|pt_exams_math/159|g8,1
R1-distill,Qwen3.5-9B,pt_exams_math,boxed_only,Qwen3.5-9B|pt_exams_math|pt_exams_math/15|g12,1
R1-distill,Qwen3.5-9B,pt_exams_math,boxed_only,Qwen3.5-9B|pt_exams_math|pt_exams_math/160|g1,1
R1-distill,Qwen3.5-9B,pt_exams_math,boxed_only,Qwen3.5-9B|pt_exams_math|pt_exams_math/19|g0,0
R1-distill,Qwen3.5-9B,pt_exams_math,boxed_only,Qwen3.5-9B|pt_exams_math|pt_exams_math/1|g12,0
R1-distill,Qwen3.5-9B,pt_exams_math,boxed_only,Qwen3.5-9B|pt_exams_math|pt_exams_math/21|g8,0
R1-distill,Qwen3.5-9B,pt_exams_math,boxed_only,Qwen3.5-9B|pt_exams_math|pt_exams_math/24|g14,1
R1-distill,Qwen3.5-9B,pt_exams_math,boxed_only,Qwen3.5-9B|pt_exams_math|pt_exams_math/26|g10,1
R1-distill,Qwen3.5-9B,pt_exams_math,boxed_only,Qwen3.5-9B|pt_exams_math|pt_exams_math/27|g8,1
R1-distill,Qwen3.5-9B,pt_exams_math,boxed_only,Qwen3.5-9B|pt_exams_math|pt_exams_math/28|g1,1
R1-distill,Qwen3.5-9B,pt_exams_math,boxed_only,Qwen3.5-9B|pt_exams_math|pt_exams_math/30|g11,1
R1-distill,Qwen3.5-9B,pt_exams_math,boxed_only,Qwen3.5-9B|pt_exams_math|pt_exams_math/31|g13,1
R1-distill,Qwen3.5-9B,pt_exams_math,boxed_only,Qwen3.5-9B|pt_exams_math|pt_exams_math/32|g13,1
R1-distill,Qwen3.5-9B,pt_exams_math,boxed_only,Qwen3.5-9B|pt_exams_math|pt_exams_math/35|g9,1
R1-distill,Qwen3.5-9B,pt_exams_math,boxed_only,Qwen3.5-9B|pt_exams_math|pt_exams_math/36|g7,1
R1-distill,Qwen3.5-9B,pt_exams_math,boxed_only,Qwen3.5-9B|pt_exams_math|pt_exams_math/3|g0,1
R1-distill,Qwen3.5-9B,pt_exams_math,boxed_only,Qwen3.5-9B|pt_exams_math|pt_exams_math/44|g12,1
R1-distill,Qwen3.5-9B,pt_exams_math,boxed_only,Qwen3.5-9B|pt_exams_math|pt_exams_math/45|g15,1
R1-distill,Qwen3.5-9B,pt_exams_math,boxed_only,Qwen3.5-9B|pt_exams_math|pt_exams_math/47|g4,1
R1-distill,Qwen3.5-9B,pt_exams_math,boxed_only,Qwen3.5-9B|pt_exams_math|pt_exams_math/48|g11,1
R1-distill,Qwen3.5-9B,pt_exams_math,boxed_only,Qwen3.5-9B|pt_exams_math|pt_exams_math/50|g14,1
R1-distill,Qwen3.5-9B,pt_exams_math,boxed_only,Qwen3.5-9B|pt_exams_math|pt_exams_math/52|g2,0
R1-distill,Qwen3.5-9B,pt_exams_math,boxed_only,Qwen3.5-9B|pt_exams_math|pt_exams_math/53|g2,1
R1-distill,Qwen3.5-9B,pt_exams_math,boxed_only,Qwen3.5-9B|pt_exams_math|pt_exams_math/54|g8,1
R1-distill,Qwen3.5-9B,pt_exams_math,boxed_only,Qwen3.5-9B|pt_exams_math|pt_exams_math/55|g3,1
R1-distill,Qwen3.5-9B,pt_exams_math,boxed_only,Qwen3.5-9B|pt_exams_math|pt_exams_math/56|g7,1
R1-distill,Qwen3.5-9B,pt_exams_math,boxed_only,Qwen3.5-9B|pt_exams_math|pt_exams_math/59|g4,1
R1-distill,Qwen3.5-9B,pt_exams_math,boxed_only,Qwen3.5-9B|pt_exams_math|pt_exams_math/5|g3,1
R1-distill,Qwen3.5-9B,pt_exams_math,boxed_only,Qwen3.5-9B|pt_exams_math|pt_exams_math/60|g6,1
R1-distill,Qwen3.5-9B,pt_exams_math,boxed_only,Qwen3.5-9B|pt_exams_math|pt_exams_math/63|g10,1
R1-distill,Qwen3.5-9B,pt_exams_math,boxed_only,Qwen3.5-9B|pt_exams_math|pt_exams_math/65|g11,1
R1-distill,Qwen3.5-9B,pt_exams_math,boxed_only,Qwen3.5-9B|pt_exams_math|pt_exams_math/68|g4,0
R1-distill,Qwen3.5-9B,pt_exams_math,boxed_only,Qwen3.5-9B|pt_exams_math|pt_exams_math/69|g7,0
R1-distill,Qwen3.5-9B,pt_exams_math,boxed_only,Qwen3.5-9B|pt_exams_math|pt_exams_math/71|g3,0
R1-distill,Qwen3.5-9B,pt_exams_math,boxed_only,Qwen3.5-9B|pt_exams_math|pt_exams_math/75|g7,1
R1-distill,Qwen3.5-9B,pt_exams_math,boxed_only,Qwen3.5-9B|pt_exams_math|pt_exams_math/77|g1,1
R1-distill,Qwen3.5-9B,pt_exams_math,boxed_only,Qwen3.5-9B|pt_exams_math|pt_exams_math/79|g8,0
R1-distill,Qwen3.5-9B,pt_exams_math,boxed_only,Qwen3.5-9B|pt_exams_math|pt_exams_math/7|g11,1
R1-distill,Qwen3.5-9B,pt_exams_math,boxed_only,Qwen3.5-9B|pt_exams_math|pt_exams_math/86|g0,1
R1-distill,Qwen3.5-9B,pt_exams_math,boxed_only,Qwen3.5-9B|pt_exams_math|pt_exams_math/87|g8,0
R1-distill,Qwen3.5-9B,pt_exams_math,boxed_only,Qwen3.5-9B|pt_exams_math|pt_exams_math/88|g6,1
R1-distill,Qwen3.5-9B,pt_exams_math,boxed_only,Qwen3.5-9B|pt_exams_math|pt_exams_math/89|g10,1
R1-distill,Qwen3.5-9B,pt_exams_math,boxed_only,Qwen3.5-9B|pt_exams_math|pt_exams_math/90|g10,1
R1-distill,Qwen3.5-9B,pt_exams_math,boxed_only,Qwen3.5-9B|pt_exams_math|pt_exams_math/97|g14,1
R1-distill,Qwen3.5-9B,pt_exams_math,boxed_only,Qwen3.5-9B|pt_exams_math|pt_exams_math/99|g9,1
R1-distill,Qwen3.5-9B,pt_exams_math,boxed_only,Qwen3.5-9B|pt_exams_math|pt_exams_math/9|g1,1
R1-distill,Qwen3.5-9B,pt_exams_math,clean,Qwen3.5-9B|pt_exams_math|pt_exams_math/101|g11,1
R1-distill,Qwen3.5-9B,pt_exams_math,clean,Qwen3.5-9B|pt_exams_math|pt_exams_math/103|g1,1
R1-distill,Qwen3.5-9B,pt_exams_math,clean,Qwen3.5-9B|pt_exams_math|pt_exams_math/106|g14,1
R1-distill,Qwen3.5-9B,pt_exams_math,clean,Qwen3.5-9B|pt_exams_math|pt_exams_math/107|g0,1
R1-distill,Qwen3.5-9B,pt_exams_math,clean,Qwen3.5-9B|pt_exams_math|pt_exams_math/109|g2,1
R1-distill,Qwen3.5-9B,pt_exams_math,clean,Qwen3.5-9B|pt_exams_math|pt_exams_math/10|g14,1
R1-distill,Qwen3.5-9B,pt_exams_math,clean,Qwen3.5-9B|pt_exams_math|pt_exams_math/110|g12,1
R1-distill,Qwen3.5-9B,pt_exams_math,clean,Qwen3.5-9B|pt_exams_math|pt_exams_math/112|g7,1
R1-distill,Qwen3.5-9B,pt_exams_math,clean,Qwen3.5-9B|pt_exams_math|pt_exams_math/113|g14,1
R1-distill,Qwen3.5-9B,pt_exams_math,clean,Qwen3.5-9B|pt_exams_math|pt_exams_math/118|g11,1
R1-distill,Qwen3.5-9B,pt_exams_math,clean,Qwen3.5-9B|pt_exams_math|pt_exams_math/119|g12,1
R1-distill,Qwen3.5-9B,pt_exams_math,clean,Qwen3.5-9B|pt_exams_math|pt_exams_math/121|g14,1
R1-distill,Qwen3.5-9B,pt_exams_math,clean,Qwen3.5-9B|pt_exams_math|pt_exams_math/125|g6,1
R1-distill,Qwen3.5-9B,pt_exams_math,clean,Qwen3.5-9B|pt_exams_math|pt_exams_math/126|g13,1
R1-distill,Qwen3.5-9B,pt_exams_math,clean,Qwen3.5-9B|pt_exams_math|pt_exams_math/128|g12,1
R1-distill,Qwen3.5-9B,pt_exams_math,clean,Qwen3.5-9B|pt_exams_math|pt_exams_math/130|g13,1
R1-distill,Qwen3.5-9B,pt_exams_math,clean,Qwen3.5-9B|pt_exams_math|pt_exams_math/133|g6,1
R1-distill,Qwen3.5-9B,pt_exams_math,clean,Qwen3.5-9B|pt_exams_math|pt_exams_math/134|g5,1
R1-distill,Qwen3.5-9B,pt_exams_math,clean,Qwen3.5-9B|pt_exams_math|pt_exams_math/138|g6,1
R1-distill,Qwen3.5-9B,pt_exams_math,clean,Qwen3.5-9B|pt_exams_math|pt_exams_math/141|g2,1
R1-distill,Qwen3.5-9B,pt_exams_math,clean,Qwen3.5-9B|pt_exams_math|pt_exams_math/146|g8,1
R1-distill,Qwen3.5-9B,pt_exams_math,clean,Qwen3.5-9B|pt_exams_math|pt_exams_math/147|g1,1
R1-distill,Qwen3.5-9B,pt_exams_math,clean,Qwen3.5-9B|pt_exams_math|pt_exams_math/151|g8,1
R1-distill,Qwen3.5-9B,pt_exams_math,clean,Qwen3.5-9B|pt_exams_math|pt_exams_math/152|g2,1
R1-distill,Qwen3.5-9B,pt_exams_math,clean,Qwen3.5-9B|pt_exams_math|pt_exams_math/155|g15,1
R1-distill,Qwen3.5-9B,pt_exams_math,clean,Qwen3.5-9B|pt_exams_math|pt_exams_math/156|g15,1
R1-distill,Qwen3.5-9B,pt_exams_math,clean,Qwen3.5-9B|pt_exams_math|pt_exams_math/159|g8,1
R1-distill,Qwen3.5-9B,pt_exams_math,clean,Qwen3.5-9B|pt_exams_math|pt_exams_math/15|g12,1
R1-distill,Qwen3.5-9B,pt_exams_math,clean,Qwen3.5-9B|pt_exams_math|pt_exams_math/160|g1,1
R1-distill,Qwen3.5-9B,pt_exams_math,clean,Qwen3.5-9B|pt_exams_math|pt_exams_math/19|g0,1
R1-distill,Qwen3.5-9B,pt_exams_math,clean,Qwen3.5-9B|pt_exams_math|pt_exams_math/1|g12,1
R1-distill,Qwen3.5-9B,pt_exams_math,clean,Qwen3.5-9B|pt_exams_math|pt_exams_math/21|g8,1
R1-distill,Qwen3.5-9B,pt_exams_math,clean,Qwen3.5-9B|pt_exams_math|pt_exams_math/24|g14,1
R1-distill,Qwen3.5-9B,pt_exams_math,clean,Qwen3.5-9B|pt_exams_math|pt_exams_math/26|g10,1
R1-distill,Qwen3.5-9B,pt_exams_math,clean,Qwen3.5-9B|pt_exams_math|pt_exams_math/27|g8,1
R1-distill,Qwen3.5-9B,pt_exams_math,clean,Qwen3.5-9B|pt_exams_math|pt_exams_math/28|g1,1
R1-distill,Qwen3.5-9B,pt_exams_math,clean,Qwen3.5-9B|pt_exams_math|pt_exams_math/30|g11,1
R1-distill,Qwen3.5-9B,pt_exams_math,clean,Qwen3.5-9B|pt_exams_math|pt_exams_math/31|g13,1
R1-distill,Qwen3.5-9B,pt_exams_math,clean,Qwen3.5-9B|pt_exams_math|pt_exams_math/32|g13,1
R1-distill,Qwen3.5-9B,pt_exams_math,clean,Qwen3.5-9B|pt_exams_math|pt_exams_math/35|g9,1
R1-distill,Qwen3.5-9B,pt_exams_math,clean,Qwen3.5-9B|pt_exams_math|pt_exams_math/36|g7,1
R1-distill,Qwen3.5-9B,pt_exams_math,clean,Qwen3.5-9B|pt_exams_math|pt_exams_math/3|g0,0
R1-distill,Qwen3.5-9B,pt_exams_math,clean,Qwen3.5-9B|pt_exams_math|pt_exams_math/44|g12,1
R1-distill,Qwen3.5-9B,pt_exams_math,clean,Qwen3.5-9B|pt_exams_math|pt_exams_math/45|g15,1
R1-distill,Qwen3.5-9B,pt_exams_math,clean,Qwen3.5-9B|pt_exams_math|pt_exams_math/47|g4,1
R1-distill,Qwen3.5-9B,pt_exams_math,clean,Qwen3.5-9B|pt_exams_math|pt_exams_math/48|g11,1
R1-distill,Qwen3.5-9B,pt_exams_math,clean,Qwen3.5-9B|pt_exams_math|pt_exams_math/50|g14,1
R1-distill,Qwen3.5-9B,pt_exams_math,clean,Qwen3.5-9B|pt_exams_math|pt_exams_math/52|g2,1
R1-distill,Qwen3.5-9B,pt_exams_math,clean,Qwen3.5-9B|pt_exams_math|pt_exams_math/53|g2,1
R1-distill,Qwen3.5-9B,pt_exams_math,clean,Qwen3.5-9B|pt_exams_math|pt_exams_math/54|g8,1
R1-distill,Qwen3.5-9B,pt_exams_math,clean,Qwen3.5-9B|pt_exams_math|pt_exams_math/55|g3,1
R1-distill,Qwen3.5-9B,pt_exams_math,clean,Qwen3.5-9B|pt_exams_math|pt_exams_math/56|g7,1
R1-distill,Qwen3.5-9B,pt_exams_math,clean,Qwen3.5-9B|pt_exams_math|pt_exams_math/59|g4,1
R1-distill,Qwen3.5-9B,pt_exams_math,clean,Qwen3.5-9B|pt_exams_math|pt_exams_math/5|g3,1
R1-distill,Qwen3.5-9B,pt_exams_math,clean,Qwen3.5-9B|pt_exams_math|pt_exams_math/60|g6,1
R1-distill,Qwen3.5-9B,pt_exams_math,clean,Qwen3.5-9B|pt_exams_math|pt_exams_math/63|g10,1
R1-distill,Qwen3.5-9B,pt_exams_math,clean,Qwen3.5-9B|pt_exams_math|pt_exams_math/65|g11,1
R1-distill,Qwen3.5-9B,pt_exams_math,clean,Qwen3.5-9B|pt_exams_math|pt_exams_math/68|g4,1
R1-distill,Qwen3.5-9B,pt_exams_math,clean,Qwen3.5-9B|pt_exams_math|pt_exams_math/69|g7,1
R1-distill,Qwen3.5-9B,pt_exams_math,clean,Qwen3.5-9B|pt_exams_math|pt_exams_math/71|g3,1
R1-distill,Qwen3.5-9B,pt_exams_math,clean,Qwen3.5-9B|pt_exams_math|pt_exams_math/75|g7,1
R1-distill,Qwen3.5-9B,pt_exams_math,clean,Qwen3.5-9B|pt_exams_math|pt_exams_math/77|g1,0
R1-distill,Qwen3.5-9B,pt_exams_math,clean,Qwen3.5-9B|pt_exams_math|pt_exams_math/79|g8,1
R1-distill,Qwen3.5-9B,pt_exams_math,clean,Qwen3.5-9B|pt_exams_math|pt_exams_math/7|g11,1
R1-distill,Qwen3.5-9B,pt_exams_math,clean,Qwen3.5-9B|pt_exams_math|pt_exams_math/86|g0,1
R1-distill,Qwen3.5-9B,pt_exams_math,clean,Qwen3.5-9B|pt_exams_math|pt_exams_math/87|g8,1
R1-distill,Qwen3.5-9B,pt_exams_math,clean,Qwen3.5-9B|pt_exams_math|pt_exams_math/88|g6,1
R1-distill,Qwen3.5-9B,pt_exams_math,clean,Qwen3.5-9B|pt_exams_math|pt_exams_math/89|g10,1
R1-distill,Qwen3.5-9B,pt_exams_math,clean,Qwen3.5-9B|pt_exams_math|pt_exams_math/90|g10,1
R1-distill,Qwen3.5-9B,pt_exams_math,clean,Qwen3.5-9B|pt_exams_math|pt_exams_math/97|g14,1
R1-distill,Qwen3.5-9B,pt_exams_math,clean,Qwen3.5-9B|pt_exams_math|pt_exams_math/99|g9,1
R1-distill,Qwen3.5-9B,pt_exams_math,clean,Qwen3.5-9B|pt_exams_math|pt_exams_math/9|g1,1
R1-distill,Qwen3.5-9B,pt_exams_math,consistent_error,Qwen3.5-9B|pt_exams_math|pt_exams_math/101|g11,1
R1-distill,Qwen3.5-9B,pt_exams_math,consistent_error,Qwen3.5-9B|pt_exams_math|pt_exams_math/103|g1,0
R1-distill,Qwen3.5-9B,pt_exams_math,consistent_error,Qwen3.5-9B|pt_exams_math|pt_exams_math/106|g14,1
R1-distill,Qwen3.5-9B,pt_exams_math,consistent_error,Qwen3.5-9B|pt_exams_math|pt_exams_math/107|g0,0
R1-distill,Qwen3.5-9B,pt_exams_math,consistent_error,Qwen3.5-9B|pt_exams_math|pt_exams_math/109|g2,0
R1-distill,Qwen3.5-9B,pt_exams_math,consistent_error,Qwen3.5-9B|pt_exams_math|pt_exams_math/10|g14,0
R1-distill,Qwen3.5-9B,pt_exams_math,consistent_error,Qwen3.5-9B|pt_exams_math|pt_exams_math/110|g12,0
R1-distill,Qwen3.5-9B,pt_exams_math,consistent_error,Qwen3.5-9B|pt_exams_math|pt_exams_math/112|g7,1
R1-distill,Qwen3.5-9B,pt_exams_math,consistent_error,Qwen3.5-9B|pt_exams_math|pt_exams_math/113|g14,0
R1-distill,Qwen3.5-9B,pt_exams_math,consistent_error,Qwen3.5-9B|pt_exams_math|pt_exams_math/118|g11,0
R1-distill,Qwen3.5-9B,pt_exams_math,consistent_error,Qwen3.5-9B|pt_exams_math|pt_exams_math/119|g12,1
R1-distill,Qwen3.5-9B,pt_exams_math,consistent_error,Qwen3.5-9B|pt_exams_math|pt_exams_math/121|g14,1
R1-distill,Qwen3.5-9B,pt_exams_math,consistent_error,Qwen3.5-9B|pt_exams_math|pt_exams_math/125|g6,1
R1-distill,Qwen3.5-9B,pt_exams_math,consistent_error,Qwen3.5-9B|pt_exams_math|pt_exams_math/126|g13,0
R1-distill,Qwen3.5-9B,pt_exams_math,consistent_error,Qwen3.5-9B|pt_exams_math|pt_exams_math/128|g12,1
R1-distill,Qwen3.5-9B,pt_exams_math,consistent_error,Qwen3.5-9B|pt_exams_math|pt_exams_math/130|g13,1
R1-distill,Qwen3.5-9B,pt_exams_math,consistent_error,Qwen3.5-9B|pt_exams_math|pt_exams_math/133|g6,0
R1-distill,Qwen3.5-9B,pt_exams_math,consistent_error,Qwen3.5-9B|pt_exams_math|pt_exams_math/134|g5,0
R1-distill,Qwen3.5-9B,pt_exams_math,consistent_error,Qwen3.5-9B|pt_exams_math|pt_exams_math/138|g6,0
R1-distill,Qwen3.5-9B,pt_exams_math,consistent_error,Qwen3.5-9B|pt_exams_math|pt_exams_math/141|g2,1
R1-distill,Qwen3.5-9B,pt_exams_math,consistent_error,Qwen3.5-9B|pt_exams_math|pt_exams_math/146|g8,0
R1-distill,Qwen3.5-9B,pt_exams_math,consistent_error,Qwen3.5-9B|pt_exams_math|pt_exams_math/147|g1,1
R1-distill,Qwen3.5-9B,pt_exams_math,consistent_error,Qwen3.5-9B|pt_exams_math|pt_exams_math/151|g8,0
R1-distill,Qwen3.5-9B,pt_exams_math,consistent_error,Qwen3.5-9B|pt_exams_math|pt_exams_math/152|g2,1
R1-distill,Qwen3.5-9B,pt_exams_math,consistent_error,Qwen3.5-9B|pt_exams_math|pt_exams_math/155|g15,0
R1-distill,Qwen3.5-9B,pt_exams_math,consistent_error,Qwen3.5-9B|pt_exams_math|pt_exams_math/156|g15,1
R1-distill,Qwen3.5-9B,pt_exams_math,consistent_error,Qwen3.5-9B|pt_exams_math|pt_exams_math/159|g8,1
R1-distill,Qwen3.5-9B,pt_exams_math,consistent_error,Qwen3.5-9B|pt_exams_math|pt_exams_math/15|g12,1
R1-distill,Qwen3.5-9B,pt_exams_math,consistent_error,Qwen3.5-9B|pt_exams_math|pt_exams_math/160|g1,1
R1-distill,Qwen3.5-9B,pt_exams_math,consistent_error,Qwen3.5-9B|pt_exams_math|pt_exams_math/19|g0,0
R1-distill,Qwen3.5-9B,pt_exams_math,consistent_error,Qwen3.5-9B|pt_exams_math|pt_exams_math/1|g12,0
R1-distill,Qwen3.5-9B,pt_exams_math,consistent_error,Qwen3.5-9B|pt_exams_math|pt_exams_math/21|g8,1
R1-distill,Qwen3.5-9B,pt_exams_math,consistent_error,Qwen3.5-9B|pt_exams_math|pt_exams_math/24|g14,1
R1-distill,Qwen3.5-9B,pt_exams_math,consistent_error,Qwen3.5-9B|pt_exams_math|pt_exams_math/26|g10,0
R1-distill,Qwen3.5-9B,pt_exams_math,consistent_error,Qwen3.5-9B|pt_exams_math|pt_exams_math/27|g8,1
R1-distill,Qwen3.5-9B,pt_exams_math,consistent_error,Qwen3.5-9B|pt_exams_math|pt_exams_math/28|g1,0
R1-distill,Qwen3.5-9B,pt_exams_math,consistent_error,Qwen3.5-9B|pt_exams_math|pt_exams_math/30|g11,0
R1-distill,Qwen3.5-9B,pt_exams_math,consistent_error,Qwen3.5-9B|pt_exams_math|pt_exams_math/31|g13,1
R1-distill,Qwen3.5-9B,pt_exams_math,consistent_error,Qwen3.5-9B|pt_exams_math|pt_exams_math/32|g13,0
R1-distill,Qwen3.5-9B,pt_exams_math,consistent_error,Qwen3.5-9B|pt_exams_math|pt_exams_math/35|g9,0
R1-distill,Qwen3.5-9B,pt_exams_math,consistent_error,Qwen3.5-9B|pt_exams_math|pt_exams_math/36|g7,0
R1-distill,Qwen3.5-9B,pt_exams_math,consistent_error,Qwen3.5-9B|pt_exams_math|pt_exams_math/3|g0,0
R1-distill,Qwen3.5-9B,pt_exams_math,consistent_error,Qwen3.5-9B|pt_exams_math|pt_exams_math/44|g12,1
R1-distill,Qwen3.5-9B,pt_exams_math,consistent_error,Qwen3.5-9B|pt_exams_math|pt_exams_math/45|g15,0
R1-distill,Qwen3.5-9B,pt_exams_math,consistent_error,Qwen3.5-9B|pt_exams_math|pt_exams_math/47|g4,0
R1-distill,Qwen3.5-9B,pt_exams_math,consistent_error,Qwen3.5-9B|pt_exams_math|pt_exams_math/48|g11,1
R1-distill,Qwen3.5-9B,pt_exams_math,consistent_error,Qwen3.5-9B|pt_exams_math|pt_exams_math/50|g14,1
R1-distill,Qwen3.5-9B,pt_exams_math,consistent_error,Qwen3.5-9B|pt_exams_math|pt_exams_math/52|g2,1
R1-distill,Qwen3.5-9B,pt_exams_math,consistent_error,Qwen3.5-9B|pt_exams_math|pt_exams_math/53|g2,1
R1-distill,Qwen3.5-9B,pt_exams_math,consistent_error,Qwen3.5-9B|pt_exams_math|pt_exams_math/54|g8,0
R1-distill,Qwen3.5-9B,pt_exams_math,consistent_error,Qwen3.5-9B|pt_exams_math|pt_exams_math/55|g3,0
R1-distill,Qwen3.5-9B,pt_exams_math,consistent_error,Qwen3.5-9B|pt_exams_math|pt_exams_math/56|g7,1
R1-distill,Qwen3.5-9B,pt_exams_math,consistent_error,Qwen3.5-9B|pt_exams_math|pt_exams_math/59|g4,1
R1-distill,Qwen3.5-9B,pt_exams_math,consistent_error,Qwen3.5-9B|pt_exams_math|pt_exams_math/5|g3,0
R1-distill,Qwen3.5-9B,pt_exams_math,consistent_error,Qwen3.5-9B|pt_exams_math|pt_exams_math/60|g6,1
R1-distill,Qwen3.5-9B,pt_exams_math,consistent_error,Qwen3.5-9B|pt_exams_math|pt_exams_math/63|g10,0
R1-distill,Qwen3.5-9B,pt_exams_math,consistent_error,Qwen3.5-9B|pt_exams_math|pt_exams_math/65|g11,1
R1-distill,Qwen3.5-9B,pt_exams_math,consistent_error,Qwen3.5-9B|pt_exams_math|pt_exams_math/68|g4,1
R1-distill,Qwen3.5-9B,pt_exams_math,consistent_error,Qwen3.5-9B|pt_exams_math|pt_exams_math/69|g7,0
R1-distill,Qwen3.5-9B,pt_exams_math,consistent_error,Qwen3.5-9B|pt_exams_math|pt_exams_math/71|g3,0
R1-distill,Qwen3.5-9B,pt_exams_math,consistent_error,Qwen3.5-9B|pt_exams_math|pt_exams_math/75|g7,1
R1-distill,Qwen3.5-9B,pt_exams_math,consistent_error,Qwen3.5-9B|pt_exams_math|pt_exams_math/77|g1,1
R1-distill,Qwen3.5-9B,pt_exams_math,consistent_error,Qwen3.5-9B|pt_exams_math|pt_exams_math/79|g8,0
R1-distill,Qwen3.5-9B,pt_exams_math,consistent_error,Qwen3.5-9B|pt_exams_math|pt_exams_math/7|g11,0
R1-distill,Qwen3.5-9B,pt_exams_math,consistent_error,Qwen3.5-9B|pt_exams_math|pt_exams_math/86|g0,0
R1-distill,Qwen3.5-9B,pt_exams_math,consistent_error,Qwen3.5-9B|pt_exams_math|pt_exams_math/87|g8,0
R1-distill,Qwen3.5-9B,pt_exams_math,consistent_error,Qwen3.5-9B|pt_exams_math|pt_exams_math/88|g6,0
R1-distill,Qwen3.5-9B,pt_exams_math,consistent_error,Qwen3.5-9B|pt_exams_math|pt_exams_math/89|g10,0
R1-distill,Qwen3.5-9B,pt_exams_math,consistent_error,Qwen3.5-9B|pt_exams_math|pt_exams_math/90|g10,1
R1-distill,Qwen3.5-9B,pt_exams_math,consistent_error,Qwen3.5-9B|pt_exams_math|pt_exams_math/97|g14,0
R1-distill,Qwen3.5-9B,pt_exams_math,consistent_error,Qwen3.5-9B|pt_exams_math|pt_exams_math/99|g9,1
R1-distill,Qwen3.5-9B,pt_exams_math,consistent_error,Qwen3.5-9B|pt_exams_math|pt_exams_math/9|g1,0
R1-distill,Qwen3.5-9B,pt_exams_math,intermediate_error,Qwen3.5-9B|pt_exams_math|pt_exams_math/101|g11,1
R1-distill,Qwen3.5-9B,pt_exams_math,intermediate_error,Qwen3.5-9B|pt_exams_math|pt_exams_math/103|g1,1
R1-distill,Qwen3.5-9B,pt_exams_math,intermediate_error,Qwen3.5-9B|pt_exams_math|pt_exams_math/106|g14,1
R1-distill,Qwen3.5-9B,pt_exams_math,intermediate_error,Qwen3.5-9B|pt_exams_math|pt_exams_math/107|g0,1
R1-distill,Qwen3.5-9B,pt_exams_math,intermediate_error,Qwen3.5-9B|pt_exams_math|pt_exams_math/109|g2,1
R1-distill,Qwen3.5-9B,pt_exams_math,intermediate_error,Qwen3.5-9B|pt_exams_math|pt_exams_math/10|g14,1
R1-distill,Qwen3.5-9B,pt_exams_math,intermediate_error,Qwen3.5-9B|pt_exams_math|pt_exams_math/110|g12,1
R1-distill,Qwen3.5-9B,pt_exams_math,intermediate_error,Qwen3.5-9B|pt_exams_math|pt_exams_math/112|g7,1
R1-distill,Qwen3.5-9B,pt_exams_math,intermediate_error,Qwen3.5-9B|pt_exams_math|pt_exams_math/113|g14,1
R1-distill,Qwen3.5-9B,pt_exams_math,intermediate_error,Qwen3.5-9B|pt_exams_math|pt_exams_math/118|g11,1
R1-distill,Qwen3.5-9B,pt_exams_math,intermediate_error,Qwen3.5-9B|pt_exams_math|pt_exams_math/119|g12,1
R1-distill,Qwen3.5-9B,pt_exams_math,intermediate_error,Qwen3.5-9B|pt_exams_math|pt_exams_math/121|g14,1
R1-distill,Qwen3.5-9B,pt_exams_math,intermediate_error,Qwen3.5-9B|pt_exams_math|pt_exams_math/125|g6,1
R1-distill,Qwen3.5-9B,pt_exams_math,intermediate_error,Qwen3.5-9B|pt_exams_math|pt_exams_math/126|g13,1
R1-distill,Qwen3.5-9B,pt_exams_math,intermediate_error,Qwen3.5-9B|pt_exams_math|pt_exams_math/128|g12,1
R1-distill,Qwen3.5-9B,pt_exams_math,intermediate_error,Qwen3.5-9B|pt_exams_math|pt_exams_math/130|g13,1
R1-distill,Qwen3.5-9B,pt_exams_math,intermediate_error,Qwen3.5-9B|pt_exams_math|pt_exams_math/133|g6,1
R1-distill,Qwen3.5-9B,pt_exams_math,intermediate_error,Qwen3.5-9B|pt_exams_math|pt_exams_math/134|g5,1
R1-distill,Qwen3.5-9B,pt_exams_math,intermediate_error,Qwen3.5-9B|pt_exams_math|pt_exams_math/138|g6,1
R1-distill,Qwen3.5-9B,pt_exams_math,intermediate_error,Qwen3.5-9B|pt_exams_math|pt_exams_math/141|g2,1
R1-distill,Qwen3.5-9B,pt_exams_math,intermediate_error,Qwen3.5-9B|pt_exams_math|pt_exams_math/146|g8,1
R1-distill,Qwen3.5-9B,pt_exams_math,intermediate_error,Qwen3.5-9B|pt_exams_math|pt_exams_math/147|g1,1
R1-distill,Qwen3.5-9B,pt_exams_math,intermediate_error,Qwen3.5-9B|pt_exams_math|pt_exams_math/151|g8,1
R1-distill,Qwen3.5-9B,pt_exams_math,intermediate_error,Qwen3.5-9B|pt_exams_math|pt_exams_math/152|g2,1
R1-distill,Qwen3.5-9B,pt_exams_math,intermediate_error,Qwen3.5-9B|pt_exams_math|pt_exams_math/155|g15,1
R1-distill,Qwen3.5-9B,pt_exams_math,intermediate_error,Qwen3.5-9B|pt_exams_math|pt_exams_math/156|g15,1
R1-distill,Qwen3.5-9B,pt_exams_math,intermediate_error,Qwen3.5-9B|pt_exams_math|pt_exams_math/159|g8,1
R1-distill,Qwen3.5-9B,pt_exams_math,intermediate_error,Qwen3.5-9B|pt_exams_math|pt_exams_math/15|g12,1
R1-distill,Qwen3.5-9B,pt_exams_math,intermediate_error,Qwen3.5-9B|pt_exams_math|pt_exams_math/160|g1,1
R1-distill,Qwen3.5-9B,pt_exams_math,intermediate_error,Qwen3.5-9B|pt_exams_math|pt_exams_math/19|g0,1
R1-distill,Qwen3.5-9B,pt_exams_math,intermediate_error,Qwen3.5-9B|pt_exams_math|pt_exams_math/1|g12,1
R1-distill,Qwen3.5-9B,pt_exams_math,intermediate_error,Qwen3.5-9B|pt_exams_math|pt_exams_math/21|g8,1
R1-distill,Qwen3.5-9B,pt_exams_math,intermediate_error,Qwen3.5-9B|pt_exams_math|pt_exams_math/24|g14,1
R1-distill,Qwen3.5-9B,pt_exams_math,intermediate_error,Qwen3.5-9B|pt_exams_math|pt_exams_math/26|g10,1
R1-distill,Qwen3.5-9B,pt_exams_math,intermediate_error,Qwen3.5-9B|pt_exams_math|pt_exams_math/27|g8,1
R1-distill,Qwen3.5-9B,pt_exams_math,intermediate_error,Qwen3.5-9B|pt_exams_math|pt_exams_math/28|g1,1
R1-distill,Qwen3.5-9B,pt_exams_math,intermediate_error,Qwen3.5-9B|pt_exams_math|pt_exams_math/30|g11,1
R1-distill,Qwen3.5-9B,pt_exams_math,intermediate_error,Qwen3.5-9B|pt_exams_math|pt_exams_math/31|g13,1
R1-distill,Qwen3.5-9B,pt_exams_math,intermediate_error,Qwen3.5-9B|pt_exams_math|pt_exams_math/32|g13,1
R1-distill,Qwen3.5-9B,pt_exams_math,intermediate_error,Qwen3.5-9B|pt_exams_math|pt_exams_math/35|g9,1
R1-distill,Qwen3.5-9B,pt_exams_math,intermediate_error,Qwen3.5-9B|pt_exams_math|pt_exams_math/36|g7,1
R1-distill,Qwen3.5-9B,pt_exams_math,intermediate_error,Qwen3.5-9B|pt_exams_math|pt_exams_math/3|g0,1
R1-distill,Qwen3.5-9B,pt_exams_math,intermediate_error,Qwen3.5-9B|pt_exams_math|pt_exams_math/44|g12,1
R1-distill,Qwen3.5-9B,pt_exams_math,intermediate_error,Qwen3.5-9B|pt_exams_math|pt_exams_math/45|g15,1
R1-distill,Qwen3.5-9B,pt_exams_math,intermediate_error,Qwen3.5-9B|pt_exams_math|pt_exams_math/47|g4,1
R1-distill,Qwen3.5-9B,pt_exams_math,intermediate_error,Qwen3.5-9B|pt_exams_math|pt_exams_math/48|g11,1
R1-distill,Qwen3.5-9B,pt_exams_math,intermediate_error,Qwen3.5-9B|pt_exams_math|pt_exams_math/50|g14,1
R1-distill,Qwen3.5-9B,pt_exams_math,intermediate_error,Qwen3.5-9B|pt_exams_math|pt_exams_math/52|g2,1
R1-distill,Qwen3.5-9B,pt_exams_math,intermediate_error,Qwen3.5-9B|pt_exams_math|pt_exams_math/53|g2,1
R1-distill,Qwen3.5-9B,pt_exams_math,intermediate_error,Qwen3.5-9B|pt_exams_math|pt_exams_math/54|g8,1
R1-distill,Qwen3.5-9B,pt_exams_math,intermediate_error,Qwen3.5-9B|pt_exams_math|pt_exams_math/55|g3,1
R1-distill,Qwen3.5-9B,pt_exams_math,intermediate_error,Qwen3.5-9B|pt_exams_math|pt_exams_math/56|g7,1
R1-distill,Qwen3.5-9B,pt_exams_math,intermediate_error,Qwen3.5-9B|pt_exams_math|pt_exams_math/59|g4,1
R1-distill,Qwen3.5-9B,pt_exams_math,intermediate_error,Qwen3.5-9B|pt_exams_math|pt_exams_math/5|g3,1
R1-distill,Qwen3.5-9B,pt_exams_math,intermediate_error,Qwen3.5-9B|pt_exams_math|pt_exams_math/60|g6,1
R1-distill,Qwen3.5-9B,pt_exams_math,intermediate_error,Qwen3.5-9B|pt_exams_math|pt_exams_math/63|g10,1
R1-distill,Qwen3.5-9B,pt_exams_math,intermediate_error,Qwen3.5-9B|pt_exams_math|pt_exams_math/65|g11,1
R1-distill,Qwen3.5-9B,pt_exams_math,intermediate_error,Qwen3.5-9B|pt_exams_math|pt_exams_math/68|g4,1
R1-distill,Qwen3.5-9B,pt_exams_math,intermediate_error,Qwen3.5-9B|pt_exams_math|pt_exams_math/69|g7,1
R1-distill,Qwen3.5-9B,pt_exams_math,intermediate_error,Qwen3.5-9B|pt_exams_math|pt_exams_math/71|g3,1
R1-distill,Qwen3.5-9B,pt_exams_math,intermediate_error,Qwen3.5-9B|pt_exams_math|pt_exams_math/75|g7,1
R1-distill,Qwen3.5-9B,pt_exams_math,intermediate_error,Qwen3.5-9B|pt_exams_math|pt_exams_math/77|g1,1
R1-distill,Qwen3.5-9B,pt_exams_math,intermediate_error,Qwen3.5-9B|pt_exams_math|pt_exams_math/79|g8,1
R1-distill,Qwen3.5-9B,pt_exams_math,intermediate_error,Qwen3.5-9B|pt_exams_math|pt_exams_math/7|g11,1
R1-distill,Qwen3.5-9B,pt_exams_math,intermediate_error,Qwen3.5-9B|pt_exams_math|pt_exams_math/86|g0,1
R1-distill,Qwen3.5-9B,pt_exams_math,intermediate_error,Qwen3.5-9B|pt_exams_math|pt_exams_math/87|g8,1
R1-distill,Qwen3.5-9B,pt_exams_math,intermediate_error,Qwen3.5-9B|pt_exams_math|pt_exams_math/88|g6,1
R1-distill,Qwen3.5-9B,pt_exams_math,intermediate_error,Qwen3.5-9B|pt_exams_math|pt_exams_math/89|g10,1
R1-distill,Qwen3.5-9B,pt_exams_math,intermediate_error,Qwen3.5-9B|pt_exams_math|pt_exams_math/90|g10,1
R1-distill,Qwen3.5-9B,pt_exams_math,intermediate_error,Qwen3.5-9B|pt_exams_math|pt_exams_math/97|g14,1
R1-distill,Qwen3.5-9B,pt_exams_math,intermediate_error,Qwen3.5-9B|pt_exams_math|pt_exams_math/99|g9,1
R1-distill,Qwen3.5-9B,pt_exams_math,intermediate_error,Qwen3.5-9B|pt_exams_math|pt_exams_math/9|g1,1
R1-distill,Qwen3.5-9B,pt_exams_math,truncated,Qwen3.5-9B|pt_exams_math|pt_exams_math/101|g11,1
R1-distill,Qwen3.5-9B,pt_exams_math,truncated,Qwen3.5-9B|pt_exams_math|pt_exams_math/103|g1,1
R1-distill,Qwen3.5-9B,pt_exams_math,truncated,Qwen3.5-9B|pt_exams_math|pt_exams_math/106|g14,1
R1-distill,Qwen3.5-9B,pt_exams_math,truncated,Qwen3.5-9B|pt_exams_math|pt_exams_math/107|g0,1
R1-distill,Qwen3.5-9B,pt_exams_math,truncated,Qwen3.5-9B|pt_exams_math|pt_exams_math/109|g2,1
R1-distill,Qwen3.5-9B,pt_exams_math,truncated,Qwen3.5-9B|pt_exams_math|pt_exams_math/10|g14,1
R1-distill,Qwen3.5-9B,pt_exams_math,truncated,Qwen3.5-9B|pt_exams_math|pt_exams_math/110|g12,1
R1-distill,Qwen3.5-9B,pt_exams_math,truncated,Qwen3.5-9B|pt_exams_math|pt_exams_math/112|g7,1
R1-distill,Qwen3.5-9B,pt_exams_math,truncated,Qwen3.5-9B|pt_exams_math|pt_exams_math/113|g14,1
R1-distill,Qwen3.5-9B,pt_exams_math,truncated,Qwen3.5-9B|pt_exams_math|pt_exams_math/118|g11,1
R1-distill,Qwen3.5-9B,pt_exams_math,truncated,Qwen3.5-9B|pt_exams_math|pt_exams_math/119|g12,1
R1-distill,Qwen3.5-9B,pt_exams_math,truncated,Qwen3.5-9B|pt_exams_math|pt_exams_math/121|g14,1
R1-distill,Qwen3.5-9B,pt_exams_math,truncated,Qwen3.5-9B|pt_exams_math|pt_exams_math/125|g6,1
R1-distill,Qwen3.5-9B,pt_exams_math,truncated,Qwen3.5-9B|pt_exams_math|pt_exams_math/126|g13,1
R1-distill,Qwen3.5-9B,pt_exams_math,truncated,Qwen3.5-9B|pt_exams_math|pt_exams_math/128|g12,1
R1-distill,Qwen3.5-9B,pt_exams_math,truncated,Qwen3.5-9B|pt_exams_math|pt_exams_math/130|g13,1
R1-distill,Qwen3.5-9B,pt_exams_math,truncated,Qwen3.5-9B|pt_exams_math|pt_exams_math/133|g6,1
R1-distill,Qwen3.5-9B,pt_exams_math,truncated,Qwen3.5-9B|pt_exams_math|pt_exams_math/134|g5,1
R1-distill,Qwen3.5-9B,pt_exams_math,truncated,Qwen3.5-9B|pt_exams_math|pt_exams_math/138|g6,1
R1-distill,Qwen3.5-9B,pt_exams_math,truncated,Qwen3.5-9B|pt_exams_math|pt_exams_math/141|g2,1
R1-distill,Qwen3.5-9B,pt_exams_math,truncated,Qwen3.5-9B|pt_exams_math|pt_exams_math/146|g8,1
R1-distill,Qwen3.5-9B,pt_exams_math,truncated,Qwen3.5-9B|pt_exams_math|pt_exams_math/147|g1,1
R1-distill,Qwen3.5-9B,pt_exams_math,truncated,Qwen3.5-9B|pt_exams_math|pt_exams_math/151|g8,1
R1-distill,Qwen3.5-9B,pt_exams_math,truncated,Qwen3.5-9B|pt_exams_math|pt_exams_math/152|g2,1
R1-distill,Qwen3.5-9B,pt_exams_math,truncated,Qwen3.5-9B|pt_exams_math|pt_exams_math/155|g15,1
R1-distill,Qwen3.5-9B,pt_exams_math,truncated,Qwen3.5-9B|pt_exams_math|pt_exams_math/156|g15,1
R1-distill,Qwen3.5-9B,pt_exams_math,truncated,Qwen3.5-9B|pt_exams_math|pt_exams_math/159|g8,1
R1-distill,Qwen3.5-9B,pt_exams_math,truncated,Qwen3.5-9B|pt_exams_math|pt_exams_math/15|g12,1
R1-distill,Qwen3.5-9B,pt_exams_math,truncated,Qwen3.5-9B|pt_exams_math|pt_exams_math/160|g1,1
R1-distill,Qwen3.5-9B,pt_exams_math,truncated,Qwen3.5-9B|pt_exams_math|pt_exams_math/19|g0,1
R1-distill,Qwen3.5-9B,pt_exams_math,truncated,Qwen3.5-9B|pt_exams_math|pt_exams_math/1|g12,1
R1-distill,Qwen3.5-9B,pt_exams_math,truncated,Qwen3.5-9B|pt_exams_math|pt_exams_math/21|g8,1
R1-distill,Qwen3.5-9B,pt_exams_math,truncated,Qwen3.5-9B|pt_exams_math|pt_exams_math/24|g14,1
R1-distill,Qwen3.5-9B,pt_exams_math,truncated,Qwen3.5-9B|pt_exams_math|pt_exams_math/26|g10,1
R1-distill,Qwen3.5-9B,pt_exams_math,truncated,Qwen3.5-9B|pt_exams_math|pt_exams_math/27|g8,1
R1-distill,Qwen3.5-9B,pt_exams_math,truncated,Qwen3.5-9B|pt_exams_math|pt_exams_math/28|g1,1
R1-distill,Qwen3.5-9B,pt_exams_math,truncated,Qwen3.5-9B|pt_exams_math|pt_exams_math/30|g11,1
R1-distill,Qwen3.5-9B,pt_exams_math,truncated,Qwen3.5-9B|pt_exams_math|pt_exams_math/31|g13,1
R1-distill,Qwen3.5-9B,pt_exams_math,truncated,Qwen3.5-9B|pt_exams_math|pt_exams_math/32|g13,1
R1-distill,Qwen3.5-9B,pt_exams_math,truncated,Qwen3.5-9B|pt_exams_math|pt_exams_math/35|g9,1
R1-distill,Qwen3.5-9B,pt_exams_math,truncated,Qwen3.5-9B|pt_exams_math|pt_exams_math/36|g7,1
R1-distill,Qwen3.5-9B,pt_exams_math,truncated,Qwen3.5-9B|pt_exams_math|pt_exams_math/3|g0,1
R1-distill,Qwen3.5-9B,pt_exams_math,truncated,Qwen3.5-9B|pt_exams_math|pt_exams_math/44|g12,1
R1-distill,Qwen3.5-9B,pt_exams_math,truncated,Qwen3.5-9B|pt_exams_math|pt_exams_math/45|g15,1
R1-distill,Qwen3.5-9B,pt_exams_math,truncated,Qwen3.5-9B|pt_exams_math|pt_exams_math/47|g4,1
R1-distill,Qwen3.5-9B,pt_exams_math,truncated,Qwen3.5-9B|pt_exams_math|pt_exams_math/48|g11,1
R1-distill,Qwen3.5-9B,pt_exams_math,truncated,Qwen3.5-9B|pt_exams_math|pt_exams_math/50|g14,1
R1-distill,Qwen3.5-9B,pt_exams_math,truncated,Qwen3.5-9B|pt_exams_math|pt_exams_math/52|g2,1
R1-distill,Qwen3.5-9B,pt_exams_math,truncated,Qwen3.5-9B|pt_exams_math|pt_exams_math/53|g2,1
R1-distill,Qwen3.5-9B,pt_exams_math,truncated,Qwen3.5-9B|pt_exams_math|pt_exams_math/54|g8,1
R1-distill,Qwen3.5-9B,pt_exams_math,truncated,Qwen3.5-9B|pt_exams_math|pt_exams_math/55|g3,1
R1-distill,Qwen3.5-9B,pt_exams_math,truncated,Qwen3.5-9B|pt_exams_math|pt_exams_math/56|g7,1
R1-distill,Qwen3.5-9B,pt_exams_math,truncated,Qwen3.5-9B|pt_exams_math|pt_exams_math/59|g4,1
R1-distill,Qwen3.5-9B,pt_exams_math,truncated,Qwen3.5-9B|pt_exams_math|pt_exams_math/5|g3,1
R1-distill,Qwen3.5-9B,pt_exams_math,truncated,Qwen3.5-9B|pt_exams_math|pt_exams_math/60|g6,1
R1-distill,Qwen3.5-9B,pt_exams_math,truncated,Qwen3.5-9B|pt_exams_math|pt_exams_math/63|g10,1
R1-distill,Qwen3.5-9B,pt_exams_math,truncated,Qwen3.5-9B|pt_exams_math|pt_exams_math/65|g11,1
R1-distill,Qwen3.5-9B,pt_exams_math,truncated,Qwen3.5-9B|pt_exams_math|pt_exams_math/68|g4,1
R1-distill,Qwen3.5-9B,pt_exams_math,truncated,Qwen3.5-9B|pt_exams_math|pt_exams_math/69|g7,1
R1-distill,Qwen3.5-9B,pt_exams_math,truncated,Qwen3.5-9B|pt_exams_math|pt_exams_math/71|g3,1
R1-distill,Qwen3.5-9B,pt_exams_math,truncated,Qwen3.5-9B|pt_exams_math|pt_exams_math/75|g7,1
R1-distill,Qwen3.5-9B,pt_exams_math,truncated,Qwen3.5-9B|pt_exams_math|pt_exams_math/77|g1,1
R1-distill,Qwen3.5-9B,pt_exams_math,truncated,Qwen3.5-9B|pt_exams_math|pt_exams_math/79|g8,1
R1-distill,Qwen3.5-9B,pt_exams_math,truncated,Qwen3.5-9B|pt_exams_math|pt_exams_math/7|g11,1
R1-distill,Qwen3.5-9B,pt_exams_math,truncated,Qwen3.5-9B|pt_exams_math|pt_exams_math/86|g0,1
R1-distill,Qwen3.5-9B,pt_exams_math,truncated,Qwen3.5-9B|pt_exams_math|pt_exams_math/87|g8,1
R1-distill,Qwen3.5-9B,pt_exams_math,truncated,Qwen3.5-9B|pt_exams_math|pt_exams_math/88|g6,1
R1-distill,Qwen3.5-9B,pt_exams_math,truncated,Qwen3.5-9B|pt_exams_math|pt_exams_math/89|g10,1
R1-distill,Qwen3.5-9B,pt_exams_math,truncated,Qwen3.5-9B|pt_exams_math|pt_exams_math/90|g10,1
R1-distill,Qwen3.5-9B,pt_exams_math,truncated,Qwen3.5-9B|pt_exams_math|pt_exams_math/97|g14,1
R1-distill,Qwen3.5-9B,pt_exams_math,truncated,Qwen3.5-9B|pt_exams_math|pt_exams_math/99|g9,1
R1-distill,Qwen3.5-9B,pt_exams_math,truncated,Qwen3.5-9B|pt_exams_math|pt_exams_math/9|g1,1
R1-distill,Qwen3.5-9B,tubitak_math2026,boxed_only,Qwen3.5-9B|tubitak_math2026|tubitak_math2026/11|g19,1
R1-distill,Qwen3.5-9B,tubitak_math2026,boxed_only,Qwen3.5-9B|tubitak_math2026|tubitak_math2026/11|g21,1
R1-distill,Qwen3.5-9B,tubitak_math2026,boxed_only,Qwen3.5-9B|tubitak_math2026|tubitak_math2026/11|g40,1
R1-distill,Qwen3.5-9B,tubitak_math2026,boxed_only,Qwen3.5-9B|tubitak_math2026|tubitak_math2026/11|g9,1
R1-distill,Qwen3.5-9B,tubitak_math2026,boxed_only,Qwen3.5-9B|tubitak_math2026|tubitak_math2026/12|g20,0
R1-distill,Qwen3.5-9B,tubitak_math2026,boxed_only,Qwen3.5-9B|tubitak_math2026|tubitak_math2026/12|g36,1
R1-distill,Qwen3.5-9B,tubitak_math2026,boxed_only,Qwen3.5-9B|tubitak_math2026|tubitak_math2026/12|g46,1
R1-distill,Qwen3.5-9B,tubitak_math2026,boxed_only,Qwen3.5-9B|tubitak_math2026|tubitak_math2026/12|g48,1
R1-distill,Qwen3.5-9B,tubitak_math2026,boxed_only,Qwen3.5-9B|tubitak_math2026|tubitak_math2026/12|g49,1
R1-distill,Qwen3.5-9B,tubitak_math2026,boxed_only,Qwen3.5-9B|tubitak_math2026|tubitak_math2026/13|g24,0
R1-distill,Qwen3.5-9B,tubitak_math2026,boxed_only,Qwen3.5-9B|tubitak_math2026|tubitak_math2026/13|g26,0
R1-distill,Qwen3.5-9B,tubitak_math2026,boxed_only,Qwen3.5-9B|tubitak_math2026|tubitak_math2026/13|g38,0
R1-distill,Qwen3.5-9B,tubitak_math2026,boxed_only,Qwen3.5-9B|tubitak_math2026|tubitak_math2026/13|g41,0
R1-distill,Qwen3.5-9B,tubitak_math2026,boxed_only,Qwen3.5-9B|tubitak_math2026|tubitak_math2026/13|g48,0
R1-distill,Qwen3.5-9B,tubitak_math2026,boxed_only,Qwen3.5-9B|tubitak_math2026|tubitak_math2026/15|g1,1
R1-distill,Qwen3.5-9B,tubitak_math2026,boxed_only,Qwen3.5-9B|tubitak_math2026|tubitak_math2026/15|g31,1
R1-distill,Qwen3.5-9B,tubitak_math2026,boxed_only,Qwen3.5-9B|tubitak_math2026|tubitak_math2026/15|g32,0
R1-distill,Qwen3.5-9B,tubitak_math2026,boxed_only,Qwen3.5-9B|tubitak_math2026|tubitak_math2026/15|g43,1
R1-distill,Qwen3.5-9B,tubitak_math2026,boxed_only,Qwen3.5-9B|tubitak_math2026|tubitak_math2026/15|g49,0
R1-distill,Qwen3.5-9B,tubitak_math2026,boxed_only,Qwen3.5-9B|tubitak_math2026|tubitak_math2026/16|g11,1
R1-distill,Qwen3.5-9B,tubitak_math2026,boxed_only,Qwen3.5-9B|tubitak_math2026|tubitak_math2026/16|g25,0
R1-distill,Qwen3.5-9B,tubitak_math2026,boxed_only,Qwen3.5-9B|tubitak_math2026|tubitak_math2026/16|g26,0
R1-distill,Qwen3.5-9B,tubitak_math2026,boxed_only,Qwen3.5-9B|tubitak_math2026|tubitak_math2026/16|g47,0
R1-distill,Qwen3.5-9B,tubitak_math2026,boxed_only,Qwen3.5-9B|tubitak_math2026|tubitak_math2026/16|g59,0
R1-distill,Qwen3.5-9B,tubitak_math2026,boxed_only,Qwen3.5-9B|tubitak_math2026|tubitak_math2026/17|g16,1
R1-distill,Qwen3.5-9B,tubitak_math2026,boxed_only,Qwen3.5-9B|tubitak_math2026|tubitak_math2026/17|g20,0
R1-distill,Qwen3.5-9B,tubitak_math2026,boxed_only,Qwen3.5-9B|tubitak_math2026|tubitak_math2026/17|g39,0
R1-distill,Qwen3.5-9B,tubitak_math2026,boxed_only,Qwen3.5-9B|tubitak_math2026|tubitak_math2026/17|g44,0
R1-distill,Qwen3.5-9B,tubitak_math2026,boxed_only,Qwen3.5-9B|tubitak_math2026|tubitak_math2026/17|g7,0
R1-distill,Qwen3.5-9B,tubitak_math2026,boxed_only,Qwen3.5-9B|tubitak_math2026|tubitak_math2026/1|g41,1
R1-distill,Qwen3.5-9B,tubitak_math2026,boxed_only,Qwen3.5-9B|tubitak_math2026|tubitak_math2026/1|g48,1
R1-distill,Qwen3.5-9B,tubitak_math2026,boxed_only,Qwen3.5-9B|tubitak_math2026|tubitak_math2026/1|g55,1
R1-distill,Qwen3.5-9B,tubitak_math2026,boxed_only,Qwen3.5-9B|tubitak_math2026|tubitak_math2026/1|g7,1
R1-distill,Qwen3.5-9B,tubitak_math2026,boxed_only,Qwen3.5-9B|tubitak_math2026|tubitak_math2026/1|g9,1
R1-distill,Qwen3.5-9B,tubitak_math2026,boxed_only,Qwen3.5-9B|tubitak_math2026|tubitak_math2026/20|g32,0
R1-distill,Qwen3.5-9B,tubitak_math2026,boxed_only,Qwen3.5-9B|tubitak_math2026|tubitak_math2026/20|g37,1
R1-distill,Qwen3.5-9B,tubitak_math2026,boxed_only,Qwen3.5-9B|tubitak_math2026|tubitak_math2026/20|g42,0
R1-distill,Qwen3.5-9B,tubitak_math2026,boxed_only,Qwen3.5-9B|tubitak_math2026|tubitak_math2026/20|g53,0
R1-distill,Qwen3.5-9B,tubitak_math2026,boxed_only,Qwen3.5-9B|tubitak_math2026|tubitak_math2026/20|g54,1
R1-distill,Qwen3.5-9B,tubitak_math2026,boxed_only,Qwen3.5-9B|tubitak_math2026|tubitak_math2026/20|g8,0
R1-distill,Qwen3.5-9B,tubitak_math2026,boxed_only,Qwen3.5-9B|tubitak_math2026|tubitak_math2026/21|g20,0
R1-distill,Qwen3.5-9B,tubitak_math2026,boxed_only,Qwen3.5-9B|tubitak_math2026|tubitak_math2026/21|g3,1
R1-distill,Qwen3.5-9B,tubitak_math2026,boxed_only,Qwen3.5-9B|tubitak_math2026|tubitak_math2026/21|g44,0
R1-distill,Qwen3.5-9B,tubitak_math2026,boxed_only,Qwen3.5-9B|tubitak_math2026|tubitak_math2026/21|g56,0
R1-distill,Qwen3.5-9B,tubitak_math2026,boxed_only,Qwen3.5-9B|tubitak_math2026|tubitak_math2026/28|g3,0
R1-distill,Qwen3.5-9B,tubitak_math2026,boxed_only,Qwen3.5-9B|tubitak_math2026|tubitak_math2026/28|g34,0
R1-distill,Qwen3.5-9B,tubitak_math2026,boxed_only,Qwen3.5-9B|tubitak_math2026|tubitak_math2026/28|g39,1
R1-distill,Qwen3.5-9B,tubitak_math2026,boxed_only,Qwen3.5-9B|tubitak_math2026|tubitak_math2026/28|g49,0
R1-distill,Qwen3.5-9B,tubitak_math2026,boxed_only,Qwen3.5-9B|tubitak_math2026|tubitak_math2026/28|g58,1
R1-distill,Qwen3.5-9B,tubitak_math2026,boxed_only,Qwen3.5-9B|tubitak_math2026|tubitak_math2026/29|g17,1
R1-distill,Qwen3.5-9B,tubitak_math2026,boxed_only,Qwen3.5-9B|tubitak_math2026|tubitak_math2026/30|g0,0
R1-distill,Qwen3.5-9B,tubitak_math2026,boxed_only,Qwen3.5-9B|tubitak_math2026|tubitak_math2026/30|g27,0
R1-distill,Qwen3.5-9B,tubitak_math2026,boxed_only,Qwen3.5-9B|tubitak_math2026|tubitak_math2026/30|g30,0
R1-distill,Qwen3.5-9B,tubitak_math2026,boxed_only,Qwen3.5-9B|tubitak_math2026|tubitak_math2026/30|g53,1
R1-distill,Qwen3.5-9B,tubitak_math2026,boxed_only,Qwen3.5-9B|tubitak_math2026|tubitak_math2026/31|g21,1
R1-distill,Qwen3.5-9B,tubitak_math2026,boxed_only,Qwen3.5-9B|tubitak_math2026|tubitak_math2026/31|g23,1
R1-distill,Qwen3.5-9B,tubitak_math2026,boxed_only,Qwen3.5-9B|tubitak_math2026|tubitak_math2026/31|g49,1
R1-distill,Qwen3.5-9B,tubitak_math2026,boxed_only,Qwen3.5-9B|tubitak_math2026|tubitak_math2026/31|g53,1
R1-distill,Qwen3.5-9B,tubitak_math2026,boxed_only,Qwen3.5-9B|tubitak_math2026|tubitak_math2026/31|g56,1
R1-distill,Qwen3.5-9B,tubitak_math2026,boxed_only,Qwen3.5-9B|tubitak_math2026|tubitak_math2026/4|g23,1
R1-distill,Qwen3.5-9B,tubitak_math2026,boxed_only,Qwen3.5-9B|tubitak_math2026|tubitak_math2026/4|g28,0
R1-distill,Qwen3.5-9B,tubitak_math2026,boxed_only,Qwen3.5-9B|tubitak_math2026|tubitak_math2026/4|g55,0
R1-distill,Qwen3.5-9B,tubitak_math2026,boxed_only,Qwen3.5-9B|tubitak_math2026|tubitak_math2026/4|g6,1
R1-distill,Qwen3.5-9B,tubitak_math2026,boxed_only,Qwen3.5-9B|tubitak_math2026|tubitak_math2026/5|g35,1
R1-distill,Qwen3.5-9B,tubitak_math2026,boxed_only,Qwen3.5-9B|tubitak_math2026|tubitak_math2026/5|g53,1
R1-distill,Qwen3.5-9B,tubitak_math2026,boxed_only,Qwen3.5-9B|tubitak_math2026|tubitak_math2026/5|g54,1
R1-distill,Qwen3.5-9B,tubitak_math2026,boxed_only,Qwen3.5-9B|tubitak_math2026|tubitak_math2026/5|g8,1
R1-distill,Qwen3.5-9B,tubitak_math2026,boxed_only,Qwen3.5-9B|tubitak_math2026|tubitak_math2026/9|g15,0
R1-distill,Qwen3.5-9B,tubitak_math2026,boxed_only,Qwen3.5-9B|tubitak_math2026|tubitak_math2026/9|g44,1
R1-distill,Qwen3.5-9B,tubitak_math2026,boxed_only,Qwen3.5-9B|tubitak_math2026|tubitak_math2026/9|g55,1
R1-distill,Qwen3.5-9B,tubitak_math2026,boxed_only,Qwen3.5-9B|tubitak_math2026|tubitak_math2026/9|g60,1
R1-distill,Qwen3.5-9B,tubitak_math2026,boxed_only,Qwen3.5-9B|tubitak_math2026|tubitak_math2026/9|g62,1
R1-distill,Qwen3.5-9B,tubitak_math2026,clean,Qwen3.5-9B|tubitak_math2026|tubitak_math2026/11|g19,1
R1-distill,Qwen3.5-9B,tubitak_math2026,clean,Qwen3.5-9B|tubitak_math2026|tubitak_math2026/11|g21,1
R1-distill,Qwen3.5-9B,tubitak_math2026,clean,Qwen3.5-9B|tubitak_math2026|tubitak_math2026/11|g40,1
R1-distill,Qwen3.5-9B,tubitak_math2026,clean,Qwen3.5-9B|tubitak_math2026|tubitak_math2026/11|g9,1
R1-distill,Qwen3.5-9B,tubitak_math2026,clean,Qwen3.5-9B|tubitak_math2026|tubitak_math2026/12|g20,1
R1-distill,Qwen3.5-9B,tubitak_math2026,clean,Qwen3.5-9B|tubitak_math2026|tubitak_math2026/12|g36,1
R1-distill,Qwen3.5-9B,tubitak_math2026,clean,Qwen3.5-9B|tubitak_math2026|tubitak_math2026/12|g46,1
R1-distill,Qwen3.5-9B,tubitak_math2026,clean,Qwen3.5-9B|tubitak_math2026|tubitak_math2026/12|g48,1
R1-distill,Qwen3.5-9B,tubitak_math2026,clean,Qwen3.5-9B|tubitak_math2026|tubitak_math2026/12|g49,1
R1-distill,Qwen3.5-9B,tubitak_math2026,clean,Qwen3.5-9B|tubitak_math2026|tubitak_math2026/13|g24,1
R1-distill,Qwen3.5-9B,tubitak_math2026,clean,Qwen3.5-9B|tubitak_math2026|tubitak_math2026/13|g26,1
R1-distill,Qwen3.5-9B,tubitak_math2026,clean,Qwen3.5-9B|tubitak_math2026|tubitak_math2026/13|g38,1
R1-distill,Qwen3.5-9B,tubitak_math2026,clean,Qwen3.5-9B|tubitak_math2026|tubitak_math2026/13|g41,1
R1-distill,Qwen3.5-9B,tubitak_math2026,clean,Qwen3.5-9B|tubitak_math2026|tubitak_math2026/13|g48,1
R1-distill,Qwen3.5-9B,tubitak_math2026,clean,Qwen3.5-9B|tubitak_math2026|tubitak_math2026/15|g1,1
R1-distill,Qwen3.5-9B,tubitak_math2026,clean,Qwen3.5-9B|tubitak_math2026|tubitak_math2026/15|g31,1
R1-distill,Qwen3.5-9B,tubitak_math2026,clean,Qwen3.5-9B|tubitak_math2026|tubitak_math2026/15|g32,1
R1-distill,Qwen3.5-9B,tubitak_math2026,clean,Qwen3.5-9B|tubitak_math2026|tubitak_math2026/15|g43,1
R1-distill,Qwen3.5-9B,tubitak_math2026,clean,Qwen3.5-9B|tubitak_math2026|tubitak_math2026/15|g49,1
R1-distill,Qwen3.5-9B,tubitak_math2026,clean,Qwen3.5-9B|tubitak_math2026|tubitak_math2026/16|g11,0
R1-distill,Qwen3.5-9B,tubitak_math2026,clean,Qwen3.5-9B|tubitak_math2026|tubitak_math2026/16|g25,1
R1-distill,Qwen3.5-9B,tubitak_math2026,clean,Qwen3.5-9B|tubitak_math2026|tubitak_math2026/16|g26,0
R1-distill,Qwen3.5-9B,tubitak_math2026,clean,Qwen3.5-9B|tubitak_math2026|tubitak_math2026/16|g47,1
R1-distill,Qwen3.5-9B,tubitak_math2026,clean,Qwen3.5-9B|tubitak_math2026|tubitak_math2026/16|g59,0
R1-distill,Qwen3.5-9B,tubitak_math2026,clean,Qwen3.5-9B|tubitak_math2026|tubitak_math2026/17|g16,1
R1-distill,Qwen3.5-9B,tubitak_math2026,clean,Qwen3.5-9B|tubitak_math2026|tubitak_math2026/17|g20,0
R1-distill,Qwen3.5-9B,tubitak_math2026,clean,Qwen3.5-9B|tubitak_math2026|tubitak_math2026/17|g39,1
R1-distill,Qwen3.5-9B,tubitak_math2026,clean,Qwen3.5-9B|tubitak_math2026|tubitak_math2026/17|g44,1
R1-distill,Qwen3.5-9B,tubitak_math2026,clean,Qwen3.5-9B|tubitak_math2026|tubitak_math2026/17|g7,1
R1-distill,Qwen3.5-9B,tubitak_math2026,clean,Qwen3.5-9B|tubitak_math2026|tubitak_math2026/1|g41,1
R1-distill,Qwen3.5-9B,tubitak_math2026,clean,Qwen3.5-9B|tubitak_math2026|tubitak_math2026/1|g48,1
R1-distill,Qwen3.5-9B,tubitak_math2026,clean,Qwen3.5-9B|tubitak_math2026|tubitak_math2026/1|g55,1
R1-distill,Qwen3.5-9B,tubitak_math2026,clean,Qwen3.5-9B|tubitak_math2026|tubitak_math2026/1|g7,1
R1-distill,Qwen3.5-9B,tubitak_math2026,clean,Qwen3.5-9B|tubitak_math2026|tubitak_math2026/1|g9,1
R1-distill,Qwen3.5-9B,tubitak_math2026,clean,Qwen3.5-9B|tubitak_math2026|tubitak_math2026/20|g32,1
R1-distill,Qwen3.5-9B,tubitak_math2026,clean,Qwen3.5-9B|tubitak_math2026|tubitak_math2026/20|g37,1
R1-distill,Qwen3.5-9B,tubitak_math2026,clean,Qwen3.5-9B|tubitak_math2026|tubitak_math2026/20|g42,1
R1-distill,Qwen3.5-9B,tubitak_math2026,clean,Qwen3.5-9B|tubitak_math2026|tubitak_math2026/20|g53,1
R1-distill,Qwen3.5-9B,tubitak_math2026,clean,Qwen3.5-9B|tubitak_math2026|tubitak_math2026/20|g54,1
R1-distill,Qwen3.5-9B,tubitak_math2026,clean,Qwen3.5-9B|tubitak_math2026|tubitak_math2026/20|g8,1
R1-distill,Qwen3.5-9B,tubitak_math2026,clean,Qwen3.5-9B|tubitak_math2026|tubitak_math2026/21|g20,1
R1-distill,Qwen3.5-9B,tubitak_math2026,clean,Qwen3.5-9B|tubitak_math2026|tubitak_math2026/21|g3,1
R1-distill,Qwen3.5-9B,tubitak_math2026,clean,Qwen3.5-9B|tubitak_math2026|tubitak_math2026/21|g44,0
R1-distill,Qwen3.5-9B,tubitak_math2026,clean,Qwen3.5-9B|tubitak_math2026|tubitak_math2026/21|g56,0
R1-distill,Qwen3.5-9B,tubitak_math2026,clean,Qwen3.5-9B|tubitak_math2026|tubitak_math2026/28|g3,1
R1-distill,Qwen3.5-9B,tubitak_math2026,clean,Qwen3.5-9B|tubitak_math2026|tubitak_math2026/28|g34,1
R1-distill,Qwen3.5-9B,tubitak_math2026,clean,Qwen3.5-9B|tubitak_math2026|tubitak_math2026/28|g39,1
R1-distill,Qwen3.5-9B,tubitak_math2026,clean,Qwen3.5-9B|tubitak_math2026|tubitak_math2026/28|g49,1
R1-distill,Qwen3.5-9B,tubitak_math2026,clean,Qwen3.5-9B|tubitak_math2026|tubitak_math2026/28|g58,0
R1-distill,Qwen3.5-9B,tubitak_math2026,clean,Qwen3.5-9B|tubitak_math2026|tubitak_math2026/29|g17,1
R1-distill,Qwen3.5-9B,tubitak_math2026,clean,Qwen3.5-9B|tubitak_math2026|tubitak_math2026/30|g0,1
R1-distill,Qwen3.5-9B,tubitak_math2026,clean,Qwen3.5-9B|tubitak_math2026|tubitak_math2026/30|g27,1
R1-distill,Qwen3.5-9B,tubitak_math2026,clean,Qwen3.5-9B|tubitak_math2026|tubitak_math2026/30|g30,1
R1-distill,Qwen3.5-9B,tubitak_math2026,clean,Qwen3.5-9B|tubitak_math2026|tubitak_math2026/30|g53,1
R1-distill,Qwen3.5-9B,tubitak_math2026,clean,Qwen3.5-9B|tubitak_math2026|tubitak_math2026/31|g21,1
R1-distill,Qwen3.5-9B,tubitak_math2026,clean,Qwen3.5-9B|tubitak_math2026|tubitak_math2026/31|g23,0
R1-distill,Qwen3.5-9B,tubitak_math2026,clean,Qwen3.5-9B|tubitak_math2026|tubitak_math2026/31|g49,1
R1-distill,Qwen3.5-9B,tubitak_math2026,clean,Qwen3.5-9B|tubitak_math2026|tubitak_math2026/31|g53,0
R1-distill,Qwen3.5-9B,tubitak_math2026,clean,Qwen3.5-9B|tubitak_math2026|tubitak_math2026/31|g56,1
R1-distill,Qwen3.5-9B,tubitak_math2026,clean,Qwen3.5-9B|tubitak_math2026|tubitak_math2026/4|g23,0
R1-distill,Qwen3.5-9B,tubitak_math2026,clean,Qwen3.5-9B|tubitak_math2026|tubitak_math2026/4|g28,1
R1-distill,Qwen3.5-9B,tubitak_math2026,clean,Qwen3.5-9B|tubitak_math2026|tubitak_math2026/4|g55,1
R1-distill,Qwen3.5-9B,tubitak_math2026,clean,Qwen3.5-9B|tubitak_math2026|tubitak_math2026/4|g6,1
R1-distill,Qwen3.5-9B,tubitak_math2026,clean,Qwen3.5-9B|tubitak_math2026|tubitak_math2026/5|g35,0
R1-distill,Qwen3.5-9B,tubitak_math2026,clean,Qwen3.5-9B|tubitak_math2026|tubitak_math2026/5|g53,1
R1-distill,Qwen3.5-9B,tubitak_math2026,clean,Qwen3.5-9B|tubitak_math2026|tubitak_math2026/5|g54,0
R1-distill,Qwen3.5-9B,tubitak_math2026,clean,Qwen3.5-9B|tubitak_math2026|tubitak_math2026/5|g8,1
R1-distill,Qwen3.5-9B,tubitak_math2026,clean,Qwen3.5-9B|tubitak_math2026|tubitak_math2026/9|g15,1
R1-distill,Qwen3.5-9B,tubitak_math2026,clean,Qwen3.5-9B|tubitak_math2026|tubitak_math2026/9|g44,1
R1-distill,Qwen3.5-9B,tubitak_math2026,clean,Qwen3.5-9B|tubitak_math2026|tubitak_math2026/9|g55,1
R1-distill,Qwen3.5-9B,tubitak_math2026,clean,Qwen3.5-9B|tubitak_math2026|tubitak_math2026/9|g60,0
R1-distill,Qwen3.5-9B,tubitak_math2026,clean,Qwen3.5-9B|tubitak_math2026|tubitak_math2026/9|g62,1
R1-distill,Qwen3.5-9B,tubitak_math2026,consistent_error,Qwen3.5-9B|tubitak_math2026|tubitak_math2026/11|g19,0
R1-distill,Qwen3.5-9B,tubitak_math2026,consistent_error,Qwen3.5-9B|tubitak_math2026|tubitak_math2026/11|g21,0
R1-distill,Qwen3.5-9B,tubitak_math2026,consistent_error,Qwen3.5-9B|tubitak_math2026|tubitak_math2026/11|g40,0
R1-distill,Qwen3.5-9B,tubitak_math2026,consistent_error,Qwen3.5-9B|tubitak_math2026|tubitak_math2026/11|g9,0
R1-distill,Qwen3.5-9B,tubitak_math2026,consistent_error,Qwen3.5-9B|tubitak_math2026|tubitak_math2026/12|g20,1
R1-distill,Qwen3.5-9B,tubitak_math2026,consistent_error,Qwen3.5-9B|tubitak_math2026|tubitak_math2026/12|g36,1
R1-distill,Qwen3.5-9B,tubitak_math2026,consistent_error,Qwen3.5-9B|tubitak_math2026|tubitak_math2026/12|g46,1
R1-distill,Qwen3.5-9B,tubitak_math2026,consistent_error,Qwen3.5-9B|tubitak_math2026|tubitak_math2026/12|g48,1
R1-distill,Qwen3.5-9B,tubitak_math2026,consistent_error,Qwen3.5-9B|tubitak_math2026|tubitak_math2026/12|g49,0
R1-distill,Qwen3.5-9B,tubitak_math2026,consistent_error,Qwen3.5-9B|tubitak_math2026|tubitak_math2026/13|g24,1
R1-distill,Qwen3.5-9B,tubitak_math2026,consistent_error,Qwen3.5-9B|tubitak_math2026|tubitak_math2026/13|g26,1
R1-distill,Qwen3.5-9B,tubitak_math2026,consistent_error,Qwen3.5-9B|tubitak_math2026|tubitak_math2026/13|g38,1
R1-distill,Qwen3.5-9B,tubitak_math2026,consistent_error,Qwen3.5-9B|tubitak_math2026|tubitak_math2026/13|g41,1
R1-distill,Qwen3.5-9B,tubitak_math2026,consistent_error,Qwen3.5-9B|tubitak_math2026|tubitak_math2026/13|g48,0
R1-distill,Qwen3.5-9B,tubitak_math2026,consistent_error,Qwen3.5-9B|tubitak_math2026|tubitak_math2026/15|g1,1
R1-distill,Qwen3.5-9B,tubitak_math2026,consistent_error,Qwen3.5-9B|tubitak_math2026|tubitak_math2026/15|g31,1
R1-distill,Qwen3.5-9B,tubitak_math2026,consistent_error,Qwen3.5-9B|tubitak_math2026|tubitak_math2026/15|g32,0
R1-distill,Qwen3.5-9B,tubitak_math2026,consistent_error,Qwen3.5-9B|tubitak_math2026|tubitak_math2026/15|g43,0
R1-distill,Qwen3.5-9B,tubitak_math2026,consistent_error,Qwen3.5-9B|tubitak_math2026|tubitak_math2026/15|g49,0
R1-distill,Qwen3.5-9B,tubitak_math2026,consistent_error,Qwen3.5-9B|tubitak_math2026|tubitak_math2026/16|g11,1
R1-distill,Qwen3.5-9B,tubitak_math2026,consistent_error,Qwen3.5-9B|tubitak_math2026|tubitak_math2026/16|g25,0
R1-distill,Qwen3.5-9B,tubitak_math2026,consistent_error,Qwen3.5-9B|tubitak_math2026|tubitak_math2026/16|g26,0
R1-distill,Qwen3.5-9B,tubitak_math2026,consistent_error,Qwen3.5-9B|tubitak_math2026|tubitak_math2026/16|g47,0
R1-distill,Qwen3.5-9B,tubitak_math2026,consistent_error,Qwen3.5-9B|tubitak_math2026|tubitak_math2026/16|g59,0
R1-distill,Qwen3.5-9B,tubitak_math2026,consistent_error,Qwen3.5-9B|tubitak_math2026|tubitak_math2026/17|g16,1
R1-distill,Qwen3.5-9B,tubitak_math2026,consistent_error,Qwen3.5-9B|tubitak_math2026|tubitak_math2026/17|g20,0
R1-distill,Qwen3.5-9B,tubitak_math2026,consistent_error,Qwen3.5-9B|tubitak_math2026|tubitak_math2026/17|g39,0
R1-distill,Qwen3.5-9B,tubitak_math2026,consistent_error,Qwen3.5-9B|tubitak_math2026|tubitak_math2026/17|g44,1
R1-distill,Qwen3.5-9B,tubitak_math2026,consistent_error,Qwen3.5-9B|tubitak_math2026|tubitak_math2026/17|g7,0
R1-distill,Qwen3.5-9B,tubitak_math2026,consistent_error,Qwen3.5-9B|tubitak_math2026|tubitak_math2026/1|g41,1
R1-distill,Qwen3.5-9B,tubitak_math2026,consistent_error,Qwen3.5-9B|tubitak_math2026|tubitak_math2026/1|g48,1
R1-distill,Qwen3.5-9B,tubitak_math2026,consistent_error,Qwen3.5-9B|tubitak_math2026|tubitak_math2026/1|g55,1
R1-distill,Qwen3.5-9B,tubitak_math2026,consistent_error,Qwen3.5-9B|tubitak_math2026|tubitak_math2026/1|g7,0
R1-distill,Qwen3.5-9B,tubitak_math2026,consistent_error,Qwen3.5-9B|tubitak_math2026|tubitak_math2026/1|g9,0
R1-distill,Qwen3.5-9B,tubitak_math2026,consistent_error,Qwen3.5-9B|tubitak_math2026|tubitak_math2026/20|g32,0
R1-distill,Qwen3.5-9B,tubitak_math2026,consistent_error,Qwen3.5-9B|tubitak_math2026|tubitak_math2026/20|g37,0
R1-distill,Qwen3.5-9B,tubitak_math2026,consistent_error,Qwen3.5-9B|tubitak_math2026|tubitak_math2026/20|g42,0
R1-distill,Qwen3.5-9B,tubitak_math2026,consistent_error,Qwen3.5-9B|tubitak_math2026|tubitak_math2026/20|g53,0
R1-distill,Qwen3.5-9B,tubitak_math2026,consistent_error,Qwen3.5-9B|tubitak_math2026|tubitak_math2026/20|g54,0
R1-distill,Qwen3.5-9B,tubitak_math2026,consistent_error,Qwen3.5-9B|tubitak_math2026|tubitak_math2026/20|g8,0
R1-distill,Qwen3.5-9B,tubitak_math2026,consistent_error,Qwen3.5-9B|tubitak_math2026|tubitak_math2026/21|g20,0
R1-distill,Qwen3.5-9B,tubitak_math2026,consistent_error,Qwen3.5-9B|tubitak_math2026|tubitak_math2026/21|g3,1
R1-distill,Qwen3.5-9B,tubitak_math2026,consistent_error,Qwen3.5-9B|tubitak_math2026|tubitak_math2026/21|g44,0
R1-distill,Qwen3.5-9B,tubitak_math2026,consistent_error,Qwen3.5-9B|tubitak_math2026|tubitak_math2026/21|g56,0
R1-distill,Qwen3.5-9B,tubitak_math2026,consistent_error,Qwen3.5-9B|tubitak_math2026|tubitak_math2026/28|g3,0
R1-distill,Qwen3.5-9B,tubitak_math2026,consistent_error,Qwen3.5-9B|tubitak_math2026|tubitak_math2026/28|g34,0
R1-distill,Qwen3.5-9B,tubitak_math2026,consistent_error,Qwen3.5-9B|tubitak_math2026|tubitak_math2026/28|g39,0
R1-distill,Qwen3.5-9B,tubitak_math2026,consistent_error,Qwen3.5-9B|tubitak_math2026|tubitak_math2026/28|g49,0
R1-distill,Qwen3.5-9B,tubitak_math2026,consistent_error,Qwen3.5-9B|tubitak_math2026|tubitak_math2026/28|g58,0
R1-distill,Qwen3.5-9B,tubitak_math2026,consistent_error,Qwen3.5-9B|tubitak_math2026|tubitak_math2026/29|g17,1
R1-distill,Qwen3.5-9B,tubitak_math2026,consistent_error,Qwen3.5-9B|tubitak_math2026|tubitak_math2026/30|g0,0
R1-distill,Qwen3.5-9B,tubitak_math2026,consistent_error,Qwen3.5-9B|tubitak_math2026|tubitak_math2026/30|g27,1
R1-distill,Qwen3.5-9B,tubitak_math2026,consistent_error,Qwen3.5-9B|tubitak_math2026|tubitak_math2026/30|g30,1
R1-distill,Qwen3.5-9B,tubitak_math2026,consistent_error,Qwen3.5-9B|tubitak_math2026|tubitak_math2026/30|g53,0
R1-distill,Qwen3.5-9B,tubitak_math2026,consistent_error,Qwen3.5-9B|tubitak_math2026|tubitak_math2026/31|g21,0
R1-distill,Qwen3.5-9B,tubitak_math2026,consistent_error,Qwen3.5-9B|tubitak_math2026|tubitak_math2026/31|g23,0
R1-distill,Qwen3.5-9B,tubitak_math2026,consistent_error,Qwen3.5-9B|tubitak_math2026|tubitak_math2026/31|g49,0
R1-distill,Qwen3.5-9B,tubitak_math2026,consistent_error,Qwen3.5-9B|tubitak_math2026|tubitak_math2026/31|g53,0
R1-distill,Qwen3.5-9B,tubitak_math2026,consistent_error,Qwen3.5-9B|tubitak_math2026|tubitak_math2026/31|g56,1
R1-distill,Qwen3.5-9B,tubitak_math2026,consistent_error,Qwen3.5-9B|tubitak_math2026|tubitak_math2026/4|g23,0
R1-distill,Qwen3.5-9B,tubitak_math2026,consistent_error,Qwen3.5-9B|tubitak_math2026|tubitak_math2026/4|g28,1
R1-distill,Qwen3.5-9B,tubitak_math2026,consistent_error,Qwen3.5-9B|tubitak_math2026|tubitak_math2026/4|g55,1
R1-distill,Qwen3.5-9B,tubitak_math2026,consistent_error,Qwen3.5-9B|tubitak_math2026|tubitak_math2026/4|g6,0
R1-distill,Qwen3.5-9B,tubitak_math2026,consistent_error,Qwen3.5-9B|tubitak_math2026|tubitak_math2026/5|g35,1
R1-distill,Qwen3.5-9B,tubitak_math2026,consistent_error,Qwen3.5-9B|tubitak_math2026|tubitak_math2026/5|g53,0
R1-distill,Qwen3.5-9B,tubitak_math2026,consistent_error,Qwen3.5-9B|tubitak_math2026|tubitak_math2026/5|g54,1
R1-distill,Qwen3.5-9B,tubitak_math2026,consistent_error,Qwen3.5-9B|tubitak_math2026|tubitak_math2026/5|g8,1
R1-distill,Qwen3.5-9B,tubitak_math2026,consistent_error,Qwen3.5-9B|tubitak_math2026|tubitak_math2026/9|g15,1
R1-distill,Qwen3.5-9B,tubitak_math2026,consistent_error,Qwen3.5-9B|tubitak_math2026|tubitak_math2026/9|g44,0
R1-distill,Qwen3.5-9B,tubitak_math2026,consistent_error,Qwen3.5-9B|tubitak_math2026|tubitak_math2026/9|g55,0
R1-distill,Qwen3.5-9B,tubitak_math2026,consistent_error,Qwen3.5-9B|tubitak_math2026|tubitak_math2026/9|g60,1
R1-distill,Qwen3.5-9B,tubitak_math2026,consistent_error,Qwen3.5-9B|tubitak_math2026|tubitak_math2026/9|g62,0
R1-distill,Qwen3.5-9B,tubitak_math2026,intermediate_error,Qwen3.5-9B|tubitak_math2026|tubitak_math2026/11|g19,1
R1-distill,Qwen3.5-9B,tubitak_math2026,intermediate_error,Qwen3.5-9B|tubitak_math2026|tubitak_math2026/11|g21,1
R1-distill,Qwen3.5-9B,tubitak_math2026,intermediate_error,Qwen3.5-9B|tubitak_math2026|tubitak_math2026/11|g40,1
R1-distill,Qwen3.5-9B,tubitak_math2026,intermediate_error,Qwen3.5-9B|tubitak_math2026|tubitak_math2026/11|g9,1
R1-distill,Qwen3.5-9B,tubitak_math2026,intermediate_error,Qwen3.5-9B|tubitak_math2026|tubitak_math2026/12|g20,1
R1-distill,Qwen3.5-9B,tubitak_math2026,intermediate_error,Qwen3.5-9B|tubitak_math2026|tubitak_math2026/12|g36,1
R1-distill,Qwen3.5-9B,tubitak_math2026,intermediate_error,Qwen3.5-9B|tubitak_math2026|tubitak_math2026/12|g46,1
R1-distill,Qwen3.5-9B,tubitak_math2026,intermediate_error,Qwen3.5-9B|tubitak_math2026|tubitak_math2026/12|g48,0
R1-distill,Qwen3.5-9B,tubitak_math2026,intermediate_error,Qwen3.5-9B|tubitak_math2026|tubitak_math2026/12|g49,0
R1-distill,Qwen3.5-9B,tubitak_math2026,intermediate_error,Qwen3.5-9B|tubitak_math2026|tubitak_math2026/13|g24,0
R1-distill,Qwen3.5-9B,tubitak_math2026,intermediate_error,Qwen3.5-9B|tubitak_math2026|tubitak_math2026/13|g26,1
R1-distill,Qwen3.5-9B,tubitak_math2026,intermediate_error,Qwen3.5-9B|tubitak_math2026|tubitak_math2026/13|g38,1
R1-distill,Qwen3.5-9B,tubitak_math2026,intermediate_error,Qwen3.5-9B|tubitak_math2026|tubitak_math2026/13|g41,1
R1-distill,Qwen3.5-9B,tubitak_math2026,intermediate_error,Qwen3.5-9B|tubitak_math2026|tubitak_math2026/13|g48,1
R1-distill,Qwen3.5-9B,tubitak_math2026,intermediate_error,Qwen3.5-9B|tubitak_math2026|tubitak_math2026/15|g1,1
R1-distill,Qwen3.5-9B,tubitak_math2026,intermediate_error,Qwen3.5-9B|tubitak_math2026|tubitak_math2026/15|g31,1
R1-distill,Qwen3.5-9B,tubitak_math2026,intermediate_error,Qwen3.5-9B|tubitak_math2026|tubitak_math2026/15|g32,1
R1-distill,Qwen3.5-9B,tubitak_math2026,intermediate_error,Qwen3.5-9B|tubitak_math2026|tubitak_math2026/15|g43,1
R1-distill,Qwen3.5-9B,tubitak_math2026,intermediate_error,Qwen3.5-9B|tubitak_math2026|tubitak_math2026/15|g49,1
R1-distill,Qwen3.5-9B,tubitak_math2026,intermediate_error,Qwen3.5-9B|tubitak_math2026|tubitak_math2026/16|g11,1
R1-distill,Qwen3.5-9B,tubitak_math2026,intermediate_error,Qwen3.5-9B|tubitak_math2026|tubitak_math2026/16|g25,1
R1-distill,Qwen3.5-9B,tubitak_math2026,intermediate_error,Qwen3.5-9B|tubitak_math2026|tubitak_math2026/16|g26,1
R1-distill,Qwen3.5-9B,tubitak_math2026,intermediate_error,Qwen3.5-9B|tubitak_math2026|tubitak_math2026/16|g47,1
R1-distill,Qwen3.5-9B,tubitak_math2026,intermediate_error,Qwen3.5-9B|tubitak_math2026|tubitak_math2026/16|g59,0
R1-distill,Qwen3.5-9B,tubitak_math2026,intermediate_error,Qwen3.5-9B|tubitak_math2026|tubitak_math2026/17|g16,1
R1-distill,Qwen3.5-9B,tubitak_math2026,intermediate_error,Qwen3.5-9B|tubitak_math2026|tubitak_math2026/17|g20,0
R1-distill,Qwen3.5-9B,tubitak_math2026,intermediate_error,Qwen3.5-9B|tubitak_math2026|tubitak_math2026/17|g39,1
R1-distill,Qwen3.5-9B,tubitak_math2026,intermediate_error,Qwen3.5-9B|tubitak_math2026|tubitak_math2026/17|g44,1
R1-distill,Qwen3.5-9B,tubitak_math2026,intermediate_error,Qwen3.5-9B|tubitak_math2026|tubitak_math2026/17|g7,1
R1-distill,Qwen3.5-9B,tubitak_math2026,intermediate_error,Qwen3.5-9B|tubitak_math2026|tubitak_math2026/1|g41,1
R1-distill,Qwen3.5-9B,tubitak_math2026,intermediate_error,Qwen3.5-9B|tubitak_math2026|tubitak_math2026/1|g48,1
R1-distill,Qwen3.5-9B,tubitak_math2026,intermediate_error,Qwen3.5-9B|tubitak_math2026|tubitak_math2026/1|g55,1
R1-distill,Qwen3.5-9B,tubitak_math2026,intermediate_error,Qwen3.5-9B|tubitak_math2026|tubitak_math2026/1|g7,1
R1-distill,Qwen3.5-9B,tubitak_math2026,intermediate_error,Qwen3.5-9B|tubitak_math2026|tubitak_math2026/1|g9,1
R1-distill,Qwen3.5-9B,tubitak_math2026,intermediate_error,Qwen3.5-9B|tubitak_math2026|tubitak_math2026/20|g32,1
R1-distill,Qwen3.5-9B,tubitak_math2026,intermediate_error,Qwen3.5-9B|tubitak_math2026|tubitak_math2026/20|g37,1
R1-distill,Qwen3.5-9B,tubitak_math2026,intermediate_error,Qwen3.5-9B|tubitak_math2026|tubitak_math2026/20|g42,1
R1-distill,Qwen3.5-9B,tubitak_math2026,intermediate_error,Qwen3.5-9B|tubitak_math2026|tubitak_math2026/20|g53,1
R1-distill,Qwen3.5-9B,tubitak_math2026,intermediate_error,Qwen3.5-9B|tubitak_math2026|tubitak_math2026/20|g54,1
R1-distill,Qwen3.5-9B,tubitak_math2026,intermediate_error,Qwen3.5-9B|tubitak_math2026|tubitak_math2026/20|g8,1
R1-distill,Qwen3.5-9B,tubitak_math2026,intermediate_error,Qwen3.5-9B|tubitak_math2026|tubitak_math2026/21|g20,0
R1-distill,Qwen3.5-9B,tubitak_math2026,intermediate_error,Qwen3.5-9B|tubitak_math2026|tubitak_math2026/21|g3,1
R1-distill,Qwen3.5-9B,tubitak_math2026,intermediate_error,Qwen3.5-9B|tubitak_math2026|tubitak_math2026/21|g44,0
R1-distill,Qwen3.5-9B,tubitak_math2026,intermediate_error,Qwen3.5-9B|tubitak_math2026|tubitak_math2026/21|g56,0
R1-distill,Qwen3.5-9B,tubitak_math2026,intermediate_error,Qwen3.5-9B|tubitak_math2026|tubitak_math2026/28|g3,1
R1-distill,Qwen3.5-9B,tubitak_math2026,intermediate_error,Qwen3.5-9B|tubitak_math2026|tubitak_math2026/28|g34,0
R1-distill,Qwen3.5-9B,tubitak_math2026,intermediate_error,Qwen3.5-9B|tubitak_math2026|tubitak_math2026/28|g39,1
R1-distill,Qwen3.5-9B,tubitak_math2026,intermediate_error,Qwen3.5-9B|tubitak_math2026|tubitak_math2026/28|g49,1
R1-distill,Qwen3.5-9B,tubitak_math2026,intermediate_error,Qwen3.5-9B|tubitak_math2026|tubitak_math2026/28|g58,1
R1-distill,Qwen3.5-9B,tubitak_math2026,intermediate_error,Qwen3.5-9B|tubitak_math2026|tubitak_math2026/29|g17,1
R1-distill,Qwen3.5-9B,tubitak_math2026,intermediate_error,Qwen3.5-9B|tubitak_math2026|tubitak_math2026/30|g0,0
R1-distill,Qwen3.5-9B,tubitak_math2026,intermediate_error,Qwen3.5-9B|tubitak_math2026|tubitak_math2026/30|g27,1
R1-distill,Qwen3.5-9B,tubitak_math2026,intermediate_error,Qwen3.5-9B|tubitak_math2026|tubitak_math2026/30|g30,1
R1-distill,Qwen3.5-9B,tubitak_math2026,intermediate_error,Qwen3.5-9B|tubitak_math2026|tubitak_math2026/30|g53,1
R1-distill,Qwen3.5-9B,tubitak_math2026,intermediate_error,Qwen3.5-9B|tubitak_math2026|tubitak_math2026/31|g21,1
R1-distill,Qwen3.5-9B,tubitak_math2026,intermediate_error,Qwen3.5-9B|tubitak_math2026|tubitak_math2026/31|g23,1
R1-distill,Qwen3.5-9B,tubitak_math2026,intermediate_error,Qwen3.5-9B|tubitak_math2026|tubitak_math2026/31|g49,1
R1-distill,Qwen3.5-9B,tubitak_math2026,intermediate_error,Qwen3.5-9B|tubitak_math2026|tubitak_math2026/31|g53,1
R1-distill,Qwen3.5-9B,tubitak_math2026,intermediate_error,Qwen3.5-9B|tubitak_math2026|tubitak_math2026/31|g56,1
R1-distill,Qwen3.5-9B,tubitak_math2026,intermediate_error,Qwen3.5-9B|tubitak_math2026|tubitak_math2026/4|g23,1
R1-distill,Qwen3.5-9B,tubitak_math2026,intermediate_error,Qwen3.5-9B|tubitak_math2026|tubitak_math2026/4|g28,1
R1-distill,Qwen3.5-9B,tubitak_math2026,intermediate_error,Qwen3.5-9B|tubitak_math2026|tubitak_math2026/4|g55,1
R1-distill,Qwen3.5-9B,tubitak_math2026,intermediate_error,Qwen3.5-9B|tubitak_math2026|tubitak_math2026/4|g6,0
R1-distill,Qwen3.5-9B,tubitak_math2026,intermediate_error,Qwen3.5-9B|tubitak_math2026|tubitak_math2026/5|g35,1
R1-distill,Qwen3.5-9B,tubitak_math2026,intermediate_error,Qwen3.5-9B|tubitak_math2026|tubitak_math2026/5|g53,1
R1-distill,Qwen3.5-9B,tubitak_math2026,intermediate_error,Qwen3.5-9B|tubitak_math2026|tubitak_math2026/5|g54,1
R1-distill,Qwen3.5-9B,tubitak_math2026,intermediate_error,Qwen3.5-9B|tubitak_math2026|tubitak_math2026/5|g8,1
R1-distill,Qwen3.5-9B,tubitak_math2026,intermediate_error,Qwen3.5-9B|tubitak_math2026|tubitak_math2026/9|g15,1
R1-distill,Qwen3.5-9B,tubitak_math2026,intermediate_error,Qwen3.5-9B|tubitak_math2026|tubitak_math2026/9|g44,1
R1-distill,Qwen3.5-9B,tubitak_math2026,intermediate_error,Qwen3.5-9B|tubitak_math2026|tubitak_math2026/9|g55,1
R1-distill,Qwen3.5-9B,tubitak_math2026,intermediate_error,Qwen3.5-9B|tubitak_math2026|tubitak_math2026/9|g60,1
R1-distill,Qwen3.5-9B,tubitak_math2026,intermediate_error,Qwen3.5-9B|tubitak_math2026|tubitak_math2026/9|g62,1
R1-distill,Qwen3.5-9B,tubitak_math2026,truncated,Qwen3.5-9B|tubitak_math2026|tubitak_math2026/11|g19,0
R1-distill,Qwen3.5-9B,tubitak_math2026,truncated,Qwen3.5-9B|tubitak_math2026|tubitak_math2026/11|g21,1
R1-distill,Qwen3.5-9B,tubitak_math2026,truncated,Qwen3.5-9B|tubitak_math2026|tubitak_math2026/11|g40,1
R1-distill,Qwen3.5-9B,tubitak_math2026,truncated,Qwen3.5-9B|tubitak_math2026|tubitak_math2026/11|g9,1
R1-distill,Qwen3.5-9B,tubitak_math2026,truncated,Qwen3.5-9B|tubitak_math2026|tubitak_math2026/12|g20,1
R1-distill,Qwen3.5-9B,tubitak_math2026,truncated,Qwen3.5-9B|tubitak_math2026|tubitak_math2026/12|g36,1
R1-distill,Qwen3.5-9B,tubitak_math2026,truncated,Qwen3.5-9B|tubitak_math2026|tubitak_math2026/12|g46,1
R1-distill,Qwen3.5-9B,tubitak_math2026,truncated,Qwen3.5-9B|tubitak_math2026|tubitak_math2026/12|g48,1
R1-distill,Qwen3.5-9B,tubitak_math2026,truncated,Qwen3.5-9B|tubitak_math2026|tubitak_math2026/12|g49,1
R1-distill,Qwen3.5-9B,tubitak_math2026,truncated,Qwen3.5-9B|tubitak_math2026|tubitak_math2026/13|g24,0
R1-distill,Qwen3.5-9B,tubitak_math2026,truncated,Qwen3.5-9B|tubitak_math2026|tubitak_math2026/13|g26,1
R1-distill,Qwen3.5-9B,tubitak_math2026,truncated,Qwen3.5-9B|tubitak_math2026|tubitak_math2026/13|g38,1
R1-distill,Qwen3.5-9B,tubitak_math2026,truncated,Qwen3.5-9B|tubitak_math2026|tubitak_math2026/13|g41,1
R1-distill,Qwen3.5-9B,tubitak_math2026,truncated,Qwen3.5-9B|tubitak_math2026|tubitak_math2026/13|g48,1
R1-distill,Qwen3.5-9B,tubitak_math2026,truncated,Qwen3.5-9B|tubitak_math2026|tubitak_math2026/15|g1,1
R1-distill,Qwen3.5-9B,tubitak_math2026,truncated,Qwen3.5-9B|tubitak_math2026|tubitak_math2026/15|g31,1
R1-distill,Qwen3.5-9B,tubitak_math2026,truncated,Qwen3.5-9B|tubitak_math2026|tubitak_math2026/15|g32,1
R1-distill,Qwen3.5-9B,tubitak_math2026,truncated,Qwen3.5-9B|tubitak_math2026|tubitak_math2026/15|g43,1
R1-distill,Qwen3.5-9B,tubitak_math2026,truncated,Qwen3.5-9B|tubitak_math2026|tubitak_math2026/15|g49,1
R1-distill,Qwen3.5-9B,tubitak_math2026,truncated,Qwen3.5-9B|tubitak_math2026|tubitak_math2026/16|g11,1
R1-distill,Qwen3.5-9B,tubitak_math2026,truncated,Qwen3.5-9B|tubitak_math2026|tubitak_math2026/16|g25,1
R1-distill,Qwen3.5-9B,tubitak_math2026,truncated,Qwen3.5-9B|tubitak_math2026|tubitak_math2026/16|g26,1
R1-distill,Qwen3.5-9B,tubitak_math2026,truncated,Qwen3.5-9B|tubitak_math2026|tubitak_math2026/16|g47,0
R1-distill,Qwen3.5-9B,tubitak_math2026,truncated,Qwen3.5-9B|tubitak_math2026|tubitak_math2026/16|g59,1
R1-distill,Qwen3.5-9B,tubitak_math2026,truncated,Qwen3.5-9B|tubitak_math2026|tubitak_math2026/17|g16,1
R1-distill,Qwen3.5-9B,tubitak_math2026,truncated,Qwen3.5-9B|tubitak_math2026|tubitak_math2026/17|g20,0
R1-distill,Qwen3.5-9B,tubitak_math2026,truncated,Qwen3.5-9B|tubitak_math2026|tubitak_math2026/17|g39,0
R1-distill,Qwen3.5-9B,tubitak_math2026,truncated,Qwen3.5-9B|tubitak_math2026|tubitak_math2026/17|g44,1
R1-distill,Qwen3.5-9B,tubitak_math2026,truncated,Qwen3.5-9B|tubitak_math2026|tubitak_math2026/17|g7,1
R1-distill,Qwen3.5-9B,tubitak_math2026,truncated,Qwen3.5-9B|tubitak_math2026|tubitak_math2026/1|g41,1
R1-distill,Qwen3.5-9B,tubitak_math2026,truncated,Qwen3.5-9B|tubitak_math2026|tubitak_math2026/1|g48,1
R1-distill,Qwen3.5-9B,tubitak_math2026,truncated,Qwen3.5-9B|tubitak_math2026|tubitak_math2026/1|g55,1
R1-distill,Qwen3.5-9B,tubitak_math2026,truncated,Qwen3.5-9B|tubitak_math2026|tubitak_math2026/1|g7,1
R1-distill,Qwen3.5-9B,tubitak_math2026,truncated,Qwen3.5-9B|tubitak_math2026|tubitak_math2026/1|g9,1
R1-distill,Qwen3.5-9B,tubitak_math2026,truncated,Qwen3.5-9B|tubitak_math2026|tubitak_math2026/20|g32,1
R1-distill,Qwen3.5-9B,tubitak_math2026,truncated,Qwen3.5-9B|tubitak_math2026|tubitak_math2026/20|g37,1
R1-distill,Qwen3.5-9B,tubitak_math2026,truncated,Qwen3.5-9B|tubitak_math2026|tubitak_math2026/20|g42,1
R1-distill,Qwen3.5-9B,tubitak_math2026,truncated,Qwen3.5-9B|tubitak_math2026|tubitak_math2026/20|g53,1
R1-distill,Qwen3.5-9B,tubitak_math2026,truncated,Qwen3.5-9B|tubitak_math2026|tubitak_math2026/20|g54,1
R1-distill,Qwen3.5-9B,tubitak_math2026,truncated,Qwen3.5-9B|tubitak_math2026|tubitak_math2026/20|g8,1
R1-distill,Qwen3.5-9B,tubitak_math2026,truncated,Qwen3.5-9B|tubitak_math2026|tubitak_math2026/21|g20,1
R1-distill,Qwen3.5-9B,tubitak_math2026,truncated,Qwen3.5-9B|tubitak_math2026|tubitak_math2026/21|g3,1
R1-distill,Qwen3.5-9B,tubitak_math2026,truncated,Qwen3.5-9B|tubitak_math2026|tubitak_math2026/21|g44,0
R1-distill,Qwen3.5-9B,tubitak_math2026,truncated,Qwen3.5-9B|tubitak_math2026|tubitak_math2026/21|g56,0
R1-distill,Qwen3.5-9B,tubitak_math2026,truncated,Qwen3.5-9B|tubitak_math2026|tubitak_math2026/28|g3,1
R1-distill,Qwen3.5-9B,tubitak_math2026,truncated,Qwen3.5-9B|tubitak_math2026|tubitak_math2026/28|g34,0
R1-distill,Qwen3.5-9B,tubitak_math2026,truncated,Qwen3.5-9B|tubitak_math2026|tubitak_math2026/28|g39,1
R1-distill,Qwen3.5-9B,tubitak_math2026,truncated,Qwen3.5-9B|tubitak_math2026|tubitak_math2026/28|g49,1
R1-distill,Qwen3.5-9B,tubitak_math2026,truncated,Qwen3.5-9B|tubitak_math2026|tubitak_math2026/28|g58,0
R1-distill,Qwen3.5-9B,tubitak_math2026,truncated,Qwen3.5-9B|tubitak_math2026|tubitak_math2026/29|g17,0
R1-distill,Qwen3.5-9B,tubitak_math2026,truncated,Qwen3.5-9B|tubitak_math2026|tubitak_math2026/30|g0,0
R1-distill,Qwen3.5-9B,tubitak_math2026,truncated,Qwen3.5-9B|tubitak_math2026|tubitak_math2026/30|g27,1
R1-distill,Qwen3.5-9B,tubitak_math2026,truncated,Qwen3.5-9B|tubitak_math2026|tubitak_math2026/30|g30,1
R1-distill,Qwen3.5-9B,tubitak_math2026,truncated,Qwen3.5-9B|tubitak_math2026|tubitak_math2026/30|g53,1
R1-distill,Qwen3.5-9B,tubitak_math2026,truncated,Qwen3.5-9B|tubitak_math2026|tubitak_math2026/31|g21,1
R1-distill,Qwen3.5-9B,tubitak_math2026,truncated,Qwen3.5-9B|tubitak_math2026|tubitak_math2026/31|g23,0
R1-distill,Qwen3.5-9B,tubitak_math2026,truncated,Qwen3.5-9B|tubitak_math2026|tubitak_math2026/31|g49,1
R1-distill,Qwen3.5-9B,tubitak_math2026,truncated,Qwen3.5-9B|tubitak_math2026|tubitak_math2026/31|g53,1
R1-distill,Qwen3.5-9B,tubitak_math2026,truncated,Qwen3.5-9B|tubitak_math2026|tubitak_math2026/31|g56,1
R1-distill,Qwen3.5-9B,tubitak_math2026,truncated,Qwen3.5-9B|tubitak_math2026|tubitak_math2026/4|g23,1
R1-distill,Qwen3.5-9B,tubitak_math2026,truncated,Qwen3.5-9B|tubitak_math2026|tubitak_math2026/4|g28,1
R1-distill,Qwen3.5-9B,tubitak_math2026,truncated,Qwen3.5-9B|tubitak_math2026|tubitak_math2026/4|g55,1
R1-distill,Qwen3.5-9B,tubitak_math2026,truncated,Qwen3.5-9B|tubitak_math2026|tubitak_math2026/4|g6,1
R1-distill,Qwen3.5-9B,tubitak_math2026,truncated,Qwen3.5-9B|tubitak_math2026|tubitak_math2026/5|g35,1
R1-distill,Qwen3.5-9B,tubitak_math2026,truncated,Qwen3.5-9B|tubitak_math2026|tubitak_math2026/5|g53,1
R1-distill,Qwen3.5-9B,tubitak_math2026,truncated,Qwen3.5-9B|tubitak_math2026|tubitak_math2026/5|g54,1
R1-distill,Qwen3.5-9B,tubitak_math2026,truncated,Qwen3.5-9B|tubitak_math2026|tubitak_math2026/5|g8,1
R1-distill,Qwen3.5-9B,tubitak_math2026,truncated,Qwen3.5-9B|tubitak_math2026|tubitak_math2026/9|g15,1
R1-distill,Qwen3.5-9B,tubitak_math2026,truncated,Qwen3.5-9B|tubitak_math2026|tubitak_math2026/9|g44,1
R1-distill,Qwen3.5-9B,tubitak_math2026,truncated,Qwen3.5-9B|tubitak_math2026|tubitak_math2026/9|g55,0
R1-distill,Qwen3.5-9B,tubitak_math2026,truncated,Qwen3.5-9B|tubitak_math2026|tubitak_math2026/9|g60,1
R1-distill,Qwen3.5-9B,tubitak_math2026,truncated,Qwen3.5-9B|tubitak_math2026|tubitak_math2026/9|g62,1
