solver_model,generation,state,benchmark,language,solver_max_tokens,n_samples,n_tasks,judge_short,judge_state,judge_max_tokens,k,pass_at_k,cot_pass_at_k,cot_gap
Qwen2.5-32B,previous,base,aime2026,EN,16384,64,30,R1-distill,think,16384.0,1,0.0411458333333333,0.0322916666666666,0.008854166666666698
Qwen2.5-32B,previous,base,aime2026,EN,16384,64,30,R1-distill,think,16384.0,2,0.0720403439153439,0.0562003968253968,0.015839947089947105
Qwen2.5-32B,previous,base,aime2026,EN,16384,64,30,R1-distill,think,16384.0,4,0.1152537500104924,0.0888590377980912,0.026394712212401195
Qwen2.5-32B,previous,base,aime2026,EN,16384,64,30,R1-distill,think,16384.0,8,0.1661679068712705,0.1253358995751526,0.04083200729611791
Qwen2.5-32B,previous,base,aime2026,EN,16384,64,30,R1-distill,think,16384.0,16,0.2205747192157511,0.1594740402235119,0.06110067899223923
Qwen2.5-32B,previous,base,aime2026,EN,16384,64,30,R1-distill,think,16384.0,32,0.2798597848625664,0.1916854519448435,0.08817433291772292
Qwen2.5-32B,previous,base,aime2026,EN,16384,64,30,R1-distill,think,16384.0,64,0.3333333333333333,0.2333333333333333,0.1
Qwen2.5-32B,previous,base,aime2026_pt,PT,16384,64,30,R1-distill,think,16384.0,1,0.0411458333333333,0.03125,0.009895833333333298
Qwen2.5-32B,previous,base,aime2026_pt,PT,16384,64,30,R1-distill,think,16384.0,2,0.0684027777777777,0.0533068783068782,0.015095899470899503
Qwen2.5-32B,previous,base,aime2026_pt,PT,16384,64,30,R1-distill,think,16384.0,4,0.1002505078357801,0.0797771188503605,0.020473388985419602
Qwen2.5-32B,previous,base,aime2026_pt,PT,16384,64,30,R1-distill,think,16384.0,8,0.1293403058861943,0.0996143851713404,0.0297259207148539
Qwen2.5-32B,previous,base,aime2026_pt,PT,16384,64,30,R1-distill,think,16384.0,16,0.1611066818293598,0.1081945762691073,0.0529121055602525
Qwen2.5-32B,previous,base,aime2026_pt,PT,16384,64,30,R1-distill,think,16384.0,32,0.2126984113437495,0.1166666527863825,0.09603175855736701
Qwen2.5-32B,previous,base,aime2026_pt,PT,16384,64,30,R1-distill,think,16384.0,64,0.3,0.1333333333333333,0.16666666666666669
Qwen2.5-32B,previous,base,aime2026_tr,TR,16384,64,30,R1-distill,think,16384.0,1,0.0171875,0.0109375,0.006250000000000002
Qwen2.5-32B,previous,base,aime2026_tr,TR,16384,64,30,R1-distill,think,16384.0,2,0.0321263227513227,0.0205853174603174,0.011541005291005296
Qwen2.5-32B,previous,base,aime2026_tr,TR,16384,64,30,R1-distill,think,16384.0,4,0.0569895096236978,0.0367217206819269,0.0202677889417709
Qwen2.5-32B,previous,base,aime2026_tr,TR,16384,64,30,R1-distill,think,16384.0,8,0.0943921685846962,0.060040344708904,0.034351823875792206
Qwen2.5-32B,previous,base,aime2026_tr,TR,16384,64,30,R1-distill,think,16384.0,16,0.147570118761925,0.0878386800103228,0.059731438751602195
Qwen2.5-32B,previous,base,aime2026_tr,TR,16384,64,30,R1-distill,think,16384.0,32,0.2205481418301466,0.1160485366479914,0.10449960518215519
Qwen2.5-32B,previous,base,aime2026_tr,TR,16384,64,30,R1-distill,think,16384.0,64,0.3,0.1333333333333333,0.16666666666666669
Qwen2.5-32B,previous,base,pt_exams_math,PT,16384,16,166,R1-distill,think,16384.0,1,0.6905120481927711,0.6140813253012049,0.07643072289156627
Qwen2.5-32B,previous,base,pt_exams_math,PT,16384,16,166,R1-distill,think,16384.0,2,0.8337349397590362,0.767971887550201,0.06576305220883527
Qwen2.5-32B,previous,base,pt_exams_math,PT,16384,16,166,R1-distill,think,16384.0,4,0.9045081424599496,0.8580100622269299,0.04649808023301971
Qwen2.5-32B,previous,base,pt_exams_math,PT,16384,16,166,R1-distill,think,16384.0,8,0.9335748588760636,0.901771187313356,0.03180367156270758
Qwen2.5-32B,previous,base,pt_exams_math,PT,16384,16,166,R1-distill,think,16384.0,16,0.9518072289156626,0.9216867469879518,0.030120481927710774
Qwen2.5-32B,previous,base,tubitak_math2026,TR-OL,16384,64,32,R1-distill,think,16384.0,1,0.1162109375,0.0458984374999999,0.0703125000000001
Qwen2.5-32B,previous,base,tubitak_math2026,TR-OL,16384,64,32,R1-distill,think,16384.0,2,0.1847408234126984,0.0670107886904761,0.11773003472222231
Qwen2.5-32B,previous,base,tubitak_math2026,TR-OL,16384,64,32,R1-distill,think,16384.0,4,0.2652186953079751,0.086146775688726,0.1790719196192491
Qwen2.5-32B,previous,base,tubitak_math2026,TR-OL,16384,64,32,R1-distill,think,16384.0,8,0.3503663923021211,0.1046333247845339,0.24573306751758717
Qwen2.5-32B,previous,base,tubitak_math2026,TR-OL,16384,64,32,R1-distill,think,16384.0,16,0.4362480935618569,0.1263027642940283,0.3099453292678286
Qwen2.5-32B,previous,base,tubitak_math2026,TR-OL,16384,64,32,R1-distill,think,16384.0,32,0.5244340488449998,0.1525164525714751,0.3719175962735247
Qwen2.5-32B,previous,base,tubitak_math2026,TR-OL,16384,64,32,R1-distill,think,16384.0,64,0.59375,0.1875,0.40625
Qwen2.5-32B,previous,base,aime2026,EN,16384,64,30,Qwen3.6,think,16384.0,1,0.0411458333333333,0.0328125,0.008333333333333297
Qwen2.5-32B,previous,base,aime2026,EN,16384,64,30,Qwen3.6,think,16384.0,2,0.0720403439153439,0.0567956349206349,0.015244708994709005
Qwen2.5-32B,previous,base,aime2026,EN,16384,64,30,Qwen3.6,think,16384.0,4,0.1152537500104924,0.0893537055223993,0.025900044488093105
Qwen2.5-32B,previous,base,aime2026,EN,16384,64,30,Qwen3.6,think,16384.0,8,0.1661679068712705,0.1264745774029411,0.0396933294683294
Qwen2.5-32B,previous,base,aime2026,EN,16384,64,30,Qwen3.6,think,16384.0,16,0.2205747192157511,0.1640101905327154,0.056564528683035714
Qwen2.5-32B,previous,base,aime2026,EN,16384,64,30,Qwen3.6,think,16384.0,32,0.2798597848625664,0.2000046132896955,0.07985517157287092
Qwen2.5-32B,previous,base,aime2026,EN,16384,64,30,Qwen3.6,think,16384.0,64,0.3333333333333333,0.2333333333333333,0.1
Qwen2.5-32B,previous,base,aime2026_pt,PT,16384,64,30,Qwen3.6,think,16384.0,1,0.0411458333333333,0.0333333333333333,0.0078125
Qwen2.5-32B,previous,base,aime2026_pt,PT,16384,64,30,Qwen3.6,think,16384.0,2,0.0684027777777777,0.056547619047619,0.011855158730158702
Qwen2.5-32B,previous,base,aime2026_pt,PT,16384,64,30,Qwen3.6,think,16384.0,4,0.1002505078357801,0.0840035401609965,0.016246967674783605
Qwen2.5-32B,previous,base,aime2026_pt,PT,16384,64,30,Qwen3.6,think,16384.0,8,0.1293403058861943,0.1047290705519794,0.0246112353342149
Qwen2.5-32B,previous,base,aime2026_pt,PT,16384,64,30,Qwen3.6,think,16384.0,16,0.1611066818293598,0.1165930904922571,0.0445135913371027
Qwen2.5-32B,previous,base,aime2026_pt,PT,16384,64,30,Qwen3.6,think,16384.0,32,0.2126984113437495,0.1333333318740478,0.0793650794697017
Qwen2.5-32B,previous,base,aime2026_pt,PT,16384,64,30,Qwen3.6,think,16384.0,64,0.3,0.1666666666666666,0.1333333333333334
Qwen2.5-32B,previous,base,aime2026_tr,TR,16384,64,30,Qwen3.6,think,16384.0,1,0.0171875,0.0119791666666666,0.0052083333333334016
Qwen2.5-32B,previous,base,aime2026_tr,TR,16384,64,30,Qwen3.6,think,16384.0,2,0.0321263227513227,0.022470238095238,0.009656084656084696
Qwen2.5-32B,previous,base,aime2026_tr,TR,16384,64,30,Qwen3.6,think,16384.0,4,0.0569895096236978,0.0398975829535057,0.017091926670192104
Qwen2.5-32B,previous,base,aime2026_tr,TR,16384,64,30,Qwen3.6,think,16384.0,8,0.0943921685846962,0.0650789105657593,0.029313258018936902
Qwen2.5-32B,previous,base,aime2026_tr,TR,16384,64,30,Qwen3.6,think,16384.0,16,0.147570118761925,0.0963895840983335,0.0511805346635915
Qwen2.5-32B,previous,base,aime2026_tr,TR,16384,64,30,Qwen3.6,think,16384.0,32,0.2205481418301466,0.1327166135903005,0.08783152823984611
Qwen2.5-32B,previous,base,aime2026_tr,TR,16384,64,30,Qwen3.6,think,16384.0,64,0.3,0.1666666666666666,0.1333333333333334
Qwen2.5-32B,previous,base,pt_exams_math,PT,16384,16,166,Qwen3.6,think,16384.0,1,0.6905120481927711,0.6449548192771084,0.04555722891566272
Qwen2.5-32B,previous,base,pt_exams_math,PT,16384,16,166,Qwen3.6,think,16384.0,2,0.8337349397590362,0.796335341365462,0.03739959839357421
Qwen2.5-32B,previous,base,pt_exams_math,PT,16384,16,166,Qwen3.6,think,16384.0,4,0.9045081424599496,0.8801866807890907,0.024321461670858913
Qwen2.5-32B,previous,base,pt_exams_math,PT,16384,16,166,Qwen3.6,think,16384.0,8,0.9335748588760636,0.9171679725896592,0.01640688628640441
Qwen2.5-32B,previous,base,pt_exams_math,PT,16384,16,166,Qwen3.6,think,16384.0,16,0.9518072289156626,0.927710843373494,0.02409638554216864
Qwen2.5-32B,previous,base,tubitak_math2026,TR-OL,16384,64,32,Qwen3.6,think,16384.0,1,0.1162109375,0.046875,0.0693359375
Qwen2.5-32B,previous,base,tubitak_math2026,TR-OL,16384,64,32,Qwen3.6,think,16384.0,2,0.1847408234126984,0.0679408482142857,0.1167999751984127
Qwen2.5-32B,previous,base,tubitak_math2026,TR-OL,16384,64,32,Qwen3.6,think,16384.0,4,0.2652186953079751,0.0864729113155045,0.1787457839924706
Qwen2.5-32B,previous,base,tubitak_math2026,TR-OL,16384,64,32,Qwen3.6,think,16384.0,8,0.3503663923021211,0.102760151387378,0.2476062409147431
Qwen2.5-32B,previous,base,tubitak_math2026,TR-OL,16384,64,32,Qwen3.6,think,16384.0,16,0.4362480935618569,0.119176749543325,0.3170713440185319
Qwen2.5-32B,previous,base,tubitak_math2026,TR-OL,16384,64,32,Qwen3.6,think,16384.0,32,0.5244340488449998,0.136902613437963,0.3875314354070368
Qwen2.5-32B,previous,base,tubitak_math2026,TR-OL,16384,64,32,Qwen3.6,think,16384.0,64,0.59375,0.15625,0.4375
Qwen2.5-32B,previous,base,aime2026,EN,16384,64,30,V4-Flash,think,20480.0,1,0.0411458333333333,0.0338541666666666,0.007291666666666696
Qwen2.5-32B,previous,base,aime2026,EN,16384,64,30,V4-Flash,think,20480.0,2,0.0720403439153439,0.0586144179894179,0.013425925925926008
Qwen2.5-32B,previous,base,aime2026,EN,16384,64,30,V4-Flash,think,20480.0,4,0.1152537500104924,0.0920883067663871,0.0231654432441053
Qwen2.5-32B,previous,base,aime2026,EN,16384,64,30,V4-Flash,think,20480.0,8,0.1661679068712705,0.1293312243457054,0.0368366825255651
Qwen2.5-32B,previous,base,aime2026,EN,16384,64,30,V4-Flash,think,20480.0,16,0.2205747192157511,0.1643950337227857,0.056179685492965425
Qwen2.5-32B,previous,base,aime2026,EN,16384,64,30,V4-Flash,think,20480.0,32,0.2798597848625664,0.1959184663363778,0.08394131852618861
Qwen2.5-32B,previous,base,aime2026,EN,16384,64,30,V4-Flash,think,20480.0,64,0.3333333333333333,0.2333333333333333,0.1
Qwen2.5-32B,previous,base,aime2026_pt,PT,16384,64,30,V4-Flash,think,20480.0,1,0.0411458333333333,0.0322916666666666,0.008854166666666698
Qwen2.5-32B,previous,base,aime2026_pt,PT,16384,64,30,V4-Flash,think,20480.0,2,0.0684027777777777,0.0547619047619047,0.013640873015873002
Qwen2.5-32B,previous,base,aime2026_pt,PT,16384,64,30,V4-Flash,think,20480.0,4,0.1002505078357801,0.0811757657408106,0.019074742094969496
Qwen2.5-32B,previous,base,aime2026_pt,PT,16384,64,30,V4-Flash,think,20480.0,8,0.1293403058861943,0.1002206511774415,0.0291196547087528
Qwen2.5-32B,previous,base,aime2026_pt,PT,16384,64,30,V4-Flash,think,20480.0,16,0.1611066818293598,0.1082362260494183,0.05287045577994151
Qwen2.5-32B,previous,base,aime2026_pt,PT,16384,64,30,V4-Flash,think,20480.0,32,0.2126984113437495,0.1166666621721827,0.0960317491715668
Qwen2.5-32B,previous,base,aime2026_pt,PT,16384,64,30,V4-Flash,think,20480.0,64,0.3,0.1333333333333333,0.16666666666666669
Qwen2.5-32B,previous,base,aime2026_tr,TR,16384,64,30,V4-Flash,think,20480.0,1,0.0171875,0.0104166666666666,0.006770833333333401
Qwen2.5-32B,previous,base,aime2026_tr,TR,16384,64,30,V4-Flash,think,20480.0,2,0.0321263227513227,0.0195601851851851,0.012566137566137597
Qwen2.5-32B,previous,base,aime2026_tr,TR,16384,64,30,V4-Flash,think,20480.0,4,0.0569895096236978,0.0347375936977999,0.022251915925897904
Qwen2.5-32B,previous,base,aime2026_tr,TR,16384,64,30,V4-Flash,think,20480.0,8,0.0943921685846962,0.0563366410052003,0.03805552757949591
Qwen2.5-32B,previous,base,aime2026_tr,TR,16384,64,30,V4-Flash,think,20480.0,16,0.147570118761925,0.0814894736611164,0.06608064510080859
Qwen2.5-32B,previous,base,aime2026_tr,TR,16384,64,30,V4-Flash,think,20480.0,32,0.2205481418301466,0.107582928182383,0.11296521364776359
Qwen2.5-32B,previous,base,aime2026_tr,TR,16384,64,30,V4-Flash,think,20480.0,64,0.3,0.1333333333333333,0.16666666666666669
Qwen2.5-32B,previous,base,pt_exams_math,PT,16384,16,166,V4-Flash,think,20480.0,1,0.6905120481927711,0.6287650602409639,0.06174698795180722
Qwen2.5-32B,previous,base,pt_exams_math,PT,16384,16,166,V4-Flash,think,20480.0,2,0.8337349397590362,0.7809738955823294,0.052761044176706795
Qwen2.5-32B,previous,base,pt_exams_math,PT,16384,16,166,V4-Flash,think,20480.0,4,0.9045081424599496,0.8692605587183901,0.03524758374155945
Qwen2.5-32B,previous,base,pt_exams_math,PT,16384,16,166,V4-Flash,think,20480.0,8,0.9335748588760636,0.9114134861122812,0.022161372763782383
Qwen2.5-32B,previous,base,pt_exams_math,PT,16384,16,166,V4-Flash,think,20480.0,16,0.9518072289156626,0.927710843373494,0.02409638554216864
Qwen2.5-32B,previous,base,tubitak_math2026,TR-OL,16384,64,32,V4-Flash,think,20480.0,1,0.1162109375,0.04248046875,0.07373046875
Qwen2.5-32B,previous,base,tubitak_math2026,TR-OL,16384,64,32,V4-Flash,think,20480.0,2,0.1847408234126984,0.0609964037698412,0.1237444196428572
Qwen2.5-32B,previous,base,tubitak_math2026,TR-OL,16384,64,32,V4-Flash,think,20480.0,4,0.2652186953079751,0.07590033303115,0.18931836227682508
Qwen2.5-32B,previous,base,tubitak_math2026,TR-OL,16384,64,32,V4-Flash,think,20480.0,8,0.3503663923021211,0.0875709231479509,0.2627954691541702
Qwen2.5-32B,previous,base,tubitak_math2026,TR-OL,16384,64,32,V4-Flash,think,20480.0,16,0.4362480935618569,0.0988982883913213,0.3373498051705356
Qwen2.5-32B,previous,base,tubitak_math2026,TR-OL,16384,64,32,V4-Flash,think,20480.0,32,0.5244340488449998,0.1093007377780377,0.41513331106696205
Qwen2.5-32B,previous,base,tubitak_math2026,TR-OL,16384,64,32,V4-Flash,think,20480.0,64,0.59375,0.125,0.46875
Qwen2.5-32B,previous,base,aime2026,EN,16384,64,30,Gemma4,think,16384.0,1,0.0411458333333333,0.0333333333333333,0.0078125
Qwen2.5-32B,previous,base,aime2026,EN,16384,64,30,Gemma4,think,16384.0,2,0.0720403439153439,0.0578207671957672,0.014219576719576701
Qwen2.5-32B,previous,base,aime2026,EN,16384,64,30,Gemma4,think,16384.0,4,0.1152537500104924,0.0912177461324737,0.0240360038780187
Qwen2.5-32B,previous,base,aime2026,EN,16384,64,30,Gemma4,think,16384.0,8,0.1661679068712705,0.1291024694342901,0.0370654374369804
Qwen2.5-32B,previous,base,aime2026,EN,16384,64,30,Gemma4,think,16384.0,16,0.2205747192157511,0.1658236264837076,0.05475109273204351
Qwen2.5-32B,previous,base,aime2026,EN,16384,64,30,Gemma4,think,16384.0,32,0.2798597848625664,0.2001510604104589,0.0797087244521075
Qwen2.5-32B,previous,base,aime2026,EN,16384,64,30,Gemma4,think,16384.0,64,0.3333333333333333,0.2333333333333333,0.1
Qwen2.5-32B,previous,base,aime2026_pt,PT,16384,64,30,Gemma4,think,16384.0,1,0.0411458333333333,0.0333333333333333,0.0078125
Qwen2.5-32B,previous,base,aime2026_pt,PT,16384,64,30,Gemma4,think,16384.0,2,0.0684027777777777,0.0562003968253968,0.012202380952380902
Qwen2.5-32B,previous,base,aime2026_pt,PT,16384,64,30,Gemma4,think,16384.0,4,0.1002505078357801,0.0825224748810153,0.0177280329547648
Qwen2.5-32B,previous,base,aime2026_pt,PT,16384,64,30,Gemma4,think,16384.0,8,0.1293403058861943,0.1007655769539246,0.0285747289322697
Qwen2.5-32B,previous,base,aime2026_pt,PT,16384,64,30,Gemma4,think,16384.0,16,0.1611066818293598,0.1082664898090007,0.05284019202035911
Qwen2.5-32B,previous,base,aime2026_pt,PT,16384,64,30,Gemma4,think,16384.0,32,0.2126984113437495,0.1166666652852396,0.0960317460585099
Qwen2.5-32B,previous,base,aime2026_pt,PT,16384,64,30,Gemma4,think,16384.0,64,0.3,0.1333333333333333,0.16666666666666669
Qwen2.5-32B,previous,base,aime2026_tr,TR,16384,64,30,Gemma4,think,16384.0,1,0.0171875,0.0114583333333333,0.005729166666666702
Qwen2.5-32B,previous,base,aime2026_tr,TR,16384,64,30,Gemma4,think,16384.0,2,0.0321263227513227,0.0214285714285714,0.010697751322751296
Qwen2.5-32B,previous,base,aime2026_tr,TR,16384,64,30,Gemma4,think,16384.0,4,0.0569895096236978,0.0378142496201724,0.0191752600035254
Qwen2.5-32B,previous,base,aime2026_tr,TR,16384,64,30,Gemma4,think,16384.0,8,0.0943921685846962,0.0609122438990926,0.03347992468560361
Qwen2.5-32B,previous,base,aime2026_tr,TR,16384,64,30,Gemma4,think,16384.0,16,0.147570118761925,0.0880562507650002,0.05951386799692479
Qwen2.5-32B,previous,base,aime2026_tr,TR,16384,64,30,Gemma4,think,16384.0,32,0.2205481418301466,0.1160499469236338,0.1044981949065128
Qwen2.5-32B,previous,base,aime2026_tr,TR,16384,64,30,Gemma4,think,16384.0,64,0.3,0.1333333333333333,0.16666666666666669
Qwen2.5-32B,previous,base,tubitak_math2026,TR-OL,16384,64,32,Gemma4,think,16384.0,1,0.1162109375,0.0454101562499999,0.0708007812500001
Qwen2.5-32B,previous,base,tubitak_math2026,TR-OL,16384,64,32,Gemma4,think,16384.0,2,0.1847408234126984,0.0657552083333333,0.1189856150793651
Qwen2.5-32B,previous,base,tubitak_math2026,TR-OL,16384,64,32,Gemma4,think,16384.0,4,0.2652186953079751,0.0828025452645362,0.1824161500434389
Qwen2.5-32B,previous,base,tubitak_math2026,TR-OL,16384,64,32,Gemma4,think,16384.0,8,0.3503663923021211,0.0962075073459501,0.254158884956171
Qwen2.5-32B,previous,base,tubitak_math2026,TR-OL,16384,64,32,Gemma4,think,16384.0,16,0.4362480935618569,0.1087120798044096,0.3275360137574473
Qwen2.5-32B,previous,base,tubitak_math2026,TR-OL,16384,64,32,Gemma4,think,16384.0,32,0.5244340488449998,0.124997851533201,0.3994361973117988
Qwen2.5-32B,previous,base,tubitak_math2026,TR-OL,16384,64,32,Gemma4,think,16384.0,64,0.59375,0.15625,0.4375
Qwen2.5-7B,previous,base,aime2026,EN,16384,64,30,R1-distill,think,16384.0,1,0.0286458333333333,0.0223958333333333,0.006250000000000002
Qwen2.5-7B,previous,base,aime2026,EN,16384,64,30,R1-distill,think,16384.0,2,0.047255291005291,0.0386243386243386,0.008630952380952399
Qwen2.5-7B,previous,base,aime2026,EN,16384,64,30,R1-distill,think,16384.0,4,0.0697487786759336,0.0596242225076175,0.010124556168316097
Qwen2.5-7B,previous,base,aime2026,EN,16384,64,30,R1-distill,think,16384.0,8,0.0939222445020947,0.0802753754002984,0.0136468691017963
Qwen2.5-7B,previous,base,aime2026,EN,16384,64,30,R1-distill,think,16384.0,16,0.122896714297729,0.0977849612158597,0.025111753081869304
Qwen2.5-7B,previous,base,aime2026,EN,16384,64,30,R1-distill,think,16384.0,32,0.1647800014838707,0.1147797913237487,0.050000210160122
Qwen2.5-7B,previous,base,aime2026,EN,16384,64,30,R1-distill,think,16384.0,64,0.2333333333333333,0.1333333333333333,0.1
Qwen2.5-7B,previous,base,aime2026_pt,PT,16384,64,30,R1-distill,think,16384.0,1,0.0286458333333333,0.01875,0.009895833333333302
Qwen2.5-7B,previous,base,aime2026_pt,PT,16384,64,30,R1-distill,think,16384.0,2,0.0488425925925925,0.034375,0.014467592592592497
Qwen2.5-7B,previous,base,aime2026_pt,PT,16384,64,30,R1-distill,think,16384.0,4,0.0746870619391772,0.0581788316419463,0.01650823029723089
Qwen2.5-7B,previous,base,aime2026_pt,PT,16384,64,30,R1-distill,think,16384.0,8,0.1008017919511828,0.085868156270839,0.014933635680343796
Qwen2.5-7B,previous,base,aime2026_pt,PT,16384,64,30,R1-distill,think,16384.0,16,0.1234970871014186,0.1056973382973781,0.017799748804040505
Qwen2.5-7B,previous,base,aime2026_pt,PT,16384,64,30,R1-distill,think,16384.0,32,0.1499933347686892,0.1166492969242988,0.0333440378443904
Qwen2.5-7B,previous,base,aime2026_pt,PT,16384,64,30,R1-distill,think,16384.0,64,0.2,0.1333333333333333,0.06666666666666671
Qwen2.5-7B,previous,base,aime2026_tr,TR,16384,64,30,R1-distill,think,16384.0,1,0.0161458333333333,0.0093749999999999,0.0067708333333333995
Qwen2.5-7B,previous,base,aime2026_tr,TR,16384,64,30,R1-distill,think,16384.0,2,0.0297453703703703,0.0179563492063492,0.011789021164021099
Qwen2.5-7B,previous,base,aime2026_tr,TR,16384,64,30,R1-distill,think,16384.0,4,0.0511904761904761,0.0329711855657122,0.0182192906247639
Qwen2.5-7B,previous,base,aime2026_tr,TR,16384,64,30,R1-distill,think,16384.0,8,0.0796915864576888,0.0558425611674977,0.023849025290191096
Qwen2.5-7B,previous,base,aime2026_tr,TR,16384,64,30,R1-distill,think,16384.0,16,0.1117962124555331,0.0818902665416312,0.029905945913901902
Qwen2.5-7B,previous,base,aime2026_tr,TR,16384,64,30,R1-distill,think,16384.0,32,0.1480341989816079,0.0977522415838614,0.05028195739774652
Qwen2.5-7B,previous,base,aime2026_tr,TR,16384,64,30,R1-distill,think,16384.0,64,0.2,0.1,0.1
Qwen2.5-7B,previous,base,pt_exams_math,PT,16384,16,166,R1-distill,think,16384.0,1,0.4935993975903614,0.4367469879518072,0.0568524096385542
Qwen2.5-7B,previous,base,pt_exams_math,PT,16384,16,166,R1-distill,think,16384.0,2,0.682429718875502,0.6182228915662655,0.06420682730923644
Qwen2.5-7B,previous,base,pt_exams_math,PT,16384,16,166,R1-distill,think,16384.0,4,0.8161128028597908,0.7571163775983047,0.058996425261486074
Qwen2.5-7B,previous,base,pt_exams_math,PT,16384,16,166,R1-distill,think,16384.0,8,0.8850535007161514,0.8357083345035154,0.04934516621263596
Qwen2.5-7B,previous,base,pt_exams_math,PT,16384,16,166,R1-distill,think,16384.0,16,0.9216867469879518,0.8855421686746988,0.03614457831325302
Qwen2.5-7B,previous,base,tubitak_math2026,TR-OL,16384,64,32,R1-distill,think,16384.0,1,0.0869140625,0.037109375,0.0498046875
Qwen2.5-7B,previous,base,tubitak_math2026,TR-OL,16384,64,32,R1-distill,think,16384.0,2,0.1458178323412698,0.0592137896825396,0.0866040426587302
Qwen2.5-7B,previous,base,tubitak_math2026,TR-OL,16384,64,32,R1-distill,think,16384.0,4,0.2231675122289793,0.0851255791846088,0.1380419330443705
Qwen2.5-7B,previous,base,tubitak_math2026,TR-OL,16384,64,32,R1-distill,think,16384.0,8,0.310201933601535,0.1137323825315444,0.1964695510699906
Qwen2.5-7B,previous,base,tubitak_math2026,TR-OL,16384,64,32,R1-distill,think,16384.0,16,0.3988029086480838,0.1455444692095957,0.25325843943848814
Qwen2.5-7B,previous,base,tubitak_math2026,TR-OL,16384,64,32,R1-distill,think,16384.0,32,0.4850102554875979,0.1792644806249374,0.3057457748626605
Qwen2.5-7B,previous,base,tubitak_math2026,TR-OL,16384,64,32,R1-distill,think,16384.0,64,0.5625,0.21875,0.34375
Qwen2.5-7B,previous,base,aime2026,EN,16384,64,30,Qwen3.6,think,16384.0,1,0.0286458333333333,0.0197916666666666,0.008854166666666701
Qwen2.5-7B,previous,base,aime2026,EN,16384,64,30,Qwen3.6,think,16384.0,2,0.047255291005291,0.0347222222222222,0.012533068783068799
Qwen2.5-7B,previous,base,aime2026,EN,16384,64,30,Qwen3.6,think,16384.0,4,0.0697487786759336,0.054832781429159,0.014915997246774601
Qwen2.5-7B,previous,base,aime2026,EN,16384,64,30,Qwen3.6,think,16384.0,8,0.0939222445020947,0.0748435938690847,0.019078650633009994
Qwen2.5-7B,previous,base,aime2026,EN,16384,64,30,Qwen3.6,think,16384.0,16,0.122896714297729,0.089284243074819,0.03361247122291
Qwen2.5-7B,previous,base,aime2026,EN,16384,64,30,Qwen3.6,think,16384.0,32,0.1647800014838707,0.0981125715045869,0.06666742997928381
Qwen2.5-7B,previous,base,aime2026,EN,16384,64,30,Qwen3.6,think,16384.0,64,0.2333333333333333,0.1,0.1333333333333333
Qwen2.5-7B,previous,base,aime2026_pt,PT,16384,64,30,Qwen3.6,think,16384.0,1,0.0286458333333333,0.0213541666666666,0.0072916666666667
Qwen2.5-7B,previous,base,aime2026_pt,PT,16384,64,30,Qwen3.6,think,16384.0,2,0.0488425925925925,0.0384589947089947,0.0103835978835978
Qwen2.5-7B,previous,base,aime2026_pt,PT,16384,64,30,Qwen3.6,think,16384.0,4,0.0746870619391772,0.0631607111379718,0.011526350801205398
Qwen2.5-7B,previous,base,aime2026_pt,PT,16384,64,30,Qwen3.6,think,16384.0,8,0.1008017919511828,0.0894562782333592,0.011345513717823608
Qwen2.5-7B,previous,base,aime2026_pt,PT,16384,64,30,Qwen3.6,think,16384.0,16,0.1234970871014186,0.1065107792431858,0.016986307858232796
Qwen2.5-7B,previous,base,aime2026_pt,PT,16384,64,30,Qwen3.6,think,16384.0,32,0.1499933347686892,0.1166585774886752,0.033334757280014005
Qwen2.5-7B,previous,base,aime2026_pt,PT,16384,64,30,Qwen3.6,think,16384.0,64,0.2,0.1333333333333333,0.06666666666666671
Qwen2.5-7B,previous,base,aime2026_tr,TR,16384,64,30,Qwen3.6,think,16384.0,1,0.0161458333333333,0.0119791666666666,0.0041666666666667004
Qwen2.5-7B,previous,base,aime2026_tr,TR,16384,64,30,Qwen3.6,think,16384.0,2,0.0297453703703703,0.0226521164021164,0.007093253968253901
Qwen2.5-7B,previous,base,aime2026_tr,TR,16384,64,30,Qwen3.6,think,16384.0,4,0.0511904761904761,0.0406406600186346,0.010549816171841496
Qwen2.5-7B,previous,base,aime2026_tr,TR,16384,64,30,Qwen3.6,think,16384.0,8,0.0796915864576888,0.0663643382200897,0.013327248237599093
Qwen2.5-7B,previous,base,aime2026_tr,TR,16384,64,30,Qwen3.6,think,16384.0,16,0.1117962124555331,0.0938440435087306,0.017952168946802502
Qwen2.5-7B,previous,base,aime2026_tr,TR,16384,64,30,Qwen3.6,think,16384.0,32,0.1480341989816079,0.1146867100392202,0.03334748894238772
Qwen2.5-7B,previous,base,aime2026_tr,TR,16384,64,30,Qwen3.6,think,16384.0,64,0.2,0.1333333333333333,0.06666666666666671
Qwen2.5-7B,previous,base,pt_exams_math,PT,16384,16,166,Qwen3.6,think,16384.0,1,0.4935993975903614,0.4604668674698795,0.033132530120481896
Qwen2.5-7B,previous,base,pt_exams_math,PT,16384,16,166,Qwen3.6,think,16384.0,2,0.682429718875502,0.6465361445783138,0.0358935742971882
Qwen2.5-7B,previous,base,pt_exams_math,PT,16384,16,166,Qwen3.6,think,16384.0,4,0.8161128028597908,0.7830597113729643,0.03305309148682656
Qwen2.5-7B,previous,base,pt_exams_math,PT,16384,16,166,Qwen3.6,think,16384.0,8,0.8850535007161514,0.852350661386806,0.03270283932934537
Qwen2.5-7B,previous,base,pt_exams_math,PT,16384,16,166,Qwen3.6,think,16384.0,16,0.9216867469879518,0.8855421686746988,0.03614457831325302
Qwen2.5-7B,previous,base,tubitak_math2026,TR-OL,16384,64,32,Qwen3.6,think,16384.0,1,0.0869140625,0.04052734375,0.04638671875
Qwen2.5-7B,previous,base,tubitak_math2026,TR-OL,16384,64,32,Qwen3.6,think,16384.0,2,0.1458178323412698,0.0634765625,0.0823412698412698
Qwen2.5-7B,previous,base,tubitak_math2026,TR-OL,16384,64,32,Qwen3.6,think,16384.0,4,0.2231675122289793,0.0895855367530407,0.13358197547593859
Qwen2.5-7B,previous,base,tubitak_math2026,TR-OL,16384,64,32,Qwen3.6,think,16384.0,8,0.310201933601535,0.1171225626315663,0.1930793709699687
Qwen2.5-7B,previous,base,tubitak_math2026,TR-OL,16384,64,32,Qwen3.6,think,16384.0,16,0.3988029086480838,0.1468838369932179,0.25191907165486593
Qwen2.5-7B,previous,base,tubitak_math2026,TR-OL,16384,64,32,Qwen3.6,think,16384.0,32,0.4850102554875979,0.1840269510847542,0.3009833044028437
Qwen2.5-7B,previous,base,tubitak_math2026,TR-OL,16384,64,32,Qwen3.6,think,16384.0,64,0.5625,0.21875,0.34375
Qwen2.5-7B,previous,base,aime2026,EN,16384,64,30,V4-Flash,think,20480.0,1,0.0286458333333333,0.0223958333333333,0.006250000000000002
Qwen2.5-7B,previous,base,aime2026,EN,16384,64,30,V4-Flash,think,20480.0,2,0.047255291005291,0.0387731481481481,0.008482142857142903
Qwen2.5-7B,previous,base,aime2026,EN,16384,64,30,V4-Flash,think,20480.0,4,0.0697487786759336,0.0600724610309485,0.009676317644985097
Qwen2.5-7B,previous,base,aime2026,EN,16384,64,30,V4-Flash,think,20480.0,8,0.0939222445020947,0.0807818862541875,0.0131403582479072
Qwen2.5-7B,previous,base,aime2026,EN,16384,64,30,V4-Flash,think,20480.0,16,0.122896714297729,0.0978897220960346,0.025006992201694403
Qwen2.5-7B,previous,base,aime2026,EN,16384,64,30,V4-Flash,think,20480.0,32,0.1647800014838707,0.1147800014774983,0.050000000006372405
Qwen2.5-7B,previous,base,aime2026,EN,16384,64,30,V4-Flash,think,20480.0,64,0.2333333333333333,0.1333333333333333,0.1
Qwen2.5-7B,previous,base,aime2026_pt,PT,16384,64,30,V4-Flash,think,20480.0,1,0.0286458333333333,0.01875,0.009895833333333302
Qwen2.5-7B,previous,base,aime2026_pt,PT,16384,64,30,V4-Flash,think,20480.0,2,0.0488425925925925,0.034375,0.014467592592592497
Qwen2.5-7B,previous,base,aime2026_pt,PT,16384,64,30,V4-Flash,think,20480.0,4,0.0746870619391772,0.0581788316419463,0.01650823029723089
Qwen2.5-7B,previous,base,aime2026_pt,PT,16384,64,30,V4-Flash,think,20480.0,8,0.1008017919511828,0.085868156270839,0.014933635680343796
Qwen2.5-7B,previous,base,aime2026_pt,PT,16384,64,30,V4-Flash,think,20480.0,16,0.1234970871014186,0.1056973382973781,0.017799748804040505
Qwen2.5-7B,previous,base,aime2026_pt,PT,16384,64,30,V4-Flash,think,20480.0,32,0.1499933347686892,0.1166492969242988,0.0333440378443904
Qwen2.5-7B,previous,base,aime2026_pt,PT,16384,64,30,V4-Flash,think,20480.0,64,0.2,0.1333333333333333,0.06666666666666671
Qwen2.5-7B,previous,base,aime2026_tr,TR,16384,64,30,V4-Flash,think,20480.0,1,0.0161458333333333,0.0093749999999999,0.0067708333333333995
Qwen2.5-7B,previous,base,aime2026_tr,TR,16384,64,30,V4-Flash,think,20480.0,2,0.0297453703703703,0.0179398148148148,0.0118055555555555
Qwen2.5-7B,previous,base,aime2026_tr,TR,16384,64,30,V4-Flash,think,20480.0,4,0.0511904761904761,0.0328903935097747,0.0183000826807014
Qwen2.5-7B,previous,base,aime2026_tr,TR,16384,64,30,V4-Flash,think,20480.0,8,0.0796915864576888,0.055598042241968,0.024093544215720797
Qwen2.5-7B,previous,base,aime2026_tr,TR,16384,64,30,V4-Flash,think,20480.0,16,0.1117962124555331,0.0814941961291853,0.030302016326347797
Qwen2.5-7B,previous,base,aime2026_tr,TR,16384,64,30,V4-Flash,think,20480.0,32,0.1480341989816079,0.0976313503031451,0.050402848678462814
Qwen2.5-7B,previous,base,aime2026_tr,TR,16384,64,30,V4-Flash,think,20480.0,64,0.2,0.1,0.1
Qwen2.5-7B,previous,base,pt_exams_math,PT,16384,16,166,V4-Flash,think,20480.0,1,0.4935993975903614,0.4427710843373494,0.050828313253012014
Qwen2.5-7B,previous,base,pt_exams_math,PT,16384,16,166,V4-Flash,think,20480.0,2,0.682429718875502,0.6261044176706831,0.05632530120481882
Qwen2.5-7B,previous,base,pt_exams_math,PT,16384,16,166,V4-Flash,think,20480.0,4,0.8161128028597908,0.7668012710181381,0.04931153184165271
Qwen2.5-7B,previous,base,pt_exams_math,PT,16384,16,166,V4-Flash,think,20480.0,8,0.8850535007161514,0.8450810233942765,0.03997247732187492
Qwen2.5-7B,previous,base,pt_exams_math,PT,16384,16,166,V4-Flash,think,20480.0,16,0.9216867469879518,0.8855421686746988,0.03614457831325302
Qwen2.5-7B,previous,base,tubitak_math2026,TR-OL,16384,64,32,V4-Flash,think,20480.0,1,0.0869140625,0.03466796875,0.05224609375
Qwen2.5-7B,previous,base,tubitak_math2026,TR-OL,16384,64,32,V4-Flash,think,20480.0,2,0.1458178323412698,0.0527653769841269,0.0930524553571429
Qwen2.5-7B,previous,base,tubitak_math2026,TR-OL,16384,64,32,V4-Flash,think,20480.0,4,0.2231675122289793,0.0714298010154617,0.1517377112135176
Qwen2.5-7B,previous,base,tubitak_math2026,TR-OL,16384,64,32,V4-Flash,think,20480.0,8,0.310201933601535,0.089421958300576,0.22077997530095897
Qwen2.5-7B,previous,base,tubitak_math2026,TR-OL,16384,64,32,V4-Flash,think,20480.0,16,0.3988029086480838,0.1068856353383777,0.2919172733097061
Qwen2.5-7B,previous,base,tubitak_math2026,TR-OL,16384,64,32,V4-Flash,think,20480.0,32,0.4850102554875979,0.1209020524592653,0.3641082030283326
Qwen2.5-7B,previous,base,tubitak_math2026,TR-OL,16384,64,32,V4-Flash,think,20480.0,64,0.5625,0.125,0.4375
Qwen2.5-7B,previous,base,aime2026,EN,16384,64,30,Gemma4,think,16384.0,1,0.0286458333333333,0.0229166666666666,0.005729166666666702
Qwen2.5-7B,previous,base,aime2026,EN,16384,64,30,Gemma4,think,16384.0,2,0.047255291005291,0.0394345238095238,0.0078207671957672
Qwen2.5-7B,previous,base,aime2026,EN,16384,64,30,Gemma4,think,16384.0,4,0.0697487786759336,0.0605907892859241,0.009157989390009495
Qwen2.5-7B,previous,base,aime2026,EN,16384,64,30,Gemma4,think,16384.0,8,0.0939222445020947,0.0809222904072932,0.012999954094801508
Qwen2.5-7B,previous,base,aime2026,EN,16384,64,30,Gemma4,think,16384.0,16,0.122896714297729,0.0978924667652298,0.025004247532499205
Qwen2.5-7B,previous,base,aime2026,EN,16384,64,30,Gemma4,think,16384.0,32,0.1647800014838707,0.1147800014824718,0.0500000000013989
Qwen2.5-7B,previous,base,aime2026,EN,16384,64,30,Gemma4,think,16384.0,64,0.2333333333333333,0.1333333333333333,0.1
Qwen2.5-7B,previous,base,aime2026_pt,PT,16384,64,30,Gemma4,think,16384.0,1,0.0286458333333333,0.0192708333333333,0.009375000000000001
Qwen2.5-7B,previous,base,aime2026_pt,PT,16384,64,30,Gemma4,think,16384.0,2,0.0488425925925925,0.0352017195767195,0.013640873015873002
Qwen2.5-7B,previous,base,aime2026_pt,PT,16384,64,30,Gemma4,think,16384.0,4,0.0746870619391772,0.0592070941720598,0.015479967767117395
Qwen2.5-7B,previous,base,aime2026_pt,PT,16384,64,30,Gemma4,think,16384.0,8,0.1008017919511828,0.0866203830231586,0.014181408928024206
Qwen2.5-7B,previous,base,aime2026_pt,PT,16384,64,30,Gemma4,think,16384.0,16,0.1234970871014186,0.105850917653621,0.017646169447797608
Qwen2.5-7B,previous,base,aime2026_pt,PT,16384,64,30,Gemma4,think,16384.0,32,0.1499933347686892,0.1166498499735703,0.03334348479511891
Qwen2.5-7B,previous,base,aime2026_pt,PT,16384,64,30,Gemma4,think,16384.0,64,0.2,0.1333333333333333,0.06666666666666671
Qwen2.5-7B,previous,base,aime2026_tr,TR,16384,64,30,Gemma4,think,16384.0,1,0.0161458333333333,0.0109374999999999,0.0052083333333334
Qwen2.5-7B,previous,base,aime2026_tr,TR,16384,64,30,Gemma4,think,16384.0,2,0.0297453703703703,0.0208498677248677,0.008895502645502599
Qwen2.5-7B,previous,base,aime2026_tr,TR,16384,64,30,Gemma4,think,16384.0,4,0.0511904761904761,0.0379630329127949,0.013227443277681196
Qwen2.5-7B,previous,base,aime2026_tr,TR,16384,64,30,Gemma4,think,16384.0,8,0.0796915864576888,0.0635023553417311,0.0161892311159577
Qwen2.5-7B,previous,base,aime2026_tr,TR,16384,64,30,Gemma4,think,16384.0,16,0.1117962124555331,0.0924415941846611,0.01935461827087201
Qwen2.5-7B,previous,base,aime2026_tr,TR,16384,64,30,Gemma4,think,16384.0,32,0.1480341989816079,0.114621693624633,0.03341250535697492
Qwen2.5-7B,previous,base,aime2026_tr,TR,16384,64,30,Gemma4,think,16384.0,64,0.2,0.1333333333333333,0.06666666666666671
Qwen2.5-7B,previous,base,tubitak_math2026,TR-OL,16384,64,32,Gemma4,think,16384.0,1,0.0869140625,0.03857421875,0.04833984375
Qwen2.5-7B,previous,base,tubitak_math2026,TR-OL,16384,64,32,Gemma4,think,16384.0,2,0.1458178323412698,0.0602368551587301,0.08558097718253971
Qwen2.5-7B,previous,base,tubitak_math2026,TR-OL,16384,64,32,Gemma4,think,16384.0,4,0.2231675122289793,0.0851952229860743,0.137972289242905
Qwen2.5-7B,previous,base,tubitak_math2026,TR-OL,16384,64,32,Gemma4,think,16384.0,8,0.310201933601535,0.1134559521331015,0.19674598146843347
Qwen2.5-7B,previous,base,tubitak_math2026,TR-OL,16384,64,32,Gemma4,think,16384.0,16,0.3988029086480838,0.1472998997916864,0.2515030088563974
Qwen2.5-7B,previous,base,tubitak_math2026,TR-OL,16384,64,32,Gemma4,think,16384.0,32,0.4850102554875979,0.1916844428150752,0.29332581267252267
Qwen2.5-7B,previous,base,tubitak_math2026,TR-OL,16384,64,32,Gemma4,think,16384.0,64,0.5625,0.25,0.3125
Qwen2.5-32B-Instruct,previous,non-think,aime2026,EN,16384,64,30,R1-distill,think,16384.0,1,0.1244791666666667,0.1046875,0.019791666666666693
Qwen2.5-32B-Instruct,previous,non-think,aime2026,EN,16384,64,30,R1-distill,think,16384.0,2,0.1682043650793651,0.1399470899470899,0.02825727513227519
Qwen2.5-32B-Instruct,previous,non-think,aime2026,EN,16384,64,30,R1-distill,think,16384.0,4,0.2151270533773178,0.1755923002022949,0.03953475317502289
Qwen2.5-32B-Instruct,previous,non-think,aime2026,EN,16384,64,30,R1-distill,think,16384.0,8,0.2637445307337946,0.2088735492541588,0.054870981479635816
Qwen2.5-32B-Instruct,previous,non-think,aime2026,EN,16384,64,30,R1-distill,think,16384.0,16,0.3157854262183354,0.2399915716386586,0.07579385457967677
Qwen2.5-32B-Instruct,previous,non-think,aime2026,EN,16384,64,30,R1-distill,think,16384.0,32,0.3713110361019847,0.2711291912974188,0.10018184480456588
Qwen2.5-32B-Instruct,previous,non-think,aime2026,EN,16384,64,30,R1-distill,think,16384.0,64,0.4333333333333333,0.3,0.1333333333333333
Qwen2.5-32B-Instruct,previous,non-think,aime2026_pt,PT,16384,64,30,R1-distill,think,16384.0,1,0.0921875,0.0802083333333333,0.011979166666666707
Qwen2.5-32B-Instruct,previous,non-think,aime2026_pt,PT,16384,64,30,R1-distill,think,16384.0,2,0.1275462962962963,0.107390873015873,0.0201554232804233
Qwen2.5-32B-Instruct,previous,non-think,aime2026_pt,PT,16384,64,30,R1-distill,think,16384.0,4,0.1659922628490846,0.130234538289139,0.03575772455994561
Qwen2.5-32B-Instruct,previous,non-think,aime2026_pt,PT,16384,64,30,R1-distill,think,16384.0,8,0.2174159813196267,0.1554288223933947,0.061987158926231994
Qwen2.5-32B-Instruct,previous,non-think,aime2026_pt,PT,16384,64,30,R1-distill,think,16384.0,16,0.2841536579199972,0.1876880968153242,0.096465561104673
Qwen2.5-32B-Instruct,previous,non-think,aime2026_pt,PT,16384,64,30,R1-distill,think,16384.0,32,0.3498845327328385,0.2241726735102087,0.12571185922262978
Qwen2.5-32B-Instruct,previous,non-think,aime2026_pt,PT,16384,64,30,R1-distill,think,16384.0,64,0.4,0.2666666666666666,0.13333333333333341
Qwen2.5-32B-Instruct,previous,non-think,aime2026_tr,TR,16384,64,30,R1-distill,think,16384.0,1,0.0651041666666666,0.0541666666666666,0.010937500000000003
Qwen2.5-32B-Instruct,previous,non-think,aime2026_tr,TR,16384,64,30,R1-distill,think,16384.0,2,0.0909391534391534,0.0732308201058201,0.017708333333333298
Qwen2.5-32B-Instruct,previous,non-think,aime2026_tr,TR,16384,64,30,R1-distill,think,16384.0,4,0.1210947008805284,0.0916338776829258,0.029460823197602598
Qwen2.5-32B-Instruct,previous,non-think,aime2026_tr,TR,16384,64,30,R1-distill,think,16384.0,8,0.1569836436727247,0.107857084355251,0.049126559317473686
Qwen2.5-32B-Instruct,previous,non-think,aime2026_tr,TR,16384,64,30,R1-distill,think,16384.0,16,0.2080104014528416,0.1226797677926583,0.08533063366018331
Qwen2.5-32B-Instruct,previous,non-think,aime2026_tr,TR,16384,64,30,R1-distill,think,16384.0,32,0.2841269837433688,0.1417986134259368,0.142328370317432
Qwen2.5-32B-Instruct,previous,non-think,aime2026_tr,TR,16384,64,30,R1-distill,think,16384.0,64,0.3666666666666666,0.1666666666666666,0.19999999999999998
Qwen2.5-32B-Instruct,previous,non-think,pt_exams_math,PT,16384,16,166,R1-distill,think,16384.0,1,0.8829066265060241,0.8407379518072289,0.04216867469879526
Qwen2.5-32B-Instruct,previous,non-think,pt_exams_math,PT,16384,16,166,R1-distill,think,16384.0,2,0.9191265060240964,0.8961847389558234,0.022941767068273
Qwen2.5-32B-Instruct,previous,non-think,pt_exams_math,PT,16384,16,166,R1-distill,think,16384.0,4,0.936773467496359,0.9249338011386204,0.011839666357738587
Qwen2.5-32B-Instruct,previous,non-think,pt_exams_math,PT,16384,16,166,R1-distill,think,16384.0,8,0.9452687205699252,0.94125218824014,0.004016532329785161
Qwen2.5-32B-Instruct,previous,non-think,pt_exams_math,PT,16384,16,166,R1-distill,think,16384.0,16,0.9518072289156626,0.9518072289156626,0.0
Qwen2.5-32B-Instruct,previous,non-think,tubitak_math2026,TR-OL,16384,64,32,R1-distill,think,16384.0,1,0.18359375,0.07958984375,0.10400390625
Qwen2.5-32B-Instruct,previous,non-think,tubitak_math2026,TR-OL,16384,64,32,R1-distill,think,16384.0,2,0.2448536706349206,0.1018725198412698,0.1429811507936508
Qwen2.5-32B-Instruct,previous,non-think,tubitak_math2026,TR-OL,16384,64,32,R1-distill,think,16384.0,4,0.3160219303215733,0.1224527386146156,0.1935691917069577
Qwen2.5-32B-Instruct,previous,non-think,tubitak_math2026,TR-OL,16384,64,32,R1-distill,think,16384.0,8,0.3987106227102335,0.1473991925093951,0.2513114302008384
Qwen2.5-32B-Instruct,previous,non-think,tubitak_math2026,TR-OL,16384,64,32,R1-distill,think,16384.0,16,0.4820499380295587,0.1799223943925121,0.30212754363704664
Qwen2.5-32B-Instruct,previous,non-think,tubitak_math2026,TR-OL,16384,64,32,R1-distill,think,16384.0,32,0.5565924028558731,0.2142743437330475,0.3423180591228256
Qwen2.5-32B-Instruct,previous,non-think,tubitak_math2026,TR-OL,16384,64,32,R1-distill,think,16384.0,64,0.625,0.25,0.375
Qwen2.5-32B-Instruct,previous,non-think,aime2026,EN,16384,64,30,Qwen3.6,think,16384.0,1,0.1244791666666667,0.0869791666666666,0.0375000000000001
Qwen2.5-32B-Instruct,previous,non-think,aime2026,EN,16384,64,30,Qwen3.6,think,16384.0,2,0.1682043650793651,0.1236772486772486,0.0445271164021165
Qwen2.5-32B-Instruct,previous,non-think,aime2026,EN,16384,64,30,Qwen3.6,think,16384.0,4,0.2151270533773178,0.166256096127857,0.048870957249460806
Qwen2.5-32B-Instruct,previous,non-think,aime2026,EN,16384,64,30,Qwen3.6,think,16384.0,8,0.2637445307337946,0.2090154114639487,0.054729119269845916
Qwen2.5-32B-Instruct,previous,non-think,aime2026,EN,16384,64,30,Qwen3.6,think,16384.0,16,0.3157854262183354,0.2524809670210297,0.0633044591973057
Qwen2.5-32B-Instruct,previous,non-think,aime2026,EN,16384,64,30,Qwen3.6,think,16384.0,32,0.3713110361019847,0.2938853802756164,0.07742565582636829
Qwen2.5-32B-Instruct,previous,non-think,aime2026,EN,16384,64,30,Qwen3.6,think,16384.0,64,0.4333333333333333,0.3333333333333333,0.09999999999999998
Qwen2.5-32B-Instruct,previous,non-think,aime2026_pt,PT,16384,64,30,Qwen3.6,think,16384.0,1,0.0921875,0.0802083333333333,0.011979166666666707
Qwen2.5-32B-Instruct,previous,non-think,aime2026_pt,PT,16384,64,30,Qwen3.6,think,16384.0,2,0.1275462962962963,0.1087962962962962,0.0187500000000001
Qwen2.5-32B-Instruct,previous,non-think,aime2026_pt,PT,16384,64,30,Qwen3.6,think,16384.0,4,0.1659922628490846,0.1341214755777156,0.03187078727136902
Qwen2.5-32B-Instruct,previous,non-think,aime2026_pt,PT,16384,64,30,Qwen3.6,think,16384.0,8,0.2174159813196267,0.1628807518607831,0.05453522945884359
Qwen2.5-32B-Instruct,previous,non-think,aime2026_pt,PT,16384,64,30,Qwen3.6,think,16384.0,16,0.2841536579199972,0.2008345381875615,0.08331911973243569
Qwen2.5-32B-Instruct,previous,non-think,aime2026_pt,PT,16384,64,30,Qwen3.6,think,16384.0,32,0.3498845327328385,0.2450721444096796,0.1048123883231589
Qwen2.5-32B-Instruct,previous,non-think,aime2026_pt,PT,16384,64,30,Qwen3.6,think,16384.0,64,0.4,0.3,0.10000000000000003
Qwen2.5-32B-Instruct,previous,non-think,aime2026_tr,TR,16384,64,30,Qwen3.6,think,16384.0,1,0.0651041666666666,0.0588541666666666,0.006249999999999999
Qwen2.5-32B-Instruct,previous,non-think,aime2026_tr,TR,16384,64,30,Qwen3.6,think,16384.0,2,0.0909391534391534,0.0793650793650793,0.011574074074074098
Qwen2.5-32B-Instruct,previous,non-think,aime2026_tr,TR,16384,64,30,Qwen3.6,think,16384.0,4,0.1210947008805284,0.0999683651884868,0.0211263356920416
Qwen2.5-32B-Instruct,previous,non-think,aime2026_tr,TR,16384,64,30,Qwen3.6,think,16384.0,8,0.1569836436727247,0.1181473481569505,0.038836295515774194
Qwen2.5-32B-Instruct,previous,non-think,aime2026_tr,TR,16384,64,30,Qwen3.6,think,16384.0,16,0.2080104014528416,0.1376541414866566,0.070356259966185
Qwen2.5-32B-Instruct,previous,non-think,aime2026_tr,TR,16384,64,30,Qwen3.6,think,16384.0,32,0.2841269837433688,0.1669312156033176,0.1171957681400512
Qwen2.5-32B-Instruct,previous,non-think,aime2026_tr,TR,16384,64,30,Qwen3.6,think,16384.0,64,0.3666666666666666,0.2,0.16666666666666657
Qwen2.5-32B-Instruct,previous,non-think,pt_exams_math,PT,16384,16,166,Qwen3.6,think,16384.0,1,0.8829066265060241,0.8678463855421686,0.015060240963855498
Qwen2.5-32B-Instruct,previous,non-think,pt_exams_math,PT,16384,16,166,Qwen3.6,think,16384.0,2,0.9191265060240964,0.9097891566265058,0.009337349397590566
Qwen2.5-32B-Instruct,previous,non-think,pt_exams_math,PT,16384,16,166,Qwen3.6,think,16384.0,4,0.936773467496359,0.9313120614325432,0.0054614060638158435
Qwen2.5-32B-Instruct,previous,non-think,pt_exams_math,PT,16384,16,166,Qwen3.6,think,16384.0,8,0.9452687205699252,0.9436922515235768,0.0015764690463483388
Qwen2.5-32B-Instruct,previous,non-think,pt_exams_math,PT,16384,16,166,Qwen3.6,think,16384.0,16,0.9518072289156626,0.9518072289156626,0.0
Qwen2.5-32B-Instruct,previous,non-think,tubitak_math2026,TR-OL,16384,64,32,Qwen3.6,think,16384.0,1,0.18359375,0.0849609375,0.0986328125
Qwen2.5-32B-Instruct,previous,non-think,tubitak_math2026,TR-OL,16384,64,32,Qwen3.6,think,16384.0,2,0.2448536706349206,0.105406746031746,0.1394469246031746
Qwen2.5-32B-Instruct,previous,non-think,tubitak_math2026,TR-OL,16384,64,32,Qwen3.6,think,16384.0,4,0.3160219303215733,0.1215864700586739,0.19443546026289937
Qwen2.5-32B-Instruct,previous,non-think,tubitak_math2026,TR-OL,16384,64,32,Qwen3.6,think,16384.0,8,0.3987106227102335,0.1423685874331074,0.25634203527712607
Qwen2.5-32B-Instruct,previous,non-think,tubitak_math2026,TR-OL,16384,64,32,Qwen3.6,think,16384.0,16,0.4820499380295587,0.1677001231940408,0.31434981483551794
Qwen2.5-32B-Instruct,previous,non-think,tubitak_math2026,TR-OL,16384,64,32,Qwen3.6,think,16384.0,32,0.5565924028558731,0.1849759440453035,0.3716164588105696
Qwen2.5-32B-Instruct,previous,non-think,tubitak_math2026,TR-OL,16384,64,32,Qwen3.6,think,16384.0,64,0.625,0.1875,0.4375
Qwen2.5-32B-Instruct,previous,non-think,aime2026,EN,16384,64,30,V4-Flash,think,20480.0,1,0.1244791666666667,0.1067708333333333,0.017708333333333395
Qwen2.5-32B-Instruct,previous,non-think,aime2026,EN,16384,64,30,V4-Flash,think,20480.0,2,0.1682043650793651,0.1437665343915344,0.024437830687830703
Qwen2.5-32B-Instruct,previous,non-think,aime2026,EN,16384,64,30,V4-Flash,think,20480.0,4,0.2151270533773178,0.1819429230355989,0.03318413034171891
Qwen2.5-32B-Instruct,previous,non-think,aime2026,EN,16384,64,30,V4-Flash,think,20480.0,8,0.2637445307337946,0.2211565822138076,0.04258794851998701
Qwen2.5-32B-Instruct,previous,non-think,aime2026,EN,16384,64,30,V4-Flash,think,20480.0,16,0.3157854262183354,0.2625936663778694,0.05319175984046598
Qwen2.5-32B-Instruct,previous,non-think,aime2026,EN,16384,64,30,V4-Flash,think,20480.0,32,0.3713110361019847,0.3025710752754814,0.0687399608265033
Qwen2.5-32B-Instruct,previous,non-think,aime2026,EN,16384,64,30,V4-Flash,think,20480.0,64,0.4333333333333333,0.3333333333333333,0.09999999999999998
Qwen2.5-32B-Instruct,previous,non-think,aime2026_pt,PT,16384,64,30,V4-Flash,think,20480.0,1,0.0921875,0.0807291666666666,0.011458333333333404
Qwen2.5-32B-Instruct,previous,non-think,aime2026_pt,PT,16384,64,30,V4-Flash,think,20480.0,2,0.1275462962962963,0.1081349206349206,0.0194113756613757
Qwen2.5-32B-Instruct,previous,non-think,aime2026_pt,PT,16384,64,30,V4-Flash,think,20480.0,4,0.1659922628490846,0.1323879088917428,0.03360435395734182
Qwen2.5-32B-Instruct,previous,non-think,aime2026_pt,PT,16384,64,30,V4-Flash,think,20480.0,8,0.2174159813196267,0.1607146741005663,0.05670130721906039
Qwen2.5-32B-Instruct,previous,non-think,aime2026_pt,PT,16384,64,30,V4-Flash,think,20480.0,16,0.2841536579199972,0.1996484582524801,0.0845051996675171
Qwen2.5-32B-Instruct,previous,non-think,aime2026_pt,PT,16384,64,30,V4-Flash,think,20480.0,32,0.3498845327328385,0.2482987902592763,0.1015857424735622
Qwen2.5-32B-Instruct,previous,non-think,aime2026_pt,PT,16384,64,30,V4-Flash,think,20480.0,64,0.4,0.3,0.10000000000000003
Qwen2.5-32B-Instruct,previous,non-think,aime2026_tr,TR,16384,64,30,V4-Flash,think,20480.0,1,0.0651041666666666,0.05625,0.0088541666666666
Qwen2.5-32B-Instruct,previous,non-think,aime2026_tr,TR,16384,64,30,V4-Flash,think,20480.0,2,0.0909391534391534,0.0747685185185185,0.016170634920634905
Qwen2.5-32B-Instruct,previous,non-think,aime2026_tr,TR,16384,64,30,V4-Flash,think,20480.0,4,0.1210947008805284,0.0928882530449162,0.0282064478356122
Qwen2.5-32B-Instruct,previous,non-think,aime2026_tr,TR,16384,64,30,V4-Flash,think,20480.0,8,0.1569836436727247,0.1085361720417913,0.04844747163093338
Qwen2.5-32B-Instruct,previous,non-think,aime2026_tr,TR,16384,64,30,V4-Flash,think,20480.0,16,0.2080104014528416,0.1227873441097617,0.0852230573430799
Qwen2.5-32B-Instruct,previous,non-think,aime2026_tr,TR,16384,64,30,V4-Flash,think,20480.0,32,0.2841269837433688,0.14179882358466,0.1423281601587088
Qwen2.5-32B-Instruct,previous,non-think,aime2026_tr,TR,16384,64,30,V4-Flash,think,20480.0,64,0.3666666666666666,0.1666666666666666,0.19999999999999998
Qwen2.5-32B-Instruct,previous,non-think,pt_exams_math,PT,16384,16,166,V4-Flash,think,20480.0,1,0.8829066265060241,0.8569277108433735,0.025978915662650648
Qwen2.5-32B-Instruct,previous,non-think,pt_exams_math,PT,16384,16,166,V4-Flash,think,20480.0,2,0.9191265060240964,0.9038152610441768,0.015311244979919647
Qwen2.5-32B-Instruct,previous,non-think,pt_exams_math,PT,16384,16,166,V4-Flash,think,20480.0,4,0.936773467496359,0.9295346220045012,0.007238845491857826
Qwen2.5-32B-Instruct,previous,non-think,pt_exams_math,PT,16384,16,166,V4-Flash,think,20480.0,8,0.9452687205699252,0.9433917488134356,0.0018769717564895982
Qwen2.5-32B-Instruct,previous,non-think,pt_exams_math,PT,16384,16,166,V4-Flash,think,20480.0,16,0.9518072289156626,0.9518072289156626,0.0
Qwen2.5-32B-Instruct,previous,non-think,tubitak_math2026,TR-OL,16384,64,32,V4-Flash,think,20480.0,1,0.18359375,0.0771484375,0.1064453125
Qwen2.5-32B-Instruct,previous,non-think,tubitak_math2026,TR-OL,16384,64,32,V4-Flash,think,20480.0,2,0.2448536706349206,0.0979972718253968,0.1468563988095238
Qwen2.5-32B-Instruct,previous,non-think,tubitak_math2026,TR-OL,16384,64,32,V4-Flash,think,20480.0,4,0.3160219303215733,0.1163113455654604,0.19971058475611286
Qwen2.5-32B-Instruct,previous,non-think,tubitak_math2026,TR-OL,16384,64,32,V4-Flash,think,20480.0,8,0.3987106227102335,0.1364641659102602,0.26224645679997327
Qwen2.5-32B-Instruct,previous,non-think,tubitak_math2026,TR-OL,16384,64,32,V4-Flash,think,20480.0,16,0.4820499380295587,0.1597850501930851,0.3222648878364736
Qwen2.5-32B-Instruct,previous,non-think,tubitak_math2026,TR-OL,16384,64,32,V4-Flash,think,20480.0,32,0.5565924028558731,0.1790560897647935,0.3775363130910796
Qwen2.5-32B-Instruct,previous,non-think,tubitak_math2026,TR-OL,16384,64,32,V4-Flash,think,20480.0,64,0.625,0.1875,0.4375
Qwen2.5-32B-Instruct,previous,non-think,aime2026,EN,16384,64,30,Gemma4,think,16384.0,1,0.1244791666666667,0.1088541666666667,0.015625
Qwen2.5-32B-Instruct,previous,non-think,aime2026,EN,16384,64,30,Gemma4,think,16384.0,2,0.1682043650793651,0.1469246031746031,0.021279761904761996
Qwen2.5-32B-Instruct,previous,non-think,aime2026,EN,16384,64,30,Gemma4,think,16384.0,4,0.2151270533773178,0.1866770752016653,0.028449978175652507
Qwen2.5-32B-Instruct,previous,non-think,aime2026,EN,16384,64,30,Gemma4,think,16384.0,8,0.2637445307337946,0.2263320778016926,0.03741245293210202
Qwen2.5-32B-Instruct,previous,non-think,aime2026,EN,16384,64,30,Gemma4,think,16384.0,16,0.3157854262183354,0.2659927206642431,0.049792705554092265
Qwen2.5-32B-Instruct,previous,non-think,aime2026,EN,16384,64,30,Gemma4,think,16384.0,32,0.3713110361019847,0.3035826890947172,0.06772834700726749
Qwen2.5-32B-Instruct,previous,non-think,aime2026,EN,16384,64,30,Gemma4,think,16384.0,64,0.4333333333333333,0.3333333333333333,0.09999999999999998
Qwen2.5-32B-Instruct,previous,non-think,aime2026_pt,PT,16384,64,30,Gemma4,think,16384.0,1,0.0921875,0.0812499999999999,0.0109375000000001
Qwen2.5-32B-Instruct,previous,non-think,aime2026_pt,PT,16384,64,30,Gemma4,think,16384.0,2,0.1275462962962963,0.1086144179894179,0.018931878306878397
Qwen2.5-32B-Instruct,previous,non-think,aime2026_pt,PT,16384,64,30,Gemma4,think,16384.0,4,0.1659922628490846,0.1325048999857302,0.03348736286335441
Qwen2.5-32B-Instruct,previous,non-think,aime2026_pt,PT,16384,64,30,Gemma4,think,16384.0,8,0.2174159813196267,0.1603118455604888,0.05710413575913789
Qwen2.5-32B-Instruct,previous,non-think,aime2026_pt,PT,16384,64,30,Gemma4,think,16384.0,16,0.2841536579199972,0.1981123705262187,0.0860412873937785
Qwen2.5-32B-Instruct,previous,non-think,aime2026_pt,PT,16384,64,30,Gemma4,think,16384.0,32,0.3498845327328385,0.2440659860264721,0.1058185467063664
Qwen2.5-32B-Instruct,previous,non-think,aime2026_pt,PT,16384,64,30,Gemma4,think,16384.0,64,0.4,0.3,0.10000000000000003
Qwen2.5-32B-Instruct,previous,non-think,aime2026_tr,TR,16384,64,30,Gemma4,think,16384.0,1,0.0651041666666666,0.0588541666666666,0.006249999999999999
Qwen2.5-32B-Instruct,previous,non-think,aime2026_tr,TR,16384,64,30,Gemma4,think,16384.0,2,0.0909391534391534,0.078885582010582,0.0120535714285714
Qwen2.5-32B-Instruct,previous,non-think,aime2026_tr,TR,16384,64,30,Gemma4,think,16384.0,4,0.1210947008805284,0.098270472916824,0.022824227963704397
Qwen2.5-32B-Instruct,previous,non-think,aime2026_tr,TR,16384,64,30,Gemma4,think,16384.0,8,0.1569836436727247,0.1144758171327923,0.04250782653993239
Qwen2.5-32B-Instruct,previous,non-think,aime2026_tr,TR,16384,64,30,Gemma4,think,16384.0,16,0.2080104014528416,0.1313050059051835,0.07670539554765812
Qwen2.5-32B-Instruct,previous,non-think,aime2026_tr,TR,16384,64,30,Gemma4,think,16384.0,32,0.2841269837433688,0.1584656071377091,0.1256613766056597
Qwen2.5-32B-Instruct,previous,non-think,aime2026_tr,TR,16384,64,30,Gemma4,think,16384.0,64,0.3666666666666666,0.2,0.16666666666666657
Qwen2.5-32B-Instruct,previous,non-think,tubitak_math2026,TR-OL,16384,64,32,Gemma4,think,16384.0,1,0.18359375,0.07861328125,0.10498046875
Qwen2.5-32B-Instruct,previous,non-think,tubitak_math2026,TR-OL,16384,64,32,Gemma4,think,16384.0,2,0.2448536706349206,0.1002604166666666,0.144593253968254
Qwen2.5-32B-Instruct,previous,non-think,tubitak_math2026,TR-OL,16384,64,32,Gemma4,think,16384.0,4,0.3160219303215733,0.1187434192509632,0.19727851107061006
Qwen2.5-32B-Instruct,previous,non-think,tubitak_math2026,TR-OL,16384,64,32,Gemma4,think,16384.0,8,0.3987106227102335,0.1396010657861958,0.2591095569240377
Qwen2.5-32B-Instruct,previous,non-think,tubitak_math2026,TR-OL,16384,64,32,Gemma4,think,16384.0,16,0.4820499380295587,0.1642974043150406,0.31775253371451806
Qwen2.5-32B-Instruct,previous,non-think,tubitak_math2026,TR-OL,16384,64,32,Gemma4,think,16384.0,32,0.5565924028558731,0.1830243437330475,0.3735680591228256
Qwen2.5-32B-Instruct,previous,non-think,tubitak_math2026,TR-OL,16384,64,32,Gemma4,think,16384.0,64,0.625,0.1875,0.4375
Qwen2.5-7B-Instruct,previous,non-think,aime2026,EN,16384,64,30,R1-distill,think,16384.0,1,0.0697916666666667,0.0526041666666666,0.0171875000000001
Qwen2.5-7B-Instruct,previous,non-think,aime2026,EN,16384,64,30,R1-distill,think,16384.0,2,0.1047619047619047,0.0829530423280423,0.02180886243386239
Qwen2.5-7B-Instruct,previous,non-think,aime2026,EN,16384,64,30,R1-distill,think,16384.0,4,0.1409424760561725,0.1162462332015478,0.024696242854624698
Qwen2.5-7B-Instruct,previous,non-think,aime2026,EN,16384,64,30,R1-distill,think,16384.0,8,0.1789314817725686,0.1482807664270712,0.030650715345497404
Qwen2.5-7B-Instruct,previous,non-think,aime2026,EN,16384,64,30,R1-distill,think,16384.0,16,0.2215566596219126,0.1802910782948096,0.04126558132710301
Qwen2.5-7B-Instruct,previous,non-think,aime2026,EN,16384,64,30,R1-distill,think,16384.0,32,0.2710706114987166,0.2106312586781368,0.06043935282057977
Qwen2.5-7B-Instruct,previous,non-think,aime2026,EN,16384,64,30,R1-distill,think,16384.0,64,0.3333333333333333,0.2333333333333333,0.1
Qwen2.5-7B-Instruct,previous,non-think,aime2026_pt,PT,16384,64,30,R1-distill,think,16384.0,1,0.0546875,0.0421875,0.012499999999999997
Qwen2.5-7B-Instruct,previous,non-think,aime2026_pt,PT,16384,64,30,R1-distill,think,16384.0,2,0.0840112433862433,0.0662533068783068,0.0177579365079365
Qwen2.5-7B-Instruct,previous,non-think,aime2026_pt,PT,16384,64,30,R1-distill,think,16384.0,4,0.1117054573459914,0.08909281013657,0.022612647209421396
Qwen2.5-7B-Instruct,previous,non-think,aime2026_pt,PT,16384,64,30,R1-distill,think,16384.0,8,0.1356214050443193,0.1022293582923959,0.03339204675192339
Qwen2.5-7B-Instruct,previous,non-think,aime2026_pt,PT,16384,64,30,R1-distill,think,16384.0,16,0.1694930537250925,0.1083006092879827,0.06119244443710979
Qwen2.5-7B-Instruct,previous,non-think,aime2026_pt,PT,16384,64,30,R1-distill,think,16384.0,32,0.2293650793647996,0.1166666662816525,0.11269841308314711
Qwen2.5-7B-Instruct,previous,non-think,aime2026_pt,PT,16384,64,30,R1-distill,think,16384.0,64,0.3333333333333333,0.1333333333333333,0.2
Qwen2.5-7B-Instruct,previous,non-think,aime2026_tr,TR,16384,64,30,R1-distill,think,16384.0,1,0.0203125,0.0114583333333333,0.008854166666666701
Qwen2.5-7B-Instruct,previous,non-think,aime2026_tr,TR,16384,64,30,R1-distill,think,16384.0,2,0.0361441798941798,0.0215277777777777,0.014616402116402097
Qwen2.5-7B-Instruct,previous,non-think,aime2026_tr,TR,16384,64,30,R1-distill,think,16384.0,4,0.0591750396615547,0.0381862603141027,0.020988779347451997
Qwen2.5-7B-Instruct,previous,non-think,aime2026_tr,TR,16384,64,30,R1-distill,think,16384.0,8,0.0881346091329922,0.0613311280224479,0.0268034811105443
Qwen2.5-7B-Instruct,previous,non-think,aime2026_tr,TR,16384,64,30,R1-distill,think,16384.0,16,0.1238036318598708,0.0858278544058574,0.0379757774540134
Qwen2.5-7B-Instruct,previous,non-think,aime2026_tr,TR,16384,64,30,R1-distill,think,16384.0,32,0.1711300726929317,0.1083806116198154,0.06274946107311631
Qwen2.5-7B-Instruct,previous,non-think,aime2026_tr,TR,16384,64,30,R1-distill,think,16384.0,64,0.2333333333333333,0.1333333333333333,0.1
Qwen2.5-7B-Instruct,previous,non-think,pt_exams_math,PT,16384,16,166,R1-distill,think,16384.0,1,0.7835090361445783,0.7191265060240963,0.064382530120482
Qwen2.5-7B-Instruct,previous,non-think,pt_exams_math,PT,16384,16,166,R1-distill,think,16384.0,2,0.8632028112449799,0.813052208835341,0.05015060240963887
Qwen2.5-7B-Instruct,previous,non-think,pt_exams_math,PT,16384,16,166,R1-distill,think,16384.0,4,0.9065205878458892,0.8670164173176219,0.03950417052826727
Qwen2.5-7B-Instruct,previous,non-think,pt_exams_math,PT,16384,16,166,R1-distill,think,16384.0,8,0.929190421359096,0.8941710899542228,0.03501933140487323
Qwen2.5-7B-Instruct,previous,non-think,pt_exams_math,PT,16384,16,166,R1-distill,think,16384.0,16,0.9397590361445785,0.9096385542168676,0.030120481927710885
Qwen2.5-7B-Instruct,previous,non-think,tubitak_math2026,TR-OL,16384,64,32,R1-distill,think,16384.0,1,0.11572265625,0.0439453125,0.07177734375
Qwen2.5-7B-Instruct,previous,non-think,tubitak_math2026,TR-OL,16384,64,32,R1-distill,think,16384.0,2,0.1690228174603174,0.0590277777777777,0.10999503968253968
Qwen2.5-7B-Instruct,previous,non-think,tubitak_math2026,TR-OL,16384,64,32,R1-distill,think,16384.0,4,0.2338188824412631,0.0676266887638186,0.16619219367744448
Qwen2.5-7B-Instruct,previous,non-think,tubitak_math2026,TR-OL,16384,64,32,R1-distill,think,16384.0,8,0.3163516963799532,0.0737793579499287,0.24257233843002451
Qwen2.5-7B-Instruct,previous,non-think,tubitak_math2026,TR-OL,16384,64,32,R1-distill,think,16384.0,16,0.4111116312732865,0.0840773809053334,0.3270342503679531
Qwen2.5-7B-Instruct,previous,non-think,tubitak_math2026,TR-OL,16384,64,32,R1-distill,think,16384.0,32,0.5044692338305303,0.1016865079365079,0.4027827258940224
Qwen2.5-7B-Instruct,previous,non-think,tubitak_math2026,TR-OL,16384,64,32,R1-distill,think,16384.0,64,0.59375,0.125,0.46875
Qwen2.5-7B-Instruct,previous,non-think,aime2026,EN,16384,64,30,Qwen3.6,think,16384.0,1,0.0697916666666667,0.0484375,0.021354166666666695
Qwen2.5-7B-Instruct,previous,non-think,aime2026,EN,16384,64,30,Qwen3.6,think,16384.0,2,0.1047619047619047,0.0763227513227513,0.02843915343915339
Qwen2.5-7B-Instruct,previous,non-think,aime2026,EN,16384,64,30,Qwen3.6,think,16384.0,4,0.1409424760561725,0.1077622803925024,0.0331801956636701
Qwen2.5-7B-Instruct,previous,non-think,aime2026,EN,16384,64,30,Qwen3.6,think,16384.0,8,0.1789314817725686,0.1390313934304559,0.0399000883421127
Qwen2.5-7B-Instruct,previous,non-think,aime2026,EN,16384,64,30,Qwen3.6,think,16384.0,16,0.2215566596219126,0.1703032381972182,0.051253421424694384
Qwen2.5-7B-Instruct,previous,non-think,aime2026,EN,16384,64,30,Qwen3.6,think,16384.0,32,0.2710706114987166,0.2040944603380534,0.06697615116066319
Qwen2.5-7B-Instruct,previous,non-think,aime2026,EN,16384,64,30,Qwen3.6,think,16384.0,64,0.3333333333333333,0.2333333333333333,0.1
Qwen2.5-7B-Instruct,previous,non-think,aime2026_pt,PT,16384,64,30,Qwen3.6,think,16384.0,1,0.0546875,0.046875,0.0078125
Qwen2.5-7B-Instruct,previous,non-think,aime2026_pt,PT,16384,64,30,Qwen3.6,think,16384.0,2,0.0840112433862433,0.0717592592592592,0.012251984126984097
Qwen2.5-7B-Instruct,previous,non-think,aime2026_pt,PT,16384,64,30,Qwen3.6,think,16384.0,4,0.1117054573459914,0.093039606993864,0.018665850352127394
Qwen2.5-7B-Instruct,previous,non-think,aime2026_pt,PT,16384,64,30,Qwen3.6,think,16384.0,8,0.1356214050443193,0.1032849781148679,0.03233642692945139
Qwen2.5-7B-Instruct,previous,non-think,aime2026_pt,PT,16384,64,30,Qwen3.6,think,16384.0,16,0.1694930537250925,0.1083281658811209,0.06116488784397159
Qwen2.5-7B-Instruct,previous,non-think,aime2026_pt,PT,16384,64,30,Qwen3.6,think,16384.0,32,0.2293650793647996,0.1166666666652599,0.1126984126995397
Qwen2.5-7B-Instruct,previous,non-think,aime2026_pt,PT,16384,64,30,Qwen3.6,think,16384.0,64,0.3333333333333333,0.1333333333333333,0.2
Qwen2.5-7B-Instruct,previous,non-think,aime2026_tr,TR,16384,64,30,Qwen3.6,think,16384.0,1,0.0203125,0.0140625,0.00625
Qwen2.5-7B-Instruct,previous,non-think,aime2026_tr,TR,16384,64,30,Qwen3.6,think,16384.0,2,0.0361441798941798,0.0259755291005291,0.010168650793650699
Qwen2.5-7B-Instruct,previous,non-think,aime2026_tr,TR,16384,64,30,Qwen3.6,think,16384.0,4,0.0591750396615547,0.0447309414687785,0.0144440981927762
Qwen2.5-7B-Instruct,previous,non-think,aime2026_tr,TR,16384,64,30,Qwen3.6,think,16384.0,8,0.0881346091329922,0.0687765688107476,0.0193580403222446
Qwen2.5-7B-Instruct,previous,non-think,aime2026_tr,TR,16384,64,30,Qwen3.6,think,16384.0,16,0.1238036318598708,0.092129832015888,0.0316737998439828
Qwen2.5-7B-Instruct,previous,non-think,aime2026_tr,TR,16384,64,30,Qwen3.6,think,16384.0,32,0.1711300726929317,0.1126641358810821,0.05846593681184961
Qwen2.5-7B-Instruct,previous,non-think,aime2026_tr,TR,16384,64,30,Qwen3.6,think,16384.0,64,0.2333333333333333,0.1333333333333333,0.1
Qwen2.5-7B-Instruct,previous,non-think,pt_exams_math,PT,16384,16,166,Qwen3.6,think,16384.0,1,0.7835090361445783,0.7541415662650602,0.029367469879518104
Qwen2.5-7B-Instruct,previous,non-think,pt_exams_math,PT,16384,16,166,Qwen3.6,think,16384.0,2,0.8632028112449799,0.8383032128514056,0.02489959839357425
Qwen2.5-7B-Instruct,previous,non-think,pt_exams_math,PT,16384,16,166,Qwen3.6,think,16384.0,4,0.9065205878458892,0.8827882960413077,0.023732291804581473
Qwen2.5-7B-Instruct,previous,non-think,pt_exams_math,PT,16384,16,166,Qwen3.6,think,16384.0,8,0.929190421359096,0.9061617097761676,0.023028711582928407
Qwen2.5-7B-Instruct,previous,non-think,pt_exams_math,PT,16384,16,166,Qwen3.6,think,16384.0,16,0.9397590361445785,0.9216867469879518,0.01807228915662662
Qwen2.5-7B-Instruct,previous,non-think,tubitak_math2026,TR-OL,16384,64,32,Qwen3.6,think,16384.0,1,0.11572265625,0.0454101562499999,0.0703125000000001
Qwen2.5-7B-Instruct,previous,non-think,tubitak_math2026,TR-OL,16384,64,32,Qwen3.6,think,16384.0,2,0.1690228174603174,0.060453869047619,0.10856894841269839
Qwen2.5-7B-Instruct,previous,non-think,tubitak_math2026,TR-OL,16384,64,32,Qwen3.6,think,16384.0,4,0.2338188824412631,0.0694467232788144,0.16437215916244868
Qwen2.5-7B-Instruct,previous,non-think,tubitak_math2026,TR-OL,16384,64,32,Qwen3.6,think,16384.0,8,0.3163516963799532,0.0768596812851842,0.239492015094769
Qwen2.5-7B-Instruct,previous,non-think,tubitak_math2026,TR-OL,16384,64,32,Qwen3.6,think,16384.0,16,0.4111116312732865,0.0885896696918168,0.3225219615814697
Qwen2.5-7B-Instruct,previous,non-think,tubitak_math2026,TR-OL,16384,64,32,Qwen3.6,think,16384.0,32,0.5044692338305303,0.1056547619047619,0.3988144719257684
Qwen2.5-7B-Instruct,previous,non-think,tubitak_math2026,TR-OL,16384,64,32,Qwen3.6,think,16384.0,64,0.59375,0.125,0.46875
Qwen2.5-7B-Instruct,previous,non-think,aime2026,EN,16384,64,30,V4-Flash,think,20480.0,1,0.0697916666666667,0.053125,0.016666666666666698
Qwen2.5-7B-Instruct,previous,non-think,aime2026,EN,16384,64,30,V4-Flash,think,20480.0,2,0.1047619047619047,0.0830522486772486,0.021709656084656095
Qwen2.5-7B-Instruct,previous,non-think,aime2026,EN,16384,64,30,V4-Flash,think,20480.0,4,0.1409424760561725,0.115226574500768,0.0257159015554045
Qwen2.5-7B-Instruct,previous,non-think,aime2026,EN,16384,64,30,V4-Flash,think,20480.0,8,0.1789314817725686,0.1456621279511729,0.0332693538213957
Qwen2.5-7B-Instruct,previous,non-think,aime2026,EN,16384,64,30,V4-Flash,think,20480.0,16,0.2215566596219126,0.1766772088309788,0.044879450790933806
Qwen2.5-7B-Instruct,previous,non-think,aime2026,EN,16384,64,30,V4-Flash,think,20480.0,32,0.2710706114987166,0.208549552622681,0.0625210588760356
Qwen2.5-7B-Instruct,previous,non-think,aime2026,EN,16384,64,30,V4-Flash,think,20480.0,64,0.3333333333333333,0.2333333333333333,0.1
Qwen2.5-7B-Instruct,previous,non-think,aime2026_pt,PT,16384,64,30,V4-Flash,think,20480.0,1,0.0546875,0.04375,0.010937500000000003
Qwen2.5-7B-Instruct,previous,non-think,aime2026_pt,PT,16384,64,30,V4-Flash,think,20480.0,2,0.0840112433862433,0.0678736772486772,0.016137566137566103
Qwen2.5-7B-Instruct,previous,non-think,aime2026_pt,PT,16384,64,30,V4-Flash,think,20480.0,4,0.1117054573459914,0.0901140427085694,0.021591414637421993
Qwen2.5-7B-Instruct,previous,non-think,aime2026_pt,PT,16384,64,30,V4-Flash,think,20480.0,8,0.1356214050443193,0.1025464477554663,0.033074957288853
Qwen2.5-7B-Instruct,previous,non-think,aime2026_pt,PT,16384,64,30,V4-Flash,think,20480.0,16,0.1694930537250925,0.1083149384090838,0.0611781153160087
Qwen2.5-7B-Instruct,previous,non-think,aime2026_pt,PT,16384,64,30,V4-Flash,think,20480.0,32,0.2293650793647996,0.1166666666335304,0.11269841273126921
Qwen2.5-7B-Instruct,previous,non-think,aime2026_pt,PT,16384,64,30,V4-Flash,think,20480.0,64,0.3333333333333333,0.1333333333333333,0.2
Qwen2.5-7B-Instruct,previous,non-think,aime2026_tr,TR,16384,64,30,V4-Flash,think,20480.0,1,0.0203125,0.0130208333333333,0.0072916666666667015
Qwen2.5-7B-Instruct,previous,non-think,aime2026_tr,TR,16384,64,30,V4-Flash,think,20480.0,2,0.0361441798941798,0.0243055555555555,0.011838624338624298
Qwen2.5-7B-Instruct,previous,non-think,aime2026_tr,TR,16384,64,30,V4-Flash,think,20480.0,4,0.0591750396615547,0.0426101500004196,0.016564889661135097
Qwen2.5-7B-Instruct,previous,non-think,aime2026_tr,TR,16384,64,30,V4-Flash,think,20480.0,8,0.0881346091329922,0.0671524428682394,0.0209821662647528
Qwen2.5-7B-Instruct,previous,non-think,aime2026_tr,TR,16384,64,30,V4-Flash,think,20480.0,16,0.1238036318598708,0.0917586819049676,0.0320449499549032
Qwen2.5-7B-Instruct,previous,non-think,aime2026_tr,TR,16384,64,30,V4-Flash,think,20480.0,32,0.1711300726929317,0.1126621725561682,0.058467900136763507
Qwen2.5-7B-Instruct,previous,non-think,aime2026_tr,TR,16384,64,30,V4-Flash,think,20480.0,64,0.2333333333333333,0.1333333333333333,0.1
Qwen2.5-7B-Instruct,previous,non-think,pt_exams_math,PT,16384,16,166,V4-Flash,think,20480.0,1,0.7835090361445783,0.7356927710843374,0.04781626506024095
Qwen2.5-7B-Instruct,previous,non-think,pt_exams_math,PT,16384,16,166,V4-Flash,think,20480.0,2,0.8632028112449799,0.8251506024096382,0.03805220883534166
Qwen2.5-7B-Instruct,previous,non-think,pt_exams_math,PT,16384,16,166,V4-Flash,think,20480.0,4,0.9065205878458892,0.8753839533960015,0.03113663444988768
Qwen2.5-7B-Instruct,previous,non-think,pt_exams_math,PT,16384,16,166,V4-Flash,think,20480.0,8,0.929190421359096,0.9015128111513656,0.027677610207730408
Qwen2.5-7B-Instruct,previous,non-think,pt_exams_math,PT,16384,16,166,V4-Flash,think,20480.0,16,0.9397590361445785,0.9156626506024096,0.024096385542168863
Qwen2.5-7B-Instruct,previous,non-think,tubitak_math2026,TR-OL,16384,64,32,V4-Flash,think,20480.0,1,0.11572265625,0.04296875,0.07275390625
Qwen2.5-7B-Instruct,previous,non-think,tubitak_math2026,TR-OL,16384,64,32,V4-Flash,think,20480.0,2,0.1690228174603174,0.0563616071428571,0.11266121031746029
Qwen2.5-7B-Instruct,previous,non-think,tubitak_math2026,TR-OL,16384,64,32,V4-Flash,think,20480.0,4,0.2338188824412631,0.0618878624625418,0.1719310199787213
Qwen2.5-7B-Instruct,previous,non-think,tubitak_math2026,TR-OL,16384,64,32,V4-Flash,think,20480.0,8,0.3163516963799532,0.0624947164973954,0.2538569798825578
Qwen2.5-7B-Instruct,previous,non-think,tubitak_math2026,TR-OL,16384,64,32,V4-Flash,think,20480.0,16,0.4111116312732865,0.0624999999529534,0.34861163132033307
Qwen2.5-7B-Instruct,previous,non-think,tubitak_math2026,TR-OL,16384,64,32,V4-Flash,think,20480.0,32,0.5044692338305303,0.0625,0.44196923383053033
Qwen2.5-7B-Instruct,previous,non-think,tubitak_math2026,TR-OL,16384,64,32,V4-Flash,think,20480.0,64,0.59375,0.0625,0.53125
Qwen2.5-7B-Instruct,previous,non-think,aime2026,EN,16384,64,30,Gemma4,think,16384.0,1,0.0697916666666667,0.0526041666666666,0.0171875000000001
Qwen2.5-7B-Instruct,previous,non-think,aime2026,EN,16384,64,30,Gemma4,think,16384.0,2,0.1047619047619047,0.0825727513227513,0.022189153439153397
Qwen2.5-7B-Instruct,previous,non-think,aime2026,EN,16384,64,30,Gemma4,think,16384.0,4,0.1409424760561725,0.1143000365138122,0.0266424395423603
Qwen2.5-7B-Instruct,previous,non-think,aime2026,EN,16384,64,30,Gemma4,think,16384.0,8,0.1789314817725686,0.143808315719185,0.03512316605338359
Qwen2.5-7B-Instruct,previous,non-think,aime2026,EN,16384,64,30,Gemma4,think,16384.0,16,0.2215566596219126,0.1751731600707916,0.046383499551121005
Qwen2.5-7B-Instruct,previous,non-think,aime2026,EN,16384,64,30,Gemma4,think,16384.0,32,0.2710706114987166,0.2083272686549613,0.0627433428437553
Qwen2.5-7B-Instruct,previous,non-think,aime2026,EN,16384,64,30,Gemma4,think,16384.0,64,0.3333333333333333,0.2333333333333333,0.1
Qwen2.5-7B-Instruct,previous,non-think,aime2026_pt,PT,16384,64,30,Gemma4,think,16384.0,1,0.0546875,0.0463541666666666,0.008333333333333401
Qwen2.5-7B-Instruct,previous,non-think,aime2026_pt,PT,16384,64,30,Gemma4,think,16384.0,2,0.0840112433862433,0.0711474867724867,0.012863756613756605
Qwen2.5-7B-Instruct,previous,non-think,aime2026_pt,PT,16384,64,30,Gemma4,think,16384.0,4,0.1117054573459914,0.0926319743479976,0.0190734829979938
Qwen2.5-7B-Instruct,previous,non-think,aime2026_pt,PT,16384,64,30,Gemma4,think,16384.0,8,0.1356214050443193,0.1032074431898331,0.032413961854486195
Qwen2.5-7B-Instruct,previous,non-think,aime2026_pt,PT,16384,64,30,Gemma4,think,16384.0,16,0.1694930537250925,0.1083275269399115,0.06116552678518099
Qwen2.5-7B-Instruct,previous,non-think,aime2026_pt,PT,16384,64,30,Gemma4,think,16384.0,32,0.2293650793647996,0.1166666666652176,0.112698412699582
Qwen2.5-7B-Instruct,previous,non-think,aime2026_pt,PT,16384,64,30,Gemma4,think,16384.0,64,0.3333333333333333,0.1333333333333333,0.2
Qwen2.5-7B-Instruct,previous,non-think,aime2026_tr,TR,16384,64,30,Gemma4,think,16384.0,1,0.0203125,0.0119791666666666,0.008333333333333401
Qwen2.5-7B-Instruct,previous,non-think,aime2026_tr,TR,16384,64,30,Gemma4,think,16384.0,2,0.0361441798941798,0.022470238095238,0.013673941798941797
Qwen2.5-7B-Instruct,previous,non-think,aime2026_tr,TR,16384,64,30,Gemma4,think,16384.0,4,0.0591750396615547,0.0397795426120386,0.019395497049516097
Qwen2.5-7B-Instruct,previous,non-think,aime2026_tr,TR,16384,64,30,Gemma4,think,16384.0,8,0.0881346091329922,0.0638776358298956,0.024256973303096604
Qwen2.5-7B-Instruct,previous,non-think,aime2026_tr,TR,16384,64,30,Gemma4,think,16384.0,16,0.1238036318598708,0.0898377404046054,0.03396589145526539
Qwen2.5-7B-Instruct,previous,non-think,aime2026_tr,TR,16384,64,30,Gemma4,think,16384.0,32,0.1711300726929317,0.1125155152766816,0.0586145574162501
Qwen2.5-7B-Instruct,previous,non-think,aime2026_tr,TR,16384,64,30,Gemma4,think,16384.0,64,0.2333333333333333,0.1333333333333333,0.1
Qwen2.5-7B-Instruct,previous,non-think,tubitak_math2026,TR-OL,16384,64,32,Gemma4,think,16384.0,1,0.11572265625,0.0439453125,0.07177734375
Qwen2.5-7B-Instruct,previous,non-think,tubitak_math2026,TR-OL,16384,64,32,Gemma4,think,16384.0,2,0.1690228174603174,0.0575706845238095,0.11145213293650788
Qwen2.5-7B-Instruct,previous,non-think,tubitak_math2026,TR-OL,16384,64,32,Gemma4,think,16384.0,4,0.2338188824412631,0.063863365943945,0.1699555164973181
Qwen2.5-7B-Instruct,previous,non-think,tubitak_math2026,TR-OL,16384,64,32,Gemma4,think,16384.0,8,0.3163516963799532,0.0664010119303454,0.2499506844496078
Qwen2.5-7B-Instruct,previous,non-think,tubitak_math2026,TR-OL,16384,64,32,Gemma4,think,16384.0,16,0.4111116312732865,0.0703124999529535,0.340799131320333
Qwen2.5-7B-Instruct,previous,non-think,tubitak_math2026,TR-OL,16384,64,32,Gemma4,think,16384.0,32,0.5044692338305303,0.078125,0.42634423383053033
Qwen2.5-7B-Instruct,previous,non-think,tubitak_math2026,TR-OL,16384,64,32,Gemma4,think,16384.0,64,0.59375,0.09375,0.5
Qwen3.5-0.8B-Base,current,base,aime2026,EN,16384,64,30,Qwen3.6,think,16384.0,1,0.0067708333333333,0.0062499999999999,0.0005208333333334
Qwen3.5-0.8B-Base,current,base,aime2026,EN,16384,64,30,Qwen3.6,think,16384.0,2,0.0132275132275132,0.0122189153439153,0.0010085978835979014
Qwen3.5-0.8B-Base,current,base,aime2026,EN,16384,64,30,Qwen3.6,think,16384.0,4,0.0252461009963653,0.0233579801566316,0.0018881208397336993
Qwen3.5-0.8B-Base,current,base,aime2026,EN,16384,64,30,Qwen3.6,think,16384.0,8,0.0460206240084611,0.0427350804003368,0.003285543608124303
Qwen3.5-0.8B-Base,current,base,aime2026,EN,16384,64,30,Qwen3.6,think,16384.0,16,0.0768015579226578,0.0719884498837433,0.004813108038914507
Qwen3.5-0.8B-Base,current,base,aime2026,EN,16384,64,30,Qwen3.6,think,16384.0,32,0.1099314771445919,0.1056986729117876,0.004232804232804296
Qwen3.5-0.8B-Base,current,base,aime2026,EN,16384,64,30,Qwen3.6,think,16384.0,64,0.1333333333333333,0.1333333333333333,0.0
Qwen3.5-0.8B-Base,current,base,aime2026_pt,PT,16384,64,30,Qwen3.6,think,16384.0,1,0.0036458333333333,0.0005208333333333,0.003125
Qwen3.5-0.8B-Base,current,base,aime2026_pt,PT,16384,64,30,Qwen3.6,think,16384.0,2,0.0072255291005291,0.0010416666666666,0.0061838624338625
Qwen3.5-0.8B-Base,current,base,aime2026_pt,PT,16384,64,30,Qwen3.6,think,16384.0,4,0.014189708141321,0.0020833333333333,0.0121063748079877
Qwen3.5-0.8B-Base,current,base,aime2026_pt,PT,16384,64,30,Qwen3.6,think,16384.0,8,0.0273596176821983,0.0041666666666666,0.0231929510155317
Qwen3.5-0.8B-Base,current,base,aime2026_pt,PT,16384,64,30,Qwen3.6,think,16384.0,16,0.0508448540706605,0.0083333333333333,0.042511520737327196
Qwen3.5-0.8B-Base,current,base,aime2026_pt,PT,16384,64,30,Qwen3.6,think,16384.0,32,0.0878306878306878,0.0166666666666666,0.07116402116402121
Qwen3.5-0.8B-Base,current,base,aime2026_pt,PT,16384,64,30,Qwen3.6,think,16384.0,64,0.1333333333333333,0.0333333333333333,0.1
Qwen3.5-0.8B-Base,current,base,aime2026_tr,TR,16384,64,30,Qwen3.6,think,16384.0,1,0.0046875,0.0020833333333333,0.0026041666666667
Qwen3.5-0.8B-Base,current,base,aime2026_tr,TR,16384,64,30,Qwen3.6,think,16384.0,2,0.0091931216931216,0.0041170634920634,0.0050760582010582
Qwen3.5-0.8B-Base,current,base,aime2026_tr,TR,16384,64,30,Qwen3.6,think,16384.0,4,0.0176904698949913,0.0080389144905273,0.009651555404464
Qwen3.5-0.8B-Base,current,base,aime2026_tr,TR,16384,64,30,Qwen3.6,think,16384.0,8,0.0328373190747595,0.0153225806451612,0.017514738429598303
Qwen3.5-0.8B-Base,current,base,aime2026_tr,TR,16384,64,30,Qwen3.6,think,16384.0,16,0.0571965786138181,0.0278289810547875,0.0293675975590306
Qwen3.5-0.8B-Base,current,base,aime2026_tr,TR,16384,64,30,Qwen3.6,think,16384.0,32,0.0909185532136351,0.046031746031746,0.044886807181889095
Qwen3.5-0.8B-Base,current,base,aime2026_tr,TR,16384,64,30,Qwen3.6,think,16384.0,64,0.1333333333333333,0.0666666666666666,0.06666666666666671
Qwen3.5-0.8B-Base,current,base,pt_exams_math,PT,16384,16,166,Qwen3.6,think,16384.0,1,0.5135542168674698,0.4465361445783132,0.06701807228915663
Qwen3.5-0.8B-Base,current,base,pt_exams_math,PT,16384,16,166,Qwen3.6,think,16384.0,2,0.646636546184739,0.5863453815261045,0.06029116465863449
Qwen3.5-0.8B-Base,current,base,pt_exams_math,PT,16384,16,166,Qwen3.6,think,16384.0,4,0.7473818350324375,0.6956209453197405,0.05176088971269699
Qwen3.5-0.8B-Base,current,base,pt_exams_math,PT,16384,16,166,Qwen3.6,think,16384.0,8,0.8240837475777235,0.7700110465170709,0.05407270106065265
Qwen3.5-0.8B-Base,current,base,pt_exams_math,PT,16384,16,166,Qwen3.6,think,16384.0,16,0.8855421686746988,0.8132530120481928,0.07228915662650603
Qwen3.5-0.8B-Base,current,base,tubitak_math2026,TR-OL,16384,64,32,Qwen3.6,think,16384.0,1,0.03662109375,0.01708984375,0.01953125
Qwen3.5-0.8B-Base,current,base,tubitak_math2026,TR-OL,16384,64,32,Qwen3.6,think,16384.0,2,0.0655536954365079,0.0312655009920634,0.034288194444444496
Qwen3.5-0.8B-Base,current,base,tubitak_math2026,TR-OL,16384,64,32,Qwen3.6,think,16384.0,4,0.1076418726864092,0.0531024149479992,0.054539457738410006
Qwen3.5-0.8B-Base,current,base,tubitak_math2026,TR-OL,16384,64,32,Qwen3.6,think,16384.0,8,0.1580380224962259,0.0806850533408493,0.0773529691553766
Qwen3.5-0.8B-Base,current,base,tubitak_math2026,TR-OL,16384,64,32,Qwen3.6,think,16384.0,16,0.2130792742559228,0.1082133498286733,0.1048659244272495
Qwen3.5-0.8B-Base,current,base,tubitak_math2026,TR-OL,16384,64,32,Qwen3.6,think,16384.0,32,0.2765745919627614,0.1325269593674961,0.14404763259526532
Qwen3.5-0.8B-Base,current,base,tubitak_math2026,TR-OL,16384,64,32,Qwen3.6,think,16384.0,64,0.34375,0.15625,0.1875
Qwen3.5-0.8B-Base,current,base,tubitak_math2026,TR-OL,16384,64,32,V4-Flash,non-think,5000.0,1,0.03662109375,0.01904296875,0.017578125
Qwen3.5-0.8B-Base,current,base,tubitak_math2026,TR-OL,16384,64,32,V4-Flash,non-think,5000.0,2,0.0655536954365079,0.0354507688492063,0.03010292658730159
Qwen3.5-0.8B-Base,current,base,tubitak_math2026,TR-OL,16384,64,32,V4-Flash,non-think,5000.0,4,0.1076418726864092,0.0619084703388229,0.045733402347586306
Qwen3.5-0.8B-Base,current,base,tubitak_math2026,TR-OL,16384,64,32,V4-Flash,non-think,5000.0,8,0.1580380224962259,0.0972867306570096,0.06075129183921629
Qwen3.5-0.8B-Base,current,base,tubitak_math2026,TR-OL,16384,64,32,V4-Flash,non-think,5000.0,16,0.2130792742559228,0.1333225651859229,0.0797567090699999
Qwen3.5-0.8B-Base,current,base,tubitak_math2026,TR-OL,16384,64,32,V4-Flash,non-think,5000.0,32,0.2765745919627614,0.1629804597517427,0.11359413221101872
Qwen3.5-0.8B-Base,current,base,tubitak_math2026,TR-OL,16384,64,32,V4-Flash,non-think,5000.0,64,0.34375,0.1875,0.15625
Qwen3.5-0.8B-Base,current,base,aime2026,EN,16384,64,30,Gemma4,think,16384.0,1,0.0067708333333333,0.0057291666666666,0.0010416666666666994
Qwen3.5-0.8B-Base,current,base,aime2026,EN,16384,64,30,Gemma4,think,16384.0,2,0.0132275132275132,0.0112268518518518,0.0020006613756614004
Qwen3.5-0.8B-Base,current,base,aime2026,EN,16384,64,30,Gemma4,think,16384.0,4,0.0252461009963653,0.021562717718852,0.003683383277513299
Qwen3.5-0.8B-Base,current,base,aime2026,EN,16384,64,30,Gemma4,think,16384.0,8,0.0460206240084611,0.0398265663865875,0.006194057621873604
Qwen3.5-0.8B-Base,current,base,aime2026,EN,16384,64,30,Gemma4,think,16384.0,16,0.0768015579226578,0.068358893001939,0.00844266492071881
Qwen3.5-0.8B-Base,current,base,aime2026,EN,16384,64,30,Gemma4,think,16384.0,32,0.1099314771445919,0.1036169659120478,0.00631451123254409
Qwen3.5-0.8B-Base,current,base,aime2026,EN,16384,64,30,Gemma4,think,16384.0,64,0.1333333333333333,0.1333333333333333,0.0
Qwen3.5-0.8B-Base,current,base,aime2026_pt,PT,16384,64,30,Gemma4,think,16384.0,1,0.0036458333333333,0.0,0.0036458333333333
Qwen3.5-0.8B-Base,current,base,aime2026_pt,PT,16384,64,30,Gemma4,think,16384.0,2,0.0072255291005291,0.0,0.0072255291005291
Qwen3.5-0.8B-Base,current,base,aime2026_pt,PT,16384,64,30,Gemma4,think,16384.0,4,0.014189708141321,0.0,0.014189708141321
Qwen3.5-0.8B-Base,current,base,aime2026_pt,PT,16384,64,30,Gemma4,think,16384.0,8,0.0273596176821983,0.0,0.0273596176821983
Qwen3.5-0.8B-Base,current,base,aime2026_pt,PT,16384,64,30,Gemma4,think,16384.0,16,0.0508448540706605,0.0,0.0508448540706605
Qwen3.5-0.8B-Base,current,base,aime2026_pt,PT,16384,64,30,Gemma4,think,16384.0,32,0.0878306878306878,0.0,0.0878306878306878
Qwen3.5-0.8B-Base,current,base,aime2026_pt,PT,16384,64,30,Gemma4,think,16384.0,64,0.1333333333333333,0.0,0.1333333333333333
Qwen3.5-0.8B-Base,current,base,aime2026_tr,TR,16384,64,30,Gemma4,think,16384.0,1,0.0046875,0.0015624999999999,0.0031250000000001
Qwen3.5-0.8B-Base,current,base,aime2026_tr,TR,16384,64,30,Gemma4,think,16384.0,2,0.0091931216931216,0.0030753968253968,0.0061177248677248
Qwen3.5-0.8B-Base,current,base,aime2026_tr,TR,16384,64,30,Gemma4,think,16384.0,4,0.0176904698949913,0.005955581157194,0.011734888737797301
Qwen3.5-0.8B-Base,current,base,aime2026_tr,TR,16384,64,30,Gemma4,think,16384.0,8,0.0328373190747595,0.0111559139784946,0.0216814050962649
Qwen3.5-0.8B-Base,current,base,aime2026_tr,TR,16384,64,30,Gemma4,think,16384.0,16,0.0571965786138181,0.0194956477214541,0.037700930892363996
Qwen3.5-0.8B-Base,current,base,aime2026_tr,TR,16384,64,30,Gemma4,think,16384.0,32,0.0909185532136351,0.0293650793650793,0.06155347384855579
Qwen3.5-0.8B-Base,current,base,aime2026_tr,TR,16384,64,30,Gemma4,think,16384.0,64,0.1333333333333333,0.0333333333333333,0.1
Qwen3.5-0.8B-Base,current,base,pt_exams_math,PT,16384,16,166,Gemma4,think,16384.0,1,0.5135542168674698,0.384789156626506,0.12876506024096385
Qwen3.5-0.8B-Base,current,base,pt_exams_math,PT,16384,16,166,Gemma4,think,16384.0,2,0.646636546184739,0.5255522088353413,0.12108433734939772
Qwen3.5-0.8B-Base,current,base,pt_exams_math,PT,16384,16,166,Gemma4,think,16384.0,4,0.7473818350324375,0.64811995233682,0.09926188269561753
Qwen3.5-0.8B-Base,current,base,pt_exams_math,PT,16384,16,166,Gemma4,think,16384.0,8,0.8240837475777235,0.7346018105054253,0.08948193707229823
Qwen3.5-0.8B-Base,current,base,pt_exams_math,PT,16384,16,166,Gemma4,think,16384.0,16,0.8855421686746988,0.7771084337349398,0.10843373493975905
Qwen3.5-0.8B-Base,current,base,tubitak_math2026,TR-OL,16384,64,32,Gemma4,think,16384.0,1,0.03662109375,0.0107421874999999,0.0258789062500001
Qwen3.5-0.8B-Base,current,base,tubitak_math2026,TR-OL,16384,64,32,Gemma4,think,16384.0,2,0.0655536954365079,0.0201822916666666,0.04537140376984129
Qwen3.5-0.8B-Base,current,base,tubitak_math2026,TR-OL,16384,64,32,Gemma4,think,16384.0,4,0.1076418726864092,0.0358542127023998,0.0717876599840094
Qwen3.5-0.8B-Base,current,base,tubitak_math2026,TR-OL,16384,64,32,Gemma4,think,16384.0,8,0.1580380224962259,0.0580186435786711,0.1000193789175548
Qwen3.5-0.8B-Base,current,base,tubitak_math2026,TR-OL,16384,64,32,Gemma4,think,16384.0,16,0.2130792742559228,0.0828118807849793,0.13026739347094352
Qwen3.5-0.8B-Base,current,base,tubitak_math2026,TR-OL,16384,64,32,Gemma4,think,16384.0,32,0.2765745919627614,0.1052749043521058,0.17129968761065562
Qwen3.5-0.8B-Base,current,base,tubitak_math2026,TR-OL,16384,64,32,Gemma4,think,16384.0,64,0.34375,0.125,0.21875
Qwen3.5-2B-Base,current,base,aime2026,EN,16384,64,30,Qwen3.6,think,16384.0,1,0.1473958333333333,0.1411458333333333,0.0062500000000000056
Qwen3.5-2B-Base,current,base,aime2026,EN,16384,64,30,Qwen3.6,think,16384.0,2,0.2140046296296296,0.2062830687830688,0.00772156084656081
Qwen3.5-2B-Base,current,base,aime2026,EN,16384,64,30,Qwen3.6,think,16384.0,4,0.2800304596543359,0.2699965060058925,0.010033953648443394
Qwen3.5-2B-Base,current,base,aime2026,EN,16384,64,30,Qwen3.6,think,16384.0,8,0.345805796924305,0.3309182165423331,0.01488758038197191
Qwen3.5-2B-Base,current,base,aime2026,EN,16384,64,30,Qwen3.6,think,16384.0,16,0.413285539565536,0.3901186206776064,0.0231669188879296
Qwen3.5-2B-Base,current,base,aime2026,EN,16384,64,30,Qwen3.6,think,16384.0,32,0.4903621998082944,0.4589154112759143,0.03144678853238009
Qwen3.5-2B-Base,current,base,aime2026,EN,16384,64,30,Qwen3.6,think,16384.0,64,0.5666666666666667,0.5333333333333333,0.033333333333333326
Qwen3.5-2B-Base,current,base,aime2026_pt,PT,16384,64,30,Qwen3.6,think,16384.0,1,0.1145833333333334,0.1104166666666666,0.0041666666666668045
Qwen3.5-2B-Base,current,base,aime2026_pt,PT,16384,64,30,Qwen3.6,think,16384.0,2,0.1737433862433862,0.168287037037037,0.005456349206349187
Qwen3.5-2B-Base,current,base,aime2026_pt,PT,16384,64,30,Qwen3.6,think,16384.0,4,0.2307946790561809,0.2248718868827276,0.0059227921734532896
Qwen3.5-2B-Base,current,base,aime2026_pt,PT,16384,64,30,Qwen3.6,think,16384.0,8,0.2775480584725109,0.2732798738937672,0.004268184578743728
Qwen3.5-2B-Base,current,base,aime2026_pt,PT,16384,64,30,Qwen3.6,think,16384.0,16,0.3185172143859801,0.3173159051271702,0.0012013092588099017
Qwen3.5-2B-Base,current,base,aime2026_pt,PT,16384,64,30,Qwen3.6,think,16384.0,32,0.3669112350674895,0.3668829535458146,2.8281521674888843e-05
Qwen3.5-2B-Base,current,base,aime2026_pt,PT,16384,64,30,Qwen3.6,think,16384.0,64,0.4333333333333333,0.4333333333333333,0.0
Qwen3.5-2B-Base,current,base,aime2026_tr,TR,16384,64,30,Qwen3.6,think,16384.0,1,0.10625,0.1020833333333333,0.0041666666666666935
Qwen3.5-2B-Base,current,base,aime2026_tr,TR,16384,64,30,Qwen3.6,think,16384.0,2,0.1626157407407407,0.1565145502645502,0.00610119047619051
Qwen3.5-2B-Base,current,base,aime2026_tr,TR,16384,64,30,Qwen3.6,think,16384.0,4,0.2203724513778717,0.2118388691630362,0.008533582214835495
Qwen3.5-2B-Base,current,base,aime2026_tr,TR,16384,64,30,Qwen3.6,think,16384.0,8,0.2693687761012728,0.2578575428183143,0.0115112332829585
Qwen3.5-2B-Base,current,base,aime2026_tr,TR,16384,64,30,Qwen3.6,think,16384.0,16,0.3116649846345961,0.2966560924429828,0.015008892191613277
Qwen3.5-2B-Base,current,base,aime2026_tr,TR,16384,64,30,Qwen3.6,think,16384.0,32,0.3568434481710966,0.3420630318051156,0.014780416365980986
Qwen3.5-2B-Base,current,base,aime2026_tr,TR,16384,64,30,Qwen3.6,think,16384.0,64,0.4,0.4,0.0
Qwen3.5-2B-Base,current,base,pt_exams_math,PT,16384,16,166,Qwen3.6,think,16384.0,1,0.8083584337349398,0.7891566265060241,0.019201807228915624
Qwen3.5-2B-Base,current,base,pt_exams_math,PT,16384,16,166,Qwen3.6,think,16384.0,2,0.8801204819277109,0.8705823293172689,0.009538152610441997
Qwen3.5-2B-Base,current,base,pt_exams_math,PT,16384,16,166,Qwen3.6,think,16384.0,4,0.9151529193697868,0.9104197007811466,0.004733218588640176
Qwen3.5-2B-Base,current,base,pt_exams_math,PT,16384,16,166,Qwen3.6,think,16384.0,8,0.938501324645903,0.9345348761011412,0.0039664485447618025
Qwen3.5-2B-Base,current,base,pt_exams_math,PT,16384,16,166,Qwen3.6,think,16384.0,16,0.9578313253012049,0.9518072289156626,0.006024096385542244
Qwen3.5-2B-Base,current,base,tubitak_math2026,TR-OL,16384,64,32,Qwen3.6,think,16384.0,1,0.146484375,0.12646484375,0.02001953125
Qwen3.5-2B-Base,current,base,tubitak_math2026,TR-OL,16384,64,32,Qwen3.6,think,16384.0,2,0.215634300595238,0.1857328869047619,0.02990141369047611
Qwen3.5-2B-Base,current,base,tubitak_math2026,TR-OL,16384,64,32,Qwen3.6,think,16384.0,4,0.2909670809095716,0.2519435342222558,0.03902354668731578
Qwen3.5-2B-Base,current,base,tubitak_math2026,TR-OL,16384,64,32,Qwen3.6,think,16384.0,8,0.3681261962383485,0.3236645873355222,0.0444616089028263
Qwen3.5-2B-Base,current,base,tubitak_math2026,TR-OL,16384,64,32,Qwen3.6,think,16384.0,16,0.4515445500244465,0.4011715161474733,0.05037303387697317
Qwen3.5-2B-Base,current,base,tubitak_math2026,TR-OL,16384,64,32,Qwen3.6,think,16384.0,32,0.5413929354492936,0.4735051111634323,0.06788782428586126
Qwen3.5-2B-Base,current,base,tubitak_math2026,TR-OL,16384,64,32,Qwen3.6,think,16384.0,64,0.625,0.53125,0.09375
Qwen3.5-2B-Base,current,base,aime2026,EN,16384,64,30,V4-Flash,non-think,5000.0,1,0.1473958333333333,0.1307291666666666,0.01666666666666672
Qwen3.5-2B-Base,current,base,aime2026,EN,16384,64,30,V4-Flash,non-think,5000.0,2,0.2140046296296296,0.1955026455026455,0.01850198412698409
Qwen3.5-2B-Base,current,base,aime2026,EN,16384,64,30,V4-Flash,non-think,5000.0,4,0.2800304596543359,0.2620670804898726,0.017963379164463278
Qwen3.5-2B-Base,current,base,aime2026,EN,16384,64,30,V4-Flash,non-think,5000.0,8,0.345805796924305,0.327561832464578,0.018243964459727036
Qwen3.5-2B-Base,current,base,aime2026,EN,16384,64,30,V4-Flash,non-think,5000.0,16,0.413285539565536,0.3912298205916177,0.02205571897391828
Qwen3.5-2B-Base,current,base,aime2026,EN,16384,64,30,V4-Flash,non-think,5000.0,32,0.4903621998082944,0.4631477989193093,0.02721440088898508
Qwen3.5-2B-Base,current,base,aime2026,EN,16384,64,30,V4-Flash,non-think,5000.0,64,0.5666666666666667,0.5333333333333333,0.033333333333333326
Qwen3.5-2B-Base,current,base,aime2026_pt,PT,16384,64,30,V4-Flash,non-think,5000.0,1,0.1145833333333334,0.1020833333333333,0.012500000000000094
Qwen3.5-2B-Base,current,base,aime2026_pt,PT,16384,64,30,V4-Flash,non-think,5000.0,2,0.1737433862433862,0.1587301587301587,0.015013227513227506
Qwen3.5-2B-Base,current,base,aime2026_pt,PT,16384,64,30,V4-Flash,non-think,5000.0,4,0.2307946790561809,0.2150377624167946,0.015756916639386304
Qwen3.5-2B-Base,current,base,aime2026_pt,PT,16384,64,30,V4-Flash,non-think,5000.0,8,0.2775480584725109,0.262222486411779,0.015325572060731929
Qwen3.5-2B-Base,current,base,aime2026_pt,PT,16384,64,30,V4-Flash,non-think,5000.0,16,0.3185172143859801,0.309498613370976,0.009018601015004069
Qwen3.5-2B-Base,current,base,aime2026_pt,PT,16384,64,30,V4-Flash,non-think,5000.0,32,0.3669112350674895,0.365870217875385,0.001041017192104532
Qwen3.5-2B-Base,current,base,aime2026_pt,PT,16384,64,30,V4-Flash,non-think,5000.0,64,0.4333333333333333,0.4333333333333333,0.0
Qwen3.5-2B-Base,current,base,tubitak_math2026,TR-OL,16384,64,32,V4-Flash,non-think,5000.0,1,0.146484375,0.1176757812499999,0.028808593750000097
Qwen3.5-2B-Base,current,base,tubitak_math2026,TR-OL,16384,64,32,V4-Flash,non-think,5000.0,2,0.215634300595238,0.1717044890873015,0.04392981150793651
Qwen3.5-2B-Base,current,base,tubitak_math2026,TR-OL,16384,64,32,V4-Flash,non-think,5000.0,4,0.2909670809095716,0.2303552837217647,0.060611797187806876
Qwen3.5-2B-Base,current,base,tubitak_math2026,TR-OL,16384,64,32,V4-Flash,non-think,5000.0,8,0.3681261962383485,0.2942006572598192,0.07392553897852933
Qwen3.5-2B-Base,current,base,tubitak_math2026,TR-OL,16384,64,32,V4-Flash,non-think,5000.0,16,0.4515445500244465,0.3661741360722137,0.08537041395223277
Qwen3.5-2B-Base,current,base,tubitak_math2026,TR-OL,16384,64,32,V4-Flash,non-think,5000.0,32,0.5413929354492936,0.439573532398935,0.10181940305035858
Qwen3.5-2B-Base,current,base,tubitak_math2026,TR-OL,16384,64,32,V4-Flash,non-think,5000.0,64,0.625,0.5,0.125
Qwen3.5-2B-Base,current,base,aime2026,EN,16384,64,30,Gemma4,think,16384.0,1,0.1473958333333333,0.1411458333333333,0.0062500000000000056
Qwen3.5-2B-Base,current,base,aime2026,EN,16384,64,30,Gemma4,think,16384.0,2,0.2140046296296296,0.2068121693121693,0.007192460317460292
Qwen3.5-2B-Base,current,base,aime2026,EN,16384,64,30,Gemma4,think,16384.0,4,0.2800304596543359,0.2727969475292319,0.00723351212510398
Qwen3.5-2B-Base,current,base,aime2026,EN,16384,64,30,Gemma4,think,16384.0,8,0.345805796924305,0.3381698809059649,0.0076359160183401276
Qwen3.5-2B-Base,current,base,aime2026,EN,16384,64,30,Gemma4,think,16384.0,16,0.413285539565536,0.4047187201302377,0.0085668194352983
Qwen3.5-2B-Base,current,base,aime2026,EN,16384,64,30,Gemma4,think,16384.0,32,0.4903621998082944,0.4840476071161114,0.006314592692182985
Qwen3.5-2B-Base,current,base,aime2026,EN,16384,64,30,Gemma4,think,16384.0,64,0.5666666666666667,0.5666666666666667,0.0
Qwen3.5-2B-Base,current,base,aime2026_pt,PT,16384,64,30,Gemma4,think,16384.0,1,0.1145833333333334,0.1,0.014583333333333393
Qwen3.5-2B-Base,current,base,aime2026_pt,PT,16384,64,30,Gemma4,think,16384.0,2,0.1737433862433862,0.15557208994709,0.018171296296296213
Qwen3.5-2B-Base,current,base,aime2026_pt,PT,16384,64,30,Gemma4,think,16384.0,4,0.2307946790561809,0.2116217273971107,0.01917295165907021
Qwen3.5-2B-Base,current,base,aime2026_pt,PT,16384,64,30,Gemma4,think,16384.0,8,0.2775480584725109,0.2596560656866387,0.017891992785872224
Qwen3.5-2B-Base,current,base,aime2026_pt,PT,16384,64,30,Gemma4,think,16384.0,16,0.3185172143859801,0.3040201575928788,0.01449705679310126
Qwen3.5-2B-Base,current,base,aime2026_pt,PT,16384,64,30,Gemma4,think,16384.0,32,0.3669112350674895,0.3497821178353042,0.017129117232185298
Qwen3.5-2B-Base,current,base,aime2026_pt,PT,16384,64,30,Gemma4,think,16384.0,64,0.4333333333333333,0.4,0.03333333333333327
Qwen3.5-2B-Base,current,base,aime2026_tr,TR,16384,64,30,Gemma4,think,16384.0,1,0.10625,0.0973958333333333,0.00885416666666669
Qwen3.5-2B-Base,current,base,aime2026_tr,TR,16384,64,30,Gemma4,think,16384.0,2,0.1626157407407407,0.1517691798941799,0.010846560846560799
Qwen3.5-2B-Base,current,base,aime2026_tr,TR,16384,64,30,Gemma4,think,16384.0,4,0.2203724513778717,0.2081457803463355,0.012226671031536213
Qwen3.5-2B-Base,current,base,aime2026_tr,TR,16384,64,30,Gemma4,think,16384.0,8,0.2693687761012728,0.2556433059522024,0.013725470149070385
Qwen3.5-2B-Base,current,base,aime2026_tr,TR,16384,64,30,Gemma4,think,16384.0,16,0.3116649846345961,0.2944053648234722,0.017259619811123894
Qwen3.5-2B-Base,current,base,aime2026_tr,TR,16384,64,30,Gemma4,think,16384.0,32,0.3568434481710966,0.3338612103897407,0.022982237781355885
Qwen3.5-2B-Base,current,base,aime2026_tr,TR,16384,64,30,Gemma4,think,16384.0,64,0.4,0.3666666666666666,0.03333333333333344
Qwen3.5-2B-Base,current,base,pt_exams_math,PT,16384,16,166,Gemma4,think,16384.0,1,0.8083584337349398,0.7492469879518072,0.059111445783132543
Qwen3.5-2B-Base,current,base,pt_exams_math,PT,16384,16,166,Gemma4,think,16384.0,2,0.8801204819277109,0.8499497991967868,0.030170682730924048
Qwen3.5-2B-Base,current,base,pt_exams_math,PT,16384,16,166,Gemma4,think,16384.0,4,0.9151529193697868,0.8991758241758241,0.01597709519396273
Qwen3.5-2B-Base,current,base,pt_exams_math,PT,16384,16,166,Gemma4,think,16384.0,8,0.938501324645903,0.9268177605527006,0.01168356409320237
Qwen3.5-2B-Base,current,base,pt_exams_math,PT,16384,16,166,Gemma4,think,16384.0,16,0.9578313253012049,0.9457831325301204,0.012048192771084487
Qwen3.5-2B-Base,current,base,tubitak_math2026,TR-OL,16384,64,32,Gemma4,think,16384.0,1,0.146484375,0.10888671875,0.03759765625
Qwen3.5-2B-Base,current,base,tubitak_math2026,TR-OL,16384,64,32,Gemma4,think,16384.0,2,0.215634300595238,0.1626674107142857,0.0529668898809523
Qwen3.5-2B-Base,current,base,tubitak_math2026,TR-OL,16384,64,32,Gemma4,think,16384.0,4,0.2909670809095716,0.2202427676682782,0.07072431324129339
Qwen3.5-2B-Base,current,base,tubitak_math2026,TR-OL,16384,64,32,Gemma4,think,16384.0,8,0.3681261962383485,0.28054111722809,0.08758507901025853
Qwen3.5-2B-Base,current,base,tubitak_math2026,TR-OL,16384,64,32,Gemma4,think,16384.0,16,0.4515445500244465,0.3490618723572528,0.10248267766719371
Qwen3.5-2B-Base,current,base,tubitak_math2026,TR-OL,16384,64,32,Gemma4,think,16384.0,32,0.5413929354492936,0.4163518218816522,0.12504111356764136
Qwen3.5-2B-Base,current,base,tubitak_math2026,TR-OL,16384,64,32,Gemma4,think,16384.0,64,0.625,0.46875,0.15625
Qwen3.5-4B-Base,current,base,aime2026,EN,16384,64,30,Qwen3.6,think,16384.0,1,0.4359375,0.4322916666666667,0.0036458333333332926
Qwen3.5-4B-Base,current,base,aime2026,EN,16384,64,30,Qwen3.6,think,16384.0,2,0.534755291005291,0.5313988095238095,0.003356481481481488
Qwen3.5-4B-Base,current,base,aime2026,EN,16384,64,30,Qwen3.6,think,16384.0,4,0.6146519016561321,0.6115441355459865,0.0031077661101456266
Qwen3.5-4B-Base,current,base,aime2026,EN,16384,64,30,Qwen3.6,think,16384.0,8,0.6693905903261468,0.6657780502595385,0.003612540066608272
Qwen3.5-4B-Base,current,base,aime2026,EN,16384,64,30,Qwen3.6,think,16384.0,16,0.7014927687882947,0.6966639022630606,0.004828866525234066
Qwen3.5-4B-Base,current,base,aime2026,EN,16384,64,30,Qwen3.6,think,16384.0,32,0.7293623404870136,0.7251295353099255,0.004232805177088128
Qwen3.5-4B-Base,current,base,aime2026,EN,16384,64,30,Qwen3.6,think,16384.0,64,0.7666666666666667,0.7666666666666667,0.0
Qwen3.5-4B-Base,current,base,aime2026_pt,PT,16384,64,30,Qwen3.6,think,16384.0,1,0.440625,0.4364583333333333,0.004166666666666707
Qwen3.5-4B-Base,current,base,aime2026_pt,PT,16384,64,30,Qwen3.6,think,16384.0,2,0.5460648148148147,0.5422453703703701,0.0038194444444445974
Qwen3.5-4B-Base,current,base,aime2026_pt,PT,16384,64,30,Qwen3.6,think,16384.0,4,0.6257234036748843,0.6212423300009233,0.004481073673961
Qwen3.5-4B-Base,current,base,aime2026_pt,PT,16384,64,30,Qwen3.6,think,16384.0,8,0.6846280992289094,0.6767472973760192,0.007880801852890196
Qwen3.5-4B-Base,current,base,aime2026_pt,PT,16384,64,30,Qwen3.6,think,16384.0,16,0.7335435083465163,0.7188609681276346,0.014682540218881712
Qwen3.5-4B-Base,current,base,aime2026_pt,PT,16384,64,30,Qwen3.6,think,16384.0,32,0.772252059875316,0.747119784743041,0.025132275132275006
Qwen3.5-4B-Base,current,base,aime2026_pt,PT,16384,64,30,Qwen3.6,think,16384.0,64,0.8,0.7666666666666667,0.033333333333333326
Qwen3.5-4B-Base,current,base,aime2026_tr,TR,16384,64,30,Qwen3.6,think,16384.0,1,0.4276041666666667,0.4255208333333333,0.0020833333333333814
Qwen3.5-4B-Base,current,base,aime2026_tr,TR,16384,64,30,Qwen3.6,think,16384.0,2,0.5402612433862434,0.5384920634920634,0.0017691798941800174
Qwen3.5-4B-Base,current,base,aime2026_tr,TR,16384,64,30,Qwen3.6,think,16384.0,4,0.6323385417978227,0.6316563210865168,0.0006822207113058587
Qwen3.5-4B-Base,current,base,aime2026_tr,TR,16384,64,30,Qwen3.6,think,16384.0,8,0.7084803402597738,0.7084099631031532,7.037715662061572e-05
Qwen3.5-4B-Base,current,base,aime2026_tr,TR,16384,64,30,Qwen3.6,think,16384.0,16,0.7771069378247917,0.7771065575899162,3.8023487547445e-07
Qwen3.5-4B-Base,current,base,aime2026_tr,TR,16384,64,30,Qwen3.6,think,16384.0,32,0.837770386174365,0.8377703861743578,7.105427357601002e-15
Qwen3.5-4B-Base,current,base,aime2026_tr,TR,16384,64,30,Qwen3.6,think,16384.0,64,0.8666666666666667,0.8666666666666667,0.0
Qwen3.5-4B-Base,current,base,pt_exams_math,PT,16384,16,166,Qwen3.6,think,16384.0,1,0.9375,0.9363704819277108,0.0011295180722892262
Qwen3.5-4B-Base,current,base,pt_exams_math,PT,16384,16,166,Qwen3.6,think,16384.0,2,0.9605421686746988,0.9603413654618472,0.00020080321285154135
Qwen3.5-4B-Base,current,base,pt_exams_math,PT,16384,16,166,Qwen3.6,think,16384.0,4,0.9711108168939496,0.9711108168939496,0.0
Qwen3.5-4B-Base,current,base,pt_exams_math,PT,16384,16,166,Qwen3.6,think,16384.0,8,0.975215079431947,0.975215079431947,0.0
Qwen3.5-4B-Base,current,base,pt_exams_math,PT,16384,16,166,Qwen3.6,think,16384.0,16,0.9759036144578314,0.9759036144578314,0.0
Qwen3.5-4B-Base,current,base,tubitak_math2026,TR-OL,16384,64,32,Qwen3.6,think,16384.0,1,0.38525390625,0.3798828125,0.00537109375
Qwen3.5-4B-Base,current,base,tubitak_math2026,TR-OL,16384,64,32,Qwen3.6,think,16384.0,2,0.4911799355158729,0.4836154513888888,0.007564484126984128
Qwen3.5-4B-Base,current,base,tubitak_math2026,TR-OL,16384,64,32,Qwen3.6,think,16384.0,4,0.5914283432172446,0.5806588342965425,0.010769508920702053
Qwen3.5-4B-Base,current,base,tubitak_math2026,TR-OL,16384,64,32,Qwen3.6,think,16384.0,8,0.6847450741248491,0.6719918770017588,0.01275319712309031
Qwen3.5-4B-Base,current,base,tubitak_math2026,TR-OL,16384,64,32,Qwen3.6,think,16384.0,16,0.7624805453853437,0.7535733355626921,0.008907209822651585
Qwen3.5-4B-Base,current,base,tubitak_math2026,TR-OL,16384,64,32,Qwen3.6,think,16384.0,32,0.8162379795914437,0.8144714902752606,0.001766489316183173
Qwen3.5-4B-Base,current,base,tubitak_math2026,TR-OL,16384,64,32,Qwen3.6,think,16384.0,64,0.84375,0.84375,0.0
Qwen3.5-4B-Base,current,base,aime2026,EN,16384,64,30,Gemma4,think,16384.0,1,0.4359375,0.4291666666666666,0.0067708333333333925
Qwen3.5-4B-Base,current,base,aime2026,EN,16384,64,30,Gemma4,think,16384.0,2,0.534755291005291,0.5309689153439152,0.0037863756613757404
Qwen3.5-4B-Base,current,base,aime2026,EN,16384,64,30,Gemma4,think,16384.0,4,0.6146519016561321,0.6121744185070469,0.0024774831490852467
Qwen3.5-4B-Base,current,base,aime2026,EN,16384,64,30,Gemma4,think,16384.0,8,0.6693905903261468,0.6660682416464111,0.003322348679735687
Qwen3.5-4B-Base,current,base,aime2026,EN,16384,64,30,Gemma4,think,16384.0,16,0.7014927687882947,0.6966795898589765,0.004813178929318207
Qwen3.5-4B-Base,current,base,aime2026,EN,16384,64,30,Gemma4,think,16384.0,32,0.7293623404870136,0.7251295362542095,0.004232804232804144
Qwen3.5-4B-Base,current,base,aime2026,EN,16384,64,30,Gemma4,think,16384.0,64,0.7666666666666667,0.7666666666666667,0.0
Qwen3.5-4B-Base,current,base,aime2026_pt,PT,16384,64,30,Gemma4,think,16384.0,1,0.440625,0.4291666666666666,0.011458333333333404
Qwen3.5-4B-Base,current,base,aime2026_pt,PT,16384,64,30,Gemma4,think,16384.0,2,0.5460648148148147,0.5400297619047618,0.006035052910052907
Qwen3.5-4B-Base,current,base,aime2026_pt,PT,16384,64,30,Gemma4,think,16384.0,4,0.6257234036748843,0.6208942421495304,0.004829161525353953
Qwen3.5-4B-Base,current,base,aime2026_pt,PT,16384,64,30,Gemma4,think,16384.0,8,0.6846280992289094,0.6767357603541455,0.007892338874763927
Qwen3.5-4B-Base,current,base,aime2026_pt,PT,16384,64,30,Gemma4,think,16384.0,16,0.7335435083465163,0.7188609664151127,0.014682541931403614
Qwen3.5-4B-Base,current,base,aime2026_pt,PT,16384,64,30,Gemma4,think,16384.0,32,0.772252059875316,0.747119784743041,0.025132275132275006
Qwen3.5-4B-Base,current,base,aime2026_pt,PT,16384,64,30,Gemma4,think,16384.0,64,0.8,0.7666666666666667,0.033333333333333326
Qwen3.5-4B-Base,current,base,aime2026_tr,TR,16384,64,30,Gemma4,think,16384.0,1,0.4276041666666667,0.4197916666666667,0.0078125
Qwen3.5-4B-Base,current,base,aime2026_tr,TR,16384,64,30,Gemma4,think,16384.0,2,0.5402612433862434,0.5355158730158729,0.004745370370370483
Qwen3.5-4B-Base,current,base,aime2026_tr,TR,16384,64,30,Gemma4,think,16384.0,4,0.6323385417978227,0.6300715901555406,0.002266951642282078
Qwen3.5-4B-Base,current,base,aime2026_tr,TR,16384,64,30,Gemma4,think,16384.0,8,0.7084803402597738,0.7072434007470944,0.001236939512679447
Qwen3.5-4B-Base,current,base,aime2026_tr,TR,16384,64,30,Gemma4,think,16384.0,16,0.7771069378247917,0.7766800816456338,0.0004268561791578307
Qwen3.5-4B-Base,current,base,aime2026_tr,TR,16384,64,30,Gemma4,think,16384.0,32,0.837770386174365,0.8377619733612186,8.412813146341236e-06
Qwen3.5-4B-Base,current,base,aime2026_tr,TR,16384,64,30,Gemma4,think,16384.0,64,0.8666666666666667,0.8666666666666667,0.0
Qwen3.5-4B-Base,current,base,pt_exams_math,PT,16384,16,166,Gemma4,think,16384.0,1,0.9375,0.9333584337349398,0.004141566265060237
Qwen3.5-4B-Base,current,base,pt_exams_math,PT,16384,16,166,Gemma4,think,16384.0,2,0.9605421686746988,0.9590361445783132,0.001506024096385561
Qwen3.5-4B-Base,current,base,pt_exams_math,PT,16384,16,166,Gemma4,think,16384.0,4,0.9711108168939496,0.969604792797564,0.001506024096385672
Qwen3.5-4B-Base,current,base,pt_exams_math,PT,16384,16,166,Gemma4,think,16384.0,8,0.975215079431947,0.9742574025706556,0.0009576768612913344
Qwen3.5-4B-Base,current,base,pt_exams_math,PT,16384,16,166,Gemma4,think,16384.0,16,0.9759036144578314,0.9759036144578314,0.0
Qwen3.5-4B-Base,current,base,tubitak_math2026,TR-OL,16384,64,32,Gemma4,think,16384.0,1,0.38525390625,0.375,0.01025390625
Qwen3.5-4B-Base,current,base,tubitak_math2026,TR-OL,16384,64,32,Gemma4,think,16384.0,2,0.4911799355158729,0.4788411458333332,0.012338789682539708
Qwen3.5-4B-Base,current,base,tubitak_math2026,TR-OL,16384,64,32,Gemma4,think,16384.0,4,0.5914283432172446,0.5747013874461736,0.016726955771070973
Qwen3.5-4B-Base,current,base,tubitak_math2026,TR-OL,16384,64,32,Gemma4,think,16384.0,8,0.6847450741248491,0.6636591167999715,0.021085957324877613
Qwen3.5-4B-Base,current,base,tubitak_math2026,TR-OL,16384,64,32,Gemma4,think,16384.0,16,0.7624805453853437,0.7418575183357621,0.020623027049581633
Qwen3.5-4B-Base,current,base,tubitak_math2026,TR-OL,16384,64,32,Gemma4,think,16384.0,32,0.8162379795914437,0.7968868059268834,0.019351173664560295
Qwen3.5-4B-Base,current,base,tubitak_math2026,TR-OL,16384,64,32,Gemma4,think,16384.0,64,0.84375,0.8125,0.03125
Qwen3.5-9B-Base,current,base,aime2026,EN,16384,64,30,Qwen3.6,think,16384.0,1,0.5020833333333334,0.4958333333333333,0.006250000000000144
Qwen3.5-9B-Base,current,base,aime2026,EN,16384,64,30,Qwen3.6,think,16384.0,2,0.5862764550264551,0.5836805555555556,0.002595899470899443
Qwen3.5-9B-Base,current,base,aime2026,EN,16384,64,30,Qwen3.6,think,16384.0,4,0.6546186824809247,0.6534539653160754,0.0011647171648493382
Qwen3.5-9B-Base,current,base,aime2026,EN,16384,64,30,Qwen3.6,think,16384.0,8,0.7052333539096394,0.7049141087657015,0.00031924514393788517
Qwen3.5-9B-Base,current,base,aime2026,EN,16384,64,30,Qwen3.6,think,16384.0,16,0.7400123512721232,0.7400039032037888,8.448068334332426e-06
Qwen3.5-9B-Base,current,base,aime2026,EN,16384,64,30,Qwen3.6,think,16384.0,32,0.7711440403207576,0.7711440402417798,7.897771325815484e-11
Qwen3.5-9B-Base,current,base,aime2026,EN,16384,64,30,Qwen3.6,think,16384.0,64,0.8,0.8,0.0
Qwen3.5-9B-Base,current,base,aime2026_pt,PT,16384,64,30,Qwen3.6,think,16384.0,1,0.5208333333333334,0.51875,0.002083333333333326
Qwen3.5-9B-Base,current,base,aime2026_pt,PT,16384,64,30,Qwen3.6,think,16384.0,2,0.6305059523809523,0.6285548941798943,0.001951058201058009
Qwen3.5-9B-Base,current,base,aime2026_pt,PT,16384,64,30,Qwen3.6,think,16384.0,4,0.7102477378224337,0.7092354763163857,0.00101226150604794
Qwen3.5-9B-Base,current,base,aime2026_pt,PT,16384,64,30,Qwen3.6,think,16384.0,8,0.7660326745237264,0.7658394681259608,0.00019320639776554405
Qwen3.5-9B-Base,current,base,aime2026_pt,PT,16384,64,30,Qwen3.6,think,16384.0,16,0.8074234689901872,0.8074205026909091,2.966299278095441e-06
Qwen3.5-9B-Base,current,base,aime2026_pt,PT,16384,64,30,Qwen3.6,think,16384.0,32,0.8301272678396657,0.8301272678346912,4.974576306437939e-12
Qwen3.5-9B-Base,current,base,aime2026_pt,PT,16384,64,30,Qwen3.6,think,16384.0,64,0.8333333333333334,0.8333333333333334,0.0
Qwen3.5-9B-Base,current,base,aime2026_tr,TR,16384,64,30,Qwen3.6,think,16384.0,1,0.5354166666666667,0.5333333333333333,0.002083333333333326
Qwen3.5-9B-Base,current,base,aime2026_tr,TR,16384,64,30,Qwen3.6,think,16384.0,2,0.639484126984127,0.6383101851851852,0.0011739417989418133
Qwen3.5-9B-Base,current,base,aime2026_tr,TR,16384,64,30,Qwen3.6,think,16384.0,4,0.7200290851401374,0.7190383856697975,0.0009906994703399175
Qwen3.5-9B-Base,current,base,aime2026_tr,TR,16384,64,30,Qwen3.6,think,16384.0,8,0.7787180613236109,0.7780710978548027,0.0006469634688082149
Qwen3.5-9B-Base,current,base,aime2026_tr,TR,16384,64,30,Qwen3.6,think,16384.0,16,0.8148462823810406,0.8147387768316707,0.00010750554936989065
Qwen3.5-9B-Base,current,base,aime2026_tr,TR,16384,64,30,Qwen3.6,think,16384.0,32,0.8310089468805599,0.8310087367218367,2.1015872320173656e-07
Qwen3.5-9B-Base,current,base,aime2026_tr,TR,16384,64,30,Qwen3.6,think,16384.0,64,0.8333333333333334,0.8333333333333334,0.0
Qwen3.5-9B-Base,current,base,pt_exams_math,PT,16384,16,166,Qwen3.6,think,16384.0,1,0.957078313253012,0.9563253012048192,0.0007530120481927804
Qwen3.5-9B-Base,current,base,pt_exams_math,PT,16384,16,166,Qwen3.6,think,16384.0,2,0.9683734939759036,0.968172690763052,0.00020080321285154135
Qwen3.5-9B-Base,current,base,pt_exams_math,PT,16384,16,166,Qwen3.6,think,16384.0,4,0.9727889580299218,0.972775718257646,1.3239772275852602e-05
Qwen3.5-9B-Base,current,base,pt_exams_math,PT,16384,16,166,Qwen3.6,think,16384.0,8,0.9752801415452018,0.9752801415452018,0.0
Qwen3.5-9B-Base,current,base,pt_exams_math,PT,16384,16,166,Qwen3.6,think,16384.0,16,0.9759036144578314,0.9759036144578314,0.0
Qwen3.5-9B-Base,current,base,tubitak_math2026,TR-OL,16384,64,32,Qwen3.6,think,16384.0,1,0.46728515625,0.4638671875,0.00341796875
Qwen3.5-9B-Base,current,base,tubitak_math2026,TR-OL,16384,64,32,Qwen3.6,think,16384.0,2,0.5711650545634921,0.5661117311507935,0.005053323412698596
Qwen3.5-9B-Base,current,base,tubitak_math2026,TR-OL,16384,64,32,Qwen3.6,think,16384.0,4,0.6644718048840371,0.6579243530602351,0.0065474518238020085
Qwen3.5-9B-Base,current,base,tubitak_math2026,TR-OL,16384,64,32,Qwen3.6,think,16384.0,8,0.7389640387895015,0.7313792073405989,0.00758483144890254
Qwen3.5-9B-Base,current,base,tubitak_math2026,TR-OL,16384,64,32,Qwen3.6,think,16384.0,16,0.7906446963623212,0.7837738539941304,0.006870842368190799
Qwen3.5-9B-Base,current,base,tubitak_math2026,TR-OL,16384,64,32,Qwen3.6,think,16384.0,32,0.8225111923624122,0.818386929842254,0.004124262520158184
Qwen3.5-9B-Base,current,base,tubitak_math2026,TR-OL,16384,64,32,Qwen3.6,think,16384.0,64,0.84375,0.84375,0.0
Qwen3.5-9B-Base,current,base,aime2026,EN,16384,64,30,V4-Flash,non-think,4000.0,1,0.5020833333333334,0.4947916666666667,0.007291666666666752
Qwen3.5-9B-Base,current,base,aime2026,EN,16384,64,30,V4-Flash,non-think,4000.0,2,0.5862764550264551,0.5820436507936508,0.004232804232804255
Qwen3.5-9B-Base,current,base,aime2026,EN,16384,64,30,V4-Flash,non-think,4000.0,4,0.6546186824809247,0.650602215590978,0.004016466889946724
Qwen3.5-9B-Base,current,base,aime2026,EN,16384,64,30,V4-Flash,non-think,4000.0,8,0.7052333539096394,0.7012988559370669,0.003934497972572504
Qwen3.5-9B-Base,current,base,aime2026,EN,16384,64,30,V4-Flash,non-think,4000.0,16,0.7400123512721232,0.7351762614107404,0.004836089861382731
Qwen3.5-9B-Base,current,base,aime2026,EN,16384,64,30,V4-Flash,non-think,4000.0,32,0.7711440403207576,0.7669112351183033,0.004232805202454282
Qwen3.5-9B-Base,current,base,aime2026,EN,16384,64,30,V4-Flash,non-think,4000.0,64,0.8,0.8,0.0
Qwen3.5-9B-Base,current,base,tubitak_math2026,TR-OL,16384,64,32,V4-Flash,non-think,8192.0,1,0.46728515625,0.43505859375,0.0322265625
Qwen3.5-9B-Base,current,base,tubitak_math2026,TR-OL,16384,64,32,V4-Flash,non-think,8192.0,2,0.5711650545634921,0.5383804563492064,0.0327845982142857
Qwen3.5-9B-Base,current,base,tubitak_math2026,TR-OL,16384,64,32,V4-Flash,non-think,8192.0,4,0.6644718048840371,0.6339148492388758,0.030556955645161366
Qwen3.5-9B-Base,current,base,tubitak_math2026,TR-OL,16384,64,32,V4-Flash,non-think,8192.0,8,0.7389640387895015,0.7127713288789848,0.0261927099105167
Qwen3.5-9B-Base,current,base,tubitak_math2026,TR-OL,16384,64,32,V4-Flash,non-think,8192.0,16,0.7906446963623212,0.7625757382999234,0.02806895806239773
Qwen3.5-9B-Base,current,base,tubitak_math2026,TR-OL,16384,64,32,V4-Flash,non-think,8192.0,32,0.8225111923624122,0.7890135171192778,0.033497675243134406
Qwen3.5-9B-Base,current,base,tubitak_math2026,TR-OL,16384,64,32,V4-Flash,non-think,8192.0,64,0.84375,0.8125,0.03125
Qwen3.5-9B-Base,current,base,aime2026,EN,16384,64,30,V4-Flash,think,32768.0,1,0.5020833333333334,0.49375,0.008333333333333415
Qwen3.5-9B-Base,current,base,aime2026,EN,16384,64,30,V4-Flash,think,32768.0,2,0.5862764550264551,0.5788690476190476,0.007407407407407529
Qwen3.5-9B-Base,current,base,aime2026,EN,16384,64,30,V4-Flash,think,32768.0,4,0.6546186824809247,0.6481508587041375,0.006467823776787229
Qwen3.5-9B-Base,current,base,aime2026,EN,16384,64,30,V4-Flash,think,32768.0,8,0.7052333539096394,0.7018289079583858,0.003404445951253554
Qwen3.5-9B-Base,current,base,aime2026,EN,16384,64,30,V4-Flash,think,32768.0,16,0.7400123512721232,0.7392823990462507,0.0007299522258724656
Qwen3.5-9B-Base,current,base,aime2026,EN,16384,64,30,V4-Flash,think,32768.0,32,0.7711440403207576,0.7711242477658772,1.979255488038234e-05
Qwen3.5-9B-Base,current,base,aime2026,EN,16384,64,30,V4-Flash,think,32768.0,64,0.8,0.8,0.0
Qwen3.5-9B-Base,current,base,tubitak_math2026,TR-OL,16384,64,32,V4-Flash,think,32768.0,1,0.46728515625,0.44140625,0.02587890625
Qwen3.5-9B-Base,current,base,tubitak_math2026,TR-OL,16384,64,32,V4-Flash,think,32768.0,2,0.5711650545634921,0.5400235615079365,0.03114149305555558
Qwen3.5-9B-Base,current,base,tubitak_math2026,TR-OL,16384,64,32,V4-Flash,think,32768.0,4,0.6644718048840371,0.625869121197527,0.0386026836865101
Qwen3.5-9B-Base,current,base,tubitak_math2026,TR-OL,16384,64,32,V4-Flash,think,32768.0,8,0.7389640387895015,0.6964158314252236,0.04254820736427789
Qwen3.5-9B-Base,current,base,tubitak_math2026,TR-OL,16384,64,32,V4-Flash,think,32768.0,16,0.7906446963623212,0.7490181728474338,0.04162652351488738
Qwen3.5-9B-Base,current,base,tubitak_math2026,TR-OL,16384,64,32,V4-Flash,think,32768.0,32,0.8225111923624122,0.7770780146432353,0.045433177719176876
Qwen3.5-9B-Base,current,base,tubitak_math2026,TR-OL,16384,64,32,V4-Flash,think,32768.0,64,0.84375,0.78125,0.0625
Qwen3.5-9B-Base,current,base,aime2026,EN,16384,64,30,Gemma4,think,16384.0,1,0.5020833333333334,0.4994791666666666,0.0026041666666668517
Qwen3.5-9B-Base,current,base,aime2026,EN,16384,64,30,Gemma4,think,16384.0,2,0.5862764550264551,0.5857142857142856,0.0005621693121694582
Qwen3.5-9B-Base,current,base,aime2026,EN,16384,64,30,Gemma4,think,16384.0,4,0.6546186824809247,0.6545874673684032,3.121511252146547e-05
Qwen3.5-9B-Base,current,base,aime2026,EN,16384,64,30,Gemma4,think,16384.0,8,0.7052333539096394,0.7052332677553045,8.615433488845525e-08
Qwen3.5-9B-Base,current,base,aime2026,EN,16384,64,30,Gemma4,think,16384.0,16,0.7400123512721232,0.7400123512721221,1.1102230246251565e-15
Qwen3.5-9B-Base,current,base,aime2026,EN,16384,64,30,Gemma4,think,16384.0,32,0.7711440403207576,0.7711440403207575,1.1102230246251565e-16
Qwen3.5-9B-Base,current,base,aime2026,EN,16384,64,30,Gemma4,think,16384.0,64,0.8,0.8,0.0
Qwen3.5-9B-Base,current,base,aime2026_pt,PT,16384,64,30,Gemma4,think,16384.0,1,0.5208333333333334,0.5151041666666667,0.005729166666666674
Qwen3.5-9B-Base,current,base,aime2026_pt,PT,16384,64,30,Gemma4,think,16384.0,2,0.6305059523809523,0.6246197089947091,0.005886243386243217
Qwen3.5-9B-Base,current,base,aime2026_pt,PT,16384,64,30,Gemma4,think,16384.0,4,0.7102477378224337,0.7063007311156437,0.003947006706789935
Qwen3.5-9B-Base,current,base,aime2026_pt,PT,16384,64,30,Gemma4,think,16384.0,8,0.7660326745237264,0.7650332619625402,0.000999412561186186
Qwen3.5-9B-Base,current,base,aime2026_pt,PT,16384,64,30,Gemma4,think,16384.0,16,0.8074234689901872,0.8073978620147934,2.560697539388812e-05
Qwen3.5-9B-Base,current,base,aime2026_pt,PT,16384,64,30,Gemma4,think,16384.0,32,0.8301272678396657,0.830127267457398,3.822677729914403e-10
Qwen3.5-9B-Base,current,base,aime2026_pt,PT,16384,64,30,Gemma4,think,16384.0,64,0.8333333333333334,0.8333333333333334,0.0
Qwen3.5-9B-Base,current,base,aime2026_tr,TR,16384,64,30,Gemma4,think,16384.0,1,0.5354166666666667,0.5322916666666667,0.0031249999999999334
Qwen3.5-9B-Base,current,base,aime2026_tr,TR,16384,64,30,Gemma4,think,16384.0,2,0.639484126984127,0.6384424603174604,0.0010416666666666075
Qwen3.5-9B-Base,current,base,aime2026_tr,TR,16384,64,30,Gemma4,think,16384.0,4,0.7200290851401374,0.7195406079759595,0.0004884771641778807
Qwen3.5-9B-Base,current,base,aime2026_tr,TR,16384,64,30,Gemma4,think,16384.0,8,0.7787180613236109,0.7786022254120774,0.0001158359115335239
Qwen3.5-9B-Base,current,base,aime2026_tr,TR,16384,64,30,Gemma4,think,16384.0,16,0.8148462823810406,0.8148445669627938,1.7154182467837842e-06
Qwen3.5-9B-Base,current,base,aime2026_tr,TR,16384,64,30,Gemma4,think,16384.0,32,0.8310089468805599,0.8310089468794408,1.1191048088221578e-12
Qwen3.5-9B-Base,current,base,aime2026_tr,TR,16384,64,30,Gemma4,think,16384.0,64,0.8333333333333334,0.8333333333333334,0.0
Qwen3.5-9B-Base,current,base,pt_exams_math,PT,16384,16,166,Gemma4,think,16384.0,1,0.957078313253012,0.9551957831325302,0.0018825301204817846
Qwen3.5-9B-Base,current,base,pt_exams_math,PT,16384,16,166,Gemma4,think,16384.0,2,0.9683734939759036,0.9680220883534134,0.00035140562249014184
Qwen3.5-9B-Base,current,base,pt_exams_math,PT,16384,16,166,Gemma4,think,16384.0,4,0.9727889580299218,0.972775718257646,1.3239772275852602e-05
Qwen3.5-9B-Base,current,base,pt_exams_math,PT,16384,16,166,Gemma4,think,16384.0,8,0.9752801415452018,0.9752801415452018,0.0
Qwen3.5-9B-Base,current,base,pt_exams_math,PT,16384,16,166,Gemma4,think,16384.0,16,0.9759036144578314,0.9759036144578314,0.0
Qwen3.5-9B-Base,current,base,tubitak_math2026,TR-OL,16384,64,32,Gemma4,think,16384.0,1,0.46728515625,0.4599609375,0.00732421875
Qwen3.5-9B-Base,current,base,tubitak_math2026,TR-OL,16384,64,32,Gemma4,think,16384.0,2,0.5711650545634921,0.5629805307539683,0.008184523809523836
Qwen3.5-9B-Base,current,base,tubitak_math2026,TR-OL,16384,64,32,Gemma4,think,16384.0,4,0.6644718048840371,0.6528617995486137,0.011610005335423446
Qwen3.5-9B-Base,current,base,tubitak_math2026,TR-OL,16384,64,32,Gemma4,think,16384.0,8,0.7389640387895015,0.7234389081376276,0.015525130651873886
Qwen3.5-9B-Base,current,base,tubitak_math2026,TR-OL,16384,64,32,Gemma4,think,16384.0,16,0.7906446963623212,0.7726467964645678,0.017997899897753356
Qwen3.5-9B-Base,current,base,tubitak_math2026,TR-OL,16384,64,32,Gemma4,think,16384.0,32,0.8225111923624122,0.8021058834095965,0.02040530895281567
Qwen3.5-9B-Base,current,base,tubitak_math2026,TR-OL,16384,64,32,Gemma4,think,16384.0,64,0.84375,0.8125,0.03125
gemma-4-E2B,current,base,pt_exams_math,PT,16384,16,166,Qwen3.6,think,16384.0,1,0.0225903614457831,0.0060240963855421,0.016566265060241003
gemma-4-E2B,current,base,pt_exams_math,PT,16384,16,166,Qwen3.6,think,16384.0,2,0.0426706827309236,0.0113453815261044,0.0313253012048192
gemma-4-E2B,current,base,pt_exams_math,PT,16384,16,166,Qwen3.6,think,16384.0,4,0.0770753343042499,0.0203362902158082,0.0567390440884417
gemma-4-E2B,current,base,pt_exams_math,PT,16384,16,166,Qwen3.6,think,16384.0,8,0.1300853764709186,0.0340593141797961,0.09602606229112251
gemma-4-E2B,current,base,pt_exams_math,PT,16384,16,166,Qwen3.6,think,16384.0,16,0.1987951807228915,0.0542168674698795,0.14457831325301201
gemma-4-E2B,current,base,tubitak_math2026,TR-OL,16384,64,32,Qwen3.6,think,16384.0,1,0.00341796875,0.0,0.00341796875
gemma-4-E2B,current,base,tubitak_math2026,TR-OL,16384,64,32,Qwen3.6,think,16384.0,2,0.006804935515873,0.0,0.006804935515873
gemma-4-E2B,current,base,tubitak_math2026,TR-OL,16384,64,32,Qwen3.6,think,16384.0,4,0.013485863095238,0.0,0.013485863095238
gemma-4-E2B,current,base,tubitak_math2026,TR-OL,16384,64,32,Qwen3.6,think,16384.0,8,0.0264756944444444,0.0,0.0264756944444444
gemma-4-E2B,current,base,tubitak_math2026,TR-OL,16384,64,32,Qwen3.6,think,16384.0,16,0.0509672619047619,0.0,0.0509672619047619
gemma-4-E2B,current,base,tubitak_math2026,TR-OL,16384,64,32,Qwen3.6,think,16384.0,32,0.0939980158730158,0.0,0.0939980158730158
gemma-4-E2B,current,base,tubitak_math2026,TR-OL,16384,64,32,Qwen3.6,think,16384.0,64,0.15625,0.0,0.15625
gemma-4-E2B,current,base,pt_exams_math,PT,16384,16,166,Gemma4,think,16384.0,1,0.0225903614457831,0.0052710843373493,0.0173192771084338
gemma-4-E2B,current,base,pt_exams_math,PT,16384,16,166,Gemma4,think,16384.0,2,0.0426706827309236,0.0098895582329317,0.0327811244979919
gemma-4-E2B,current,base,pt_exams_math,PT,16384,16,166,Gemma4,think,16384.0,4,0.0770753343042499,0.0176254468423143,0.059449887461935594
gemma-4-E2B,current,base,pt_exams_math,PT,16384,16,166,Gemma4,think,16384.0,8,0.1300853764709186,0.0294408402842137,0.10064453618670491
gemma-4-E2B,current,base,pt_exams_math,PT,16384,16,166,Gemma4,think,16384.0,16,0.1987951807228915,0.0481927710843373,0.1506024096385542
gemma-4-E2B,current,base,tubitak_math2026,TR-OL,16384,64,32,Gemma4,think,16384.0,1,0.00341796875,0.0,0.00341796875
gemma-4-E2B,current,base,tubitak_math2026,TR-OL,16384,64,32,Gemma4,think,16384.0,2,0.006804935515873,0.0,0.006804935515873
gemma-4-E2B,current,base,tubitak_math2026,TR-OL,16384,64,32,Gemma4,think,16384.0,4,0.013485863095238,0.0,0.013485863095238
gemma-4-E2B,current,base,tubitak_math2026,TR-OL,16384,64,32,Gemma4,think,16384.0,8,0.0264756944444444,0.0,0.0264756944444444
gemma-4-E2B,current,base,tubitak_math2026,TR-OL,16384,64,32,Gemma4,think,16384.0,16,0.0509672619047619,0.0,0.0509672619047619
gemma-4-E2B,current,base,tubitak_math2026,TR-OL,16384,64,32,Gemma4,think,16384.0,32,0.0939980158730158,0.0,0.0939980158730158
gemma-4-E2B,current,base,tubitak_math2026,TR-OL,16384,64,32,Gemma4,think,16384.0,64,0.15625,0.0,0.15625
gemma-4-E4B,current,base,aime2026_pt,PT,16384,64,30,Qwen3.6,think,16384.0,1,0.0005208333333333,0.0,0.0005208333333333
gemma-4-E4B,current,base,aime2026_pt,PT,16384,64,30,Qwen3.6,think,16384.0,2,0.0010416666666666,0.0,0.0010416666666666
gemma-4-E4B,current,base,aime2026_pt,PT,16384,64,30,Qwen3.6,think,16384.0,4,0.0020833333333333,0.0,0.0020833333333333
gemma-4-E4B,current,base,aime2026_pt,PT,16384,64,30,Qwen3.6,think,16384.0,8,0.0041666666666666,0.0,0.0041666666666666
gemma-4-E4B,current,base,aime2026_pt,PT,16384,64,30,Qwen3.6,think,16384.0,16,0.0083333333333333,0.0,0.0083333333333333
gemma-4-E4B,current,base,aime2026_pt,PT,16384,64,30,Qwen3.6,think,16384.0,32,0.0166666666666666,0.0,0.0166666666666666
gemma-4-E4B,current,base,aime2026_pt,PT,16384,64,30,Qwen3.6,think,16384.0,64,0.0333333333333333,0.0,0.0333333333333333
gemma-4-E4B,current,base,aime2026_tr,TR,16384,64,30,Qwen3.6,think,16384.0,1,0.0010416666666666,0.0,0.0010416666666666
gemma-4-E4B,current,base,aime2026_tr,TR,16384,64,30,Qwen3.6,think,16384.0,2,0.0020833333333333,0.0,0.0020833333333333
gemma-4-E4B,current,base,aime2026_tr,TR,16384,64,30,Qwen3.6,think,16384.0,4,0.0041666666666666,0.0,0.0041666666666666
gemma-4-E4B,current,base,aime2026_tr,TR,16384,64,30,Qwen3.6,think,16384.0,8,0.0083333333333333,0.0,0.0083333333333333
gemma-4-E4B,current,base,aime2026_tr,TR,16384,64,30,Qwen3.6,think,16384.0,16,0.0166666666666666,0.0,0.0166666666666666
gemma-4-E4B,current,base,aime2026_tr,TR,16384,64,30,Qwen3.6,think,16384.0,32,0.0333333333333333,0.0,0.0333333333333333
gemma-4-E4B,current,base,aime2026_tr,TR,16384,64,30,Qwen3.6,think,16384.0,64,0.0666666666666666,0.0,0.0666666666666666
gemma-4-E4B,current,base,pt_exams_math,PT,16384,16,166,Qwen3.6,think,16384.0,1,0.1378012048192771,0.1069277108433734,0.030873493975903707
gemma-4-E4B,current,base,pt_exams_math,PT,16384,16,166,Qwen3.6,think,16384.0,2,0.2292168674698795,0.180421686746988,0.04879518072289149
gemma-4-E4B,current,base,pt_exams_math,PT,16384,16,166,Qwen3.6,think,16384.0,4,0.3475440222428174,0.2795577916059844,0.06798623063683301
gemma-4-E4B,current,base,pt_exams_math,PT,16384,16,166,Qwen3.6,think,16384.0,8,0.4738197545426461,0.392627854073637,0.08119190046900909
gemma-4-E4B,current,base,pt_exams_math,PT,16384,16,166,Qwen3.6,think,16384.0,16,0.5903614457831325,0.5,0.09036144578313254
gemma-4-E4B,current,base,tubitak_math2026,TR-OL,16384,64,32,Qwen3.6,think,16384.0,1,0.0200195312499999,0.00048828125,0.0195312499999999
gemma-4-E4B,current,base,tubitak_math2026,TR-OL,16384,64,32,Qwen3.6,think,16384.0,2,0.039000496031746,0.0009765625,0.038023933531746
gemma-4-E4B,current,base,tubitak_math2026,TR-OL,16384,64,32,Qwen3.6,think,16384.0,4,0.0740692322341416,0.001953125,0.0721161072341416
gemma-4-E4B,current,base,tubitak_math2026,TR-OL,16384,64,32,Qwen3.6,think,16384.0,8,0.1340553314167316,0.00390625,0.1301490814167316
gemma-4-E4B,current,base,tubitak_math2026,TR-OL,16384,64,32,Qwen3.6,think,16384.0,16,0.2229514692274565,0.0078125,0.2151389692274565
gemma-4-E4B,current,base,tubitak_math2026,TR-OL,16384,64,32,Qwen3.6,think,16384.0,32,0.3288621563750071,0.015625,0.3132371563750071
gemma-4-E4B,current,base,tubitak_math2026,TR-OL,16384,64,32,Qwen3.6,think,16384.0,64,0.4375,0.03125,0.40625
gemma-4-E4B,current,base,aime2026_pt,PT,16384,64,30,Gemma4,think,16384.0,1,0.0005208333333333,0.0,0.0005208333333333
gemma-4-E4B,current,base,aime2026_pt,PT,16384,64,30,Gemma4,think,16384.0,2,0.0010416666666666,0.0,0.0010416666666666
gemma-4-E4B,current,base,aime2026_pt,PT,16384,64,30,Gemma4,think,16384.0,4,0.0020833333333333,0.0,0.0020833333333333
gemma-4-E4B,current,base,aime2026_pt,PT,16384,64,30,Gemma4,think,16384.0,8,0.0041666666666666,0.0,0.0041666666666666
gemma-4-E4B,current,base,aime2026_pt,PT,16384,64,30,Gemma4,think,16384.0,16,0.0083333333333333,0.0,0.0083333333333333
gemma-4-E4B,current,base,aime2026_pt,PT,16384,64,30,Gemma4,think,16384.0,32,0.0166666666666666,0.0,0.0166666666666666
gemma-4-E4B,current,base,aime2026_pt,PT,16384,64,30,Gemma4,think,16384.0,64,0.0333333333333333,0.0,0.0333333333333333
gemma-4-E4B,current,base,aime2026_tr,TR,16384,64,30,Gemma4,think,16384.0,1,0.0010416666666666,0.0,0.0010416666666666
gemma-4-E4B,current,base,aime2026_tr,TR,16384,64,30,Gemma4,think,16384.0,2,0.0020833333333333,0.0,0.0020833333333333
gemma-4-E4B,current,base,aime2026_tr,TR,16384,64,30,Gemma4,think,16384.0,4,0.0041666666666666,0.0,0.0041666666666666
gemma-4-E4B,current,base,aime2026_tr,TR,16384,64,30,Gemma4,think,16384.0,8,0.0083333333333333,0.0,0.0083333333333333
gemma-4-E4B,current,base,aime2026_tr,TR,16384,64,30,Gemma4,think,16384.0,16,0.0166666666666666,0.0,0.0166666666666666
gemma-4-E4B,current,base,aime2026_tr,TR,16384,64,30,Gemma4,think,16384.0,32,0.0333333333333333,0.0,0.0333333333333333
gemma-4-E4B,current,base,aime2026_tr,TR,16384,64,30,Gemma4,think,16384.0,64,0.0666666666666666,0.0,0.0666666666666666
gemma-4-E4B,current,base,pt_exams_math,PT,16384,16,166,Gemma4,think,16384.0,1,0.1378012048192771,0.0888554216867469,0.0489457831325302
gemma-4-E4B,current,base,pt_exams_math,PT,16384,16,166,Gemma4,think,16384.0,2,0.2292168674698795,0.1508032128514056,0.07841365461847388
gemma-4-E4B,current,base,pt_exams_math,PT,16384,16,166,Gemma4,think,16384.0,4,0.3475440222428174,0.2370713623725671,0.11047265987025029
gemma-4-E4B,current,base,pt_exams_math,PT,16384,16,166,Gemma4,think,16384.0,8,0.4738197545426461,0.3420020407972213,0.13181771374542478
gemma-4-E4B,current,base,pt_exams_math,PT,16384,16,166,Gemma4,think,16384.0,16,0.5903614457831325,0.4518072289156626,0.13855421686746994
gemma-4-E4B,current,base,tubitak_math2026,TR-OL,16384,64,32,Gemma4,think,16384.0,1,0.0200195312499999,0.0,0.0200195312499999
gemma-4-E4B,current,base,tubitak_math2026,TR-OL,16384,64,32,Gemma4,think,16384.0,2,0.039000496031746,0.0,0.039000496031746
gemma-4-E4B,current,base,tubitak_math2026,TR-OL,16384,64,32,Gemma4,think,16384.0,4,0.0740692322341416,0.0,0.0740692322341416
gemma-4-E4B,current,base,tubitak_math2026,TR-OL,16384,64,32,Gemma4,think,16384.0,8,0.1340553314167316,0.0,0.1340553314167316
gemma-4-E4B,current,base,tubitak_math2026,TR-OL,16384,64,32,Gemma4,think,16384.0,16,0.2229514692274565,0.0,0.2229514692274565
gemma-4-E4B,current,base,tubitak_math2026,TR-OL,16384,64,32,Gemma4,think,16384.0,32,0.3288621563750071,0.0,0.3288621563750071
gemma-4-E4B,current,base,tubitak_math2026,TR-OL,16384,64,32,Gemma4,think,16384.0,64,0.4375,0.0,0.4375
Qwen3.5-0.8B,current,non-think,aime2026,EN,16384,64,30,Qwen3.6,think,16384.0,1,0.0052083333333333,0.003125,0.0020833333333333
Qwen3.5-0.8B,current,non-think,aime2026,EN,16384,64,30,Qwen3.6,think,16384.0,2,0.0101521164021164,0.0062169312169312,0.0039351851851852
Qwen3.5-0.8B,current,non-think,aime2026,EN,16384,64,30,Qwen3.6,think,16384.0,4,0.0193092489066841,0.0123015873015873,0.007007661605096801
Qwen3.5-0.8B,current,non-think,aime2026,EN,16384,64,30,Qwen3.6,think,16384.0,8,0.0351016876120175,0.024074074074074,0.011027613537943497
Qwen3.5-0.8B,current,non-think,aime2026,EN,16384,64,30,Qwen3.6,think,16384.0,16,0.0592266697510985,0.046031746031746,0.013194923719352498
Qwen3.5-0.8B,current,non-think,aime2026,EN,16384,64,30,Qwen3.6,think,16384.0,32,0.0913960521073608,0.0835978835978836,0.007798168509477205
Qwen3.5-0.8B,current,non-think,aime2026,EN,16384,64,30,Qwen3.6,think,16384.0,64,0.1333333333333333,0.1333333333333333,0.0
Qwen3.5-0.8B,current,non-think,aime2026_pt,PT,16384,64,30,Qwen3.6,think,16384.0,1,0.0015625,0.0,0.0015625
Qwen3.5-0.8B,current,non-think,aime2026_pt,PT,16384,64,30,Qwen3.6,think,16384.0,2,0.0031084656084656,0.0,0.0031084656084656
Qwen3.5-0.8B,current,non-think,aime2026_pt,PT,16384,64,30,Qwen3.6,think,16384.0,4,0.0061507936507936,0.0,0.0061507936507936
Qwen3.5-0.8B,current,non-think,aime2026_pt,PT,16384,64,30,Qwen3.6,think,16384.0,8,0.012037037037037,0.0,0.012037037037037
Qwen3.5-0.8B,current,non-think,aime2026_pt,PT,16384,64,30,Qwen3.6,think,16384.0,16,0.023015873015873,0.0,0.023015873015873
Qwen3.5-0.8B,current,non-think,aime2026_pt,PT,16384,64,30,Qwen3.6,think,16384.0,32,0.0417989417989418,0.0,0.0417989417989418
Qwen3.5-0.8B,current,non-think,aime2026_pt,PT,16384,64,30,Qwen3.6,think,16384.0,64,0.0666666666666666,0.0,0.0666666666666666
Qwen3.5-0.8B,current,non-think,aime2026_tr,TR,16384,64,30,Qwen3.6,think,16384.0,1,0.0015625,0.0,0.0015625
Qwen3.5-0.8B,current,non-think,aime2026_tr,TR,16384,64,30,Qwen3.6,think,16384.0,2,0.0031084656084656,0.0,0.0031084656084656
Qwen3.5-0.8B,current,non-think,aime2026_tr,TR,16384,64,30,Qwen3.6,think,16384.0,4,0.0061507936507936,0.0,0.0061507936507936
Qwen3.5-0.8B,current,non-think,aime2026_tr,TR,16384,64,30,Qwen3.6,think,16384.0,8,0.012037037037037,0.0,0.012037037037037
Qwen3.5-0.8B,current,non-think,aime2026_tr,TR,16384,64,30,Qwen3.6,think,16384.0,16,0.023015873015873,0.0,0.023015873015873
Qwen3.5-0.8B,current,non-think,aime2026_tr,TR,16384,64,30,Qwen3.6,think,16384.0,32,0.0417989417989418,0.0,0.0417989417989418
Qwen3.5-0.8B,current,non-think,aime2026_tr,TR,16384,64,30,Qwen3.6,think,16384.0,64,0.0666666666666666,0.0,0.0666666666666666
Qwen3.5-0.8B,current,non-think,tubitak_math2026,TR-OL,16384,64,32,Qwen3.6,think,16384.0,1,0.009765625,0.0,0.009765625
Qwen3.5-0.8B,current,non-think,tubitak_math2026,TR-OL,16384,64,32,Qwen3.6,think,16384.0,2,0.0192212301587301,0.0,0.0192212301587301
Qwen3.5-0.8B,current,non-think,tubitak_math2026,TR-OL,16384,64,32,Qwen3.6,think,16384.0,4,0.0372616470404925,0.0,0.0372616470404925
Qwen3.5-0.8B,current,non-think,tubitak_math2026,TR-OL,16384,64,32,Qwen3.6,think,16384.0,8,0.0702342210251553,0.0,0.0702342210251553
Qwen3.5-0.8B,current,non-think,tubitak_math2026,TR-OL,16384,64,32,Qwen3.6,think,16384.0,16,0.1262095267011787,0.0,0.1262095267011787
Qwen3.5-0.8B,current,non-think,tubitak_math2026,TR-OL,16384,64,32,Qwen3.6,think,16384.0,32,0.2111798305966825,0.0,0.2111798305966825
Qwen3.5-0.8B,current,non-think,tubitak_math2026,TR-OL,16384,64,32,Qwen3.6,think,16384.0,64,0.3125,0.0,0.3125
Qwen3.5-0.8B,current,non-think,aime2026,EN,16384,64,30,Gemma4,think,16384.0,1,0.0052083333333333,0.0010416666666666,0.0041666666666667004
Qwen3.5-0.8B,current,non-think,aime2026,EN,16384,64,30,Gemma4,think,16384.0,2,0.0101521164021164,0.0020833333333333,0.0080687830687831
Qwen3.5-0.8B,current,non-think,aime2026,EN,16384,64,30,Gemma4,think,16384.0,4,0.0193092489066841,0.0041666666666666,0.0151425822400175
Qwen3.5-0.8B,current,non-think,aime2026,EN,16384,64,30,Gemma4,think,16384.0,8,0.0351016876120175,0.0083333333333333,0.0267683542786842
Qwen3.5-0.8B,current,non-think,aime2026,EN,16384,64,30,Gemma4,think,16384.0,16,0.0592266697510985,0.0166666666666666,0.0425600030844319
Qwen3.5-0.8B,current,non-think,aime2026,EN,16384,64,30,Gemma4,think,16384.0,32,0.0913960521073608,0.0333333333333333,0.05806271877402751
Qwen3.5-0.8B,current,non-think,aime2026,EN,16384,64,30,Gemma4,think,16384.0,64,0.1333333333333333,0.0666666666666666,0.06666666666666671
Qwen3.5-0.8B,current,non-think,aime2026_pt,PT,16384,64,30,Gemma4,think,16384.0,1,0.0015625,0.0,0.0015625
Qwen3.5-0.8B,current,non-think,aime2026_pt,PT,16384,64,30,Gemma4,think,16384.0,2,0.0031084656084656,0.0,0.0031084656084656
Qwen3.5-0.8B,current,non-think,aime2026_pt,PT,16384,64,30,Gemma4,think,16384.0,4,0.0061507936507936,0.0,0.0061507936507936
Qwen3.5-0.8B,current,non-think,aime2026_pt,PT,16384,64,30,Gemma4,think,16384.0,8,0.012037037037037,0.0,0.012037037037037
Qwen3.5-0.8B,current,non-think,aime2026_pt,PT,16384,64,30,Gemma4,think,16384.0,16,0.023015873015873,0.0,0.023015873015873
Qwen3.5-0.8B,current,non-think,aime2026_pt,PT,16384,64,30,Gemma4,think,16384.0,32,0.0417989417989418,0.0,0.0417989417989418
Qwen3.5-0.8B,current,non-think,aime2026_pt,PT,16384,64,30,Gemma4,think,16384.0,64,0.0666666666666666,0.0,0.0666666666666666
Qwen3.5-0.8B,current,non-think,aime2026_tr,TR,16384,64,30,Gemma4,think,16384.0,1,0.0015625,0.0,0.0015625
Qwen3.5-0.8B,current,non-think,aime2026_tr,TR,16384,64,30,Gemma4,think,16384.0,2,0.0031084656084656,0.0,0.0031084656084656
Qwen3.5-0.8B,current,non-think,aime2026_tr,TR,16384,64,30,Gemma4,think,16384.0,4,0.0061507936507936,0.0,0.0061507936507936
Qwen3.5-0.8B,current,non-think,aime2026_tr,TR,16384,64,30,Gemma4,think,16384.0,8,0.012037037037037,0.0,0.012037037037037
Qwen3.5-0.8B,current,non-think,aime2026_tr,TR,16384,64,30,Gemma4,think,16384.0,16,0.023015873015873,0.0,0.023015873015873
Qwen3.5-0.8B,current,non-think,aime2026_tr,TR,16384,64,30,Gemma4,think,16384.0,32,0.0417989417989418,0.0,0.0417989417989418
Qwen3.5-0.8B,current,non-think,aime2026_tr,TR,16384,64,30,Gemma4,think,16384.0,64,0.0666666666666666,0.0,0.0666666666666666
Qwen3.5-0.8B,current,non-think,tubitak_math2026,TR-OL,16384,64,32,Gemma4,think,16384.0,1,0.009765625,0.0,0.009765625
Qwen3.5-0.8B,current,non-think,tubitak_math2026,TR-OL,16384,64,32,Gemma4,think,16384.0,2,0.0192212301587301,0.0,0.0192212301587301
Qwen3.5-0.8B,current,non-think,tubitak_math2026,TR-OL,16384,64,32,Gemma4,think,16384.0,4,0.0372616470404925,0.0,0.0372616470404925
Qwen3.5-0.8B,current,non-think,tubitak_math2026,TR-OL,16384,64,32,Gemma4,think,16384.0,8,0.0702342210251553,0.0,0.0702342210251553
Qwen3.5-0.8B,current,non-think,tubitak_math2026,TR-OL,16384,64,32,Gemma4,think,16384.0,16,0.1262095267011787,0.0,0.1262095267011787
Qwen3.5-0.8B,current,non-think,tubitak_math2026,TR-OL,16384,64,32,Gemma4,think,16384.0,32,0.2111798305966825,0.0,0.2111798305966825
Qwen3.5-0.8B,current,non-think,tubitak_math2026,TR-OL,16384,64,32,Gemma4,think,16384.0,64,0.3125,0.0,0.3125
Qwen3.5-2B,current,non-think,aime2026,EN,16384,64,30,Qwen3.6,think,16384.0,1,0.1359375,0.125,0.010937499999999989
Qwen3.5-2B,current,non-think,aime2026,EN,16384,64,30,Qwen3.6,think,16384.0,2,0.2139219576719576,0.1992228835978836,0.014699074074074003
Qwen3.5-2B,current,non-think,aime2026,EN,16384,64,30,Qwen3.6,think,16384.0,4,0.3022141744940528,0.2854810904619207,0.016733084032132084
Qwen3.5-2B,current,non-think,aime2026,EN,16384,64,30,Qwen3.6,think,16384.0,8,0.3912086464471805,0.3747181400912658,0.016490506355914702
Qwen3.5-2B,current,non-think,aime2026,EN,16384,64,30,Qwen3.6,think,16384.0,16,0.4707536797909395,0.4594856872993508,0.011267992491588719
Qwen3.5-2B,current,non-think,aime2026,EN,16384,64,30,Qwen3.6,think,16384.0,32,0.5408231277110757,0.5384281199992809,0.0023950077117947943
Qwen3.5-2B,current,non-think,aime2026,EN,16384,64,30,Qwen3.6,think,16384.0,64,0.6333333333333333,0.6333333333333333,0.0
Qwen3.5-2B,current,non-think,aime2026_pt,PT,16384,64,30,Qwen3.6,think,16384.0,1,0.0505208333333333,0.0421875,0.008333333333333297
Qwen3.5-2B,current,non-think,aime2026_pt,PT,16384,64,30,Qwen3.6,think,16384.0,2,0.086193783068783,0.0724867724867725,0.013707010582010501
Qwen3.5-2B,current,non-think,aime2026_pt,PT,16384,64,30,Qwen3.6,think,16384.0,4,0.1333048462642592,0.1127826148086592,0.020522231455600004
Qwen3.5-2B,current,non-think,aime2026_pt,PT,16384,64,30,Qwen3.6,think,16384.0,8,0.1880116018295139,0.1572285743015043,0.0307830275280096
Qwen3.5-2B,current,non-think,aime2026_pt,PT,16384,64,30,Qwen3.6,think,16384.0,16,0.2517228167394931,0.2001031083913546,0.051619708348138504
Qwen3.5-2B,current,non-think,aime2026_pt,PT,16384,64,30,Qwen3.6,think,16384.0,32,0.3258484601855989,0.2380058661028083,0.08784259408279058
Qwen3.5-2B,current,non-think,aime2026_pt,PT,16384,64,30,Qwen3.6,think,16384.0,64,0.4,0.2666666666666666,0.13333333333333341
Qwen3.5-2B,current,non-think,aime2026_tr,TR,16384,64,30,Qwen3.6,think,16384.0,1,0.0052083333333333,0.0031249999999999,0.0020833333333334
Qwen3.5-2B,current,non-think,aime2026_tr,TR,16384,64,30,Qwen3.6,think,16384.0,2,0.0102347883597883,0.0061838624338624,0.0040509259259259
Qwen3.5-2B,current,non-think,aime2026_tr,TR,16384,64,30,Qwen3.6,think,16384.0,4,0.0197738032283246,0.0121063748079877,0.007667428420336898
Qwen3.5-2B,current,non-think,aime2026_tr,TR,16384,64,30,Qwen3.6,think,16384.0,8,0.0370039857414262,0.0231929510155316,0.013811034725894601
Qwen3.5-2B,current,non-think,aime2026_tr,TR,16384,64,30,Qwen3.6,think,16384.0,16,0.0655299119471515,0.0425115207373271,0.023018391209824407
Qwen3.5-2B,current,non-think,aime2026_tr,TR,16384,64,30,Qwen3.6,think,16384.0,32,0.1075852198803018,0.0711640211640211,0.0364211987162807
Qwen3.5-2B,current,non-think,aime2026_tr,TR,16384,64,30,Qwen3.6,think,16384.0,64,0.1666666666666666,0.1,0.0666666666666666
Qwen3.5-2B,current,non-think,tubitak_math2026,TR-OL,16384,64,32,Qwen3.6,think,16384.0,1,0.048828125,0.02099609375,0.02783203125
Qwen3.5-2B,current,non-think,tubitak_math2026,TR-OL,16384,64,32,Qwen3.6,think,16384.0,2,0.0806981646825396,0.0327380952380952,0.0479600694444444
Qwen3.5-2B,current,non-think,tubitak_math2026,TR-OL,16384,64,32,Qwen3.6,think,16384.0,4,0.1254368476303795,0.0455208313659943,0.07991601626438519
Qwen3.5-2B,current,non-think,tubitak_math2026,TR-OL,16384,64,32,Qwen3.6,think,16384.0,8,0.189328193117456,0.0616016406667727,0.1277265524506833
Qwen3.5-2B,current,non-think,tubitak_math2026,TR-OL,16384,64,32,Qwen3.6,think,16384.0,16,0.2782736022601133,0.0900297575636556,0.18824384469645766
Qwen3.5-2B,current,non-think,tubitak_math2026,TR-OL,16384,64,32,Qwen3.6,think,16384.0,32,0.3899316017797441,0.1408730158730158,0.24905858590672833
Qwen3.5-2B,current,non-think,tubitak_math2026,TR-OL,16384,64,32,Qwen3.6,think,16384.0,64,0.53125,0.21875,0.3125
Qwen3.5-2B,current,non-think,aime2026,EN,16384,64,30,Gemma4,think,16384.0,1,0.1359375,0.0822916666666667,0.053645833333333295
Qwen3.5-2B,current,non-think,aime2026,EN,16384,64,30,Gemma4,think,16384.0,2,0.2139219576719576,0.1347883597883598,0.0791335978835978
Qwen3.5-2B,current,non-think,aime2026,EN,16384,64,30,Gemma4,think,16384.0,4,0.3022141744940528,0.1980295132331092,0.10418466126094361
Qwen3.5-2B,current,non-think,aime2026,EN,16384,64,30,Gemma4,think,16384.0,8,0.3912086464471805,0.2671413797403935,0.12406726670678703
Qwen3.5-2B,current,non-think,aime2026,EN,16384,64,30,Gemma4,think,16384.0,16,0.4707536797909395,0.3440149206434852,0.1267387591474543
Qwen3.5-2B,current,non-think,aime2026,EN,16384,64,30,Gemma4,think,16384.0,32,0.5408231277110757,0.4257168859446506,0.11510624176642503
Qwen3.5-2B,current,non-think,aime2026,EN,16384,64,30,Gemma4,think,16384.0,64,0.6333333333333333,0.5,0.1333333333333333
Qwen3.5-2B,current,non-think,aime2026_pt,PT,16384,64,30,Gemma4,think,16384.0,1,0.0505208333333333,0.0364583333333333,0.014062499999999999
Qwen3.5-2B,current,non-think,aime2026_pt,PT,16384,64,30,Gemma4,think,16384.0,2,0.086193783068783,0.0639219576719576,0.0222718253968254
Qwen3.5-2B,current,non-think,aime2026_pt,PT,16384,64,30,Gemma4,think,16384.0,4,0.1333048462642592,0.1020170733549898,0.0312877729092694
Qwen3.5-2B,current,non-think,aime2026_pt,PT,16384,64,30,Gemma4,think,16384.0,8,0.1880116018295139,0.1451541606672899,0.04285744116222401
Qwen3.5-2B,current,non-think,aime2026_pt,PT,16384,64,30,Gemma4,think,16384.0,16,0.2517228167394931,0.1862514776906232,0.0654713390488699
Qwen3.5-2B,current,non-think,aime2026_pt,PT,16384,64,30,Gemma4,think,16384.0,32,0.3258484601855989,0.2191840508654851,0.10666440932011378
Qwen3.5-2B,current,non-think,aime2026_pt,PT,16384,64,30,Gemma4,think,16384.0,64,0.4,0.2333333333333333,0.1666666666666667
Qwen3.5-2B,current,non-think,aime2026_tr,TR,16384,64,30,Gemma4,think,16384.0,1,0.0052083333333333,0.0031249999999999,0.0020833333333334
Qwen3.5-2B,current,non-think,aime2026_tr,TR,16384,64,30,Gemma4,think,16384.0,2,0.0102347883597883,0.0061838624338624,0.0040509259259259
Qwen3.5-2B,current,non-think,aime2026_tr,TR,16384,64,30,Gemma4,think,16384.0,4,0.0197738032283246,0.0121063748079877,0.007667428420336898
Qwen3.5-2B,current,non-think,aime2026_tr,TR,16384,64,30,Gemma4,think,16384.0,8,0.0370039857414262,0.0231929510155316,0.013811034725894601
Qwen3.5-2B,current,non-think,aime2026_tr,TR,16384,64,30,Gemma4,think,16384.0,16,0.0655299119471515,0.0425115207373271,0.023018391209824407
Qwen3.5-2B,current,non-think,aime2026_tr,TR,16384,64,30,Gemma4,think,16384.0,32,0.1075852198803018,0.0711640211640211,0.0364211987162807
Qwen3.5-2B,current,non-think,aime2026_tr,TR,16384,64,30,Gemma4,think,16384.0,64,0.1666666666666666,0.1,0.0666666666666666
Qwen3.5-2B,current,non-think,tubitak_math2026,TR-OL,16384,64,32,Gemma4,think,16384.0,1,0.048828125,0.015625,0.033203125
Qwen3.5-2B,current,non-think,tubitak_math2026,TR-OL,16384,64,32,Gemma4,think,16384.0,2,0.0806981646825396,0.0265531994047619,0.05414496527777769
Qwen3.5-2B,current,non-think,tubitak_math2026,TR-OL,16384,64,32,Gemma4,think,16384.0,4,0.1254368476303795,0.0405974670903528,0.08483938054002668
Qwen3.5-2B,current,non-think,tubitak_math2026,TR-OL,16384,64,32,Gemma4,think,16384.0,8,0.189328193117456,0.0568572913179957,0.1324709017994603
Qwen3.5-2B,current,non-think,tubitak_math2026,TR-OL,16384,64,32,Gemma4,think,16384.0,16,0.2782736022601133,0.080354730550233,0.19791887170988026
Qwen3.5-2B,current,non-think,tubitak_math2026,TR-OL,16384,64,32,Gemma4,think,16384.0,32,0.3899316017797441,0.1175595238092615,0.27237207797048263
Qwen3.5-2B,current,non-think,tubitak_math2026,TR-OL,16384,64,32,Gemma4,think,16384.0,64,0.53125,0.15625,0.375
Qwen3.5-4B,current,non-think,aime2026,EN,16384,64,30,Qwen3.6,think,16384.0,1,0.5135416666666667,0.4890625,0.024479166666666663
Qwen3.5-4B,current,non-think,aime2026,EN,16384,64,30,Qwen3.6,think,16384.0,2,0.6615575396825396,0.6415839947089947,0.019973544973544866
Qwen3.5-4B,current,non-think,aime2026,EN,16384,64,30,Qwen3.6,think,16384.0,4,0.7699263113495002,0.7517839830273727,0.018142328322127477
Qwen3.5-4B,current,non-think,aime2026,EN,16384,64,30,Qwen3.6,think,16384.0,8,0.8350148642104086,0.8188801381072425,0.01613472610316613
Qwen3.5-4B,current,non-think,aime2026,EN,16384,64,30,Qwen3.6,think,16384.0,16,0.8706326173716202,0.8610549337091263,0.009577683662493897
Qwen3.5-4B,current,non-think,aime2026,EN,16384,64,30,Qwen3.6,think,16384.0,32,0.8908788108998003,0.8889976840248016,0.0018811268749986398
Qwen3.5-4B,current,non-think,aime2026,EN,16384,64,30,Qwen3.6,think,16384.0,64,0.9,0.9,0.0
Qwen3.5-4B,current,non-think,aime2026_pt,PT,16384,64,30,Qwen3.6,think,16384.0,1,0.4838541666666667,0.4630208333333333,0.02083333333333337
Qwen3.5-4B,current,non-think,aime2026_pt,PT,16384,64,30,Qwen3.6,think,16384.0,2,0.6249503968253969,0.6089781746031746,0.015972222222222276
Qwen3.5-4B,current,non-think,aime2026_pt,PT,16384,64,30,Qwen3.6,think,16384.0,4,0.7321456901110523,0.7214875391369311,0.010658150974121261
Qwen3.5-4B,current,non-think,aime2026_pt,PT,16384,64,30,Qwen3.6,think,16384.0,8,0.806700799096759,0.7963979166672657,0.010302882429493287
Qwen3.5-4B,current,non-think,aime2026_pt,PT,16384,64,30,Qwen3.6,think,16384.0,16,0.8593509821768063,0.8441392995904756,0.015211682586330655
Qwen3.5-4B,current,non-think,aime2026_pt,PT,16384,64,30,Qwen3.6,think,16384.0,32,0.8993499286135287,0.8742091604256598,0.025140768187868923
Qwen3.5-4B,current,non-think,aime2026_pt,PT,16384,64,30,Qwen3.6,think,16384.0,64,0.9333333333333332,0.9,0.033333333333333215
Qwen3.5-4B,current,non-think,aime2026_tr,TR,16384,64,30,Qwen3.6,think,16384.0,1,0.2802083333333334,0.2546875,0.02552083333333338
Qwen3.5-4B,current,non-think,aime2026_tr,TR,16384,64,30,Qwen3.6,think,16384.0,2,0.4007936507936507,0.3695436507936508,0.03124999999999989
Qwen3.5-4B,current,non-think,aime2026_tr,TR,16384,64,30,Qwen3.6,think,16384.0,4,0.5204808911048996,0.4842258757019465,0.03625501540295312
Qwen3.5-4B,current,non-think,aime2026_tr,TR,16384,64,30,Qwen3.6,think,16384.0,8,0.6206911533917787,0.5796353650005183,0.04105578839126045
Qwen3.5-4B,current,non-think,aime2026_tr,TR,16384,64,30,Qwen3.6,think,16384.0,16,0.7091156552170755,0.6611741808591038,0.04794147435797169
Qwen3.5-4B,current,non-think,aime2026_tr,TR,16384,64,30,Qwen3.6,think,16384.0,32,0.8053469321591475,0.7419069073689675,0.06344002479018007
Qwen3.5-4B,current,non-think,aime2026_tr,TR,16384,64,30,Qwen3.6,think,16384.0,64,0.9,0.8,0.09999999999999998
Qwen3.5-4B,current,non-think,tubitak_math2026,TR-OL,16384,64,32,Qwen3.6,think,16384.0,1,0.38525390625,0.33740234375,0.0478515625
Qwen3.5-4B,current,non-think,tubitak_math2026,TR-OL,16384,64,32,Qwen3.6,think,16384.0,2,0.5031156994047619,0.4549076140873015,0.04820808531746035
Qwen3.5-4B,current,non-think,tubitak_math2026,TR-OL,16384,64,32,Qwen3.6,think,16384.0,4,0.6023651251385006,0.557155477622699,0.04520964751580159
Qwen3.5-4B,current,non-think,tubitak_math2026,TR-OL,16384,64,32,Qwen3.6,think,16384.0,8,0.6966463240560175,0.646333973652778,0.05031235040323945
Qwen3.5-4B,current,non-think,tubitak_math2026,TR-OL,16384,64,32,Qwen3.6,think,16384.0,16,0.7863714976236944,0.7280955036734007,0.0582759939502937
Qwen3.5-4B,current,non-think,tubitak_math2026,TR-OL,16384,64,32,Qwen3.6,think,16384.0,32,0.846763844433536,0.7906544627837708,0.0561093816497652
Qwen3.5-4B,current,non-think,tubitak_math2026,TR-OL,16384,64,32,Qwen3.6,think,16384.0,64,0.875,0.8125,0.0625
Qwen3.5-4B,current,non-think,aime2026,EN,16384,64,30,Gemma4,think,16384.0,1,0.5135416666666667,0.4229166666666666,0.09062500000000007
Qwen3.5-4B,current,non-think,aime2026,EN,16384,64,30,Gemma4,think,16384.0,2,0.6615575396825396,0.5630952380952381,0.09846230158730152
Qwen3.5-4B,current,non-think,aime2026,EN,16384,64,30,Gemma4,think,16384.0,4,0.7699263113495002,0.6798024581769956,0.0901238531725046
Qwen3.5-4B,current,non-think,aime2026,EN,16384,64,30,Gemma4,think,16384.0,8,0.8350148642104086,0.762790749213598,0.07222411499681058
Qwen3.5-4B,current,non-think,aime2026,EN,16384,64,30,Gemma4,think,16384.0,16,0.8706326173716202,0.8182340644241672,0.05239855294745299
Qwen3.5-4B,current,non-think,aime2026,EN,16384,64,30,Gemma4,think,16384.0,32,0.8908788108998003,0.8525510493634285,0.03832776153637174
Qwen3.5-4B,current,non-think,aime2026,EN,16384,64,30,Gemma4,think,16384.0,64,0.9,0.8666666666666667,0.033333333333333326
Qwen3.5-4B,current,non-think,aime2026_pt,PT,16384,64,30,Gemma4,think,16384.0,1,0.4838541666666667,0.4661458333333333,0.01770833333333338
Qwen3.5-4B,current,non-think,aime2026_pt,PT,16384,64,30,Gemma4,think,16384.0,2,0.6249503968253969,0.6091435185185183,0.015806878306878547
Qwen3.5-4B,current,non-think,aime2026_pt,PT,16384,64,30,Gemma4,think,16384.0,4,0.7321456901110523,0.7210589215414704,0.011086768569581906
Qwen3.5-4B,current,non-think,aime2026_pt,PT,16384,64,30,Gemma4,think,16384.0,8,0.806700799096759,0.7955071590688628,0.011193640027896135
Qwen3.5-4B,current,non-think,aime2026_pt,PT,16384,64,30,Gemma4,think,16384.0,16,0.8593509821768063,0.8435956353550031,0.01575534682180313
Qwen3.5-4B,current,non-think,aime2026_pt,PT,16384,64,30,Gemma4,think,16384.0,32,0.8993499286135287,0.8741894614977901,0.025160467115738605
Qwen3.5-4B,current,non-think,aime2026_pt,PT,16384,64,30,Gemma4,think,16384.0,64,0.9333333333333332,0.9,0.033333333333333215
Qwen3.5-4B,current,non-think,aime2026_tr,TR,16384,64,30,Gemma4,think,16384.0,1,0.2802083333333334,0.2479166666666667,0.03229166666666669
Qwen3.5-4B,current,non-think,aime2026_tr,TR,16384,64,30,Gemma4,think,16384.0,2,0.4007936507936507,0.3604001322751323,0.04039351851851841
Qwen3.5-4B,current,non-think,aime2026_tr,TR,16384,64,30,Gemma4,think,16384.0,4,0.5204808911048996,0.4717540479967768,0.04872684310812281
Qwen3.5-4B,current,non-think,aime2026_tr,TR,16384,64,30,Gemma4,think,16384.0,8,0.6206911533917787,0.5623354995940135,0.058355653797765195
Qwen3.5-4B,current,non-think,aime2026_tr,TR,16384,64,30,Gemma4,think,16384.0,16,0.7091156552170755,0.6363924199064352,0.07272323531064029
Qwen3.5-4B,current,non-think,aime2026_tr,TR,16384,64,30,Gemma4,think,16384.0,32,0.8053469321591475,0.7083076951706776,0.09703923698846995
Qwen3.5-4B,current,non-think,aime2026_tr,TR,16384,64,30,Gemma4,think,16384.0,64,0.9,0.7666666666666667,0.1333333333333333
Qwen3.5-4B,current,non-think,tubitak_math2026,TR-OL,16384,64,32,Gemma4,think,16384.0,1,0.38525390625,0.3271484375,0.05810546875
Qwen3.5-4B,current,non-think,tubitak_math2026,TR-OL,16384,64,32,Gemma4,think,16384.0,2,0.5031156994047619,0.4468625992063492,0.056253100198412676
Qwen3.5-4B,current,non-think,tubitak_math2026,TR-OL,16384,64,32,Gemma4,think,16384.0,4,0.6023651251385006,0.551198670157513,0.0511664549809876
Qwen3.5-4B,current,non-think,tubitak_math2026,TR-OL,16384,64,32,Gemma4,think,16384.0,8,0.6966463240560175,0.638597463371764,0.05804886068425341
Qwen3.5-4B,current,non-think,tubitak_math2026,TR-OL,16384,64,32,Gemma4,think,16384.0,16,0.7863714976236944,0.7181808609061453,0.0681906367175491
Qwen3.5-4B,current,non-think,tubitak_math2026,TR-OL,16384,64,32,Gemma4,think,16384.0,32,0.846763844433536,0.7815662901434369,0.0651975542900991
Qwen3.5-4B,current,non-think,tubitak_math2026,TR-OL,16384,64,32,Gemma4,think,16384.0,64,0.875,0.8125,0.0625
Qwen3.5-9B,current,non-think,aime2026,EN,16384,64,30,Qwen3.6,think,16384.0,1,0.6020833333333333,0.5885416666666666,0.013541666666666674
Qwen3.5-9B,current,non-think,aime2026,EN,16384,64,30,Qwen3.6,think,16384.0,2,0.7371858465608465,0.7283399470899471,0.008845899470899421
Qwen3.5-9B,current,non-think,aime2026,EN,16384,64,30,Qwen3.6,think,16384.0,4,0.8239175438375597,0.8154481755684821,0.008469368269077515
Qwen3.5-9B,current,non-think,aime2026,EN,16384,64,30,Qwen3.6,think,16384.0,8,0.8728612482032928,0.8647865733786565,0.008074674824636308
Qwen3.5-9B,current,non-think,aime2026,EN,16384,64,30,Qwen3.6,think,16384.0,16,0.8998504617730044,0.8938516152859523,0.0059988464870521785
Qwen3.5-9B,current,non-think,aime2026,EN,16384,64,30,Qwen3.6,think,16384.0,32,0.9161845458914364,0.914599391285916,0.0015851546055203336
Qwen3.5-9B,current,non-think,aime2026,EN,16384,64,30,Qwen3.6,think,16384.0,64,0.9333333333333332,0.9333333333333332,0.0
Qwen3.5-9B,current,non-think,aime2026_pt,PT,16384,64,30,Qwen3.6,think,16384.0,1,0.6104166666666667,0.6,0.01041666666666674
Qwen3.5-9B,current,non-think,aime2026_pt,PT,16384,64,30,Qwen3.6,think,16384.0,2,0.7354993386243386,0.7292824074074076,0.00621693121693101
Qwen3.5-9B,current,non-think,aime2026_pt,PT,16384,64,30,Qwen3.6,think,16384.0,4,0.8159924726985806,0.8108008486313615,0.0051916240672190694
Qwen3.5-9B,current,non-think,aime2026_pt,PT,16384,64,30,Qwen3.6,think,16384.0,8,0.8720681912548611,0.8661138921775593,0.005954299077301828
Qwen3.5-9B,current,non-think,aime2026_pt,PT,16384,64,30,Qwen3.6,think,16384.0,16,0.9075345741819582,0.8989217808239628,0.008612793357995363
Qwen3.5-9B,current,non-think,aime2026_pt,PT,16384,64,30,Qwen3.6,think,16384.0,32,0.9324507216451476,0.9157833973859671,0.016667324259180494
Qwen3.5-9B,current,non-think,aime2026_pt,PT,16384,64,30,Qwen3.6,think,16384.0,64,0.9666666666666668,0.9333333333333332,0.03333333333333355
Qwen3.5-9B,current,non-think,aime2026_tr,TR,16384,64,30,Qwen3.6,think,16384.0,1,0.4338541666666667,0.4197916666666667,0.014062500000000033
Qwen3.5-9B,current,non-think,aime2026_tr,TR,16384,64,30,Qwen3.6,think,16384.0,2,0.5683862433862433,0.5553902116402115,0.012996031746031811
Qwen3.5-9B,current,non-think,aime2026_tr,TR,16384,64,30,Qwen3.6,think,16384.0,4,0.6727532988340762,0.6603468917092662,0.012406407124810004
Qwen3.5-9B,current,non-think,aime2026_tr,TR,16384,64,30,Qwen3.6,think,16384.0,8,0.7429316725806225,0.7283125325681084,0.014619140012514187
Qwen3.5-9B,current,non-think,aime2026_tr,TR,16384,64,30,Qwen3.6,think,16384.0,16,0.7973785317511924,0.7790488624957052,0.01832966925548729
Qwen3.5-9B,current,non-think,aime2026_tr,TR,16384,64,30,Qwen3.6,think,16384.0,32,0.8389255631361163,0.8234456605761894,0.015479902559926928
Qwen3.5-9B,current,non-think,aime2026_tr,TR,16384,64,30,Qwen3.6,think,16384.0,64,0.8666666666666667,0.8666666666666667,0.0
Qwen3.5-9B,current,non-think,tubitak_math2026,TR-OL,16384,64,32,Qwen3.6,think,16384.0,1,0.5458984375,0.49609375,0.0498046875
Qwen3.5-9B,current,non-think,tubitak_math2026,TR-OL,16384,64,32,Qwen3.6,think,16384.0,2,0.6676897321428571,0.6241784474206349,0.04351128472222221
Qwen3.5-9B,current,non-think,tubitak_math2026,TR-OL,16384,64,32,Qwen3.6,think,16384.0,4,0.7573417649549243,0.7234913854158797,0.033850379539044684
Qwen3.5-9B,current,non-think,tubitak_math2026,TR-OL,16384,64,32,Qwen3.6,think,16384.0,8,0.8228438340611385,0.7898423149810341,0.0330015190801044
Qwen3.5-9B,current,non-think,tubitak_math2026,TR-OL,16384,64,32,Qwen3.6,think,16384.0,16,0.8685715392358272,0.8255028283323959,0.04306871090343134
Qwen3.5-9B,current,non-think,tubitak_math2026,TR-OL,16384,64,32,Qwen3.6,think,16384.0,32,0.9026936080054008,0.8399454725474211,0.06274813545797964
Qwen3.5-9B,current,non-think,tubitak_math2026,TR-OL,16384,64,32,Qwen3.6,think,16384.0,64,0.9375,0.84375,0.09375
Qwen3.5-9B,current,non-think,aime2026,EN,16384,64,30,Gemma4,think,16384.0,1,0.6020833333333333,0.5416666666666666,0.060416666666666674
Qwen3.5-9B,current,non-think,aime2026,EN,16384,64,30,Gemma4,think,16384.0,2,0.7371858465608465,0.678472222222222,0.05871362433862448
Qwen3.5-9B,current,non-think,aime2026,EN,16384,64,30,Gemma4,think,16384.0,4,0.8239175438375597,0.771170771322807,0.05274677251475268
Qwen3.5-9B,current,non-think,aime2026,EN,16384,64,30,Gemma4,think,16384.0,8,0.8728612482032928,0.8333538838307589,0.03950736437253388
Qwen3.5-9B,current,non-think,aime2026,EN,16384,64,30,Gemma4,think,16384.0,16,0.8998504617730044,0.878836722631784,0.0210137391412204
Qwen3.5-9B,current,non-think,aime2026,EN,16384,64,30,Gemma4,think,16384.0,32,0.9161845458914364,0.908120750518225,0.008063795373211335
Qwen3.5-9B,current,non-think,aime2026,EN,16384,64,30,Gemma4,think,16384.0,64,0.9333333333333332,0.9333333333333332,0.0
Qwen3.5-9B,current,non-think,aime2026_pt,PT,16384,64,30,Gemma4,think,16384.0,1,0.6104166666666667,0.5963541666666666,0.014062500000000089
Qwen3.5-9B,current,non-think,aime2026_pt,PT,16384,64,30,Gemma4,think,16384.0,2,0.7354993386243386,0.7214451058201059,0.01405423280423268
Qwen3.5-9B,current,non-think,aime2026_pt,PT,16384,64,30,Gemma4,think,16384.0,4,0.8159924726985806,0.8013111921130166,0.01468128058556395
Qwen3.5-9B,current,non-think,aime2026_pt,PT,16384,64,30,Gemma4,think,16384.0,8,0.8720681912548611,0.85856939617324,0.013498795081621107
Qwen3.5-9B,current,non-think,aime2026_pt,PT,16384,64,30,Gemma4,think,16384.0,16,0.9075345741819582,0.8966852154448307,0.010849358737127446
Qwen3.5-9B,current,non-think,aime2026_pt,PT,16384,64,30,Gemma4,think,16384.0,32,0.9324507216451476,0.9157467466046386,0.016703975040509023
Qwen3.5-9B,current,non-think,aime2026_pt,PT,16384,64,30,Gemma4,think,16384.0,64,0.9666666666666668,0.9333333333333332,0.03333333333333355
Qwen3.5-9B,current,non-think,aime2026_tr,TR,16384,64,30,Gemma4,think,16384.0,1,0.4338541666666667,0.4151041666666666,0.0187500000000001
Qwen3.5-9B,current,non-think,aime2026_tr,TR,16384,64,30,Gemma4,think,16384.0,2,0.5683862433862433,0.548313492063492,0.020072751322751325
Qwen3.5-9B,current,non-think,aime2026_tr,TR,16384,64,30,Gemma4,think,16384.0,4,0.6727532988340762,0.6518595288459116,0.020893769988164612
Qwen3.5-9B,current,non-think,aime2026_tr,TR,16384,64,30,Gemma4,think,16384.0,8,0.7429316725806225,0.7182206702178509,0.024711002362771683
Qwen3.5-9B,current,non-think,aime2026_tr,TR,16384,64,30,Gemma4,think,16384.0,16,0.7973785317511924,0.7658065853214936,0.03157194642969885
Qwen3.5-9B,current,non-think,aime2026_tr,TR,16384,64,30,Gemma4,think,16384.0,32,0.8389255631361163,0.8052947835819694,0.03363077955414695
Qwen3.5-9B,current,non-think,aime2026_tr,TR,16384,64,30,Gemma4,think,16384.0,64,0.8666666666666667,0.8333333333333334,0.033333333333333326
Qwen3.5-9B,current,non-think,tubitak_math2026,TR-OL,16384,64,32,Gemma4,think,16384.0,1,0.5458984375,0.482421875,0.0634765625
Qwen3.5-9B,current,non-think,tubitak_math2026,TR-OL,16384,64,32,Gemma4,think,16384.0,2,0.6676897321428571,0.6117156498015872,0.05597408234126988
Qwen3.5-9B,current,non-think,tubitak_math2026,TR-OL,16384,64,32,Gemma4,think,16384.0,4,0.7573417649549243,0.7122601420261386,0.0450816229287857
Qwen3.5-9B,current,non-think,tubitak_math2026,TR-OL,16384,64,32,Gemma4,think,16384.0,8,0.8228438340611385,0.782336393470749,0.040507440590389465
Qwen3.5-9B,current,non-think,tubitak_math2026,TR-OL,16384,64,32,Gemma4,think,16384.0,16,0.8685715392358272,0.8230076113032524,0.0455639279325748
Qwen3.5-9B,current,non-think,tubitak_math2026,TR-OL,16384,64,32,Gemma4,think,16384.0,32,0.9026936080054008,0.8398861161168978,0.06280749188850299
Qwen3.5-9B,current,non-think,tubitak_math2026,TR-OL,16384,64,32,Gemma4,think,16384.0,64,0.9375,0.84375,0.09375
gemma-4-E2B-it,current,non-think,aime2026,EN,16384,64,30,Qwen3.6,think,16384.0,1,0.0177083333333333,0.0130208333333333,0.004687500000000002
gemma-4-E2B-it,current,non-think,aime2026,EN,16384,64,30,Qwen3.6,think,16384.0,2,0.0346891534391534,0.0255787037037037,0.0091104497354497
gemma-4-E2B-it,current,non-think,aime2026,EN,16384,64,30,Qwen3.6,think,16384.0,4,0.0666013510110548,0.0493879214827125,0.017213429528342296
gemma-4-E2B-it,current,non-think,aime2026,EN,16384,64,30,Qwen3.6,think,16384.0,8,0.1230881537185259,0.0923112768945841,0.0307768768239418
gemma-4-E2B-it,current,non-think,aime2026,EN,16384,64,30,Qwen3.6,think,16384.0,16,0.2126111224216432,0.1630098364639321,0.0496012859577111
gemma-4-E2B-it,current,non-think,aime2026,EN,16384,64,30,Qwen3.6,think,16384.0,32,0.3319633172647899,0.2649063305356721,0.0670569867291178
gemma-4-E2B-it,current,non-think,aime2026,EN,16384,64,30,Qwen3.6,think,16384.0,64,0.4666666666666667,0.4,0.06666666666666665
gemma-4-E2B-it,current,non-think,aime2026_pt,PT,16384,64,30,Qwen3.6,think,16384.0,1,0.24375,0.2119791666666667,0.031770833333333304
gemma-4-E2B-it,current,non-think,aime2026_pt,PT,16384,64,30,Qwen3.6,think,16384.0,2,0.3419642857142857,0.3097056878306878,0.03225859788359792
gemma-4-E2B-it,current,non-think,aime2026_pt,PT,16384,64,30,Qwen3.6,think,16384.0,4,0.4272830051287216,0.3983488517035581,0.028934153425163478
gemma-4-E2B-it,current,non-think,aime2026_pt,PT,16384,64,30,Qwen3.6,think,16384.0,8,0.4887003696258342,0.4576989990658057,0.031001370560028496
gemma-4-E2B-it,current,non-think,aime2026_pt,PT,16384,64,30,Qwen3.6,think,16384.0,16,0.5367454990443321,0.4999322318739357,0.0368132671703964
gemma-4-E2B-it,current,non-think,aime2026_pt,PT,16384,64,30,Qwen3.6,think,16384.0,32,0.5748075051587211,0.5415983556405667,0.03320914951815446
gemma-4-E2B-it,current,non-think,aime2026_pt,PT,16384,64,30,Qwen3.6,think,16384.0,64,0.6,0.6,0.0
gemma-4-E2B-it,current,non-think,aime2026_tr,TR,16384,64,30,Qwen3.6,think,16384.0,1,0.1473958333333333,0.1197916666666667,0.02760416666666661
gemma-4-E2B-it,current,non-think,aime2026_tr,TR,16384,64,30,Qwen3.6,think,16384.0,2,0.2070932539682539,0.1707175925925925,0.036375661375661394
gemma-4-E2B-it,current,non-think,aime2026_tr,TR,16384,64,30,Qwen3.6,think,16384.0,4,0.265775435857403,0.2244227564990388,0.041352679358364175
gemma-4-E2B-it,current,non-think,aime2026_tr,TR,16384,64,30,Qwen3.6,think,16384.0,8,0.3174530048647744,0.2711953572524842,0.046257647612290176
gemma-4-E2B-it,current,non-think,aime2026_tr,TR,16384,64,30,Qwen3.6,think,16384.0,16,0.3639867622469764,0.3111664744410972,0.05282028780587922
gemma-4-E2B-it,current,non-think,aime2026_tr,TR,16384,64,30,Qwen3.6,think,16384.0,32,0.415738131659919,0.3584174629823587,0.057320668677560305
gemma-4-E2B-it,current,non-think,aime2026_tr,TR,16384,64,30,Qwen3.6,think,16384.0,64,0.5,0.4333333333333333,0.06666666666666671
gemma-4-E2B-it,current,non-think,tubitak_math2026,TR-OL,16384,64,32,Qwen3.6,think,16384.0,1,0.2607421875,0.19580078125,0.06494140625
gemma-4-E2B-it,current,non-think,tubitak_math2026,TR-OL,16384,64,32,Qwen3.6,think,16384.0,2,0.3267609126984127,0.2469308035714286,0.07983010912698407
gemma-4-E2B-it,current,non-think,tubitak_math2026,TR-OL,16384,64,32,Qwen3.6,think,16384.0,4,0.3857442777977135,0.2843146715488152,0.1014296062488983
gemma-4-E2B-it,current,non-think,tubitak_math2026,TR-OL,16384,64,32,Qwen3.6,think,16384.0,8,0.4449118335703583,0.3222577904354861,0.12265404313487221
gemma-4-E2B-it,current,non-think,tubitak_math2026,TR-OL,16384,64,32,Qwen3.6,think,16384.0,16,0.4974082480567367,0.3604731812826467,0.13693506677409
gemma-4-E2B-it,current,non-think,tubitak_math2026,TR-OL,16384,64,32,Qwen3.6,think,16384.0,32,0.5422099939508396,0.3878298149358656,0.15438017901497397
gemma-4-E2B-it,current,non-think,tubitak_math2026,TR-OL,16384,64,32,Qwen3.6,think,16384.0,64,0.59375,0.40625,0.1875
gemma-4-E2B-it,current,non-think,aime2026,EN,16384,64,30,V4-Flash,non-think,5000.0,1,0.0177083333333333,0.0119791666666666,0.005729166666666702
gemma-4-E2B-it,current,non-think,aime2026,EN,16384,64,30,V4-Flash,non-think,5000.0,2,0.0346891534391534,0.0234292328042328,0.011259920634920602
gemma-4-E2B-it,current,non-think,aime2026,EN,16384,64,30,V4-Flash,non-think,5000.0,4,0.0666013510110548,0.0448497687458554,0.021751582265199396
gemma-4-E2B-it,current,non-think,aime2026,EN,16384,64,30,V4-Flash,non-think,5000.0,8,0.1230881537185259,0.082466397641984,0.04062175607654189
gemma-4-E2B-it,current,non-think,aime2026,EN,16384,64,30,V4-Flash,non-think,5000.0,16,0.2126111224216432,0.1415325799523022,0.071078542469341
gemma-4-E2B-it,current,non-think,aime2026,EN,16384,64,30,V4-Flash,non-think,5000.0,32,0.3319633172647899,0.2219624498868733,0.11000086737791659
gemma-4-E2B-it,current,non-think,aime2026,EN,16384,64,30,V4-Flash,non-think,5000.0,64,0.4666666666666667,0.3333333333333333,0.13333333333333336
gemma-4-E2B-it,current,non-think,aime2026_pt,PT,16384,64,30,V4-Flash,non-think,5000.0,1,0.24375,0.1895833333333333,0.054166666666666696
gemma-4-E2B-it,current,non-think,aime2026_pt,PT,16384,64,30,V4-Flash,non-think,5000.0,2,0.3419642857142857,0.2720403439153439,0.06992394179894185
gemma-4-E2B-it,current,non-think,aime2026_pt,PT,16384,64,30,V4-Flash,non-think,5000.0,4,0.4272830051287216,0.348378178170616,0.07890482695810558
gemma-4-E2B-it,current,non-think,aime2026_pt,PT,16384,64,30,V4-Flash,non-think,5000.0,8,0.4887003696258342,0.4075488109507976,0.0811515586750366
gemma-4-E2B-it,current,non-think,aime2026_pt,PT,16384,64,30,V4-Flash,non-think,5000.0,16,0.5367454990443321,0.454417289061468,0.08232820998286411
gemma-4-E2B-it,current,non-think,aime2026_pt,PT,16384,64,30,V4-Flash,non-think,5000.0,32,0.5748075051587211,0.494714516621598,0.08009298853712316
gemma-4-E2B-it,current,non-think,aime2026_pt,PT,16384,64,30,V4-Flash,non-think,5000.0,64,0.6,0.5333333333333333,0.06666666666666665
gemma-4-E2B-it,current,non-think,aime2026_tr,TR,16384,64,30,V4-Flash,non-think,5000.0,1,0.1473958333333333,0.0932291666666666,0.05416666666666671
gemma-4-E2B-it,current,non-think,aime2026_tr,TR,16384,64,30,V4-Flash,non-think,5000.0,2,0.2070932539682539,0.1342592592592592,0.07283399470899471
gemma-4-E2B-it,current,non-think,aime2026_tr,TR,16384,64,30,V4-Flash,non-think,5000.0,4,0.265775435857403,0.1837305259667766,0.08204490989062638
gemma-4-E2B-it,current,non-think,aime2026_tr,TR,16384,64,30,V4-Flash,non-think,5000.0,8,0.3174530048647744,0.2376951015747348,0.0797579032900396
gemma-4-E2B-it,current,non-think,aime2026_tr,TR,16384,64,30,V4-Flash,non-think,5000.0,16,0.3639867622469764,0.2853366470836658,0.07865011516331061
gemma-4-E2B-it,current,non-think,aime2026_tr,TR,16384,64,30,V4-Flash,non-think,5000.0,32,0.415738131659919,0.3241781920736223,0.09155993958629671
gemma-4-E2B-it,current,non-think,aime2026_tr,TR,16384,64,30,V4-Flash,non-think,5000.0,64,0.5,0.3666666666666666,0.13333333333333341
gemma-4-E2B-it,current,non-think,tubitak_math2026,TR-OL,16384,64,32,V4-Flash,non-think,5000.0,1,0.2607421875,0.13525390625,0.12548828125
gemma-4-E2B-it,current,non-think,tubitak_math2026,TR-OL,16384,64,32,V4-Flash,non-think,5000.0,2,0.3267609126984127,0.1793309771825396,0.14742993551587308
gemma-4-E2B-it,current,non-think,tubitak_math2026,TR-OL,16384,64,32,V4-Flash,non-think,5000.0,4,0.3857442777977135,0.2152371686214146,0.17050710917629888
gemma-4-E2B-it,current,non-think,tubitak_math2026,TR-OL,16384,64,32,V4-Flash,non-think,5000.0,8,0.4449118335703583,0.2473357747859455,0.19757605878441278
gemma-4-E2B-it,current,non-think,tubitak_math2026,TR-OL,16384,64,32,V4-Flash,non-think,5000.0,16,0.4974082480567367,0.2844931294136201,0.21291511864311663
gemma-4-E2B-it,current,non-think,tubitak_math2026,TR-OL,16384,64,32,V4-Flash,non-think,5000.0,32,0.5422099939508396,0.3206981684724617,0.2215118254783779
gemma-4-E2B-it,current,non-think,tubitak_math2026,TR-OL,16384,64,32,V4-Flash,non-think,5000.0,64,0.59375,0.34375,0.25
gemma-4-E2B-it,current,non-think,aime2026,EN,16384,64,30,Gemma4,think,16384.0,1,0.0177083333333333,0.0145833333333333,0.003125000000000001
gemma-4-E2B-it,current,non-think,aime2026,EN,16384,64,30,Gemma4,think,16384.0,2,0.0346891534391534,0.0285218253968253,0.0061673280423281025
gemma-4-E2B-it,current,non-think,aime2026,EN,16384,64,30,Gemma4,think,16384.0,4,0.0666013510110548,0.0545941825522734,0.0120071684587814
gemma-4-E2B-it,current,non-think,aime2026,EN,16384,64,30,Gemma4,think,16384.0,8,0.1230881537185259,0.1003581656659572,0.022729988052568692
gemma-4-E2B-it,current,non-think,aime2026,EN,16384,64,30,Gemma4,think,16384.0,16,0.2126111224216432,0.172083728668443,0.04052739375320022
gemma-4-E2B-it,current,non-think,aime2026,EN,16384,64,30,Gemma4,think,16384.0,32,0.3319633172647899,0.2690003543018269,0.062962962962963
gemma-4-E2B-it,current,non-think,aime2026,EN,16384,64,30,Gemma4,think,16384.0,64,0.4666666666666667,0.4,0.06666666666666665
gemma-4-E2B-it,current,non-think,aime2026_pt,PT,16384,64,30,Gemma4,think,16384.0,1,0.24375,0.2114583333333333,0.03229166666666669
gemma-4-E2B-it,current,non-think,aime2026_pt,PT,16384,64,30,Gemma4,think,16384.0,2,0.3419642857142857,0.3050595238095238,0.03690476190476194
gemma-4-E2B-it,current,non-think,aime2026_pt,PT,16384,64,30,Gemma4,think,16384.0,4,0.4272830051287216,0.3845013031653698,0.04278170196335179
gemma-4-E2B-it,current,non-think,aime2026_pt,PT,16384,64,30,Gemma4,think,16384.0,8,0.4887003696258342,0.4399582735382334,0.04874209608760077
gemma-4-E2B-it,current,non-think,aime2026_pt,PT,16384,64,30,Gemma4,think,16384.0,16,0.5367454990443321,0.4859190189827141,0.050826480061617996
gemma-4-E2B-it,current,non-think,aime2026_pt,PT,16384,64,30,Gemma4,think,16384.0,32,0.5748075051587211,0.5279011953568883,0.04690630980183286
gemma-4-E2B-it,current,non-think,aime2026_pt,PT,16384,64,30,Gemma4,think,16384.0,64,0.6,0.5666666666666667,0.033333333333333326
gemma-4-E2B-it,current,non-think,aime2026_tr,TR,16384,64,30,Gemma4,think,16384.0,1,0.1473958333333333,0.1125,0.034895833333333307
gemma-4-E2B-it,current,non-think,aime2026_tr,TR,16384,64,30,Gemma4,think,16384.0,2,0.2070932539682539,0.1611607142857143,0.0459325396825396
gemma-4-E2B-it,current,non-think,aime2026_tr,TR,16384,64,30,Gemma4,think,16384.0,4,0.265775435857403,0.2143615224161231,0.05141391344127988
gemma-4-E2B-it,current,non-think,aime2026_tr,TR,16384,64,30,Gemma4,think,16384.0,8,0.3174530048647744,0.2629509773511321,0.054502027513642304
gemma-4-E2B-it,current,non-think,aime2026_tr,TR,16384,64,30,Gemma4,think,16384.0,16,0.3639867622469764,0.3023506401195272,0.06163612212744918
gemma-4-E2B-it,current,non-think,aime2026_tr,TR,16384,64,30,Gemma4,think,16384.0,32,0.415738131659919,0.3417499148997879,0.07398821676013112
gemma-4-E2B-it,current,non-think,aime2026_tr,TR,16384,64,30,Gemma4,think,16384.0,64,0.5,0.4,0.09999999999999998
gemma-4-E2B-it,current,non-think,tubitak_math2026,TR-OL,16384,64,32,Gemma4,think,16384.0,1,0.2607421875,0.197265625,0.0634765625
gemma-4-E2B-it,current,non-think,tubitak_math2026,TR-OL,16384,64,32,Gemma4,think,16384.0,2,0.3267609126984127,0.2546968005952381,0.0720641121031746
gemma-4-E2B-it,current,non-think,tubitak_math2026,TR-OL,16384,64,32,Gemma4,think,16384.0,4,0.3857442777977135,0.2983928020573644,0.08735147574034907
gemma-4-E2B-it,current,non-think,tubitak_math2026,TR-OL,16384,64,32,Gemma4,think,16384.0,8,0.4449118335703583,0.339199906596497,0.10571192697386128
gemma-4-E2B-it,current,non-think,tubitak_math2026,TR-OL,16384,64,32,Gemma4,think,16384.0,16,0.4974082480567367,0.3788190051864769,0.11858924287025985
gemma-4-E2B-it,current,non-think,tubitak_math2026,TR-OL,16384,64,32,Gemma4,think,16384.0,32,0.5422099939508396,0.4179110669004325,0.12429892705040707
gemma-4-E2B-it,current,non-think,tubitak_math2026,TR-OL,16384,64,32,Gemma4,think,16384.0,64,0.59375,0.46875,0.125
gemma-4-E4B-it,current,non-think,aime2026,EN,16384,64,30,Qwen3.6,think,16384.0,1,0.0364583333333333,0.0317708333333333,0.004687500000000004
gemma-4-E4B-it,current,non-think,aime2026,EN,16384,64,30,Qwen3.6,think,16384.0,2,0.0692460317460317,0.0602513227513227,0.008994708994708993
gemma-4-E4B-it,current,non-think,aime2026,EN,16384,64,30,Qwen3.6,think,16384.0,4,0.1260624155355778,0.1094807903771414,0.01658162515843639
gemma-4-E4B-it,current,non-think,aime2026,EN,16384,64,30,Qwen3.6,think,16384.0,8,0.2153724398682852,0.1870311630058674,0.028341276862417802
gemma-4-E4B-it,current,non-think,aime2026,EN,16384,64,30,Qwen3.6,think,16384.0,16,0.3407487869502276,0.2982198146087935,0.0425289723414341
gemma-4-E4B-it,current,non-think,aime2026,EN,16384,64,30,Qwen3.6,think,16384.0,32,0.4953988768247813,0.4413466783157892,0.054052198508992066
gemma-4-E4B-it,current,non-think,aime2026,EN,16384,64,30,Qwen3.6,think,16384.0,64,0.6333333333333333,0.5666666666666667,0.06666666666666665
gemma-4-E4B-it,current,non-think,aime2026_pt,PT,16384,64,30,Qwen3.6,think,16384.0,1,0.29375,0.26875,0.025000000000000022
gemma-4-E4B-it,current,non-think,aime2026_pt,PT,16384,64,30,Qwen3.6,think,16384.0,2,0.4220072751322751,0.396494708994709,0.025512566137566084
gemma-4-E4B-it,current,non-think,aime2026_pt,PT,16384,64,30,Qwen3.6,think,16384.0,4,0.5272005867391907,0.5097979254278832,0.01740266131130752
gemma-4-E4B-it,current,non-think,aime2026_pt,PT,16384,64,30,Qwen3.6,think,16384.0,8,0.5946510279067971,0.5824064613364139,0.012244566570383197
gemma-4-E4B-it,current,non-think,aime2026_pt,PT,16384,64,30,Qwen3.6,think,16384.0,16,0.6512093860445914,0.6362820769008617,0.01492730914372975
gemma-4-E4B-it,current,non-think,aime2026_pt,PT,16384,64,30,Qwen3.6,think,16384.0,32,0.7073031897884827,0.692522965544241,0.014780224244241746
gemma-4-E4B-it,current,non-think,aime2026_pt,PT,16384,64,30,Qwen3.6,think,16384.0,64,0.7333333333333333,0.7333333333333333,0.0
gemma-4-E4B-it,current,non-think,aime2026_tr,TR,16384,64,30,Qwen3.6,think,16384.0,1,0.25,0.2265625,0.0234375
gemma-4-E4B-it,current,non-think,aime2026_tr,TR,16384,64,30,Qwen3.6,think,16384.0,2,0.3418154761904762,0.3186507936507937,0.023164682539682513
gemma-4-E4B-it,current,non-think,aime2026_tr,TR,16384,64,30,Qwen3.6,think,16384.0,4,0.4127120529156489,0.3972304063525639,0.015481646563084983
gemma-4-E4B-it,current,non-think,aime2026_tr,TR,16384,64,30,Qwen3.6,think,16384.0,8,0.4651593068464555,0.4549887394763059,0.010170567370149597
gemma-4-E4B-it,current,non-think,aime2026_tr,TR,16384,64,30,Qwen3.6,think,16384.0,16,0.5122767636632973,0.4975258399602875,0.014750923703009844
gemma-4-E4B-it,current,non-think,aime2026_tr,TR,16384,64,30,Qwen3.6,think,16384.0,32,0.551549758535564,0.5264174790401908,0.025132279495373222
gemma-4-E4B-it,current,non-think,aime2026_tr,TR,16384,64,30,Qwen3.6,think,16384.0,64,0.5666666666666667,0.5333333333333333,0.033333333333333326
gemma-4-E4B-it,current,non-think,tubitak_math2026,TR-OL,16384,64,32,Qwen3.6,think,16384.0,1,0.33349609375,0.28369140625,0.0498046875
gemma-4-E4B-it,current,non-think,tubitak_math2026,TR-OL,16384,64,32,Qwen3.6,think,16384.0,2,0.4210224454365079,0.3623201884920635,0.05870225694444442
gemma-4-E4B-it,current,non-think,tubitak_math2026,TR-OL,16384,64,32,Qwen3.6,think,16384.0,4,0.488959834413009,0.4209190699680188,0.06804076444499019
gemma-4-E4B-it,current,non-think,tubitak_math2026,TR-OL,16384,64,32,Qwen3.6,think,16384.0,8,0.5468445526443219,0.4638295382115737,0.08301501443274817
gemma-4-E4B-it,current,non-think,tubitak_math2026,TR-OL,16384,64,32,Qwen3.6,think,16384.0,16,0.6096971457442771,0.5014768518029604,0.10822029394131671
gemma-4-E4B-it,current,non-think,tubitak_math2026,TR-OL,16384,64,32,Qwen3.6,think,16384.0,32,0.6845083504788182,0.535073102955327,0.14943524752349124
gemma-4-E4B-it,current,non-think,tubitak_math2026,TR-OL,16384,64,32,Qwen3.6,think,16384.0,64,0.75,0.5625,0.1875
gemma-4-E4B-it,current,non-think,aime2026,EN,16384,64,30,Gemma4,think,16384.0,1,0.0364583333333333,0.0317708333333333,0.004687500000000004
gemma-4-E4B-it,current,non-think,aime2026,EN,16384,64,30,Gemma4,think,16384.0,2,0.0692460317460317,0.0602678571428571,0.008978174603174592
gemma-4-E4B-it,current,non-think,aime2026,EN,16384,64,30,Gemma4,think,16384.0,4,0.1260624155355778,0.1095799967263478,0.016482418809229987
gemma-4-E4B-it,current,non-think,aime2026,EN,16384,64,30,Gemma4,think,16384.0,8,0.2153724398682852,0.1874941259688304,0.027878313899454804
gemma-4-E4B-it,current,non-think,aime2026,EN,16384,64,30,Gemma4,think,16384.0,16,0.3407487869502276,0.3002039415929205,0.04054484535730707
gemma-4-E4B-it,current,non-think,aime2026,EN,16384,64,30,Gemma4,think,16384.0,32,0.4953988768247813,0.4495477365168474,0.04585114030793391
gemma-4-E4B-it,current,non-think,aime2026,EN,16384,64,30,Gemma4,think,16384.0,64,0.6333333333333333,0.6,0.033333333333333326
gemma-4-E4B-it,current,non-think,aime2026_pt,PT,16384,64,30,Gemma4,think,16384.0,1,0.29375,0.2760416666666667,0.017708333333333326
gemma-4-E4B-it,current,non-think,aime2026_pt,PT,16384,64,30,Gemma4,think,16384.0,2,0.4220072751322751,0.4011078042328042,0.020899470899470918
gemma-4-E4B-it,current,non-think,aime2026_pt,PT,16384,64,30,Gemma4,think,16384.0,4,0.5272005867391907,0.509094982078853,0.018105604660337726
gemma-4-E4B-it,current,non-think,aime2026_pt,PT,16384,64,30,Gemma4,think,16384.0,8,0.5946510279067971,0.5808114256761918,0.013839602230605319
gemma-4-E4B-it,current,non-think,aime2026_pt,PT,16384,64,30,Gemma4,think,16384.0,16,0.6512093860445914,0.6361141517162904,0.015095234328301066
gemma-4-E4B-it,current,non-think,aime2026_pt,PT,16384,64,30,Gemma4,think,16384.0,32,0.7073031897884827,0.6925227510249872,0.014780438763495551
gemma-4-E4B-it,current,non-think,aime2026_pt,PT,16384,64,30,Gemma4,think,16384.0,64,0.7333333333333333,0.7333333333333333,0.0
gemma-4-E4B-it,current,non-think,aime2026_tr,TR,16384,64,30,Gemma4,think,16384.0,1,0.25,0.2395833333333333,0.010416666666666713
gemma-4-E4B-it,current,non-think,aime2026_tr,TR,16384,64,30,Gemma4,think,16384.0,2,0.3418154761904762,0.3288855820105819,0.012929894179894319
gemma-4-E4B-it,current,non-think,aime2026_tr,TR,16384,64,30,Gemma4,think,16384.0,4,0.4127120529156489,0.3997608764993746,0.012951176416274301
gemma-4-E4B-it,current,non-think,aime2026_tr,TR,16384,64,30,Gemma4,think,16384.0,8,0.4651593068464555,0.4507489530156207,0.014410353830834832
gemma-4-E4B-it,current,non-think,aime2026_tr,TR,16384,64,30,Gemma4,think,16384.0,16,0.5122767636632973,0.4912244155455298,0.021052348117767516
gemma-4-E4B-it,current,non-think,aime2026_tr,TR,16384,64,30,Gemma4,think,16384.0,32,0.551549758535564,0.5233296179157192,0.02822014061984479
gemma-4-E4B-it,current,non-think,aime2026_tr,TR,16384,64,30,Gemma4,think,16384.0,64,0.5666666666666667,0.5333333333333333,0.033333333333333326
gemma-4-E4B-it,current,non-think,tubitak_math2026,TR-OL,16384,64,32,Gemma4,think,16384.0,1,0.33349609375,0.29248046875,0.041015625
gemma-4-E4B-it,current,non-think,tubitak_math2026,TR-OL,16384,64,32,Gemma4,think,16384.0,2,0.4210224454365079,0.3764105902777777,0.04461185515873023
gemma-4-E4B-it,current,non-think,tubitak_math2026,TR-OL,16384,64,32,Gemma4,think,16384.0,4,0.488959834413009,0.4409703368556572,0.04798949755735182
gemma-4-E4B-it,current,non-think,tubitak_math2026,TR-OL,16384,64,32,Gemma4,think,16384.0,8,0.5468445526443219,0.489220876579492,0.057623676064829876
gemma-4-E4B-it,current,non-think,tubitak_math2026,TR-OL,16384,64,32,Gemma4,think,16384.0,16,0.6096971457442771,0.5323530797877027,0.07734406595657439
gemma-4-E4B-it,current,non-think,tubitak_math2026,TR-OL,16384,64,32,Gemma4,think,16384.0,32,0.6845083504788182,0.5786022988468696,0.10590605163194855
gemma-4-E4B-it,current,non-think,tubitak_math2026,TR-OL,16384,64,32,Gemma4,think,16384.0,64,0.75,0.625,0.125
Qwen3.5-0.8B,current,think,pt_exams_math,PT,16384,16,166,Qwen3.6,think,16384.0,1,0.1630271084337349,0.1577560240963855,0.005271084337349408
Qwen3.5-0.8B,current,think,pt_exams_math,PT,16384,16,166,Qwen3.6,think,16384.0,2,0.2623995983935743,0.2544176706827311,0.007981927710843217
Qwen3.5-0.8B,current,think,pt_exams_math,PT,16384,16,166,Qwen3.6,think,16384.0,4,0.380259499536608,0.3699721964782206,0.010287303058387376
Qwen3.5-0.8B,current,think,pt_exams_math,PT,16384,16,166,Qwen3.6,think,16384.0,8,0.4934643000908061,0.4811947089055521,0.012269591185254003
Qwen3.5-0.8B,current,think,pt_exams_math,PT,16384,16,166,Qwen3.6,think,16384.0,16,0.5783132530120482,0.5662650602409639,0.012048192771084265
Qwen3.5-0.8B,current,think,tubitak_math2026,TR-OL,16384,64,32,Qwen3.6,think,16384.0,1,0.0126953124999999,0.0019531249999999,0.0107421875
Qwen3.5-0.8B,current,think,tubitak_math2026,TR-OL,16384,64,32,Qwen3.6,think,16384.0,2,0.0248170882936507,0.0038597470238095,0.0209573412698412
Qwen3.5-0.8B,current,think,tubitak_math2026,TR-OL,16384,64,32,Qwen3.6,think,16384.0,4,0.0475105980553247,0.0075364823348694,0.0399741157204553
Qwen3.5-0.8B,current,think,tubitak_math2026,TR-OL,16384,64,32,Qwen3.6,think,16384.0,8,0.0877111588214161,0.0143649193548387,0.0733462394665774
Qwen3.5-0.8B,current,think,tubitak_math2026,TR-OL,16384,64,32,Qwen3.6,think,16384.0,16,0.1533097899511518,0.0260896697388632,0.1272201202122886
Qwen3.5-0.8B,current,think,tubitak_math2026,TR-OL,16384,64,32,Qwen3.6,think,16384.0,32,0.2506697853970854,0.0431547619047619,0.2075150234923235
Qwen3.5-0.8B,current,think,tubitak_math2026,TR-OL,16384,64,32,Qwen3.6,think,16384.0,64,0.375,0.0625,0.3125
Qwen3.5-0.8B,current,think,pt_exams_math,PT,16384,16,166,Gemma4,think,16384.0,1,0.1630271084337349,0.1464608433734939,0.016566265060241003
Qwen3.5-0.8B,current,think,pt_exams_math,PT,16384,16,166,Gemma4,think,16384.0,2,0.2623995983935743,0.2365963855421688,0.025803212851405494
Qwen3.5-0.8B,current,think,pt_exams_math,PT,16384,16,166,Gemma4,think,16384.0,4,0.380259499536608,0.3469250628889184,0.03333443664768959
Qwen3.5-0.8B,current,think,pt_exams_math,PT,16384,16,166,Gemma4,think,16384.0,8,0.4934643000908061,0.4605817208226844,0.032882579268121714
Qwen3.5-0.8B,current,think,pt_exams_math,PT,16384,16,166,Gemma4,think,16384.0,16,0.5783132530120482,0.5602409638554217,0.01807228915662651
Qwen3.5-0.8B,current,think,tubitak_math2026,TR-OL,16384,64,32,Gemma4,think,16384.0,1,0.0126953124999999,0.0029296875,0.0097656249999999
Qwen3.5-0.8B,current,think,tubitak_math2026,TR-OL,16384,64,32,Gemma4,think,16384.0,2,0.0248170882936507,0.005704365079365,0.0191127232142857
Qwen3.5-0.8B,current,think,tubitak_math2026,TR-OL,16384,64,32,Gemma4,think,16384.0,4,0.0475105980553247,0.0108184464789353,0.0366921515763894
Qwen3.5-0.8B,current,think,tubitak_math2026,TR-OL,16384,64,32,Gemma4,think,16384.0,8,0.0877111588214161,0.0195002644103648,0.0682108944110513
Qwen3.5-0.8B,current,think,tubitak_math2026,TR-OL,16384,64,32,Gemma4,think,16384.0,16,0.1533097899511518,0.0320444114980735,0.1212653784530783
Qwen3.5-0.8B,current,think,tubitak_math2026,TR-OL,16384,64,32,Gemma4,think,16384.0,32,0.2506697853970854,0.046049635701275,0.20462014969581038
Qwen3.5-0.8B,current,think,tubitak_math2026,TR-OL,16384,64,32,Gemma4,think,16384.0,64,0.375,0.0625,0.3125
Qwen3.5-2B,current,think,aime2026,EN,16384,64,30,Qwen3.6,think,16384.0,1,0.003125,0.003125,0.0
Qwen3.5-2B,current,think,aime2026,EN,16384,64,30,Qwen3.6,think,16384.0,2,0.0060019841269841,0.0060019841269841,0.0
Qwen3.5-2B,current,think,aime2026,EN,16384,64,30,Qwen3.6,think,16384.0,4,0.0110751219225571,0.0110751219225571,0.0
Qwen3.5-2B,current,think,aime2026,EN,16384,64,30,Qwen3.6,think,16384.0,8,0.0188979839083138,0.0188979839083138,0.0
Qwen3.5-2B,current,think,aime2026,EN,16384,64,30,Qwen3.6,think,16384.0,16,0.0278774634018922,0.0278774634018922,0.0
Qwen3.5-2B,current,think,aime2026,EN,16384,64,30,Qwen3.6,think,16384.0,32,0.0329304436417523,0.0329304436417523,0.0
Qwen3.5-2B,current,think,aime2026,EN,16384,64,30,Qwen3.6,think,16384.0,64,0.0333333333333333,0.0333333333333333,0.0
Qwen3.5-2B,current,think,aime2026_pt,PT,16384,64,30,Qwen3.6,think,16384.0,1,0.1598958333333333,0.159375,0.0005208333333333037
Qwen3.5-2B,current,think,aime2026_pt,PT,16384,64,30,Qwen3.6,think,16384.0,2,0.2220734126984127,0.2217261904761905,0.00034722222222219323
Qwen3.5-2B,current,think,aime2026_pt,PT,16384,64,30,Qwen3.6,think,16384.0,4,0.2857783422729218,0.2857085673155213,6.977495740051465e-05
Qwen3.5-2B,current,think,aime2026_pt,PT,16384,64,30,Qwen3.6,think,16384.0,8,0.3449778272420541,0.3449769515404754,8.757015786953204e-07
Qwen3.5-2B,current,think,aime2026_pt,PT,16384,64,30,Qwen3.6,think,16384.0,16,0.3985570421938284,0.3985570421901258,3.702649298276128e-12
Qwen3.5-2B,current,think,aime2026_pt,PT,16384,64,30,Qwen3.6,think,16384.0,32,0.4422038100941862,0.4422038100941862,0.0
Qwen3.5-2B,current,think,aime2026_pt,PT,16384,64,30,Qwen3.6,think,16384.0,64,0.4666666666666667,0.4666666666666667,0.0
Qwen3.5-2B,current,think,aime2026_tr,TR,16384,64,30,Qwen3.6,think,16384.0,1,0.1421875,0.140625,0.0015624999999999944
Qwen3.5-2B,current,think,aime2026_tr,TR,16384,64,30,Qwen3.6,think,16384.0,2,0.2000330687830687,0.1988756613756614,0.0011574074074073015
Qwen3.5-2B,current,think,aime2026_tr,TR,16384,64,30,Qwen3.6,think,16384.0,4,0.2584201585622791,0.2576455516103849,0.0007746069518942411
Qwen3.5-2B,current,think,aime2026_tr,TR,16384,64,30,Qwen3.6,think,16384.0,8,0.3128994145615935,0.3125576124881919,0.00034180207340156477
Qwen3.5-2B,current,think,aime2026_tr,TR,16384,64,30,Qwen3.6,think,16384.0,16,0.3659651609121294,0.3659416298026238,2.353110950559234e-05
Qwen3.5-2B,current,think,aime2026_tr,TR,16384,64,30,Qwen3.6,think,16384.0,32,0.4341266543711534,0.4341266513359549,3.035198481438073e-09
Qwen3.5-2B,current,think,aime2026_tr,TR,16384,64,30,Qwen3.6,think,16384.0,64,0.5,0.5,0.0
Qwen3.5-2B,current,think,pt_exams_math,PT,16384,16,166,Qwen3.6,think,16384.0,1,0.8493975903614458,0.8463855421686747,0.003012048192771122
Qwen3.5-2B,current,think,pt_exams_math,PT,16384,16,166,Qwen3.6,think,16384.0,2,0.8971385542168675,0.8969377510040154,0.00020080321285209646
Qwen3.5-2B,current,think,pt_exams_math,PT,16384,16,166,Qwen3.6,think,16384.0,4,0.9190288627035614,0.9190288627035617,-2.220446049250313e-16
Qwen3.5-2B,current,think,pt_exams_math,PT,16384,16,166,Qwen3.6,think,16384.0,8,0.9341000365096752,0.9341000365096754,-2.220446049250313e-16
Qwen3.5-2B,current,think,pt_exams_math,PT,16384,16,166,Qwen3.6,think,16384.0,16,0.9457831325301204,0.9457831325301204,0.0
Qwen3.5-2B,current,think,tubitak_math2026,TR-OL,16384,64,32,Qwen3.6,think,16384.0,1,0.1376953125,0.1318359375,0.005859375
Qwen3.5-2B,current,think,tubitak_math2026,TR-OL,16384,64,32,Qwen3.6,think,16384.0,2,0.1969091021825396,0.186430431547619,0.010478670634920584
Qwen3.5-2B,current,think,tubitak_math2026,TR-OL,16384,64,32,Qwen3.6,think,16384.0,4,0.2647568132885095,0.2457501050559039,0.019006708232605585
Qwen3.5-2B,current,think,tubitak_math2026,TR-OL,16384,64,32,Qwen3.6,think,16384.0,8,0.3417845350471664,0.3074882418245991,0.034296293222567276
Qwen3.5-2B,current,think,tubitak_math2026,TR-OL,16384,64,32,Qwen3.6,think,16384.0,16,0.4300737368186802,0.370521322331511,0.05955241448716919
Qwen3.5-2B,current,think,tubitak_math2026,TR-OL,16384,64,32,Qwen3.6,think,16384.0,32,0.535340973767396,0.440886550540025,0.09445442322737096
Qwen3.5-2B,current,think,tubitak_math2026,TR-OL,16384,64,32,Qwen3.6,think,16384.0,64,0.65625,0.53125,0.125
Qwen3.5-2B,current,think,aime2026,EN,32768,64,30,Qwen3.6,think,32768.0,1,0.0411458333333333,0.040625,0.0005208333333332968
Qwen3.5-2B,current,think,aime2026,EN,32768,64,30,Qwen3.6,think,32768.0,2,0.0710813492063492,0.0703042328042327,0.0007771164021165011
Qwen3.5-2B,current,think,aime2026,EN,32768,64,30,Qwen3.6,think,32768.0,4,0.1124907666221785,0.1116400892280056,0.0008506773941728968
Qwen3.5-2B,current,think,aime2026,EN,32768,64,30,Qwen3.6,think,32768.0,8,0.1627394779706296,0.1622658437690799,0.00047363420154969416
Qwen3.5-2B,current,think,aime2026,EN,32768,64,30,Qwen3.6,think,32768.0,16,0.2163252271307502,0.2162739425957192,5.1284535031004275e-05
Qwen3.5-2B,current,think,aime2026,EN,32768,64,30,Qwen3.6,think,32768.0,32,0.2611553019899138,0.261155274647835,2.7342078823267002e-08
Qwen3.5-2B,current,think,aime2026,EN,32768,64,30,Qwen3.6,think,32768.0,64,0.3,0.3,0.0
Qwen3.5-2B,current,think,aime2026_pt,PT,32768,64,30,Qwen3.6,think,32768.0,1,0.2817708333333334,0.2770833333333334,0.004687500000000011
Qwen3.5-2B,current,think,aime2026_pt,PT,32768,64,30,Qwen3.6,think,32768.0,2,0.3755291005291005,0.3683697089947089,0.0071593915343916015
Qwen3.5-2B,current,think,aime2026_pt,PT,32768,64,30,Qwen3.6,think,32768.0,4,0.4546090294041113,0.4444703083948192,0.010138721009292084
Qwen3.5-2B,current,think,aime2026_pt,PT,32768,64,30,Qwen3.6,think,32768.0,8,0.5121239668061133,0.4986317065609164,0.013492260245196896
Qwen3.5-2B,current,think,aime2026_pt,PT,32768,64,30,Qwen3.6,think,32768.0,16,0.5516697872723426,0.5367712972490483,0.014898490023294353
Qwen3.5-2B,current,think,aime2026_pt,PT,32768,64,30,Qwen3.6,think,32768.0,32,0.5832056468297471,0.5655911473350469,0.017614499494700175
Qwen3.5-2B,current,think,aime2026_pt,PT,32768,64,30,Qwen3.6,think,32768.0,64,0.6333333333333333,0.6,0.033333333333333326
Qwen3.5-2B,current,think,aime2026_tr,TR,32768,64,30,Qwen3.6,think,32768.0,1,0.234375,0.2302083333333333,0.004166666666666707
Qwen3.5-2B,current,think,aime2026_tr,TR,32768,64,30,Qwen3.6,think,32768.0,2,0.3191633597883598,0.3123511904761903,0.0068121693121694915
Qwen3.5-2B,current,think,aime2026_tr,TR,32768,64,30,Qwen3.6,think,32768.0,4,0.3978190341886798,0.3876493079163624,0.010169726272317436
Qwen3.5-2B,current,think,aime2026_tr,TR,32768,64,30,Qwen3.6,think,32768.0,8,0.4655428975076348,0.4508642962207552,0.014678601286879589
Qwen3.5-2B,current,think,aime2026_tr,TR,32768,64,30,Qwen3.6,think,32768.0,16,0.5265455486872176,0.5062943491613685,0.020251199525849084
Qwen3.5-2B,current,think,aime2026_tr,TR,32768,64,30,Qwen3.6,think,32768.0,32,0.5832776104374696,0.5569680535485836,0.026309556888886032
Qwen3.5-2B,current,think,aime2026_tr,TR,32768,64,30,Qwen3.6,think,32768.0,64,0.6333333333333333,0.6,0.033333333333333326
Qwen3.5-2B,current,think,tubitak_math2026,TR-OL,32768,64,32,Qwen3.6,think,32768.0,1,0.2578125,0.23486328125,0.02294921875
Qwen3.5-2B,current,think,tubitak_math2026,TR-OL,32768,64,32,Qwen3.6,think,32768.0,2,0.3556702628968254,0.3244977678571428,0.031172495039682613
Qwen3.5-2B,current,think,tubitak_math2026,TR-OL,32768,64,32,Qwen3.6,think,32768.0,4,0.4422992743666742,0.4059069452576113,0.036392329109062926
Qwen3.5-2B,current,think,tubitak_math2026,TR-OL,32768,64,32,Qwen3.6,think,32768.0,8,0.5098735568893231,0.467054187040092,0.042819369849231126
Qwen3.5-2B,current,think,tubitak_math2026,TR-OL,32768,64,32,Qwen3.6,think,32768.0,16,0.5686975382127422,0.5108932085785398,0.057804329634202345
Qwen3.5-2B,current,think,tubitak_math2026,TR-OL,32768,64,32,Qwen3.6,think,32768.0,32,0.6214507870405881,0.5465431723151417,0.07490761472544638
Qwen3.5-2B,current,think,tubitak_math2026,TR-OL,32768,64,32,Qwen3.6,think,32768.0,64,0.65625,0.5625,0.09375
Qwen3.5-2B,current,think,aime2026,EN,16384,64,30,Gemma4,think,16384.0,1,0.003125,0.0010416666666666,0.0020833333333334
Qwen3.5-2B,current,think,aime2026,EN,16384,64,30,Gemma4,think,16384.0,2,0.0060019841269841,0.0020667989417989,0.0039351851851851995
Qwen3.5-2B,current,think,aime2026,EN,16384,64,30,Gemma4,think,16384.0,4,0.0110751219225571,0.0040674603174603,0.0070076616050968
Qwen3.5-2B,current,think,aime2026,EN,16384,64,30,Gemma4,think,16384.0,8,0.0188979839083138,0.0078703703703703,0.011027613537943499
Qwen3.5-2B,current,think,aime2026,EN,16384,64,30,Gemma4,think,16384.0,16,0.0278774634018922,0.0146825396825396,0.013194923719352603
Qwen3.5-2B,current,think,aime2026,EN,16384,64,30,Gemma4,think,16384.0,32,0.0329304436417523,0.0251322751322751,0.007798168509477201
Qwen3.5-2B,current,think,aime2026,EN,16384,64,30,Gemma4,think,16384.0,64,0.0333333333333333,0.0333333333333333,0.0
Qwen3.5-2B,current,think,aime2026_pt,PT,16384,64,30,Gemma4,think,16384.0,1,0.1598958333333333,0.0401041666666666,0.11979166666666669
Qwen3.5-2B,current,think,aime2026_pt,PT,16384,64,30,Gemma4,think,16384.0,2,0.2220734126984127,0.0715608465608465,0.1505125661375662
Qwen3.5-2B,current,think,aime2026_pt,PT,16384,64,30,Gemma4,think,16384.0,4,0.2857783422729218,0.1173523498946555,0.16842599237826633
Qwen3.5-2B,current,think,aime2026_pt,PT,16384,64,30,Gemma4,think,16384.0,8,0.3449778272420541,0.1720862393228142,0.17289158791923992
Qwen3.5-2B,current,think,aime2026_pt,PT,16384,64,30,Gemma4,think,16384.0,16,0.3985570421938284,0.2249628328323448,0.17359420936148362
Qwen3.5-2B,current,think,aime2026_pt,PT,16384,64,30,Gemma4,think,16384.0,32,0.4422038100941862,0.2713659013666161,0.1708379087275701
Qwen3.5-2B,current,think,aime2026_pt,PT,16384,64,30,Gemma4,think,16384.0,64,0.4666666666666667,0.3,0.16666666666666669
Qwen3.5-2B,current,think,aime2026_tr,TR,16384,64,30,Gemma4,think,16384.0,1,0.1421875,0.0354166666666666,0.1067708333333334
Qwen3.5-2B,current,think,aime2026_tr,TR,16384,64,30,Gemma4,think,16384.0,2,0.2000330687830687,0.0622519841269841,0.1377810846560846
Qwen3.5-2B,current,think,aime2026_tr,TR,16384,64,30,Gemma4,think,16384.0,4,0.2584201585622791,0.0993064474159133,0.15911371114636583
Qwen3.5-2B,current,think,aime2026_tr,TR,16384,64,30,Gemma4,think,16384.0,8,0.3128994145615935,0.1403741530969387,0.17252526146465477
Qwen3.5-2B,current,think,aime2026_tr,TR,16384,64,30,Gemma4,think,16384.0,16,0.3659651609121294,0.1818630977437427,0.18410206316838668
Qwen3.5-2B,current,think,aime2026_tr,TR,16384,64,30,Gemma4,think,16384.0,32,0.4341266543711534,0.2305660557340693,0.2035605986370841
Qwen3.5-2B,current,think,aime2026_tr,TR,16384,64,30,Gemma4,think,16384.0,64,0.5,0.3,0.2
Qwen3.5-2B,current,think,pt_exams_math,PT,16384,16,166,Gemma4,think,16384.0,1,0.8493975903614458,0.8245481927710844,0.02484939759036142
Qwen3.5-2B,current,think,pt_exams_math,PT,16384,16,166,Gemma4,think,16384.0,2,0.8971385542168675,0.8844879518072285,0.012650602409639
Qwen3.5-2B,current,think,pt_exams_math,PT,16384,16,166,Gemma4,think,16384.0,4,0.9190288627035614,0.9122269296968092,0.006801933006752248
Qwen3.5-2B,current,think,pt_exams_math,PT,16384,16,166,Gemma4,think,16384.0,8,0.9341000365096752,0.9308389736100582,0.0032610628996170288
Qwen3.5-2B,current,think,pt_exams_math,PT,16384,16,166,Gemma4,think,16384.0,16,0.9457831325301204,0.9457831325301204,0.0
Qwen3.5-2B,current,think,tubitak_math2026,TR-OL,16384,64,32,Gemma4,think,16384.0,1,0.1376953125,0.0927734375,0.044921875
Qwen3.5-2B,current,think,tubitak_math2026,TR-OL,16384,64,32,Gemma4,think,16384.0,2,0.1969091021825396,0.1369357638888889,0.0599733382936507
Qwen3.5-2B,current,think,tubitak_math2026,TR-OL,16384,64,32,Gemma4,think,16384.0,4,0.2647568132885095,0.1882848699038049,0.07647194338470456
Qwen3.5-2B,current,think,tubitak_math2026,TR-OL,16384,64,32,Gemma4,think,16384.0,8,0.3417845350471664,0.247122713722566,0.09466182132460038
Qwen3.5-2B,current,think,tubitak_math2026,TR-OL,16384,64,32,Gemma4,think,16384.0,16,0.4300737368186802,0.3125659168731989,0.11750781994548132
Qwen3.5-2B,current,think,tubitak_math2026,TR-OL,16384,64,32,Gemma4,think,16384.0,32,0.535340973767396,0.3899578931024448,0.1453830806649512
Qwen3.5-2B,current,think,tubitak_math2026,TR-OL,16384,64,32,Gemma4,think,16384.0,64,0.65625,0.5,0.15625
Qwen3.5-4B,current,think,pt_exams_math,PT,16384,16,166,R1-distill,think,32768.0,1,0.9397590361445785,0.9243222891566264,0.015436746987952055
Qwen3.5-4B,current,think,pt_exams_math,PT,16384,16,166,R1-distill,think,32768.0,2,0.9600401606425704,0.9582329317269076,0.001807228915662762
Qwen3.5-4B,current,think,pt_exams_math,PT,16384,16,166,R1-distill,think,32768.0,4,0.9680954587581092,0.9678968621739706,0.00019859658413856618
Qwen3.5-4B,current,think,pt_exams_math,PT,16384,16,166,R1-distill,think,32768.0,8,0.9736596736596737,0.9736592055869164,4.6807275722038355e-07
Qwen3.5-4B,current,think,pt_exams_math,PT,16384,16,166,R1-distill,think,32768.0,16,0.9759036144578314,0.9759036144578314,0.0
Qwen3.5-4B,current,think,aime2026_pt,PT,32768,64,30,R1-distill,think,32768.0,1,0.7098958333333333,0.659375,0.05052083333333324
Qwen3.5-4B,current,think,aime2026_pt,PT,32768,64,30,R1-distill,think,32768.0,2,0.797337962962963,0.7776289682539683,0.019708994708994676
Qwen3.5-4B,current,think,aime2026_pt,PT,32768,64,30,R1-distill,think,32768.0,4,0.8462019339729546,0.8382625406058776,0.007939393367077052
Qwen3.5-4B,current,think,aime2026_pt,PT,32768,64,30,R1-distill,think,32768.0,8,0.8736831843408281,0.8705414081281265,0.003141776212701619
Qwen3.5-4B,current,think,aime2026_pt,PT,32768,64,30,R1-distill,think,32768.0,16,0.8894961616782197,0.88911141355019,0.0003847481280296883
Qwen3.5-4B,current,think,aime2026_pt,PT,32768,64,30,R1-distill,think,32768.0,32,0.908465567068545,0.9084647226531908,8.44415354195327e-07
Qwen3.5-4B,current,think,aime2026_pt,PT,32768,64,30,R1-distill,think,32768.0,64,0.9333333333333332,0.9333333333333332,0.0
Qwen3.5-4B,current,think,aime2026_tr,TR,32768,64,30,R1-distill,think,32768.0,1,0.6854166666666667,0.6098958333333333,0.07552083333333337
Qwen3.5-4B,current,think,aime2026_tr,TR,32768,64,30,R1-distill,think,32768.0,2,0.7874173280423281,0.7402281746031745,0.04718915343915364
Qwen3.5-4B,current,think,aime2026_tr,TR,32768,64,30,R1-distill,think,32768.0,4,0.8466832237918964,0.81978308906852,0.02690013472337638
Qwen3.5-4B,current,think,aime2026_tr,TR,32768,64,30,R1-distill,think,32768.0,8,0.8784783938812233,0.8633415865179669,0.0151368073632564
Qwen3.5-4B,current,think,aime2026_tr,TR,32768,64,30,R1-distill,think,32768.0,16,0.8977420938429741,0.8903050717509756,0.00743702209199848
Qwen3.5-4B,current,think,aime2026_tr,TR,32768,64,30,R1-distill,think,32768.0,32,0.9147797899971478,0.9125177614937624,0.002262028503385416
Qwen3.5-4B,current,think,aime2026_tr,TR,32768,64,30,R1-distill,think,32768.0,64,0.9333333333333332,0.9333333333333332,0.0
Qwen3.5-4B,current,think,tubitak_math2026,TR-OL,32768,64,32,R1-distill,think,32768.0,1,0.65478515625,0.55078125,0.10400390625
Qwen3.5-4B,current,think,tubitak_math2026,TR-OL,32768,64,32,R1-distill,think,32768.0,2,0.7640593998015873,0.6916697668650794,0.07238963293650791
Qwen3.5-4B,current,think,tubitak_math2026,TR-OL,32768,64,32,R1-distill,think,32768.0,4,0.8384493984664199,0.7861674130750924,0.052281985391327446
Qwen3.5-4B,current,think,tubitak_math2026,TR-OL,32768,64,32,R1-distill,think,32768.0,8,0.8818775468154288,0.8451216586964067,0.036755888119022195
Qwen3.5-4B,current,think,tubitak_math2026,TR-OL,32768,64,32,R1-distill,think,32768.0,16,0.9061338832545964,0.8814746834854534,0.024659199769142992
Qwen3.5-4B,current,think,tubitak_math2026,TR-OL,32768,64,32,R1-distill,think,32768.0,32,0.9260890101886328,0.905808616582051,0.020280393606581737
Qwen3.5-4B,current,think,tubitak_math2026,TR-OL,32768,64,32,R1-distill,think,32768.0,64,0.9375,0.9375,0.0
Qwen3.5-4B,current,think,aime2026,EN,65536,64,30,R1-distill,think,32768.0,1,0.7536458333333335,0.7,0.053645833333333504
Qwen3.5-4B,current,think,aime2026,EN,65536,64,30,R1-distill,think,32768.0,2,0.8560515873015874,0.8381117724867724,0.01793981481481499
Qwen3.5-4B,current,think,aime2026,EN,65536,64,30,R1-distill,think,32768.0,4,0.90791442127706,0.902712671971662,0.005201749305397962
Qwen3.5-4B,current,think,aime2026,EN,65536,64,30,R1-distill,think,32768.0,8,0.9347296817642686,0.9327494220500622,0.001980259714206456
Qwen3.5-4B,current,think,aime2026,EN,65536,64,30,R1-distill,think,32768.0,16,0.9513449994610784,0.950728871309668,0.0006161281514104333
Qwen3.5-4B,current,think,aime2026,EN,65536,64,30,R1-distill,think,32768.0,32,0.9626842147483398,0.9626644598907096,1.975485763017204e-05
Qwen3.5-4B,current,think,aime2026,EN,65536,64,30,R1-distill,think,32768.0,64,0.9666666666666668,0.9666666666666668,0.0
Qwen3.5-4B,current,think,aime2026,EN,16384,64,30,Qwen3.6,think,16384.0,1,0.1052083333333333,0.103125,0.002083333333333312
Qwen3.5-4B,current,think,aime2026,EN,16384,64,30,Qwen3.6,think,16384.0,2,0.1536541005291005,0.1505291005291005,0.003124999999999989
Qwen3.5-4B,current,think,aime2026,EN,16384,64,30,Qwen3.6,think,16384.0,4,0.2107317032224488,0.2067012288786482,0.004030474343800605
Qwen3.5-4B,current,think,aime2026,EN,16384,64,30,Qwen3.6,think,16384.0,8,0.263946279989058,0.2595782634346435,0.004368016554414489
Qwen3.5-4B,current,think,aime2026,EN,16384,64,30,Qwen3.6,think,16384.0,16,0.3088283664369304,0.3056657364512657,0.003162629985664689
Qwen3.5-4B,current,think,aime2026,EN,16384,64,30,Qwen3.6,think,16384.0,32,0.3486371789790681,0.3480582843630916,0.0005788946159764885
Qwen3.5-4B,current,think,aime2026,EN,16384,64,30,Qwen3.6,think,16384.0,64,0.4,0.4,0.0
Qwen3.5-4B,current,think,aime2026_pt,PT,16384,64,30,Qwen3.6,think,16384.0,1,0.5098958333333334,0.5057291666666667,0.004166666666666763
Qwen3.5-4B,current,think,aime2026_pt,PT,16384,64,30,Qwen3.6,think,16384.0,2,0.6023809523809524,0.6002645502645502,0.002116402116402183
Qwen3.5-4B,current,think,aime2026_pt,PT,16384,64,30,Qwen3.6,think,16384.0,4,0.6788023154793382,0.6772081413210448,0.0015941741582934377
Qwen3.5-4B,current,think,aime2026_pt,PT,16384,64,30,Qwen3.6,think,16384.0,8,0.7398318329619175,0.7391136734862276,0.0007181594756898724
Qwen3.5-4B,current,think,aime2026_pt,PT,16384,64,30,Qwen3.6,think,16384.0,16,0.7798374641994036,0.7797758402040135,6.162399539011432e-05
Qwen3.5-4B,current,think,aime2026_pt,PT,16384,64,30,Qwen3.6,think,16384.0,32,0.8075762487917951,0.8075762211707234,2.762107176312867e-08
Qwen3.5-4B,current,think,aime2026_pt,PT,16384,64,30,Qwen3.6,think,16384.0,64,0.8333333333333334,0.8333333333333334,0.0
Qwen3.5-4B,current,think,aime2026_tr,TR,16384,64,30,Qwen3.6,think,16384.0,1,0.5182291666666667,0.50625,0.011979166666666763
Qwen3.5-4B,current,think,aime2026_tr,TR,16384,64,30,Qwen3.6,think,16384.0,2,0.6143518518518518,0.6066302910052909,0.007721560846560949
Qwen3.5-4B,current,think,aime2026_tr,TR,16384,64,30,Qwen3.6,think,16384.0,4,0.6911107228895437,0.6864424634652028,0.004668259424340904
Qwen3.5-4B,current,think,aime2026_tr,TR,16384,64,30,Qwen3.6,think,16384.0,8,0.7528409456993128,0.7499403178873727,0.002900627811940115
Qwen3.5-4B,current,think,aime2026_tr,TR,16384,64,30,Qwen3.6,think,16384.0,16,0.7899552518578009,0.7890329243295536,0.0009223275282472798
Qwen3.5-4B,current,think,aime2026_tr,TR,16384,64,30,Qwen3.6,think,16384.0,32,0.7997179046362111,0.7996946594796664,2.3245156544615675e-05
Qwen3.5-4B,current,think,aime2026_tr,TR,16384,64,30,Qwen3.6,think,16384.0,64,0.8,0.8,0.0
Qwen3.5-4B,current,think,pt_exams_math,PT,16384,16,166,Qwen3.6,think,16384.0,1,0.9397590361445785,0.939382530120482,0.00037650602409644573
Qwen3.5-4B,current,think,pt_exams_math,PT,16384,16,166,Qwen3.6,think,16384.0,2,0.9600401606425704,0.9600401606425704,0.0
Qwen3.5-4B,current,think,pt_exams_math,PT,16384,16,166,Qwen3.6,think,16384.0,4,0.9680954587581092,0.9680954587581094,-2.220446049250313e-16
Qwen3.5-4B,current,think,pt_exams_math,PT,16384,16,166,Qwen3.6,think,16384.0,8,0.9736596736596737,0.9736596736596738,-1.1102230246251565e-16
Qwen3.5-4B,current,think,pt_exams_math,PT,16384,16,166,Qwen3.6,think,16384.0,16,0.9759036144578314,0.9759036144578314,0.0
Qwen3.5-4B,current,think,tubitak_math2026,TR-OL,16384,64,32,Qwen3.6,think,16384.0,1,0.45361328125,0.4501953125,0.00341796875
Qwen3.5-4B,current,think,tubitak_math2026,TR-OL,16384,64,32,Qwen3.6,think,16384.0,2,0.5533854166666666,0.5501767113095238,0.0032087053571427937
Qwen3.5-4B,current,think,tubitak_math2026,TR-OL,16384,64,32,Qwen3.6,think,16384.0,4,0.640522501636826,0.6366659761306691,0.0038565255061568937
Qwen3.5-4B,current,think,tubitak_math2026,TR-OL,16384,64,32,Qwen3.6,think,16384.0,8,0.7126156016215411,0.7074095226662465,0.00520607895529468
Qwen3.5-4B,current,think,tubitak_math2026,TR-OL,16384,64,32,Qwen3.6,think,16384.0,16,0.7750529956263186,0.768060294645838,0.0069927009804805484
Qwen3.5-4B,current,think,tubitak_math2026,TR-OL,16384,64,32,Qwen3.6,think,16384.0,32,0.8320624364791372,0.8240308728984778,0.008031563580659484
Qwen3.5-4B,current,think,tubitak_math2026,TR-OL,16384,64,32,Qwen3.6,think,16384.0,64,0.875,0.875,0.0
Qwen3.5-4B,current,think,aime2026_pt,PT,32768,64,30,Qwen3.6,think,32768.0,1,0.7098958333333333,0.7036458333333333,0.006249999999999978
Qwen3.5-4B,current,think,aime2026_pt,PT,32768,64,30,Qwen3.6,think,32768.0,2,0.797337962962963,0.7938988095238099,0.003439153439153131
Qwen3.5-4B,current,think,aime2026_pt,PT,32768,64,30,Qwen3.6,think,32768.0,4,0.8462019339729546,0.8432690774176762,0.002932856555278418
Qwen3.5-4B,current,think,aime2026_pt,PT,32768,64,30,Qwen3.6,think,32768.0,8,0.8736831843408281,0.8717295352154437,0.001953649125384427
Qwen3.5-4B,current,think,aime2026_pt,PT,32768,64,30,Qwen3.6,think,32768.0,16,0.8894961616782197,0.8891604810852888,0.00033568059293087593
Qwen3.5-4B,current,think,aime2026_pt,PT,32768,64,30,Qwen3.6,think,32768.0,32,0.908465567068545,0.9084647266593868,8.404091581537543e-07
Qwen3.5-4B,current,think,aime2026_pt,PT,32768,64,30,Qwen3.6,think,32768.0,64,0.9333333333333332,0.9333333333333332,0.0
Qwen3.5-4B,current,think,aime2026_tr,TR,32768,64,30,Qwen3.6,think,32768.0,1,0.6854166666666667,0.6697916666666667,0.015625
Qwen3.5-4B,current,think,aime2026_tr,TR,32768,64,30,Qwen3.6,think,32768.0,2,0.7874173280423281,0.7762400793650793,0.011177248677248786
Qwen3.5-4B,current,think,aime2026_tr,TR,32768,64,30,Qwen3.6,think,32768.0,4,0.8466832237918964,0.8381197380238893,0.00856348576800714
Qwen3.5-4B,current,think,aime2026_tr,TR,32768,64,30,Qwen3.6,think,32768.0,8,0.8784783938812233,0.8714553290123104,0.007023064868912909
Qwen3.5-4B,current,think,aime2026_tr,TR,32768,64,30,Qwen3.6,think,32768.0,16,0.8977420938429741,0.893005308685936,0.004736785157038126
Qwen3.5-4B,current,think,aime2026_tr,TR,32768,64,30,Qwen3.6,think,32768.0,32,0.9147797899971478,0.9126842147466624,0.0020955752504854264
Qwen3.5-4B,current,think,aime2026_tr,TR,32768,64,30,Qwen3.6,think,32768.0,64,0.9333333333333332,0.9333333333333332,0.0
Qwen3.5-4B,current,think,tubitak_math2026,TR-OL,32768,64,32,Qwen3.6,think,32768.0,1,0.65478515625,0.63525390625,0.01953125
Qwen3.5-4B,current,think,tubitak_math2026,TR-OL,32768,64,32,Qwen3.6,think,32768.0,2,0.7640593998015873,0.7473028273809523,0.016756572420634996
Qwen3.5-4B,current,think,tubitak_math2026,TR-OL,32768,64,32,Qwen3.6,think,32768.0,4,0.8384493984664199,0.8233639411938757,0.015085457272544178
Qwen3.5-4B,current,think,tubitak_math2026,TR-OL,32768,64,32,Qwen3.6,think,32768.0,8,0.8818775468154288,0.8687971613267683,0.013080385488660529
Qwen3.5-4B,current,think,tubitak_math2026,TR-OL,32768,64,32,Qwen3.6,think,32768.0,16,0.9061338832545964,0.8966478342095885,0.009486049045007938
Qwen3.5-4B,current,think,tubitak_math2026,TR-OL,32768,64,32,Qwen3.6,think,32768.0,32,0.9260890101886328,0.9179832914741975,0.008105718714435217
Qwen3.5-4B,current,think,tubitak_math2026,TR-OL,32768,64,32,Qwen3.6,think,32768.0,64,0.9375,0.9375,0.0
Qwen3.5-4B,current,think,aime2026,EN,65536,64,30,Qwen3.6,think,32768.0,1,0.7536458333333335,0.7333333333333333,0.020312500000000178
Qwen3.5-4B,current,think,aime2026,EN,65536,64,30,Qwen3.6,think,32768.0,2,0.8560515873015874,0.847800925925926,0.008250661375661328
Qwen3.5-4B,current,think,aime2026,EN,65536,64,30,Qwen3.6,think,32768.0,4,0.90791442127706,0.9027764662184284,0.005137955058631571
Qwen3.5-4B,current,think,aime2026,EN,65536,64,30,Qwen3.6,think,32768.0,8,0.9347296817642686,0.9316045601334012,0.0031251216308674223
Qwen3.5-4B,current,think,aime2026,EN,65536,64,30,Qwen3.6,think,32768.0,16,0.9513449994610784,0.9505701631209776,0.0007748363401007818
Qwen3.5-4B,current,think,aime2026,EN,65536,64,30,Qwen3.6,think,32768.0,32,0.9626842147483398,0.9626643460398044,1.9868708535319968e-05
Qwen3.5-4B,current,think,aime2026,EN,65536,64,30,Qwen3.6,think,32768.0,64,0.9666666666666668,0.9666666666666668,0.0
Qwen3.5-4B,current,think,aime2026,EN,16384,64,30,Gemma4,think,16384.0,1,0.1052083333333333,0.0713541666666666,0.03385416666666671
Qwen3.5-4B,current,think,aime2026,EN,16384,64,30,Gemma4,think,16384.0,2,0.1536541005291005,0.1140376984126983,0.0396164021164022
Qwen3.5-4B,current,think,aime2026,EN,16384,64,30,Gemma4,think,16384.0,4,0.2107317032224488,0.1671241385678191,0.0436075646546297
Qwen3.5-4B,current,think,aime2026,EN,16384,64,30,Gemma4,think,16384.0,8,0.263946279989058,0.2254442891765598,0.03850199081249822
Qwen3.5-4B,current,think,aime2026,EN,16384,64,30,Gemma4,think,16384.0,16,0.3088283664369304,0.2805672407685787,0.028261125668351705
Qwen3.5-4B,current,think,aime2026,EN,16384,64,30,Gemma4,think,16384.0,32,0.3486371789790681,0.3265293654671947,0.02210781351187341
Qwen3.5-4B,current,think,aime2026,EN,16384,64,30,Gemma4,think,16384.0,64,0.4,0.3666666666666666,0.03333333333333344
Qwen3.5-4B,current,think,aime2026_pt,PT,16384,64,30,Gemma4,think,16384.0,1,0.5098958333333334,0.2307291666666667,0.27916666666666673
Qwen3.5-4B,current,think,aime2026_pt,PT,16384,64,30,Gemma4,think,16384.0,2,0.6023809523809524,0.3387070105820105,0.2636739417989418
Qwen3.5-4B,current,think,aime2026_pt,PT,16384,64,30,Gemma4,think,16384.0,4,0.6788023154793382,0.4491769702769174,0.22962534520242084
Qwen3.5-4B,current,think,aime2026_pt,PT,16384,64,30,Gemma4,think,16384.0,8,0.7398318329619175,0.5488297511120014,0.19100208184991607
Qwen3.5-4B,current,think,aime2026_pt,PT,16384,64,30,Gemma4,think,16384.0,16,0.7798374641994036,0.62425133451242,0.1555861296869836
Qwen3.5-4B,current,think,aime2026_pt,PT,16384,64,30,Gemma4,think,16384.0,32,0.8075762487917951,0.6717129750983026,0.1358632736934925
Qwen3.5-4B,current,think,aime2026_pt,PT,16384,64,30,Gemma4,think,16384.0,64,0.8333333333333334,0.7,0.13333333333333341
Qwen3.5-4B,current,think,aime2026_tr,TR,16384,64,30,Gemma4,think,16384.0,1,0.5182291666666667,0.3895833333333333,0.12864583333333346
Qwen3.5-4B,current,think,aime2026_tr,TR,16384,64,30,Gemma4,think,16384.0,2,0.6143518518518518,0.5123511904761904,0.10200066137566144
Qwen3.5-4B,current,think,aime2026_tr,TR,16384,64,30,Gemma4,think,16384.0,4,0.6911107228895437,0.6163302779246725,0.07478044496487113
Qwen3.5-4B,current,think,aime2026_tr,TR,16384,64,30,Gemma4,think,16384.0,8,0.7528409456993128,0.6959076644166331,0.056933281282679715
Qwen3.5-4B,current,think,aime2026_tr,TR,16384,64,30,Gemma4,think,16384.0,16,0.7899552518578009,0.7539552322212518,0.036000019636549085
Qwen3.5-4B,current,think,aime2026_tr,TR,16384,64,30,Gemma4,think,16384.0,32,0.7997179046362111,0.7902741536949305,0.009443750941280582
Qwen3.5-4B,current,think,aime2026_tr,TR,16384,64,30,Gemma4,think,16384.0,64,0.8,0.8,0.0
Qwen3.5-4B,current,think,pt_exams_math,PT,16384,16,166,Gemma4,think,16384.0,1,0.9397590361445785,0.9265813253012049,0.013177710843373602
Qwen3.5-4B,current,think,pt_exams_math,PT,16384,16,166,Gemma4,think,16384.0,2,0.9600401606425704,0.955622489959839,0.004417670682731356
Qwen3.5-4B,current,think,pt_exams_math,PT,16384,16,166,Gemma4,think,16384.0,4,0.9680954587581092,0.9659804051370318,0.002115053621077445
Qwen3.5-4B,current,think,pt_exams_math,PT,16384,16,166,Gemma4,think,16384.0,8,0.9736596736596737,0.9730614766759346,0.0005981969837390855
Qwen3.5-4B,current,think,pt_exams_math,PT,16384,16,166,Gemma4,think,16384.0,16,0.9759036144578314,0.9759036144578314,0.0
Qwen3.5-4B,current,think,tubitak_math2026,TR-OL,16384,64,32,Gemma4,think,16384.0,1,0.45361328125,0.36328125,0.09033203125
Qwen3.5-4B,current,think,tubitak_math2026,TR-OL,16384,64,32,Gemma4,think,16384.0,2,0.5533854166666666,0.4654172867063491,0.08796812996031755
Qwen3.5-4B,current,think,tubitak_math2026,TR-OL,16384,64,32,Gemma4,think,16384.0,4,0.640522501636826,0.5511262720814133,0.08939622955541271
Qwen3.5-4B,current,think,tubitak_math2026,TR-OL,16384,64,32,Gemma4,think,16384.0,8,0.7126156016215411,0.626437872854291,0.08617772876725016
Qwen3.5-4B,current,think,tubitak_math2026,TR-OL,16384,64,32,Gemma4,think,16384.0,16,0.7750529956263186,0.6927612572621121,0.08229173836420645
Qwen3.5-4B,current,think,tubitak_math2026,TR-OL,16384,64,32,Gemma4,think,16384.0,32,0.8320624364791372,0.7561506328116483,0.07591180366748895
Qwen3.5-4B,current,think,tubitak_math2026,TR-OL,16384,64,32,Gemma4,think,16384.0,64,0.875,0.8125,0.0625
Qwen3.5-9B,current,think,pt_exams_math,PT,16384,16,166,R1-distill,think,32768.0,1,0.952183734939759,0.9390060240963856,0.013177710843373491
Qwen3.5-9B,current,think,pt_exams_math,PT,16384,16,166,R1-distill,think,32768.0,2,0.9637550200803212,0.962550200803213,0.0012048192771082489
Qwen3.5-9B,current,think,pt_exams_math,PT,16384,16,166,R1-distill,think,32768.0,4,0.9679531312061432,0.967840593141798,0.0001125380643451912
Qwen3.5-9B,current,think,pt_exams_math,PT,16384,16,166,R1-distill,think,32768.0,8,0.9714859437751004,0.9714859437751004,0.0
Qwen3.5-9B,current,think,pt_exams_math,PT,16384,16,166,R1-distill,think,32768.0,16,0.9759036144578314,0.9759036144578314,0.0
Qwen3.5-9B,current,think,aime2026_pt,PT,32768,64,30,R1-distill,think,32768.0,1,0.7817708333333333,0.7338541666666667,0.04791666666666661
Qwen3.5-9B,current,think,aime2026_pt,PT,32768,64,30,R1-distill,think,32768.0,2,0.8529265873015873,0.8329199735449738,0.0200066137566135
Qwen3.5-9B,current,think,aime2026_pt,PT,32768,64,30,R1-distill,think,32768.0,4,0.8878553801213769,0.8801675962999338,0.007687783821443084
Qwen3.5-9B,current,think,aime2026_pt,PT,32768,64,30,R1-distill,think,32768.0,8,0.909930439363557,0.9058371575585774,0.004093281804979587
Qwen3.5-9B,current,think,aime2026_pt,PT,32768,64,30,R1-distill,think,32768.0,16,0.9313387453715426,0.9287238175310986,0.002614927840444037
Qwen3.5-9B,current,think,aime2026_pt,PT,32768,64,30,R1-distill,think,32768.0,32,0.9490403983779336,0.9487167217231104,0.00032367665482324615
Qwen3.5-9B,current,think,aime2026_pt,PT,32768,64,30,R1-distill,think,32768.0,64,0.9666666666666668,0.9666666666666668,0.0
Qwen3.5-9B,current,think,aime2026_tr,TR,32768,64,30,R1-distill,think,32768.0,1,0.7598958333333333,0.6822916666666666,0.0776041666666667
Qwen3.5-9B,current,think,aime2026_tr,TR,32768,64,30,R1-distill,think,32768.0,2,0.8349041005291006,0.7946428571428572,0.04026124338624337
Qwen3.5-9B,current,think,aime2026_tr,TR,32768,64,30,R1-distill,think,32768.0,4,0.8812792740046838,0.8584617612248494,0.022817512779834348
Qwen3.5-9B,current,think,aime2026_tr,TR,32768,64,30,R1-distill,think,32768.0,8,0.9088395276152276,0.895216578918085,0.013622948697142534
Qwen3.5-9B,current,think,aime2026_tr,TR,32768,64,30,R1-distill,think,32768.0,16,0.9258443598881826,0.918185053514946,0.007659306373236641
Qwen3.5-9B,current,think,aime2026_tr,TR,32768,64,30,R1-distill,think,32768.0,32,0.9328964951971458,0.9315725150435809,0.001323980153564941
Qwen3.5-9B,current,think,aime2026_tr,TR,32768,64,30,R1-distill,think,32768.0,64,0.9333333333333332,0.9333333333333332,0.0
Qwen3.5-9B,current,think,aime2026,EN,65536,64,30,R1-distill,think,32768.0,1,0.8453125,0.7869791666666667,0.05833333333333335
Qwen3.5-9B,current,think,aime2026,EN,65536,64,30,R1-distill,think,32768.0,2,0.9087466931216932,0.89348544973545,0.01526124338624324
Qwen3.5-9B,current,think,aime2026,EN,65536,64,30,R1-distill,think,32768.0,4,0.941640068243056,0.9342432407477358,0.007396827495320224
Qwen3.5-9B,current,think,aime2026,EN,65536,64,30,R1-distill,think,32768.0,8,0.9592652751513736,0.9550415361480458,0.004223739003327842
Qwen3.5-9B,current,think,aime2026,EN,65536,64,30,R1-distill,think,32768.0,16,0.9659153612196932,0.9651641011298786,0.0007512600898146315
Qwen3.5-9B,current,think,aime2026,EN,65536,64,30,R1-distill,think,32768.0,32,0.9666643736408485,0.966660001435357,4.372205491431913e-06
Qwen3.5-9B,current,think,aime2026,EN,65536,64,30,R1-distill,think,32768.0,64,0.9666666666666668,0.9666666666666668,0.0
Qwen3.5-9B,current,think,aime2026,EN,16384,64,30,Qwen3.6,think,16384.0,1,0.1625,0.1588541666666666,0.0036458333333334036
Qwen3.5-9B,current,think,aime2026,EN,16384,64,30,Qwen3.6,think,16384.0,2,0.2120205026455026,0.2088458994708994,0.003174603174603191
Qwen3.5-9B,current,think,aime2026,EN,16384,64,30,Qwen3.6,think,16384.0,4,0.2602702441808734,0.2570722427874728,0.0031980013934005957
Qwen3.5-9B,current,think,aime2026,EN,16384,64,30,Qwen3.6,think,16384.0,8,0.3021561389163171,0.2998841346950776,0.002272004221239521
Qwen3.5-9B,current,think,aime2026,EN,16384,64,30,Qwen3.6,think,16384.0,16,0.336482393590954,0.3360037379293413,0.00047865566161270356
Qwen3.5-9B,current,think,aime2026,EN,16384,64,30,Qwen3.6,think,16384.0,32,0.3653829417757284,0.3653807682920914,2.173483637013529e-06
Qwen3.5-9B,current,think,aime2026,EN,16384,64,30,Qwen3.6,think,16384.0,64,0.4,0.4,0.0
Qwen3.5-9B,current,think,aime2026_pt,PT,16384,64,30,Qwen3.6,think,16384.0,1,0.553125,0.5505208333333333,0.0026041666666666297
Qwen3.5-9B,current,think,aime2026_pt,PT,16384,64,30,Qwen3.6,think,16384.0,2,0.6514715608465609,0.6506448412698412,0.0008267195767196478
Qwen3.5-9B,current,think,aime2026_pt,PT,16384,64,30,Qwen3.6,think,16384.0,4,0.7190089018156178,0.7188556067588324,0.00015329505678540745
Qwen3.5-9B,current,think,aime2026_pt,PT,16384,64,30,Qwen3.6,think,16384.0,8,0.7563587776988212,0.7563538108938846,4.96680493655699e-06
Qwen3.5-9B,current,think,aime2026_pt,PT,16384,64,30,Qwen3.6,think,16384.0,16,0.7735732278347941,0.7735732273076203,5.271737490986084e-10
Qwen3.5-9B,current,think,aime2026_pt,PT,16384,64,30,Qwen3.6,think,16384.0,32,0.783330041998806,0.7833300419988061,-1.1102230246251565e-16
Qwen3.5-9B,current,think,aime2026_pt,PT,16384,64,30,Qwen3.6,think,16384.0,64,0.8,0.8,0.0
Qwen3.5-9B,current,think,aime2026_tr,TR,16384,64,30,Qwen3.6,think,16384.0,1,0.6255208333333333,0.6197916666666666,0.005729166666666674
Qwen3.5-9B,current,think,aime2026_tr,TR,16384,64,30,Qwen3.6,think,16384.0,2,0.7180886243386244,0.7163855820105821,0.0017030423280423035
Qwen3.5-9B,current,think,aime2026_tr,TR,16384,64,30,Qwen3.6,think,16384.0,4,0.7762237897979569,0.7757618061326415,0.00046198366531546853
Qwen3.5-9B,current,think,aime2026_tr,TR,16384,64,30,Qwen3.6,think,16384.0,8,0.8058016604287584,0.8057386208877257,6.303954103270559e-05
Qwen3.5-9B,current,think,aime2026_tr,TR,16384,64,30,Qwen3.6,think,16384.0,16,0.8244806521683895,0.8244802722573991,3.79910990444543e-07
Qwen3.5-9B,current,think,aime2026_tr,TR,16384,64,30,Qwen3.6,think,16384.0,32,0.8499991181940991,0.8499991181940924,6.772360450213455e-15
Qwen3.5-9B,current,think,aime2026_tr,TR,16384,64,30,Qwen3.6,think,16384.0,64,0.9,0.9,0.0
Qwen3.5-9B,current,think,pt_exams_math,PT,16384,16,166,Qwen3.6,think,16384.0,1,0.952183734939759,0.9514307228915664,0.0007530120481926694
Qwen3.5-9B,current,think,pt_exams_math,PT,16384,16,166,Qwen3.6,think,16384.0,2,0.9637550200803212,0.9637550200803212,0.0
Qwen3.5-9B,current,think,pt_exams_math,PT,16384,16,166,Qwen3.6,think,16384.0,4,0.9679531312061432,0.9679531312061432,0.0
Qwen3.5-9B,current,think,pt_exams_math,PT,16384,16,166,Qwen3.6,think,16384.0,8,0.9714859437751004,0.9714859437751004,0.0
Qwen3.5-9B,current,think,pt_exams_math,PT,16384,16,166,Qwen3.6,think,16384.0,16,0.9759036144578314,0.9759036144578314,0.0
Qwen3.5-9B,current,think,tubitak_math2026,TR-OL,16384,64,32,Qwen3.6,think,16384.0,1,0.5537109375000001,0.5498046875,0.003906250000000111
Qwen3.5-9B,current,think,tubitak_math2026,TR-OL,16384,64,32,Qwen3.6,think,16384.0,2,0.6481429811507936,0.646546378968254,0.0015966021825396526
Qwen3.5-9B,current,think,tubitak_math2026,TR-OL,16384,64,32,Qwen3.6,think,16384.0,4,0.7193579569420312,0.7191245813502556,0.00023337559177560863
Qwen3.5-9B,current,think,tubitak_math2026,TR-OL,16384,64,32,Qwen3.6,think,16384.0,8,0.7798195120440425,0.7798178038427847,1.7082012578883976e-06
Qwen3.5-9B,current,think,tubitak_math2026,TR-OL,16384,64,32,Qwen3.6,think,16384.0,16,0.8331217061071265,0.8331217061055345,1.5920598173124745e-12
Qwen3.5-9B,current,think,tubitak_math2026,TR-OL,16384,64,32,Qwen3.6,think,16384.0,32,0.8766061942598307,0.8766061942598306,1.1102230246251565e-16
Qwen3.5-9B,current,think,tubitak_math2026,TR-OL,16384,64,32,Qwen3.6,think,16384.0,64,0.90625,0.90625,0.0
Qwen3.5-9B,current,think,aime2026_pt,PT,32768,64,30,Qwen3.6,think,32768.0,1,0.7817708333333333,0.7765625,0.005208333333333259
Qwen3.5-9B,current,think,aime2026_pt,PT,32768,64,30,Qwen3.6,think,32768.0,2,0.8529265873015873,0.8495866402116402,0.003339947089947115
Qwen3.5-9B,current,think,aime2026_pt,PT,32768,64,30,Qwen3.6,think,32768.0,4,0.8878553801213769,0.8856874774411793,0.0021679026801976198
Qwen3.5-9B,current,think,aime2026_pt,PT,32768,64,30,Qwen3.6,think,32768.0,8,0.909930439363557,0.9073536758782936,0.002576763485263367
Qwen3.5-9B,current,think,aime2026_pt,PT,32768,64,30,Qwen3.6,think,32768.0,16,0.9313387453715426,0.9286165775708584,0.0027221678006842387
Qwen3.5-9B,current,think,aime2026_pt,PT,32768,64,30,Qwen3.6,think,32768.0,32,0.9490403983779336,0.948034239994726,0.0010061583832076115
Qwen3.5-9B,current,think,aime2026_pt,PT,32768,64,30,Qwen3.6,think,32768.0,64,0.9666666666666668,0.9666666666666668,0.0
Qwen3.5-9B,current,think,aime2026_tr,TR,32768,64,30,Qwen3.6,think,32768.0,1,0.7598958333333333,0.7473958333333334,0.012499999999999956
Qwen3.5-9B,current,think,aime2026_tr,TR,32768,64,30,Qwen3.6,think,32768.0,2,0.8349041005291006,0.827695105820106,0.007208994708994609
Qwen3.5-9B,current,think,aime2026_tr,TR,32768,64,30,Qwen3.6,think,32768.0,4,0.8812792740046838,0.8770958193783418,0.004183454626341954
Qwen3.5-9B,current,think,aime2026_tr,TR,32768,64,30,Qwen3.6,think,32768.0,8,0.9088395276152276,0.9077315745168668,0.0011079530983607588
Qwen3.5-9B,current,think,aime2026_tr,TR,32768,64,30,Qwen3.6,think,32768.0,16,0.9258443598881826,0.9258164250936574,2.7934794525230622e-05
Qwen3.5-9B,current,think,aime2026_tr,TR,32768,64,30,Qwen3.6,think,32768.0,32,0.9328964951971458,0.9328964948135317,3.8361414045340325e-10
Qwen3.5-9B,current,think,aime2026_tr,TR,32768,64,30,Qwen3.6,think,32768.0,64,0.9333333333333332,0.9333333333333332,0.0
Qwen3.5-9B,current,think,tubitak_math2026,TR-OL,32768,64,32,Qwen3.6,think,32768.0,1,0.75390625,0.73779296875,0.01611328125
Qwen3.5-9B,current,think,tubitak_math2026,TR-OL,32768,64,32,Qwen3.6,think,32768.0,2,0.8358134920634921,0.8292565724206349,0.006556919642857206
Qwen3.5-9B,current,think,tubitak_math2026,TR-OL,32768,64,32,Qwen3.6,think,32768.0,4,0.8821831482460779,0.8780440636725338,0.004139084573544061
Qwen3.5-9B,current,think,tubitak_math2026,TR-OL,32768,64,32,Qwen3.6,think,32768.0,8,0.9068247563369732,0.9021558616856564,0.004668894651316813
Qwen3.5-9B,current,think,tubitak_math2026,TR-OL,32768,64,32,Qwen3.6,think,32768.0,16,0.9242192668453676,0.9194054718639566,0.00481379498141099
Qwen3.5-9B,current,think,tubitak_math2026,TR-OL,32768,64,32,Qwen3.6,think,32768.0,32,0.93556204434497,0.9334020528129304,0.002159991532039607
Qwen3.5-9B,current,think,tubitak_math2026,TR-OL,32768,64,32,Qwen3.6,think,32768.0,64,0.9375,0.9375,0.0
Qwen3.5-9B,current,think,aime2026,EN,65536,64,30,Qwen3.6,think,32768.0,1,0.8453125,0.8223958333333333,0.022916666666666696
Qwen3.5-9B,current,think,aime2026,EN,65536,64,30,Qwen3.6,think,32768.0,2,0.9087466931216932,0.9025793650793652,0.006167328042328002
Qwen3.5-9B,current,think,aime2026,EN,65536,64,30,Qwen3.6,think,32768.0,4,0.941640068243056,0.939366244029782,0.002273824213274045
Qwen3.5-9B,current,think,aime2026,EN,65536,64,30,Qwen3.6,think,32768.0,8,0.9592652751513736,0.9585065719954518,0.0007587031559218582
Qwen3.5-9B,current,think,aime2026,EN,65536,64,30,Qwen3.6,think,32768.0,16,0.9659153612196932,0.9658569125283736,5.844869131965691e-05
Qwen3.5-9B,current,think,aime2026,EN,65536,64,30,Qwen3.6,think,32768.0,32,0.9666643736408485,0.9666643612977084,1.2343140065596003e-08
Qwen3.5-9B,current,think,aime2026,EN,65536,64,30,Qwen3.6,think,32768.0,64,0.9666666666666668,0.9666666666666668,0.0
Qwen3.5-9B,current,think,aime2026,EN,16384,64,30,Gemma4,think,16384.0,1,0.1625,0.1140625,0.04843750000000001
Qwen3.5-9B,current,think,aime2026,EN,16384,64,30,Gemma4,think,16384.0,2,0.2120205026455026,0.1660714285714285,0.04594907407407409
Qwen3.5-9B,current,think,aime2026,EN,16384,64,30,Gemma4,think,16384.0,4,0.2602702441808734,0.2236549696557629,0.036615274525110514
Qwen3.5-9B,current,think,aime2026,EN,16384,64,30,Gemma4,think,16384.0,8,0.3021561389163171,0.2769994281349378,0.02515671078137932
Qwen3.5-9B,current,think,aime2026,EN,16384,64,30,Gemma4,think,16384.0,16,0.336482393590954,0.3155640429111642,0.02091835067978981
Qwen3.5-9B,current,think,aime2026,EN,16384,64,30,Gemma4,think,16384.0,32,0.3653829417757284,0.3441369916695096,0.02124595010621877
Qwen3.5-9B,current,think,aime2026,EN,16384,64,30,Gemma4,think,16384.0,64,0.4,0.3666666666666666,0.03333333333333344
Qwen3.5-9B,current,think,aime2026_pt,PT,16384,64,30,Gemma4,think,16384.0,1,0.553125,0.4369791666666666,0.11614583333333339
Qwen3.5-9B,current,think,aime2026_pt,PT,16384,64,30,Gemma4,think,16384.0,2,0.6514715608465609,0.5637400793650793,0.08773148148148158
Qwen3.5-9B,current,think,aime2026_pt,PT,16384,64,30,Gemma4,think,16384.0,4,0.7190089018156178,0.6621183886916302,0.05689051312398763
Qwen3.5-9B,current,think,aime2026_pt,PT,16384,64,30,Gemma4,think,16384.0,8,0.7563587776988212,0.7225267089553834,0.033832068743437804
Qwen3.5-9B,current,think,aime2026_pt,PT,16384,64,30,Gemma4,think,16384.0,16,0.7735732278347941,0.7597783715535082,0.01379485628128585
Qwen3.5-9B,current,think,aime2026_pt,PT,16384,64,30,Gemma4,think,16384.0,32,0.783330041998806,0.7823466198235118,0.0009834221752941241
Qwen3.5-9B,current,think,aime2026_pt,PT,16384,64,30,Gemma4,think,16384.0,64,0.8,0.8,0.0
Qwen3.5-9B,current,think,aime2026_tr,TR,16384,64,30,Gemma4,think,16384.0,1,0.6255208333333333,0.2973958333333334,0.3281249999999999
Qwen3.5-9B,current,think,aime2026_tr,TR,16384,64,30,Gemma4,think,16384.0,2,0.7180886243386244,0.4235119047619047,0.2945767195767197
Qwen3.5-9B,current,think,aime2026_tr,TR,16384,64,30,Gemma4,think,16384.0,4,0.7762237897979569,0.5500968455423769,0.22612694425558
Qwen3.5-9B,current,think,aime2026_tr,TR,16384,64,30,Gemma4,think,16384.0,8,0.8058016604287584,0.6532993601878457,0.1525023002409127
Qwen3.5-9B,current,think,aime2026_tr,TR,16384,64,30,Gemma4,think,16384.0,16,0.8244806521683895,0.7244950335185855,0.09998561864980404
Qwen3.5-9B,current,think,aime2026_tr,TR,16384,64,30,Gemma4,think,16384.0,32,0.8499991181940991,0.772575577409328,0.0774235407847711
Qwen3.5-9B,current,think,aime2026_tr,TR,16384,64,30,Gemma4,think,16384.0,64,0.9,0.8,0.09999999999999998
Qwen3.5-9B,current,think,pt_exams_math,PT,16384,16,166,Gemma4,think,16384.0,1,0.952183734939759,0.945406626506024,0.006777108433735024
Qwen3.5-9B,current,think,pt_exams_math,PT,16384,16,166,Gemma4,think,16384.0,2,0.9637550200803212,0.962098393574297,0.0016566265060241614
Qwen3.5-9B,current,think,pt_exams_math,PT,16384,16,166,Gemma4,think,16384.0,4,0.9679531312061432,0.967549318151728,0.0004038130544152807
Qwen3.5-9B,current,think,pt_exams_math,PT,16384,16,166,Gemma4,think,16384.0,8,0.9714859437751004,0.9714817311202852,4.2126548152054966e-06
Qwen3.5-9B,current,think,pt_exams_math,PT,16384,16,166,Gemma4,think,16384.0,16,0.9759036144578314,0.9759036144578314,0.0
Qwen3.5-9B,current,think,tubitak_math2026,TR-OL,16384,64,32,Gemma4,think,16384.0,1,0.5537109375000001,0.43310546875,0.12060546875000011
Qwen3.5-9B,current,think,tubitak_math2026,TR-OL,16384,64,32,Gemma4,think,16384.0,2,0.6481429811507936,0.5562531001984127,0.09188988095238093
Qwen3.5-9B,current,think,tubitak_math2026,TR-OL,16384,64,32,Gemma4,think,16384.0,4,0.7193579569420312,0.65552547822077,0.06383247872126119
Qwen3.5-9B,current,think,tubitak_math2026,TR-OL,16384,64,32,Gemma4,think,16384.0,8,0.7798195120440425,0.722982361587004,0.05683715045703852
Qwen3.5-9B,current,think,tubitak_math2026,TR-OL,16384,64,32,Gemma4,think,16384.0,16,0.8331217061071265,0.7693528433978156,0.06376886270931093
Qwen3.5-9B,current,think,tubitak_math2026,TR-OL,16384,64,32,Gemma4,think,16384.0,32,0.8766061942598307,0.8043750456675122,0.0722311485923185
Qwen3.5-9B,current,think,tubitak_math2026,TR-OL,16384,64,32,Gemma4,think,16384.0,64,0.90625,0.84375,0.0625
gemma-4-E2B-it,current,think,aime2026,EN,16384,64,30,Qwen3.6,think,16384.0,1,0.3598958333333334,0.353125,0.0067708333333333925
gemma-4-E2B-it,current,think,aime2026,EN,16384,64,30,Qwen3.6,think,16384.0,2,0.4590939153439153,0.449619708994709,0.009474206349206316
gemma-4-E2B-it,current,think,aime2026,EN,16384,64,30,Qwen3.6,think,16384.0,4,0.5323626220274819,0.5181302095137367,0.014232412513745185
gemma-4-E2B-it,current,think,aime2026,EN,16384,64,30,Qwen3.6,think,16384.0,8,0.5870788041991958,0.5682134192009249,0.01886538499827084
gemma-4-E2B-it,current,think,aime2026,EN,16384,64,30,Qwen3.6,think,16384.0,16,0.6338995228474178,0.6139676142667533,0.019931908580664515
gemma-4-E2B-it,current,think,aime2026,EN,16384,64,30,Qwen3.6,think,16384.0,32,0.678456179320866,0.6589107937659268,0.019545385554939232
gemma-4-E2B-it,current,think,aime2026,EN,16384,64,30,Qwen3.6,think,16384.0,64,0.7333333333333333,0.7,0.033333333333333326
gemma-4-E2B-it,current,think,aime2026_pt,PT,16384,64,30,Qwen3.6,think,16384.0,1,0.3515625,0.3442708333333333,0.007291666666666696
gemma-4-E2B-it,current,think,aime2026_pt,PT,16384,64,30,Qwen3.6,think,16384.0,2,0.437797619047619,0.4302910052910053,0.0075066137566137114
gemma-4-E2B-it,current,think,aime2026_pt,PT,16384,64,30,Qwen3.6,think,16384.0,4,0.5003499764968564,0.4897043115677436,0.010645664929112841
gemma-4-E2B-it,current,think,aime2026_pt,PT,16384,64,30,Qwen3.6,think,16384.0,8,0.5446731799861965,0.5300257529826662,0.014647427003530278
gemma-4-E2B-it,current,think,aime2026_pt,PT,16384,64,30,Qwen3.6,think,16384.0,16,0.5800181379928645,0.5620919008988784,0.017926237093986108
gemma-4-E2B-it,current,think,aime2026_pt,PT,16384,64,30,Qwen3.6,think,16384.0,32,0.6129464745114853,0.5876358853533169,0.025310589158168417
gemma-4-E2B-it,current,think,aime2026_pt,PT,16384,64,30,Qwen3.6,think,16384.0,64,0.6333333333333333,0.6,0.033333333333333326
gemma-4-E2B-it,current,think,aime2026_tr,TR,16384,64,30,Qwen3.6,think,16384.0,1,0.2755208333333333,0.2640625,0.011458333333333348
gemma-4-E2B-it,current,think,aime2026_tr,TR,16384,64,30,Qwen3.6,think,16384.0,2,0.3518683862433862,0.3392195767195767,0.012648809523809479
gemma-4-E2B-it,current,think,aime2026_tr,TR,16384,64,30,Qwen3.6,think,16384.0,4,0.4138891512007588,0.3977792677091989,0.016109883491559895
gemma-4-E2B-it,current,think,aime2026_tr,TR,16384,64,30,Qwen3.6,think,16384.0,8,0.4688734862168996,0.4423204847822126,0.02655300143468703
gemma-4-E2B-it,current,think,aime2026_tr,TR,16384,64,30,Qwen3.6,think,16384.0,16,0.5236159445534576,0.4829766996021406,0.04063924495131699
gemma-4-E2B-it,current,think,aime2026_tr,TR,16384,64,30,Qwen3.6,think,16384.0,32,0.5722261143659992,0.5249930499198201,0.04723306444617914
gemma-4-E2B-it,current,think,aime2026_tr,TR,16384,64,30,Qwen3.6,think,16384.0,64,0.6,0.5666666666666667,0.033333333333333326
gemma-4-E2B-it,current,think,pt_exams_math,PT,16384,16,166,Qwen3.6,think,16384.0,1,0.9107680722891566,0.9021084337349398,0.008659638554216809
gemma-4-E2B-it,current,think,pt_exams_math,PT,16384,16,166,Qwen3.6,think,16384.0,2,0.933483935742972,0.9292168674698792,0.004267068273092756
gemma-4-E2B-it,current,think,pt_exams_math,PT,16384,16,166,Qwen3.6,think,16384.0,4,0.9451410035747384,0.9417317622136898,0.003409241361048587
gemma-4-E2B-it,current,think,pt_exams_math,PT,16384,16,166,Qwen3.6,think,16384.0,8,0.9544167345372164,0.949777197367559,0.004639537169657482
gemma-4-E2B-it,current,think,pt_exams_math,PT,16384,16,166,Qwen3.6,think,16384.0,16,0.963855421686747,0.9578313253012049,0.0060240963855421326
gemma-4-E2B-it,current,think,tubitak_math2026,TR-OL,16384,64,32,Qwen3.6,think,16384.0,1,0.34814453125,0.29443359375,0.0537109375
gemma-4-E2B-it,current,think,tubitak_math2026,TR-OL,16384,64,32,Qwen3.6,think,16384.0,2,0.4260137648809524,0.3664279513888888,0.0595858134920636
gemma-4-E2B-it,current,think,tubitak_math2026,TR-OL,16384,64,32,Qwen3.6,think,16384.0,4,0.4972716942408904,0.4273434155523658,0.06992827868852458
gemma-4-E2B-it,current,think,tubitak_math2026,TR-OL,16384,64,32,Qwen3.6,think,16384.0,8,0.5643830510711954,0.4879098373844354,0.07647321368675997
gemma-4-E2B-it,current,think,tubitak_math2026,TR-OL,16384,64,32,Qwen3.6,think,16384.0,16,0.6294018478390777,0.5635476567133488,0.06585419112572888
gemma-4-E2B-it,current,think,tubitak_math2026,TR-OL,16384,64,32,Qwen3.6,think,16384.0,32,0.6883372773036992,0.6498847646111804,0.038452512692518814
gemma-4-E2B-it,current,think,tubitak_math2026,TR-OL,16384,64,32,Qwen3.6,think,16384.0,64,0.71875,0.71875,0.0
gemma-4-E2B-it,current,think,aime2026,EN,16384,64,30,Gemma4,think,16384.0,1,0.3598958333333334,0.334375,0.025520833333333437
gemma-4-E2B-it,current,think,aime2026,EN,16384,64,30,Gemma4,think,16384.0,2,0.4590939153439153,0.4345072751322751,0.0245866402116402
gemma-4-E2B-it,current,think,aime2026,EN,16384,64,30,Gemma4,think,16384.0,4,0.5323626220274819,0.5077908199239505,0.02457180210353138
gemma-4-E2B-it,current,think,aime2026,EN,16384,64,30,Gemma4,think,16384.0,8,0.5870788041991958,0.5588408817444799,0.028237922454715902
gemma-4-E2B-it,current,think,aime2026,EN,16384,64,30,Gemma4,think,16384.0,16,0.6338995228474178,0.6031168797126828,0.030782643134735
gemma-4-E2B-it,current,think,aime2026,EN,16384,64,30,Gemma4,think,16384.0,32,0.678456179320866,0.6420777179951018,0.036378461325764166
gemma-4-E2B-it,current,think,aime2026,EN,16384,64,30,Gemma4,think,16384.0,64,0.7333333333333333,0.6666666666666666,0.06666666666666665
gemma-4-E2B-it,current,think,aime2026_pt,PT,16384,64,30,Gemma4,think,16384.0,1,0.3515625,0.3026041666666667,0.048958333333333326
gemma-4-E2B-it,current,think,aime2026_pt,PT,16384,64,30,Gemma4,think,16384.0,2,0.437797619047619,0.3876157407407407,0.050181878306878314
gemma-4-E2B-it,current,think,aime2026_pt,PT,16384,64,30,Gemma4,think,16384.0,4,0.5003499764968564,0.4498627584296541,0.0504872180672023
gemma-4-E2B-it,current,think,aime2026_pt,PT,16384,64,30,Gemma4,think,16384.0,8,0.5446731799861965,0.4961321536040117,0.04854102638218477
gemma-4-E2B-it,current,think,aime2026_pt,PT,16384,64,30,Gemma4,think,16384.0,16,0.5800181379928645,0.5378217856191996,0.042196352373664925
gemma-4-E2B-it,current,think,aime2026_pt,PT,16384,64,30,Gemma4,think,16384.0,32,0.6129464745114853,0.5748133252347193,0.03813314927676603
gemma-4-E2B-it,current,think,aime2026_pt,PT,16384,64,30,Gemma4,think,16384.0,64,0.6333333333333333,0.6,0.033333333333333326
gemma-4-E2B-it,current,think,aime2026_tr,TR,16384,64,30,Gemma4,think,16384.0,1,0.2755208333333333,0.2432291666666667,0.032291666666666635
gemma-4-E2B-it,current,think,aime2026_tr,TR,16384,64,30,Gemma4,think,16384.0,2,0.3518683862433862,0.3195601851851852,0.03230820105820098
gemma-4-E2B-it,current,think,aime2026_tr,TR,16384,64,30,Gemma4,think,16384.0,4,0.4138891512007588,0.3820039367765438,0.03188521442421499
gemma-4-E2B-it,current,think,aime2026_tr,TR,16384,64,30,Gemma4,think,16384.0,8,0.4688734862168996,0.4305096246010843,0.03836386161581534
gemma-4-E2B-it,current,think,aime2026_tr,TR,16384,64,30,Gemma4,think,16384.0,16,0.5236159445534576,0.4764100867669301,0.04720585778652753
gemma-4-E2B-it,current,think,aime2026_tr,TR,16384,64,30,Gemma4,think,16384.0,32,0.5722261143659992,0.5234760016046084,0.04875011276139085
gemma-4-E2B-it,current,think,aime2026_tr,TR,16384,64,30,Gemma4,think,16384.0,64,0.6,0.5666666666666667,0.033333333333333326
gemma-4-E2B-it,current,think,pt_exams_math,PT,16384,16,166,Gemma4,think,16384.0,1,0.9107680722891566,0.8975903614457831,0.013177710843373491
gemma-4-E2B-it,current,think,pt_exams_math,PT,16384,16,166,Gemma4,think,16384.0,2,0.933483935742972,0.929267068273092,0.004216867469879926
gemma-4-E2B-it,current,think,pt_exams_math,PT,16384,16,166,Gemma4,think,16384.0,4,0.9451410035747384,0.9439262544684232,0.0012147491063152493
gemma-4-E2B-it,current,think,pt_exams_math,PT,16384,16,166,Gemma4,think,16384.0,8,0.9544167345372164,0.954335757950216,8.097658700045862e-05
gemma-4-E2B-it,current,think,pt_exams_math,PT,16384,16,166,Gemma4,think,16384.0,16,0.963855421686747,0.963855421686747,0.0
gemma-4-E2B-it,current,think,tubitak_math2026,TR-OL,16384,64,32,Gemma4,think,16384.0,1,0.34814453125,0.2783203125,0.06982421875
gemma-4-E2B-it,current,think,tubitak_math2026,TR-OL,16384,64,32,Gemma4,think,16384.0,2,0.4260137648809524,0.3604290674603174,0.065584697420635
gemma-4-E2B-it,current,think,tubitak_math2026,TR-OL,16384,64,32,Gemma4,think,16384.0,4,0.4972716942408904,0.4330374848908362,0.0642342093500542
gemma-4-E2B-it,current,think,tubitak_math2026,TR-OL,16384,64,32,Gemma4,think,16384.0,8,0.5643830510711954,0.4970098116273657,0.06737323944382967
gemma-4-E2B-it,current,think,tubitak_math2026,TR-OL,16384,64,32,Gemma4,think,16384.0,16,0.6294018478390777,0.5627044812953068,0.0666973665437709
gemma-4-E2B-it,current,think,tubitak_math2026,TR-OL,16384,64,32,Gemma4,think,16384.0,32,0.6883372773036992,0.6350851284330195,0.05325214887067975
gemma-4-E2B-it,current,think,tubitak_math2026,TR-OL,16384,64,32,Gemma4,think,16384.0,64,0.71875,0.6875,0.03125
gemma-4-E4B-it,current,think,aime2026,EN,16384,64,30,Qwen3.6,think,16384.0,1,0.4822916666666667,0.4723958333333333,0.009895833333333381
gemma-4-E4B-it,current,think,aime2026,EN,16384,64,30,Qwen3.6,think,16384.0,2,0.5626653439153438,0.5537533068783067,0.008912037037037135
gemma-4-E4B-it,current,think,aime2026,EN,16384,64,30,Qwen3.6,think,16384.0,4,0.6285450399973139,0.6170076720975715,0.011537367899742468
gemma-4-E4B-it,current,think,aime2026,EN,16384,64,30,Qwen3.6,think,16384.0,8,0.6927308274036452,0.6773120540127094,0.01541877339093578
gemma-4-E4B-it,current,think,aime2026,EN,16384,64,30,Qwen3.6,think,16384.0,16,0.7584186738700847,0.7374622313099076,0.020956442560177035
gemma-4-E4B-it,current,think,aime2026,EN,16384,64,30,Qwen3.6,think,16384.0,32,0.8194177436166135,0.7925795271350642,0.02683821648154927
gemma-4-E4B-it,current,think,aime2026,EN,16384,64,30,Qwen3.6,think,16384.0,64,0.8666666666666667,0.8333333333333334,0.033333333333333326
gemma-4-E4B-it,current,think,aime2026_pt,PT,16384,64,30,Qwen3.6,think,16384.0,1,0.5114583333333333,0.4994791666666666,0.011979166666666763
gemma-4-E4B-it,current,think,aime2026_pt,PT,16384,64,30,Qwen3.6,think,16384.0,2,0.6156580687830687,0.6005952380952381,0.015062830687830653
gemma-4-E4B-it,current,think,aime2026_pt,PT,16384,64,30,Qwen3.6,think,16384.0,4,0.6963256927131861,0.6780426078416559,0.018283084871530186
gemma-4-E4B-it,current,think,aime2026_pt,PT,16384,64,30,Qwen3.6,think,16384.0,8,0.761865581671748,0.7412502883692529,0.02061529330249512
gemma-4-E4B-it,current,think,aime2026_pt,PT,16384,64,30,Qwen3.6,think,16384.0,16,0.8093982045173608,0.7908125792523001,0.01858562526506069
gemma-4-E4B-it,current,think,aime2026_pt,PT,16384,64,30,Qwen3.6,think,16384.0,32,0.840733011523668,0.8293769893725271,0.011356022151140843
gemma-4-E4B-it,current,think,aime2026_pt,PT,16384,64,30,Qwen3.6,think,16384.0,64,0.8666666666666667,0.8666666666666667,0.0
gemma-4-E4B-it,current,think,aime2026_tr,TR,16384,64,30,Qwen3.6,think,16384.0,1,0.4796875,0.4677083333333333,0.011979166666666707
gemma-4-E4B-it,current,think,aime2026_tr,TR,16384,64,30,Qwen3.6,think,16384.0,2,0.5978835978835979,0.5848875661375661,0.012996031746031811
gemma-4-E4B-it,current,think,aime2026_tr,TR,16384,64,30,Qwen3.6,think,16384.0,4,0.6858692595670385,0.6725508465328666,0.013318413034171916
gemma-4-E4B-it,current,think,aime2026_tr,TR,16384,64,30,Qwen3.6,think,16384.0,8,0.7574895949150479,0.7452441416403343,0.012245453274713602
gemma-4-E4B-it,current,think,aime2026_tr,TR,16384,64,30,Qwen3.6,think,16384.0,16,0.8139919815481452,0.8069025343834083,0.007089447164736917
gemma-4-E4B-it,current,think,aime2026_tr,TR,16384,64,30,Qwen3.6,think,16384.0,32,0.8456024090593742,0.8447080520776122,0.0008943569817619901
gemma-4-E4B-it,current,think,aime2026_tr,TR,16384,64,30,Qwen3.6,think,16384.0,64,0.8666666666666667,0.8666666666666667,0.0
gemma-4-E4B-it,current,think,pt_exams_math,PT,16384,16,166,Qwen3.6,think,16384.0,1,0.9216867469879518,0.917921686746988,0.003765060240963791
gemma-4-E4B-it,current,think,pt_exams_math,PT,16384,16,166,Qwen3.6,think,16384.0,2,0.9390562248995984,0.9372489959839354,0.001807228915662984
gemma-4-E4B-it,current,think,pt_exams_math,PT,16384,16,166,Qwen3.6,think,16384.0,4,0.9481265722229576,0.9464054018270884,0.0017211703958691649
gemma-4-E4B-it,current,think,pt_exams_math,PT,16384,16,166,Qwen3.6,think,16384.0,8,0.9541237209911908,0.9529497945160595,0.0011739264751312595
gemma-4-E4B-it,current,think,pt_exams_math,PT,16384,16,166,Qwen3.6,think,16384.0,16,0.9578313253012049,0.9578313253012049,0.0
gemma-4-E4B-it,current,think,tubitak_math2026,TR-OL,16384,64,32,Qwen3.6,think,16384.0,1,0.46630859375,0.43017578125,0.0361328125
gemma-4-E4B-it,current,think,tubitak_math2026,TR-OL,16384,64,32,Qwen3.6,think,16384.0,2,0.5405970982142857,0.5050378224206348,0.035559275793650924
gemma-4-E4B-it,current,think,tubitak_math2026,TR-OL,16384,64,32,Qwen3.6,think,16384.0,4,0.6094354956750019,0.5703349276648787,0.03910056801012318
gemma-4-E4B-it,current,think,tubitak_math2026,TR-OL,16384,64,32,Qwen3.6,think,16384.0,8,0.6790593294462964,0.632283102642427,0.04677622680386939
gemma-4-E4B-it,current,think,tubitak_math2026,TR-OL,16384,64,32,Qwen3.6,think,16384.0,16,0.7481427633347634,0.6898075580831257,0.05833520525163771
gemma-4-E4B-it,current,think,tubitak_math2026,TR-OL,16384,64,32,Qwen3.6,think,16384.0,32,0.8183064508324385,0.7469267674199139,0.07137968341252454
gemma-4-E4B-it,current,think,tubitak_math2026,TR-OL,16384,64,32,Qwen3.6,think,16384.0,64,0.875,0.78125,0.09375
gemma-4-E4B-it,current,think,aime2026,EN,16384,64,30,Gemma4,think,16384.0,1,0.4822916666666667,0.4619791666666666,0.020312500000000067
gemma-4-E4B-it,current,think,aime2026,EN,16384,64,30,Gemma4,think,16384.0,2,0.5626653439153438,0.5379298941798943,0.0247354497354495
gemma-4-E4B-it,current,think,aime2026,EN,16384,64,30,Gemma4,think,16384.0,4,0.6285450399973139,0.5960381464413722,0.03250689355594172
gemma-4-E4B-it,current,think,aime2026,EN,16384,64,30,Gemma4,think,16384.0,8,0.6927308274036452,0.6542707972466035,0.03846003015704169
gemma-4-E4B-it,current,think,aime2026,EN,16384,64,30,Gemma4,think,16384.0,16,0.7584186738700847,0.709954637422432,0.048464036447652625
gemma-4-E4B-it,current,think,aime2026,EN,16384,64,30,Gemma4,think,16384.0,32,0.8194177436166135,0.7540748723501024,0.06534287126651106
gemma-4-E4B-it,current,think,aime2026,EN,16384,64,30,Gemma4,think,16384.0,64,0.8666666666666667,0.7666666666666667,0.09999999999999998
gemma-4-E4B-it,current,think,aime2026_pt,PT,16384,64,30,Gemma4,think,16384.0,1,0.5114583333333333,0.4661458333333333,0.04531250000000003
gemma-4-E4B-it,current,think,aime2026_pt,PT,16384,64,30,Gemma4,think,16384.0,2,0.6156580687830687,0.5652447089947089,0.05041335978835981
gemma-4-E4B-it,current,think,aime2026_pt,PT,16384,64,30,Gemma4,think,16384.0,4,0.6963256927131861,0.6437834185322288,0.05254227418095736
gemma-4-E4B-it,current,think,aime2026_pt,PT,16384,64,30,Gemma4,think,16384.0,8,0.761865581671748,0.7079037133857643,0.053961868285983705
gemma-4-E4B-it,current,think,aime2026_pt,PT,16384,64,30,Gemma4,think,16384.0,16,0.8093982045173608,0.7571823216306284,0.0522158828867324
gemma-4-E4B-it,current,think,aime2026_pt,PT,16384,64,30,Gemma4,think,16384.0,32,0.840733011523668,0.788831418651208,0.05190159287245999
gemma-4-E4B-it,current,think,aime2026_pt,PT,16384,64,30,Gemma4,think,16384.0,64,0.8666666666666667,0.8,0.06666666666666665
gemma-4-E4B-it,current,think,aime2026_tr,TR,16384,64,30,Gemma4,think,16384.0,1,0.4796875,0.4317708333333333,0.04791666666666666
gemma-4-E4B-it,current,think,aime2026_tr,TR,16384,64,30,Gemma4,think,16384.0,2,0.5978835978835979,0.5449074074074073,0.05297619047619062
gemma-4-E4B-it,current,think,aime2026_tr,TR,16384,64,30,Gemma4,think,16384.0,4,0.6858692595670385,0.6302437192045865,0.05562554036245193
gemma-4-E4B-it,current,think,aime2026_tr,TR,16384,64,30,Gemma4,think,16384.0,8,0.7574895949150479,0.6982284642691642,0.059261130645883675
gemma-4-E4B-it,current,think,aime2026_tr,TR,16384,64,30,Gemma4,think,16384.0,16,0.8139919815481452,0.754426273914062,0.0595657076340832
gemma-4-E4B-it,current,think,aime2026_tr,TR,16384,64,30,Gemma4,think,16384.0,32,0.8456024090593742,0.7909978524962606,0.05460455656311358
gemma-4-E4B-it,current,think,aime2026_tr,TR,16384,64,30,Gemma4,think,16384.0,64,0.8666666666666667,0.8,0.06666666666666665
gemma-4-E4B-it,current,think,pt_exams_math,PT,16384,16,166,Gemma4,think,16384.0,1,0.9216867469879518,0.9175451807228916,0.004141566265060237
gemma-4-E4B-it,current,think,pt_exams_math,PT,16384,16,166,Gemma4,think,16384.0,2,0.9390562248995984,0.9369477911646584,0.002108433734939963
gemma-4-E4B-it,current,think,pt_exams_math,PT,16384,16,166,Gemma4,think,16384.0,4,0.9481265722229576,0.946220045015226,0.0019065272077315454
gemma-4-E4B-it,current,think,pt_exams_math,PT,16384,16,166,Gemma4,think,16384.0,8,0.9541237209911908,0.9529460499340018,0.0011776710571890225
gemma-4-E4B-it,current,think,pt_exams_math,PT,16384,16,166,Gemma4,think,16384.0,16,0.9578313253012049,0.9578313253012049,0.0
gemma-4-E4B-it,current,think,tubitak_math2026,TR-OL,16384,64,32,Gemma4,think,16384.0,1,0.46630859375,0.42138671875,0.044921875
gemma-4-E4B-it,current,think,tubitak_math2026,TR-OL,16384,64,32,Gemma4,think,16384.0,2,0.5405970982142857,0.5037822420634921,0.03681485615079361
gemma-4-E4B-it,current,think,tubitak_math2026,TR-OL,16384,64,32,Gemma4,think,16384.0,4,0.6094354956750019,0.5704437706964066,0.038991724978595266
gemma-4-E4B-it,current,think,tubitak_math2026,TR-OL,16384,64,32,Gemma4,think,16384.0,8,0.6790593294462964,0.6302144443581147,0.048844885088181744
gemma-4-E4B-it,current,think,tubitak_math2026,TR-OL,16384,64,32,Gemma4,think,16384.0,16,0.7481427633347634,0.6850413750869836,0.06310138824777978
gemma-4-E4B-it,current,think,tubitak_math2026,TR-OL,16384,64,32,Gemma4,think,16384.0,32,0.8183064508324385,0.7410069258532572,0.07729952497918124
gemma-4-E4B-it,current,think,tubitak_math2026,TR-OL,16384,64,32,Gemma4,think,16384.0,64,0.875,0.78125,0.09375
