model,model_short,model_family,model_size_b,is_base,state,mode,benchmark,language,judged,series,judge_model,judge_state,n_samples,temperature,solver_max_tokens,judge_n_samples,judge_temperature,judge_max_tokens,reasoning_effort,extra_body,cons_at_k,n_tasks,n_generations,true_count,false_count,n_veto,solver_capped_count,n_generations_with_text,solver_cap_rate,loop_gzip_n,loop_ngram_n,loop_tail_n,judge_capped_count,n_verdicts,judge_cap_rate,run_dir,summary_path,pass@1,gpass@1_t0.25,gpass@1_t0.5,gpass@1_t0.75,gpass@1_t1.0,mgpass@1,pass@2,gpass@2_t0.25,gpass@2_t0.5,gpass@2_t0.75,gpass@2_t1.0,mgpass@2,pass@4,gpass@4_t0.25,gpass@4_t0.5,gpass@4_t0.75,gpass@4_t1.0,mgpass@4,pass@8,gpass@8_t0.25,gpass@8_t0.5,gpass@8_t0.75,gpass@8_t1.0,mgpass@8,pass@16,gpass@16_t0.25,gpass@16_t0.5,gpass@16_t0.75,gpass@16_t1.0,mgpass@16,pass@32,gpass@32_t0.25,gpass@32_t0.5,gpass@32_t0.75,gpass@32_t1.0,mgpass@32,pass@64,gpass@64_t0.25,gpass@64_t0.5,gpass@64_t0.75,gpass@64_t1.0,mgpass@64,cons_at_k__all,cons_at_k__any,gpass@16_t0.25__all,gpass@16_t0.25__any,gpass@16_t0.5__all,gpass@16_t0.5__any,gpass@16_t0.75__all,gpass@16_t0.75__any,gpass@16_t1.0__all,gpass@16_t1.0__any,gpass@1_t0.25__all,gpass@1_t0.25__any,gpass@1_t0.5__all,gpass@1_t0.5__any,gpass@1_t0.75__all,gpass@1_t0.75__any,gpass@1_t1.0__all,gpass@1_t1.0__any,gpass@2_t0.25__all,gpass@2_t0.25__any,gpass@2_t0.5__all,gpass@2_t0.5__any,gpass@2_t0.75__all,gpass@2_t0.75__any,gpass@2_t1.0__all,gpass@2_t1.0__any,gpass@32_t0.25__all,gpass@32_t0.25__any,gpass@32_t0.5__all,gpass@32_t0.5__any,gpass@32_t0.75__all,gpass@32_t0.75__any,gpass@32_t1.0__all,gpass@32_t1.0__any,gpass@4_t0.25__all,gpass@4_t0.25__any,gpass@4_t0.5__all,gpass@4_t0.5__any,gpass@4_t0.75__all,gpass@4_t0.75__any,gpass@4_t1.0__all,gpass@4_t1.0__any,gpass@64_t0.25__all,gpass@64_t0.25__any,gpass@64_t0.5__all,gpass@64_t0.5__any,gpass@64_t0.75__all,gpass@64_t0.75__any,gpass@64_t1.0__all,gpass@64_t1.0__any,gpass@8_t0.25__all,gpass@8_t0.25__any,gpass@8_t0.5__all,gpass@8_t0.5__any,gpass@8_t0.75__all,gpass@8_t0.75__any,gpass@8_t1.0__all,gpass@8_t1.0__any,mgpass@16__all,mgpass@16__any,mgpass@1__all,mgpass@1__any,mgpass@2__all,mgpass@2__any,mgpass@32__all,mgpass@32__any,mgpass@4__all,mgpass@4__any,mgpass@64__all,mgpass@64__any,mgpass@8__all,mgpass@8__any,pass@16__all,pass@16__any,pass@1__all,pass@1__any,pass@2__all,pass@2__any,pass@32__all,pass@32__any,pass@4__all,pass@4__any,pass@64__all,pass@64__any,pass@8__all,pass@8__any,generation,judge_short,exp
Qwen2.5-32B,Qwen2.5-32B,Qwen,32.0,False,base,Pretrained,aime2026,EN,False,No-Judge,,,64,0.6,16384,,,,,,0.1333333333333333,30.0,1920.0,79.0,1841.0,0.0,81.0,1920.0,0.042188,77.0,44.0,29.0,,,,/user/home/t.tuna/evalhub/results/Qwen2.5/base/Qwen2.5-32B,/user/home/t.tuna/evalhub/results/Qwen2.5/base/Qwen2.5-32B/aime2026__t0.6__max16384__n64/aime2026_summary.json,0.0411458333333333,0.0411458333333333,0.0411458333333333,0.0411458333333333,0.0411458333333333,0.0,0.0720403439153439,0.0720403439153439,0.0720403439153439,0.0102513227513227,0.0102513227513227,0.0102513227513227,0.1152537500104924,0.1152537500104925,0.0383561334810673,0.0097685464984513,0.0012049033433221,0.0054867249208867,0.1661679068712705,0.0851079321068271,0.0215510287203229,0.0022085888319209,2.347820096178567e-05,0.0027026318977635,0.2205747192157511,0.0724049277020644,0.013146208982099,0.0001423396015359,2.075747360139553e-09,0.0012152864148978,0.2798597848625664,0.0631475982409001,0.0075005640195366,1.1780454172559277e-08,0.0,0.0003260904524453,0.3333333333333333,0.0333333333333333,0.0,0.0,0.0,0.0,,,,,,,,,,,,,,,,,,,,,,,,,,,,,,,,,,,,,,,,,,,,,,,,,,,,,,,,,,,,,,,,,,,,,,,,,,,,,,,,,,,,,,,previous,No-Judge,Qwen2.5-32B|base|aime2026
Qwen2.5-32B,Qwen2.5-32B,Qwen,32.0,False,base,Pretrained,aime2026_pt,PT,False,No-Judge,,,64,0.6,16384,,,,,,0.1,30.0,1920.0,79.0,1841.0,0.0,152.0,1920.0,0.079167,146.0,70.0,58.0,,,,/user/home/t.tuna/evalhub/results/Qwen2.5/base/Qwen2.5-32B,/user/home/t.tuna/evalhub/results/Qwen2.5/base/Qwen2.5-32B/aime2026_pt__t0.6__max16384__n64/aime2026_pt_summary.json,0.0411458333333333,0.0411458333333333,0.0411458333333333,0.0411458333333333,0.0411458333333333,0.0,0.0684027777777777,0.0684027777777777,0.0684027777777777,0.0138888888888888,0.0138888888888888,0.0138888888888888,0.1002505078357801,0.1002505078357801,0.0473571554481126,0.0149508322631009,0.0020248377863396,0.0084878350247202,0.1293403058861943,0.0864718204310887,0.0338621511938051,0.0038340639558318,4.705560743522587e-05,0.0045739887502549,0.1611066818293598,0.0887583823585653,0.0218497779785133,0.0003344155794416,9.92768572597657e-09,0.0021482008510504,0.2126984113437495,0.0943651298861709,0.0136681984571392,2.107239649071051e-07,0.0,0.0008077241535991,0.3,0.1,0.0,0.0,0.0,0.0,,,,,,,,,,,,,,,,,,,,,,,,,,,,,,,,,,,,,,,,,,,,,,,,,,,,,,,,,,,,,,,,,,,,,,,,,,,,,,,,,,,,,,,previous,No-Judge,Qwen2.5-32B|base|aime2026_pt
Qwen2.5-32B,Qwen2.5-32B,Qwen,32.0,False,base,Pretrained,aime2026_tr,TR,False,No-Judge,,,64,0.6,16384,,,,,,0.0666666666666666,30.0,1920.0,33.0,1887.0,0.0,363.0,1920.0,0.189062,356.0,271.0,225.0,,,,/user/home/t.tuna/evalhub/results/Qwen2.5/base/Qwen2.5-32B,/user/home/t.tuna/evalhub/results/Qwen2.5/base/Qwen2.5-32B/aime2026_tr__t0.6__max16384__n64/aime2026_tr_summary.json,0.0171875,0.0171875,0.0171875,0.0171875,0.0171875,0.0,0.0321263227513227,0.0321263227513227,0.0321263227513227,0.0022486772486772,0.0022486772486772,0.0022486772486772,0.0569895096236978,0.0569895096236978,0.010124661093064,0.0015400854507147,9.574383252331428e-05,0.000817914641619,0.0943921685846962,0.0280954014052554,0.0033255850477448,7.225979451927246e-05,9.692362673603569e-08,0.0001795126576331,0.147570118761925,0.0210659785719909,0.00039608267667,2.4833669096170506e-08,6.82323343981816e-17,9.064332482404462e-06,0.2205481418301466,0.0204410963685842,4.101311817066943e-08,0.0,0.0,0.0,0.3,0.0333333333333333,0.0,0.0,0.0,0.0,,,,,,,,,,,,,,,,,,,,,,,,,,,,,,,,,,,,,,,,,,,,,,,,,,,,,,,,,,,,,,,,,,,,,,,,,,,,,,,,,,,,,,,previous,No-Judge,Qwen2.5-32B|base|aime2026_tr
Qwen2.5-32B,Qwen2.5-32B,Qwen,32.0,False,base,Pretrained,aime2026,EN,True,cot:DeepSeek-R1-0528-Qwen3-8B·TH,DeepSeek-R1-0528-Qwen3-8B,think,64,0.6,16384,,0.6,16384.0,,,0.1,30.0,1920.0,62.0,1841.0,17.0,,,,,,,9.0,237.0,0.037975,/user/home/t.tuna/evalhub/results/Qwen2.5/base/Qwen2.5-32B/judged_by/DeepSeek-R1-0528-Qwen3-8B__state-think__t0.6__max16384__basemax16384,/user/home/t.tuna/evalhub/results/Qwen2.5/base/Qwen2.5-32B/judged_by/DeepSeek-R1-0528-Qwen3-8B__state-think__t0.6__max16384__basemax16384/aime2026__t0.6__max16384__n64/aime2026_cot_summary.json,0.0322916666666666,0.0322916666666666,0.0322916666666666,0.0322916666666666,0.0322916666666666,0.0,0.0562003968253968,0.0562003968253968,0.0562003968253968,0.0083829365079365,0.0083829365079365,0.0083829365079365,0.0888590377980912,0.0888590377980912,0.0313011508146357,0.0080229659288358,0.0009835121251038,0.0045032390269698,0.1253358995751526,0.0692438417346844,0.0178176497735108,0.0017791429025523,1.674201643460451e-05,0.0022241475554677,0.1594740402235119,0.0569612739911013,0.0110823623532607,8.993064838410333e-05,8.896060114883798e-10,0.0009400587960453,0.1916854519448435,0.0465399272021039,0.0051898697020282,2.120918152862945e-09,0.0,0.0001909854732902,0.2333333333333333,0.0333333333333333,0.0,0.0,0.0,0.0,0.1,0.1,0.0500086556806736,0.0595025979813714,0.0110187394686592,0.0130215148199671,8.992942269938759e-05,0.0001423381527638,8.896060114883798e-10,2.075747360139553e-09,0.0296875,0.034375,0.0296875,0.034375,0.0296875,0.034375,0.0296875,0.034375,0.0516369047619047,0.059672619047619,0.0516369047619047,0.059672619047619,0.0077380952380952,0.0090773809523809,0.0077380952380952,0.0090773809523809,0.0423048116742001,0.050505681792731,0.0051898697020282,0.0075005640195366,2.120918152862945e-09,1.1780454172559277e-08,0.0,0.0,0.0818463398050917,0.0942676462441137,0.0283409089001368,0.0331564826706286,0.0076005913558795,0.0089198102121158,0.0009621599388918,0.0011560608731417,0.0333333333333333,0.0333333333333333,0.0,0.0,0.0,0.0,0.0,0.0,0.0610660944544567,0.0715772259114261,0.0169895218805721,0.0196960250582305,0.0017663153655582,0.0021798980150531,1.6729025505613082e-05,2.345559297985392e-05,0.0009388584171176,0.0012132890783907,0.0,0.0,0.0077380952380952,0.0090773809523809,0.0001909854732902,0.0003260904524453,0.0042813756473856,0.0050379355426288,0.0,0.0,0.0021879863670139,0.0026169982280246,0.1538643606623323,0.174264465366411,0.0296875,0.034375,0.0516369047619047,0.059672619047619,0.190838458754591,0.2168179372358487,0.0818463398050917,0.0942676462441137,0.2333333333333333,0.2666666666666666,0.1170534145679182,0.1339160511079516,previous,R1-distill,Qwen2.5-32B|base|aime2026
Qwen2.5-32B,Qwen2.5-32B,Qwen,32.0,False,base,Pretrained,aime2026_pt,PT,True,cot:DeepSeek-R1-0528-Qwen3-8B·TH,DeepSeek-R1-0528-Qwen3-8B,think,64,0.6,16384,,0.6,16384.0,,,0.1,30.0,1920.0,60.0,1841.0,19.0,,,,,,,2.0,237.0,0.008439,/user/home/t.tuna/evalhub/results/Qwen2.5/base/Qwen2.5-32B/judged_by/DeepSeek-R1-0528-Qwen3-8B__state-think__t0.6__max16384__basemax16384,/user/home/t.tuna/evalhub/results/Qwen2.5/base/Qwen2.5-32B/judged_by/DeepSeek-R1-0528-Qwen3-8B__state-think__t0.6__max16384__basemax16384/aime2026_pt__t0.6__max16384__n64/aime2026_pt_cot_summary.json,0.03125,0.03125,0.03125,0.03125,0.03125,0.0,0.0533068783068782,0.0533068783068783,0.0533068783068783,0.0091931216931216,0.0091931216931216,0.0091931216931216,0.0797771188503605,0.0797771188503605,0.0360398672072389,0.0084301788757103,0.0007528350666901,0.0045915069712002,0.0996143851713404,0.0772034214696336,0.019784194561074,0.0009242361863782,3.248033486789808e-06,0.0016188175213249,0.1081945762691073,0.0799729340608099,0.0063059370891809,5.385449036023355e-06,2.7780794950219644e-12,0.0002721308462671,0.1166666527863825,0.0868246837323545,0.0002338548556726,0.0,0.0,2.5922468927324906e-06,0.1333333333333333,0.1,0.0,0.0,0.0,0.0,0.1,0.1,0.0711999690642418,0.0817783084081334,0.002839729473402,0.0066521903525428,7.799529728653046e-07,5.523249527440338e-06,7.662491152915796e-14,2.7873590925001168e-12,0.028125,0.0317708333333333,0.028125,0.0317708333333333,0.028125,0.0317708333333333,0.028125,0.0317708333333333,0.0489087301587301,0.0540674603174603,0.0489087301587301,0.0540674603174603,0.0073412698412698,0.0094742063492063,0.0073412698412698,0.0094742063492063,0.0757999669979304,0.0896157986514085,1.550056844978524e-05,0.0002363074983138,0.0,0.0,0.0,0.0,0.0754975006925033,0.0805734976874585,0.0304167401139902,0.0369629426775116,0.0061263986468904,0.0087583834873628,0.0004593605466159,0.0007885094810002,0.1,0.1,0.0,0.0,0.0,0.0,0.0,0.0,0.0709488397949075,0.0784026229586639,0.0140160371432376,0.0206198750412345,0.0004482445717785,0.0009724689075376,9.95669983742912e-07,3.3944958560798173e-06,9.070222163370064e-05,0.0002854162512637,0.0,0.0,0.0073412698412698,0.0094742063492063,8.551434323478559e-08,2.602409274406872e-06,0.0032928795967532,0.0047734464841815,0.0,0.0,0.0009304473641618,0.0017000046596541,0.1080677069580889,0.1082294933993413,0.028125,0.0317708333333333,0.0489087301587301,0.0540674603174603,0.1166666199625515,0.1166666620943242,0.0754975006925033,0.0805734976874585,0.1333333333333333,0.1333333333333333,0.0977364580247197,0.1000174781088296,previous,R1-distill,Qwen2.5-32B|base|aime2026_pt
Qwen2.5-32B,Qwen2.5-32B,Qwen,32.0,False,base,Pretrained,aime2026_tr,TR,True,cot:DeepSeek-R1-0528-Qwen3-8B·TH,DeepSeek-R1-0528-Qwen3-8B,think,64,0.6,16384,,0.6,16384.0,,,0.0666666666666666,30.0,1920.0,21.0,1887.0,12.0,,,,,,,0.0,99.0,0.0,/user/home/t.tuna/evalhub/results/Qwen2.5/base/Qwen2.5-32B/judged_by/DeepSeek-R1-0528-Qwen3-8B__state-think__t0.6__max16384__basemax16384,/user/home/t.tuna/evalhub/results/Qwen2.5/base/Qwen2.5-32B/judged_by/DeepSeek-R1-0528-Qwen3-8B__state-think__t0.6__max16384__basemax16384/aime2026_tr__t0.6__max16384__n64/aime2026_tr_cot_summary.json,0.0109375,0.0109375,0.0109375,0.0109375,0.0109375,0.0,0.0205853174603174,0.0205853174603174,0.0205853174603174,0.0012896825396825,0.0012896825396825,0.0012896825396825,0.0367217206819269,0.0367217206819269,0.0063446945850436,0.0006573535460367,2.623118699268885e-05,0.0003417923665147,0.060040344708904,0.0202892575627478,0.0011679569416997,9.541012702623456e-06,3.727831797539835e-09,3.78651483618344e-05,0.0878386800103228,0.0118594423222566,2.7519063085583817e-05,1.847219872994772e-11,0.0,2.747594422375416e-07,0.1160485366479914,0.0056199407702625,0.0,0.0,0.0,0.0,0.1333333333333333,0.0,0.0,0.0,0.0,0.0,0.0666666666666666,0.0666666666666666,0.009535953786352,0.0118594423222566,1.0574409635181464e-05,2.7519063085583817e-05,0.0,1.847219872994772e-11,0.0,0.0,0.0098958333333333,0.0114583333333333,0.0098958333333333,0.0114583333333333,0.0098958333333333,0.0114583333333333,0.0098958333333333,0.0114583333333333,0.0187003968253968,0.0216269841269841,0.0187003968253968,0.0216269841269841,0.0010912698412698,0.0012896825396825,0.0010912698412698,0.0012896825396825,0.0030606408584209,0.0056199407702625,0.0,0.0,0.0,0.0,0.0,0.0,0.033578175232723,0.0388050540152602,0.0054802720488865,0.0063446945850436,0.0005073111564386,0.0006573535460367,1.757489528510153e-05,2.623118699268885e-05,0.0,0.0,0.0,0.0,0.0,0.0,0.0,0.0,0.0181397804174104,0.0202892575627478,0.0008315511872367,0.0011679569416997,4.927448069988152e-06,9.541012702623456e-06,1.2426105991799444e-09,3.727831797539835e-09,7.668924621938926e-08,2.747594422375416e-07,0.0,0.0,0.0010912698412698,0.0012896825396825,0.0,0.0,0.0002624430258618,0.0003417923665147,0.0,0.0,2.2935057751627448e-05,3.78651483618344e-05,0.0811836985464346,0.0961720133436561,0.0098958333333333,0.0114583333333333,0.0187003968253968,0.0216269841269841,0.1075794360712685,0.1327152033146581,0.033578175232723,0.0388050540152602,0.1333333333333333,0.1666666666666666,0.0553291130520935,0.0642070113755707,previous,R1-distill,Qwen2.5-32B|base|aime2026_tr
Qwen2.5-32B,Qwen2.5-32B,Qwen,32.0,False,base,Pretrained,pt_exams_math,PT,True,cot:DeepSeek-R1-0528-Qwen3-8B·TH,DeepSeek-R1-0528-Qwen3-8B,think,16,0.6,16384,,0.6,16384.0,,,0.8734939759036144,166.0,2656.0,1631.0,822.0,203.0,,,,,,,17.0,5502.0,0.00309,/user/home/t.tuna/evalhub/results/Qwen2.5/base/Qwen2.5-32B/judged_by/DeepSeek-R1-0528-Qwen3-8B__state-think__t0.6__max16384__basemax16384,/user/home/t.tuna/evalhub/results/Qwen2.5/base/Qwen2.5-32B/judged_by/DeepSeek-R1-0528-Qwen3-8B__state-think__t0.6__max16384__basemax16384/pt_exams_math__t0.6__max16384__n16/pt_exams_math_cot_summary.json,0.6140813253012049,0.6140813253012049,0.6140813253012049,0.6140813253012049,0.6140813253012049,0.0,0.767971887550201,0.767971887550201,0.767971887550201,0.4601907630522087,0.4601907630522087,0.4601907630522087,0.8580100622269299,0.85801006222693,0.7375446842314309,0.5587117701575537,0.3020587845889051,0.4303852773732293,0.901771187313356,0.8534581215304111,0.7200667471751809,0.5006599825876938,0.1700391308825045,0.411264521957293,0.9216867469879518,0.8433734939759037,0.7108433734939759,0.463855421686747,0.0783132530120482,0.401355421686747,,,,,,,,,,,,,0.8734939759036144,0.8795180722891566,0.8373493975903614,0.8614457831325302,0.6927710843373494,0.7469879518072289,0.3975903614457831,0.4819277108433735,0.036144578313253,0.1024096385542168,0.5805722891566265,0.6344126506024096,0.5805722891566265,0.6344126506024096,0.5805722891566265,0.6344126506024096,0.5805722891566265,0.6344126506024096,0.7437751004016067,0.7849397590361447,0.7437751004016067,0.7849397590361447,0.4173694779116461,0.4838855421686743,0.4173694779116461,0.4838855421686743,,,,,,,,,0.8418310605057596,0.8693664768965977,0.7099629286376272,0.7590262147491058,0.517231563617106,0.5834866940288632,0.2532636038660135,0.3257712167350722,,,,,,,,,0.8344089645294468,0.8669966579605141,0.6921321650237312,0.7456609655404837,0.4516471480326904,0.5251748251748255,0.122609318392451,0.1936487207571547,0.3531626506024096,0.4262048192771084,0.0,0.0,0.4173694779116461,0.4838855421686743,,,0.3852475837415597,0.4546289553819676,,,0.3644227258685092,0.4359202544443508,0.9156626506024096,0.9216867469879518,0.5805722891566265,0.6344126506024096,0.7437751004016067,0.7849397590361447,,,0.8418310605057595,0.8693664768965973,,,0.8911197236498443,0.9075673322661276,previous,R1-distill,Qwen2.5-32B|base|pt_exams_math
Qwen2.5-32B,Qwen2.5-32B,Qwen,32.0,False,base,Pretrained,tubitak_math2026,TR-OL,True,cot:DeepSeek-R1-0528-Qwen3-8B·TH,DeepSeek-R1-0528-Qwen3-8B,think,64,0.6,16384,,0.6,16384.0,,,0.125,32.0,2048.0,94.0,1810.0,144.0,,,,,,,10.0,714.0,0.014006,/user/home/t.tuna/evalhub/results/Qwen2.5/base/Qwen2.5-32B/judged_by/DeepSeek-R1-0528-Qwen3-8B__state-think__t0.6__max16384__basemax16384,/user/home/t.tuna/evalhub/results/Qwen2.5/base/Qwen2.5-32B/judged_by/DeepSeek-R1-0528-Qwen3-8B__state-think__t0.6__max16384__basemax16384/tubitak_math2026__t0.6__max16384__n64/tubitak_math2026_cot_summary.json,0.0458984374999999,0.0458984374999999,0.0458984374999999,0.0458984374999999,0.0458984374999999,0.0,0.0670107886904761,0.0670107886904761,0.0670107886904761,0.0247860863095238,0.0247860863095238,0.0247860863095238,0.086146775688726,0.086146775688726,0.055796784108937,0.0320308368588048,0.009619353343532,0.0208250951011684,0.1046333247845339,0.0745717224437196,0.0527414930724183,0.0228432509082204,0.0016500558650162,0.0181481044400028,0.1263027642940283,0.0689647013670707,0.053391879258063,0.0151865740106957,4.150426102132643e-05,0.0164838887544279,0.1525164525714751,0.0637747889415315,0.0554255011707838,0.0091553140823068,1.2449055969622136e-09,0.0154019483541847,0.1875,0.0625,0.0625,0.0,0.0,0.0146484375,0.125,0.15625,0.0625923491852916,0.0777354551403927,0.0460685531054817,0.0535057609270263,0.0105656278111511,0.0151865753689195,1.697242463480695e-05,4.150426102132643e-05,0.0390625,0.0502929687499999,0.0390625,0.0502929687499999,0.0390625,0.0502929687499999,0.0390625,0.0502929687499999,0.0572296626984126,0.0749937996031746,0.0572296626984126,0.0749937996031746,0.0208953373015873,0.0255921378968253,0.0208953373015873,0.0255921378968253,0.0624979816237431,0.0744260451714485,0.0437713429158911,0.0554255011707838,0.0044831467793958,0.0091553140823068,9.808347052211016e-11,1.2449055969622136e-09,0.0726962755124524,0.09959368547128,0.0491532769572662,0.0592618583327037,0.0269825957385862,0.0326580245398,0.0074178517916949,0.0096583066562161,0.0625,0.0625,0.03125,0.0625,0.0,0.0,0.0,0.0,0.0647465730670933,0.0830364986899084,0.0469862885441563,0.0541615997228484,0.0177223675737164,0.0228682884033288,0.0010651251242405,0.0016500767493466,0.0126491334426428,0.016485746683457,0.0,0.0,0.0208953373015873,0.0255921378968253,0.0114968432279705,0.0154019483541847,0.0172002237651406,0.0211581655980081,0.0107421875,0.0146484375,0.0144753306388579,0.0182191523142866,0.1023567705141781,0.1568295820878156,0.0390625,0.0502929687499999,0.0572296626984126,0.0749937996031746,0.124174635701275,0.1976358162720877,0.0726962755124524,0.0995936854712799,0.15625,0.25,0.0857768896923984,0.1252804460146189,previous,R1-distill,Qwen2.5-32B|base|tubitak_math2026
Qwen2.5-32B,Qwen2.5-32B,Qwen,32.0,False,base,Pretrained,aime2026,EN,True,cot:Qwen3.6-35B·TH,Qwen3.6-35B-A3B,think,64,0.6,16384,,0.6,16384.0,,,0.1,30.0,1920.0,63.0,1841.0,16.0,,,,,,,53.0,237.0,0.223629,/user/home/t.tuna/evalhub/results/Qwen2.5/base/Qwen2.5-32B/judged_by/Qwen3.6-35B-A3B__state-think__t0.6__max16384__basemax16384,/user/home/t.tuna/evalhub/results/Qwen2.5/base/Qwen2.5-32B/judged_by/Qwen3.6-35B-A3B__state-think__t0.6__max16384__basemax16384/aime2026__t0.6__max16384__n64/aime2026_cot_summary.json,0.0328125,0.0328125,0.0328125,0.0328125,0.0328125,0.0,0.0567956349206349,0.0567956349206349,0.0567956349206349,0.008829365079365,0.008829365079365,0.008829365079365,0.0893537055223993,0.0893537055223993,0.0319676852761199,0.0087773224043715,0.0011512867971091,0.0049643046007403,0.1264745774029411,0.0681190296789351,0.0194553786043721,0.0021790281876336,2.3455525201093964e-05,0.0026114929151919,0.1640101905327154,0.0564927140542329,0.0130207532771856,0.0001423381527638,2.075747360139553e-09,0.0012132873476117,0.2000046132896955,0.0500643520164982,0.0075005640195366,1.1780454172559277e-08,0.0,0.0003260904524453,0.2333333333333333,0.0333333333333333,0.0,0.0,0.0,0.0,0.1,0.1,0.0368754884204374,0.0578262069333449,0.0005208737624286,0.0130208502008123,2.6282441135022017e-08,0.0001423381527638,6.82323343981816e-17,2.075747360139553e-09,0.0197916666666666,0.0348958333333333,0.0197916666666666,0.0348958333333333,0.0197916666666666,0.0348958333333333,0.0197916666666666,0.0348958333333333,0.0360284391534391,0.060813492063492,0.0360284391534391,0.060813492063492,0.0035548941798941,0.0089781746031746,0.0035548941798941,0.0089781746031746,0.033162225853513,0.050143565053258,4.101311817066943e-08,0.0075005640195366,0.0,1.1780454172559277e-08,0.0,0.0,0.0606494946824137,0.0968627500356744,0.0158529752461534,0.0327252419564688,0.0025162003810866,0.0088422183609915,0.0001479963570127,0.0011531229801986,0.0333333333333333,0.0333333333333333,0.0,0.0,0.0,0.0,0.0,0.0,0.0421407370094748,0.0706669823488017,0.0053688483576483,0.0195521903961542,0.000101278728364,0.0021792717393111,1.1953913964111069e-07,2.3455532732067293e-05,1.106166898949261e-05,0.0012132873476117,0.0,0.0,0.0035548941798941,0.0089781746031746,0.0,0.0003260904524453,0.0013320983690497,0.004997670670595,0.0,0.0,0.0002681726471213,0.0026133811806102,0.1253550456237858,0.1865989623931448,0.0197916666666666,0.0348958333333333,0.0360284391534391,0.060813492063492,0.171163651777898,0.2376721435428855,0.0606494946824137,0.0968627500356743,0.2333333333333333,0.3,0.0913079270125152,0.139840018098182,previous,Qwen3.6,Qwen2.5-32B|base|aime2026
Qwen2.5-32B,Qwen2.5-32B,Qwen,32.0,False,base,Pretrained,aime2026_pt,PT,True,cot:Qwen3.6-35B·TH,Qwen3.6-35B-A3B,think,64,0.6,16384,,0.6,16384.0,,,0.1,30.0,1920.0,64.0,1841.0,15.0,,,,,,,42.0,237.0,0.177215,/user/home/t.tuna/evalhub/results/Qwen2.5/base/Qwen2.5-32B/judged_by/Qwen3.6-35B-A3B__state-think__t0.6__max16384__basemax16384,/user/home/t.tuna/evalhub/results/Qwen2.5/base/Qwen2.5-32B/judged_by/Qwen3.6-35B-A3B__state-think__t0.6__max16384__basemax16384/aime2026_pt__t0.6__max16384__n64/aime2026_pt_cot_summary.json,0.0333333333333333,0.0333333333333333,0.0333333333333333,0.0333333333333333,0.0333333333333333,0.0,0.056547619047619,0.056547619047619,0.056547619047619,0.0101190476190476,0.0101190476190476,0.0101190476190476,0.0840035401609965,0.0840035401609965,0.0388463943659607,0.0095823050708032,0.0009010937355728,0.005241699403188,0.1047290705519794,0.0803363704552848,0.0226566028293952,0.0011682953685791,4.509863129903736e-06,0.0019662143642257,0.1165930904922571,0.084383110061663,0.0080567062026161,8.54055969013436e-06,6.545596071151961e-12,0.0003691288105121,0.1333333318740478,0.0925482188574333,0.0004102498883636,0.0,0.0,5.349436216708509e-06,0.1666666666666666,0.1,0.0,0.0,0.0,0.0,0.1,0.1,0.037580975821889,0.0853866231636536,0.0028355152253763,0.0089931642816625,2.653727834913941e-06,1.123433826428416e-05,1.3884597726685977e-12,1.0248155464934888e-11,0.0197916666666666,0.0338541666666666,0.0197916666666666,0.0338541666666666,0.0197916666666666,0.0338541666666666,0.0197916666666666,0.0338541666666666,0.0350198412698412,0.0572420634920634,0.0350198412698412,0.0572420634920634,0.004563492063492,0.0104662698412698,0.004563492063492,0.0104662698412698,0.0328740588762724,0.093296288257242,0.0001166881846469,0.0005745949811216,0.0,0.0,0.0,0.0,0.0562111778432508,0.0846058082143486,0.0188568658558082,0.0397949665499903,0.0037717823776787,0.0100450232093542,0.0003268405899289,0.0009708686929733,0.0333333333333333,0.1,0.0,0.0,0.0,0.0,0.0,0.0,0.0462567253994202,0.0811659938187831,0.0085202508186088,0.0237777154827713,0.00041060512857,0.001300241703938,1.5328166563884244e-06,5.385564708525821e-06,0.0001275173613498,0.0004320287199084,0.0,0.0,0.004563492063492,0.0104662698412698,1.295696226385301e-06,8.032982459047901e-06,0.0020493114838038,0.0055079459511638,0.0,0.0,0.0007012279347805,0.0021330699635079,0.0945917477535419,0.1165998231423341,0.0197916666666666,0.0338541666666666,0.0350198412698412,0.0572420634920634,0.0998051975493929,0.1333333319519063,0.0562111778432508,0.0846058082143486,0.1,0.1666666666666666,0.0786279578969404,0.1049322436205912,previous,Qwen3.6,Qwen2.5-32B|base|aime2026_pt
Qwen2.5-32B,Qwen2.5-32B,Qwen,32.0,False,base,Pretrained,aime2026_tr,TR,True,cot:Qwen3.6-35B·TH,Qwen3.6-35B-A3B,think,64,0.6,16384,,0.6,16384.0,,,0.0666666666666666,30.0,1920.0,23.0,1887.0,10.0,,,,,,,10.0,99.0,0.10101,/user/home/t.tuna/evalhub/results/Qwen2.5/base/Qwen2.5-32B/judged_by/Qwen3.6-35B-A3B__state-think__t0.6__max16384__basemax16384,/user/home/t.tuna/evalhub/results/Qwen2.5/base/Qwen2.5-32B/judged_by/Qwen3.6-35B-A3B__state-think__t0.6__max16384__basemax16384/aime2026_tr__t0.6__max16384__n64/aime2026_tr_cot_summary.json,0.0119791666666666,0.0119791666666666,0.0119791666666666,0.0119791666666666,0.0119791666666666,0.0,0.022470238095238,0.0224702380952381,0.0224702380952381,0.0014880952380952,0.0014880952380952,0.0014880952380952,0.0398975829535057,0.0398975829535057,0.0071473689070198,0.0008339418968715,3.777290926947194e-05,0.0004358574030705,0.0650789105657593,0.0219168027177665,0.0015819947933465,1.714578956960471e-05,9.692362673603571e-09,5.926458040402193e-05,0.0963895840983335,0.014242507487287,6.192974393870859e-05,2.2308732312321474e-10,0.0,7.986883584557393e-07,0.1327166135903005,0.0089273437332577,0.0,0.0,0.0,0.0,0.1666666666666666,0.0,0.0,0.0,0.0,0.0,0.0666666666666666,0.0666666666666666,0.0023757320221299,0.0166115546219349,0.0,0.0001247910857586,0.0,1.4487720388515103e-09,0.0,0.0,0.0078125,0.0130208333333333,0.0078125,0.0130208333333333,0.0078125,0.0130208333333333,0.0078125,0.0130208333333333,0.0150958994708994,0.0243220899470899,0.0150958994708994,0.0243220899470899,0.0005291005291005,0.0017195767195767,0.0005291005291005,0.0017195767195767,0.0,0.0127211294849287,0.0,0.0,0.0,0.0,0.0,0.0,0.0282173075470272,0.0429099724677461,0.0028928802263016,0.0080820385619433,0.0001377137317116,0.0010385451554145,2.0984949594151075e-06,5.277714822928996e-05,0.0,0.0,0.0,0.0,0.0,0.0,0.0,0.0,0.0112021292723948,0.0239355073730268,0.0001262129225232,0.0020780283763978,8.456529950419152e-08,2.9018933844769084e-05,0.0,2.2615512905074992e-08,0.0,1.997336507088148e-06,0.0,0.0,0.0005291005291005,0.0017195767195767,0.0,0.0,6.990611333551575e-05,0.0005456611518219,0.0,0.0,1.260466536941494e-06,8.878240169418514e-05,0.0782457762496711,0.1028923698037828,0.0078125,0.0130208333333333,0.0150958994708994,0.0243220899470899,0.1074046141564896,0.1411827751051804,0.0282173075470272,0.0429099724677461,0.1333333333333333,0.1666666666666666,0.0495597189957197,0.0695348410217826,previous,Qwen3.6,Qwen2.5-32B|base|aime2026_tr
Qwen2.5-32B,Qwen2.5-32B,Qwen,32.0,False,base,Pretrained,pt_exams_math,PT,True,cot:Qwen3.6-35B·TH,Qwen3.6-35B-A3B,think,16,0.6,16384,,0.6,16384.0,,,0.8795180722891566,166.0,2656.0,1713.0,822.0,121.0,,,,,,,71.0,5502.0,0.012904,/user/home/t.tuna/evalhub/results/Qwen2.5/base/Qwen2.5-32B/judged_by/Qwen3.6-35B-A3B__state-think__t0.6__max16384__basemax16384,/user/home/t.tuna/evalhub/results/Qwen2.5/base/Qwen2.5-32B/judged_by/Qwen3.6-35B-A3B__state-think__t0.6__max16384__basemax16384/pt_exams_math__t0.6__max16384__n16/pt_exams_math_cot_summary.json,0.6449548192771084,0.6449548192771084,0.6449548192771084,0.6449548192771084,0.6449548192771084,0.0,0.796335341365462,0.796335341365462,0.796335341365462,0.4935742971887547,0.4935742971887547,0.4935742971887547,0.8801866807890907,0.8801866807890907,0.7704984774261879,0.5964550509731236,0.3326790679200317,0.4645670594465776,0.9171679725896592,0.8806456595613226,0.7529839638273373,0.5437273569803697,0.1946092060549893,0.446722203499312,0.927710843373494,0.8795180722891566,0.7469879518072289,0.5060240963855421,0.1024096385542168,0.4382530120481928,,,,,,,,,,,,,0.8795180722891566,0.8795180722891566,0.8734939759036144,0.8795180722891566,0.7289156626506024,0.7590361445783133,0.4759036144578313,0.5180722891566265,0.0843373493975903,0.108433734939759,0.6231174698795181,0.6547439759036144,0.6231174698795181,0.6547439759036144,0.6231174698795181,0.6547439759036144,0.6231174698795181,0.6547439759036144,0.7795180722891571,0.8045180722891564,0.7795180722891571,0.8045180722891564,0.466716867469879,0.5049698795180722,0.466716867469879,0.5049698795180722,,,,,,,,,0.8696246524559781,0.8838077585065538,0.7501191579504825,0.7822686349794781,0.5679961604660405,0.6111478882563225,0.3047299086455712,0.3417516218721038,,,,,,,,,0.867241460012545,0.8837382162683373,0.7312419842540325,0.7690154557624438,0.5109248181537343,0.559652596399585,0.1710735716759815,0.2000805085142436,0.4073795180722891,0.4510542168674699,0.0,0.0,0.466716867469879,0.5049698795180722,,,0.4363630345558058,0.4764497550642131,,,0.4175103678115726,0.4589927308300803,0.927710843373494,0.927710843373494,0.6231174698795181,0.6547439759036144,0.7795180722891571,0.8045180722891564,,,0.8696246524559778,0.8838077585065538,,,0.9119466209827656,0.917511537993466,previous,Qwen3.6,Qwen2.5-32B|base|pt_exams_math
Qwen2.5-32B,Qwen2.5-32B,Qwen,32.0,False,base,Pretrained,tubitak_math2026,TR-OL,True,cot:Qwen3.6-35B·TH,Qwen3.6-35B-A3B,think,64,0.6,16384,,0.6,16384.0,,,0.125,32.0,2048.0,96.0,1810.0,142.0,,,,,,,82.0,714.0,0.114846,/user/home/t.tuna/evalhub/results/Qwen2.5/base/Qwen2.5-32B/judged_by/Qwen3.6-35B-A3B__state-think__t0.6__max16384__basemax16384,/user/home/t.tuna/evalhub/results/Qwen2.5/base/Qwen2.5-32B/judged_by/Qwen3.6-35B-A3B__state-think__t0.6__max16384__basemax16384/tubitak_math2026__t0.6__max16384__n64/tubitak_math2026_cot_summary.json,0.046875,0.0468749999999999,0.0468749999999999,0.0468749999999999,0.0468749999999999,0.0,0.0679408482142857,0.0679408482142857,0.0679408482142857,0.0258091517857142,0.0258091517857142,0.0258091517857142,0.0864729113155045,0.0864729113155045,0.0575305508077107,0.0331652537237793,0.0103312841530054,0.0217482689383923,0.102760151387378,0.0777795916023488,0.0536115324769763,0.024169801230131,0.0019704522057748,0.0190548354155788,0.119176749543325,0.0731908527844354,0.0535415906627101,0.0171734669917797,6.356467618272097e-05,0.0174411824082222,0.136902613437963,0.0677686807514488,0.0554264009174049,0.0122270574035482,4.090404082438815e-09,0.0163784513410285,0.15625,0.0625,0.0625,0.0,0.0,0.015625,0.09375,0.1875,0.0623086821959029,0.0780219165529564,0.0483215622874387,0.0536327831839661,0.0143928328817278,0.0171734683326858,4.138250332675725e-05,6.356467618272097e-05,0.0390625,0.0507812499999999,0.0390625,0.0507812499999999,0.0390625,0.0507812499999999,0.0390625,0.0507812499999999,0.0555245535714285,0.0752573164682539,0.0555245535714285,0.0752573164682539,0.0226004464285714,0.026305183531746,0.0226004464285714,0.026305183531746,0.0624993204638459,0.0744260451714485,0.0468739390914584,0.0554264009174049,0.0091408880801998,0.0122270574035482,1.244905587396013e-09,4.090404082438815e-09,0.067833259361386,0.0995556174611568,0.050106452714613,0.0596640807962529,0.0294346379151872,0.0335488848335473,0.0088756500088136,0.0103564169090428,0.0625,0.0625,0.03125,0.0625,0.0,0.0,0.0,0.0,0.0626684907745746,0.0830967936369023,0.0489275354188483,0.054481020571925,0.0208560349182032,0.0241880617812018,0.0015775641937108,0.0019704699129759,0.014936595573112,0.0174427973242205,0.0,0.0,0.0226004464285714,0.026305183531746,0.0137954492642899,0.0163784513410285,0.0191551439620004,0.0219526508712951,0.0126953125,0.015625,0.0166177564713845,0.0191026277212994,0.0885895951009575,0.1567294445315232,0.0390625,0.05078125,0.0555245535714285,0.0752573164682539,0.1056547619047619,0.2022993278515829,0.067833259361386,0.0995556174611568,0.125,0.28125,0.076766359591199,0.1250431145140056,previous,Qwen3.6,Qwen2.5-32B|base|tubitak_math2026
Qwen2.5-32B,Qwen2.5-32B,Qwen,32.0,False,base,Pretrained,aime2026,EN,True,cot:deepseek-v4-flash·TH,deepseek-v4-flash,think,64,0.6,16384,,0.6,20480.0,high,thinking-enabled,0.1,30.0,1920.0,65.0,1841.0,14.0,,,,,,,0.0,237.0,0.0,/user/home/t.tuna/evalhub/results/Qwen2.5/base/Qwen2.5-32B/judged_by/deepseek-v4-flash__state-think__t0.6__max20480__basemax16384__re-high__eb-thinking-enabled,/user/home/t.tuna/evalhub/results/Qwen2.5/base/Qwen2.5-32B/judged_by/deepseek-v4-flash__state-think__t0.6__max20480__basemax16384__re-high__eb-thinking-enabled/aime2026__t0.6__max16384__n64/aime2026_cot_summary.json,0.0338541666666666,0.0338541666666666,0.0338541666666666,0.0338541666666666,0.0338541666666666,0.0,0.0586144179894179,0.058614417989418,0.058614417989418,0.0090939153439153,0.0090939153439153,0.0090939153439153,0.0920883067663871,0.0920883067663871,0.0332492886102087,0.0089230104169289,0.0011560608731417,0.0050395356450353,0.1293312243457054,0.0719505831396221,0.0196960250582305,0.0021798980150531,2.345559297985392e-05,0.0026169982280246,0.1643950337227857,0.0595025979813714,0.0130215148199671,0.0001423381527638,2.075747360139553e-09,0.0012132890783907,0.1959184663363778,0.050505681792731,0.0075005640195366,1.1780454172559277e-08,0.0,0.0003260904524453,0.2333333333333333,0.0333333333333333,0.0,0.0,0.0,0.0,0.1,0.1,0.0569541009491244,0.0595025979813714,0.0111878724838914,0.0130215148199671,8.993591065714951e-05,0.0001423381527638,8.896060114883798e-10,2.075747360139553e-09,0.0317708333333333,0.034375,0.0317708333333333,0.034375,0.0317708333333333,0.034375,0.0317708333333333,0.034375,0.0551421957671957,0.0596395502645502,0.0551421957671957,0.0596395502645502,0.0083994708994709,0.0091104497354497,0.0083994708994709,0.0091104497354497,0.050406251347082,0.050505681792731,0.0051898697020282,0.0075005640195366,2.120918152862945e-09,1.1780454172559277e-08,0.0,0.0,0.086836298506711,0.0940724337505141,0.0310969672550846,0.0333484949594151,0.0081503445728723,0.0089230104169289,0.0009997229986653,0.0011560608731417,0.0333333333333333,0.0333333333333333,0.0,0.0,0.0,0.0,0.0,0.0,0.0673668585428535,0.072413546102585,0.0182421520180309,0.0196960250582305,0.0017965577963918,0.0021798980150531,1.6767855204094126e-05,2.345559297985392e-05,0.0009425146710303,0.0012132890783907,0.0,0.0,0.0083994708994709,0.0091104497354497,0.0001909854732902,0.0003260904524453,0.0045750337857688,0.0050395356450353,0.0,0.0,0.0022608533104857,0.0026169982280246,0.1569674810507395,0.1707442400719921,0.0317708333333333,0.034375,0.0551421957671957,0.0596395502645502,0.1913619854487455,0.2043840748019863,0.0868362985067109,0.0940724337505141,0.2333333333333333,0.2333333333333333,0.1222451681490511,0.1330349280494091,previous,V4-Flash,Qwen2.5-32B|base|aime2026
Qwen2.5-32B,Qwen2.5-32B,Qwen,32.0,False,base,Pretrained,aime2026_pt,PT,True,cot:deepseek-v4-flash·TH,deepseek-v4-flash,think,64,0.6,16384,,0.6,20480.0,high,thinking-enabled,0.1,30.0,1920.0,62.0,1841.0,17.0,,,,,,,0.0,237.0,0.0,/user/home/t.tuna/evalhub/results/Qwen2.5/base/Qwen2.5-32B/judged_by/deepseek-v4-flash__state-think__t0.6__max20480__basemax16384__re-high__eb-thinking-enabled,/user/home/t.tuna/evalhub/results/Qwen2.5/base/Qwen2.5-32B/judged_by/deepseek-v4-flash__state-think__t0.6__max20480__basemax16384__re-high__eb-thinking-enabled/aime2026_pt__t0.6__max16384__n64/aime2026_pt_cot_summary.json,0.0322916666666666,0.0322916666666666,0.0322916666666666,0.0322916666666666,0.0322916666666666,0.0,0.0547619047619047,0.0547619047619047,0.0547619047619047,0.0098214285714285,0.0098214285714285,0.0098214285714285,0.0811757657408106,0.0811757657408107,0.0379115148615413,0.0092211016259138,0.0008582844384007,0.0050396930321573,0.1002206511774415,0.0792322463221622,0.0217409876946106,0.0011044152428965,4.270197434701902e-06,0.0018668602589364,0.1082362260494183,0.0827818215101239,0.0075886484315893,8.217028101590138e-06,6.489918486283044e-12,0.0003483161606599,0.1166666621721827,0.0903638680512172,0.0004006525910718,0.0,0.0,5.285955516746264e-06,0.1333333333333333,0.1,0.0,0.0,0.0,0.0,0.1,0.1,0.0817783084081334,0.0837853346121145,0.0066521903525428,0.0085251065106358,5.523249527440338e-06,1.0910806675739938e-05,2.7873590925001168e-12,1.0192477880065971e-11,0.0317708333333333,0.0328125,0.0317708333333333,0.0328125,0.0317708333333333,0.0328125,0.0317708333333333,0.0328125,0.0540674603174603,0.0554563492063492,0.0540674603174603,0.0554563492063492,0.0094742063492063,0.0101686507936507,0.0094742063492063,0.0101686507936507,0.0896157986514085,0.0911119374510258,0.0002363074983138,0.0005649976838297,0.0,0.0,0.0,0.0,0.0805734976874585,0.0817780337941628,0.0369629426775116,0.0388600870455709,0.0087583834873628,0.0096838197644649,0.0007885094810002,0.0009280593958013,0.1,0.1,0.0,0.0,0.0,0.0,0.0,0.0,0.0784026229586639,0.0800618696856605,0.0206198750412345,0.0228621003479868,0.0009724689075376,0.0012363615782554,3.3944958560798173e-06,5.1458990133239866e-06,0.0002854162512637,0.0004112160700561,0.0,0.0,0.0094742063492063,0.0101686507936507,2.602409274406872e-06,7.969501759085657e-06,0.0047734464841815,0.0053059395801331,0.0,0.0,0.0017000046596541,0.0020337158582186,0.1082294933993413,0.1082429586994952,0.0317708333333333,0.0328125,0.0540674603174603,0.0554563492063492,0.1166666620943242,0.1166666622500412,0.0805734976874585,0.0817780337941628,0.1333333333333333,0.1333333333333333,0.1000174781088296,0.1004238242460533,previous,V4-Flash,Qwen2.5-32B|base|aime2026_pt
Qwen2.5-32B,Qwen2.5-32B,Qwen,32.0,False,base,Pretrained,aime2026_tr,TR,True,cot:deepseek-v4-flash·TH,deepseek-v4-flash,think,64,0.6,16384,,0.6,20480.0,high,thinking-enabled,0.0666666666666666,30.0,1920.0,20.0,1887.0,13.0,,,,,,,0.0,99.0,0.0,/user/home/t.tuna/evalhub/results/Qwen2.5/base/Qwen2.5-32B/judged_by/deepseek-v4-flash__state-think__t0.6__max20480__basemax16384__re-high__eb-thinking-enabled,/user/home/t.tuna/evalhub/results/Qwen2.5/base/Qwen2.5-32B/judged_by/deepseek-v4-flash__state-think__t0.6__max20480__basemax16384__re-high__eb-thinking-enabled/aime2026_tr__t0.6__max16384__n64/aime2026_tr_cot_summary.json,0.0104166666666666,0.0104166666666666,0.0104166666666666,0.0104166666666666,0.0104166666666666,0.0,0.0195601851851851,0.0195601851851851,0.0195601851851851,0.0012731481481481,0.0012731481481481,0.0012731481481481,0.0347375936977999,0.0347375936977999,0.0062454882358372,0.0006573535460367,2.623118699268885e-05,0.0003417923665147,0.0563366410052003,0.0198262945997848,0.0011679569416997,9.541012702623456e-06,3.727831797539835e-09,3.78651483618344e-05,0.0814894736611164,0.0118594423222566,2.7519063085583817e-05,1.847219872994772e-11,0.0,2.747594422375416e-07,0.107582928182383,0.0056199407702625,0.0,0.0,0.0,0.0,0.1333333333333333,0.0,0.0,0.0,0.0,0.0,0.0666666666666666,0.0666666666666666,0.009535953786352,0.014242507487287,1.0574409635181464e-05,6.192974393870859e-05,0.0,2.2308732312321474e-10,0.0,0.0,0.0098958333333333,0.0109375,0.0098958333333333,0.0109375,0.0098958333333333,0.0109375,0.0098958333333333,0.0109375,0.0187003968253968,0.0204034391534391,0.0187003968253968,0.0204034391534391,0.0010912698412698,0.0014715608465608,0.0010912698412698,0.0014715608465608,0.0030606408584209,0.0089273437332577,0.0,0.0,0.0,0.0,0.0,0.0,0.033578175232723,0.0358301226360454,0.0054802720488865,0.0070481625578135,0.0005073111564386,0.0008339418968715,1.757489528510153e-05,3.777290926947194e-05,0.0,0.0,0.0,0.0,0.0,0.0,0.0,0.0,0.0181397804174104,0.0214538397548036,0.0008315511872367,0.0015819947933465,4.927448069988152e-06,1.714578956960471e-05,1.2426105991799444e-09,9.692362673603571e-09,7.668924621938926e-08,7.986883584557393e-07,0.0,0.0,0.0010912698412698,0.0014715608465608,0.0,0.0,0.0002624430258618,0.0004358574030705,0.0,0.0,2.2935057751627448e-05,5.926458040402193e-05,0.0811836985464346,0.0817070444157939,0.0098958333333333,0.0109375,0.0187003968253968,0.0204034391534391,0.1075794360712685,0.1075843384580253,0.033578175232723,0.0358301226360454,0.1333333333333333,0.1333333333333333,0.0553291130520935,0.0572085401953889,previous,V4-Flash,Qwen2.5-32B|base|aime2026_tr
Qwen2.5-32B,Qwen2.5-32B,Qwen,32.0,False,base,Pretrained,pt_exams_math,PT,True,cot:deepseek-v4-flash·TH,deepseek-v4-flash,think,16,0.6,16384,,0.6,20480.0,high,thinking-enabled,0.8734939759036144,166.0,2656.0,1670.0,822.0,164.0,,,,,,,0.0,5502.0,0.0,/user/home/t.tuna/evalhub/results/Qwen2.5/base/Qwen2.5-32B/judged_by/deepseek-v4-flash__state-think__t0.6__max20480__basemax16384__re-high__eb-thinking-enabled,/user/home/t.tuna/evalhub/results/Qwen2.5/base/Qwen2.5-32B/judged_by/deepseek-v4-flash__state-think__t0.6__max20480__basemax16384__re-high__eb-thinking-enabled/pt_exams_math__t0.6__max16384__n16/pt_exams_math_cot_summary.json,0.6287650602409639,0.6287650602409639,0.6287650602409639,0.6287650602409639,0.6287650602409639,0.0,0.7809738955823294,0.7809738955823294,0.7809738955823294,0.4765562248995982,0.4765562248995982,0.4765562248995982,0.8692605587183901,0.8692605587183901,0.7516417317622134,0.5747782338143788,0.3193797166688733,0.4470789752416261,0.9114134861122812,0.8659940461145286,0.7337321313224928,0.5187505265818523,0.1886188109079677,0.4284866739686018,0.927710843373494,0.8614457831325302,0.7228915662650602,0.4759036144578313,0.1024096385542168,0.4194277108433735,,,,,,,,,,,,,0.8734939759036144,0.8734939759036144,0.8614457831325302,0.8614457831325302,0.7108433734939759,0.7409638554216867,0.463855421686747,0.4879518072289157,0.0963855421686747,0.1024096385542168,0.6185993975903614,0.6362951807228916,0.6185993975903614,0.6362951807228916,0.6185993975903614,0.6362951807228916,0.6185993975903614,0.6362951807228916,0.772038152610442,0.7881024096385543,0.772038152610442,0.7881024096385543,0.4651606425702808,0.4844879518072286,0.4651606425702808,0.4844879518072286,,,,,,,,,0.8638421819144712,0.8740103270223752,0.7397987554614057,0.7608003442340788,0.5611048589964255,0.5849827882960416,0.3096517939891435,0.3253872633390706,,,,,,,,,0.8602180282903179,0.8711966748111333,0.7188520983701707,0.7454994804392393,0.5043629061701355,0.5287092425646647,0.1819230301158013,0.1918105990395149,0.4081325301204819,0.4277108433734939,0.0,0.0,0.4651606425702808,0.4844879518072286,,,0.4353783264927846,0.4551850258175561,,,0.4167128888514431,0.4367504984974866,0.927710843373494,0.927710843373494,0.6185993975903614,0.6362951807228916,0.772038152610442,0.7881024096385543,,,0.8638421819144712,0.8740103270223752,,,0.9092542664831822,0.914080096610217,previous,V4-Flash,Qwen2.5-32B|base|pt_exams_math
Qwen2.5-32B,Qwen2.5-32B,Qwen,32.0,False,base,Pretrained,tubitak_math2026,TR-OL,True,cot:deepseek-v4-flash·TH,deepseek-v4-flash,think,64,0.6,16384,,0.6,20480.0,high,thinking-enabled,0.09375,32.0,2048.0,87.0,1810.0,151.0,,,,,,,29.0,714.0,0.040616,/user/home/t.tuna/evalhub/results/Qwen2.5/base/Qwen2.5-32B/judged_by/deepseek-v4-flash__state-think__t0.6__max20480__basemax16384__re-high__eb-thinking-enabled,/user/home/t.tuna/evalhub/results/Qwen2.5/base/Qwen2.5-32B/judged_by/deepseek-v4-flash__state-think__t0.6__max20480__basemax16384__re-high__eb-thinking-enabled/tubitak_math2026__t0.6__max16384__n64/tubitak_math2026_cot_summary.json,0.04248046875,0.04248046875,0.04248046875,0.04248046875,0.04248046875,0.0,0.0609964037698412,0.0609964037698412,0.0609964037698412,0.0239645337301587,0.0239645337301587,0.0239645337301587,0.07590033303115,0.07590033303115,0.0536000041707587,0.0310774151840799,0.0093441226140112,0.0202107688990456,0.0875709231479509,0.069936772743903,0.0513634248987576,0.0221124784915627,0.0016198936672896,0.0175972135268709,0.0988982883913213,0.0655198202403886,0.0517894104419756,0.0148472967998967,4.143791627134446e-05,0.015913158073112,0.1093007377780377,0.0625742052464559,0.0528536028010619,0.0091460760855979,1.2449055879587306e-09,0.0147720117642899,0.125,0.0625,0.0625,0.0,0.0,0.013671875,0.09375,0.09375,0.0614606717902992,0.0731908527844354,0.0393893944122496,0.0535415906627101,0.0120919841279551,0.0171734669917797,2.665667476675889e-05,6.356467618272097e-05,0.03662109375,0.0454101562499999,0.03662109375,0.0454101562499999,0.03662109375,0.0454101562499999,0.03662109375,0.0454101562499999,0.0534474206349206,0.0650576636904761,0.0534474206349206,0.0650576636904761,0.0197947668650793,0.0257626488095238,0.0197947668650793,0.0257626488095238,0.0624271543504008,0.0677686807514488,0.03441429995638,0.0554264009174049,0.0065462922383255,0.0122270574035482,3.5963939191440384e-10,4.090404082438815e-09,0.0678507686787036,0.080889553980635,0.0459106595936894,0.0572575333345924,0.025310898586034,0.033162253531767,0.0074120481415728,0.0103312841530054,0.0625,0.0625,0.03125,0.0625,0.0,0.0,0.0,0.0,0.0620915612740499,0.0765615136453595,0.0425592641345704,0.0536115324769763,0.0174620271327377,0.024169801230131,0.0012623434108212,0.0019704522057748,0.0124655234805726,0.0174411824082222,0.0,0.0,0.0197947668650793,0.0257626488095238,0.0118173143710023,0.0163784513410285,0.0163614733638034,0.0217467688423862,0.01171875,0.015625,0.013923796355263,0.0190548354155788,0.0919909566727084,0.1008995798044618,0.03662109375,0.04541015625,0.0534474206349206,0.0650576636904761,0.1076063622169708,0.109372851533201,0.0678507686787036,0.080889553980635,0.125,0.125,0.0792454891452668,0.0923014820325393,previous,V4-Flash,Qwen2.5-32B|base|tubitak_math2026
Qwen2.5-32B,Qwen2.5-32B,Qwen,32.0,False,base,Pretrained,aime2026,EN,True,cot:G4-26B·TH,gemma-4-26B-A4B-it,think,64,0.6,16384,,0.6,16384.0,,,0.1,30.0,1920.0,64.0,1841.0,15.0,,,,,,,12.0,237.0,0.050633,/user/home/t.tuna/evalhub/results/Qwen2.5/base/Qwen2.5-32B/judged_by/gemma-4-26B-A4B-it__state-think__t0.6__max16384__basemax16384,/user/home/t.tuna/evalhub/results/Qwen2.5/base/Qwen2.5-32B/judged_by/gemma-4-26B-A4B-it__state-think__t0.6__max16384__basemax16384/aime2026__t0.6__max16384__n64/aime2026_cot_summary.json,0.0333333333333333,0.0333333333333333,0.0333333333333333,0.0333333333333333,0.0333333333333333,0.0,0.0578207671957672,0.0578207671957672,0.0578207671957672,0.0088458994708994,0.0088458994708994,0.0088458994708994,0.0912177461324737,0.0912177461324738,0.0322927421453333,0.008685880486515,0.0011369645690111,0.004911422527763,0.1291024694342901,0.0701028614768797,0.0191152148264395,0.0021621674529355,2.3429746679390978e-05,0.0025775597350734,0.1658236264837076,0.0572110832984029,0.0129159077657096,0.0001423328904908,2.075747360139553e-09,0.0012108332034057,0.2001510604104589,0.0465601446109931,0.0075005640195366,1.1780454172559277e-08,0.0,0.0003260904524453,0.2333333333333333,0.0333333333333333,0.0,0.0,0.0,0.0,0.1,0.1,0.0572110832984029,0.0614685474831479,0.0129159077657096,0.0130240705827167,0.0001423328904908,0.0001423381527638,2.075747360139553e-09,2.075747360139553e-09,0.0328125,0.0354166666666666,0.0328125,0.0354166666666666,0.0328125,0.0354166666666666,0.0328125,0.0354166666666666,0.0567956349206349,0.061574074074074,0.0567956349206349,0.061574074074074,0.008829365079365,0.0092592592592592,0.008829365079365,0.0092592592592592,0.0465601446109931,0.0514241415228489,0.0075005640195366,0.0075005640195366,1.1780454172559277e-08,1.1780454172559277e-08,0.0,0.0,0.0892336191483468,0.0974570438081807,0.032193535796127,0.0340241578739727,0.008685880486515,0.0090249972719565,0.0011369645690111,0.0011604677125565,0.0333333333333333,0.0333333333333333,0.0,0.0,0.0,0.0,0.0,0.0,0.0696398985139168,0.0741640793194452,0.0191152148264395,0.0198960859973002,0.0021621674529355,0.00218125589473,2.3429746679390978e-05,2.3455864094893743e-05,0.0012108332034057,0.0012133028931544,0.0,0.0,0.008829365079365,0.0092592592592592,0.0003260904524453,0.0003260904524453,0.004911422527763,0.0050927324922565,0.0,0.0,0.0025775597350734,0.0026232304511131,0.1594744201345012,0.179668078383881,0.0328125,0.0354166666666666,0.0567956349206349,0.061574074074074,0.1916854519448504,0.221070493290806,0.0892336191483468,0.0974570438081807,0.2333333333333333,0.2666666666666666,0.1253987657305864,0.138535334309874,previous,Gemma4,Qwen2.5-32B|base|aime2026
Qwen2.5-32B,Qwen2.5-32B,Qwen,32.0,False,base,Pretrained,aime2026_pt,PT,True,cot:G4-26B·TH,gemma-4-26B-A4B-it,think,64,0.6,16384,,0.6,16384.0,,,0.1,30.0,1920.0,64.0,1841.0,15.0,,,,,,,2.0,237.0,0.008439,/user/home/t.tuna/evalhub/results/Qwen2.5/base/Qwen2.5-32B/judged_by/gemma-4-26B-A4B-it__state-think__t0.6__max16384__basemax16384,/user/home/t.tuna/evalhub/results/Qwen2.5/base/Qwen2.5-32B/judged_by/gemma-4-26B-A4B-it__state-think__t0.6__max16384__basemax16384/aime2026_pt__t0.6__max16384__n64/aime2026_pt_cot_summary.json,0.0333333333333333,0.0333333333333333,0.0333333333333333,0.0333333333333333,0.0333333333333333,0.0,0.0562003968253968,0.0562003968253968,0.0562003968253968,0.0104662698412698,0.0104662698412698,0.0104662698412698,0.0825224748810153,0.0825224748810153,0.0397949665499903,0.0100450232093542,0.0009708686929733,0.0055079459511638,0.1007655769539246,0.0811659938187831,0.0237777154827713,0.001300241703938,5.385564708525821e-06,0.0021330699635079,0.1082664898090007,0.0853866231636536,0.0089931642816625,1.123433826428416e-05,1.0248155464934888e-11,0.0004320287199084,0.1166666652852396,0.093296288257242,0.0005745949811216,0.0,0.0,8.032982459047901e-06,0.1333333333333333,0.1,0.0,0.0,0.0,0.0,0.1,0.1,0.081979960264791,0.0853866231636536,0.0081788532472739,0.0089931642816625,1.0773006184322951e-05,1.123433826428416e-05,1.0183198282587818e-11,1.0248155464934888e-11,0.0322916666666666,0.0333333333333333,0.0322916666666666,0.0333333333333333,0.0322916666666666,0.0333333333333333,0.0322916666666666,0.0333333333333333,0.0546957671957671,0.0562003968253968,0.0546957671957671,0.0562003968253968,0.0098875661375661,0.0104662698412698,0.0098875661375661,0.0104662698412698,0.0883208225319719,0.093296288257242,0.0005625450411885,0.0005745949811216,0.0,0.0,0.0,0.0,0.0809816549570647,0.0825224748810153,0.0379370115752982,0.0397949665499903,0.0093556151528124,0.0100450232093542,0.0008923849814912,0.0009708686929733,0.1,0.1,0.0,0.0,0.0,0.0,0.0,0.0,0.0788626681966302,0.0811659938187831,0.0220264198678263,0.0237777154827713,0.001188128857096,0.001300241703938,4.999436644033978e-06,5.385564708525821e-06,0.0003979306650596,0.0004320287199084,0.0,0.0,0.0098875661375661,0.0104662698412698,7.959339377411276e-06,8.032982459047901e-06,0.0051240000671518,0.0055079459511638,0.0,0.0,0.0019525287198894,0.0021330699635079,0.1082080415692613,0.1082664898090007,0.0322916666666666,0.0333333333333333,0.0546957671957671,0.0562003968253968,0.1166666529420995,0.1166666652852396,0.0809816549570647,0.0825224748810153,0.1333333333333333,0.1333333333333333,0.1000207313085641,0.1007655769539246,previous,Gemma4,Qwen2.5-32B|base|aime2026_pt
Qwen2.5-32B,Qwen2.5-32B,Qwen,32.0,False,base,Pretrained,aime2026_tr,TR,True,cot:G4-26B·TH,gemma-4-26B-A4B-it,think,64,0.6,16384,,0.6,16384.0,,,0.0666666666666666,30.0,1920.0,22.0,1887.0,11.0,,,,,,,8.0,99.0,0.080808,/user/home/t.tuna/evalhub/results/Qwen2.5/base/Qwen2.5-32B/judged_by/gemma-4-26B-A4B-it__state-think__t0.6__max16384__basemax16384,/user/home/t.tuna/evalhub/results/Qwen2.5/base/Qwen2.5-32B/judged_by/gemma-4-26B-A4B-it__state-think__t0.6__max16384__basemax16384/aime2026_tr__t0.6__max16384__n64/aime2026_tr_cot_summary.json,0.0114583333333333,0.0114583333333333,0.0114583333333333,0.0114583333333333,0.0114583333333333,0.0,0.0214285714285714,0.0214285714285714,0.0214285714285714,0.0014880952380952,0.0014880952380952,0.0014880952380952,0.0378142496201724,0.0378142496201724,0.0071473689070198,0.0008339418968715,3.777290926947194e-05,0.0004358574030705,0.0609122438990926,0.0219168027177665,0.0015819947933465,1.714578956960471e-05,9.692362673603571e-09,5.926458040402193e-05,0.0880562507650002,0.014242507487287,6.192974393870859e-05,2.2308732312321474e-10,0.0,7.986883584557393e-07,0.1160499469236338,0.0089273437332577,0.0,0.0,0.0,0.0,0.1333333333333333,0.0,0.0,0.0,0.0,0.0,0.0666666666666666,0.0666666666666666,0.009535953786352,0.0166115546219349,1.0574409635181464e-05,0.0001247910857586,0.0,1.4487720388515103e-09,0.0,0.0,0.0098958333333333,0.0119791666666666,0.0098958333333333,0.0119791666666666,0.0098958333333333,0.0119791666666666,0.0098958333333333,0.0119791666666666,0.0187003968253968,0.022255291005291,0.0187003968253968,0.022255291005291,0.0010912698412698,0.0017030423280423,0.0010912698412698,0.0017030423280423,0.0030606408584209,0.0127211294849287,0.0,0.0,0.0,0.0,0.0,0.0,0.033578175232723,0.0388425121502858,0.0054802720488865,0.007982832212737,0.0005073111564386,0.0010385451554145,1.757489528510153e-05,5.277714822928996e-05,0.0,0.0,0.0,0.0,0.0,0.0,0.0,0.0,0.0181397804174104,0.0234725444100638,0.0008315511872367,0.0020780283763978,4.927448069988152e-06,2.9018933844769084e-05,1.2426105991799444e-09,2.2615512905074992e-08,7.668924621938926e-08,1.997336507088148e-06,0.0,0.0,0.0010912698412698,0.0017030423280423,0.0,0.0,0.0002624430258618,0.0005456611518219,0.0,0.0,2.2935057751627448e-05,8.878240169418514e-05,0.0811836985464346,0.0882098301212431,0.0098958333333333,0.0119791666666666,0.0187003968253968,0.022255291005291,0.1075794360712685,0.1160504999729053,0.033578175232723,0.0388425121502858,0.1333333333333333,0.1333333333333333,0.0553291130520935,0.0616644706514122,previous,Gemma4,Qwen2.5-32B|base|aime2026_tr
Qwen2.5-32B,Qwen2.5-32B,Qwen,32.0,False,base,Pretrained,tubitak_math2026,TR-OL,True,cot:G4-26B·TH,gemma-4-26B-A4B-it,think,64,0.6,16384,,0.6,16384.0,,,0.125,32.0,2048.0,93.0,1810.0,145.0,,,,,,,116.0,714.0,0.162465,/user/home/t.tuna/evalhub/results/Qwen2.5/base/Qwen2.5-32B/judged_by/gemma-4-26B-A4B-it__state-think__t0.6__max16384__basemax16384,/user/home/t.tuna/evalhub/results/Qwen2.5/base/Qwen2.5-32B/judged_by/gemma-4-26B-A4B-it__state-think__t0.6__max16384__basemax16384/tubitak_math2026__t0.6__max16384__n64/tubitak_math2026_cot_summary.json,0.0454101562499999,0.0454101562499999,0.0454101562499999,0.0454101562499999,0.0454101562499999,0.0,0.0657552083333333,0.0657552083333333,0.0657552083333333,0.0250651041666666,0.0250651041666666,0.0250651041666666,0.0828025452645362,0.0828025452645362,0.0569189051050086,0.0322858039963738,0.0096333706340812,0.0209595873152275,0.0962075073459501,0.0765556156223917,0.0533049649095261,0.022850027852258,0.0016500590421455,0.0181714173892875,0.1087120798044096,0.0731908359338318,0.0534145684057703,0.0151865740280133,4.150426102132643e-05,0.0164841317674587,0.124997851533201,0.0677686807514488,0.0554255011707838,0.0091553140823068,1.2449055969622136e-09,0.0154019483541847,0.15625,0.0625,0.0625,0.0,0.0,0.0146484375,0.125,0.125,0.068964658678875,0.0754249595260478,0.0532066063903649,0.0534468284190701,0.013285043855743,0.01518657421984,2.679731758039673e-05,4.150426102132643e-05,0.0439453124999999,0.0458984374999999,0.0439453124999999,0.0458984374999999,0.0439453124999999,0.0458984374999999,0.0439453124999999,0.0458984374999999,0.0638330853174603,0.0665457589285714,0.0638330853174603,0.0665457589285714,0.0240575396825396,0.0252511160714285,0.0240575396825396,0.0252511160714285,0.0637747889415315,0.0708693710292569,0.0554217022406058,0.0554255011707838,0.0065613974999251,0.0091553140823068,3.5963940148060436e-10,1.2449055969622136e-09,0.0805157595659892,0.0838267911441414,0.0551537101653194,0.0576714122818614,0.0311438128761552,0.0324513555752814,0.008967967392536,0.0096441909987157,0.0625,0.0625,0.0625,0.0625,0.0,0.0,0.0,0.0,0.0733452158590361,0.0780814392052217,0.0523790620815661,0.053693125395445,0.0215321035001374,0.0228571573305708,0.0013795016379514,0.0016500646338932,0.0155365893172274,0.0164846229508176,0.0,0.0,0.0240575396825396,0.0252511160714285,0.0144256453110345,0.0154019483541847,0.0200558901343456,0.0210477732869985,0.013671875,0.0146484375,0.0172837617290195,0.018191479356827,0.1080255945549171,0.1089160523869197,0.0439453125,0.0458984374999999,0.0638330853174603,0.0665457589285714,0.1249866906667132,0.1249991736666158,0.0805157595659892,0.0838267911441414,0.15625,0.15625,0.0941742996759288,0.0970249128367519,previous,Gemma4,Qwen2.5-32B|base|tubitak_math2026
Qwen2.5-32B,Qwen2.5-32B,Qwen,32.0,False,base,Pretrained,pt_exams_math,PT,False,No-Judge,,,16,0.6,16384,,,,,,0.8795180722891566,166.0,2656.0,1834.0,822.0,0.0,68.0,2656.0,0.025602,66.0,25.0,16.0,,,,/user/home/t.tuna/evalhub/results/Qwen2.5/base/Qwen2.5-32B,/user/home/t.tuna/evalhub/results/Qwen2.5/base/Qwen2.5-32B/pt_exams_math__t0.6__max16384__n16/pt_exams_math_summary.json,0.6905120481927711,0.6905120481927711,0.6905120481927711,0.6905120481927711,0.6905120481927711,0.0,0.8337349397590362,0.8337349397590357,0.8337349397590357,0.547289156626506,0.547289156626506,0.547289156626506,0.9045081424599496,0.9045081424599498,0.8159075863895143,0.65707003839534,0.384562425526281,0.5208162319608105,0.9335748588760636,0.9020431375853069,0.8071376414749908,0.6092130760805464,0.232826410537254,0.5042249417249417,0.9518072289156626,0.9096385542168676,0.8072289156626506,0.5783132530120482,0.1144578313253012,0.4954819277108434,,,,,,,,,,,,,,,,,,,,,,,,,,,,,,,,,,,,,,,,,,,,,,,,,,,,,,,,,,,,,,,,,,,,,,,,,,,,,,,,,,,,,,,,,,,,,,,,,,,previous,No-Judge,Qwen2.5-32B|base|pt_exams_math
Qwen2.5-32B,Qwen2.5-32B,Qwen,32.0,False,base,Pretrained,tubitak_math2026,TR-OL,False,No-Judge,,,64,0.6,16384,,,,,,0.25,32.0,2048.0,238.0,1810.0,0.0,354.0,2048.0,0.172852,336.0,240.0,199.0,,,,/user/home/t.tuna/evalhub/results/Qwen2.5/base/Qwen2.5-32B,/user/home/t.tuna/evalhub/results/Qwen2.5/base/Qwen2.5-32B/tubitak_math2026__t0.6__max16384__n64/tubitak_math2026_summary.json,0.1162109375,0.1162109375,0.1162109375,0.1162109375,0.1162109375,0.0,0.1847408234126984,0.1847408234126984,0.1847408234126984,0.0476810515873016,0.0476810515873016,0.0476810515873016,0.2652186953079751,0.2652186953079751,0.1280160290914356,0.0567567963693938,0.0148522292311953,0.0358045128002946,0.3503663923021211,0.2182493832760363,0.0997372764747659,0.0345371999821652,0.0023304873374875,0.0284757276768505,0.4362480935618569,0.1980941503776751,0.0874843072017134,0.0210573347458312,6.471479796288337e-05,0.0246769836812229,0.5244340488449998,0.1904197030467243,0.0885851428544765,0.0124599721971913,4.090412510261468e-09,0.0229463659062374,0.59375,0.1875,0.09375,0.0,0.0,0.0224609375,,,,,,,,,,,,,,,,,,,,,,,,,,,,,,,,,,,,,,,,,,,,,,,,,,,,,,,,,,,,,,,,,,,,,,,,,,,,,,,,,,,,,,,previous,No-Judge,Qwen2.5-32B|base|tubitak_math2026
Qwen2.5-7B,Qwen2.5-7B,Qwen,7.0,False,base,Pretrained,aime2026,EN,False,No-Judge,,,64,0.6,16384,,,,,,0.0666666666666666,30.0,1920.0,55.0,1865.0,0.0,69.0,1920.0,0.035937,67.0,26.0,17.0,,,,/user/home/t.tuna/evalhub/results/Qwen2.5/base/Qwen2.5-7B,/user/home/t.tuna/evalhub/results/Qwen2.5/base/Qwen2.5-7B/aime2026__t0.6__max16384__n64/aime2026_summary.json,0.0286458333333333,0.0286458333333333,0.0286458333333333,0.0286458333333333,0.0286458333333333,0.0,0.047255291005291,0.047255291005291,0.047255291005291,0.0100363756613756,0.0100363756613756,0.0100363756613756,0.0697487786759336,0.0697487786759336,0.0314090659179236,0.0114672781680978,0.0019582105713782,0.006712744369738,0.0939222445020947,0.0551066551790886,0.0241810272477525,0.0043220598892002,7.926149857309175e-05,0.0043887378110119,0.122896714297729,0.0517960681595466,0.0206714945086003,0.0006888134810312,4.1013118170669426e-08,0.0028352754879303,0.1647800014838707,0.0499997782407469,0.019952461674772,2.234076498341923e-06,1.8188854216549112e-20,0.0016428975040526,0.2333333333333333,0.0333333333333333,0.0333333333333333,0.0,0.0,0.0,,,,,,,,,,,,,,,,,,,,,,,,,,,,,,,,,,,,,,,,,,,,,,,,,,,,,,,,,,,,,,,,,,,,,,,,,,,,,,,,,,,,,,,previous,No-Judge,Qwen2.5-7B|base|aime2026
Qwen2.5-7B,Qwen2.5-7B,Qwen,7.0,False,base,Pretrained,aime2026_pt,PT,False,No-Judge,,,64,0.6,16384,,,,,,0.0666666666666666,30.0,1920.0,55.0,1865.0,0.0,77.0,1920.0,0.040104,76.0,26.0,20.0,,,,/user/home/t.tuna/evalhub/results/Qwen2.5/base/Qwen2.5-7B,/user/home/t.tuna/evalhub/results/Qwen2.5/base/Qwen2.5-7B/aime2026_pt__t0.6__max16384__n64/aime2026_pt_summary.json,0.0286458333333333,0.0286458333333333,0.0286458333333333,0.0286458333333333,0.0286458333333333,0.0,0.0488425925925925,0.0488425925925926,0.0488425925925926,0.008449074074074,0.008449074074074,0.008449074074074,0.0746870619391772,0.0746870619391772,0.0302270886320331,0.0085401924739576,0.0011289902881653,0.0048345913810615,0.1008017919511828,0.0624375284600377,0.018878230873185,0.0021539392470344,2.34179908300254e-05,0.002561123666313,0.1234970871014186,0.0556841714863411,0.0128627623671166,0.0001423316648061,2.075747360139553e-09,0.0012097095137242,0.1499933347686892,0.0453064569047505,0.0075005640195366,1.1780454172559277e-08,0.0,0.0003260904524453,0.2,0.0333333333333333,0.0,0.0,0.0,0.0,,,,,,,,,,,,,,,,,,,,,,,,,,,,,,,,,,,,,,,,,,,,,,,,,,,,,,,,,,,,,,,,,,,,,,,,,,,,,,,,,,,,,,,previous,No-Judge,Qwen2.5-7B|base|aime2026_pt
Qwen2.5-7B,Qwen2.5-7B,Qwen,7.0,False,base,Pretrained,aime2026_tr,TR,False,No-Judge,,,64,0.6,16384,,,,,,0.0666666666666666,30.0,1920.0,31.0,1889.0,0.0,78.0,1920.0,0.040625,73.0,46.0,33.0,,,,/user/home/t.tuna/evalhub/results/Qwen2.5/base/Qwen2.5-7B,/user/home/t.tuna/evalhub/results/Qwen2.5/base/Qwen2.5-7B/aime2026_tr__t0.6__max16384__n64/aime2026_tr_summary.json,0.0161458333333333,0.0161458333333333,0.0161458333333333,0.0161458333333333,0.0161458333333333,0.0,0.0297453703703703,0.0297453703703703,0.0297453703703703,0.0025462962962962,0.0025462962962962,0.0025462962962962,0.0511904761904761,0.0511904761904762,0.0116071428571428,0.0016865079365079,9.920634920634922e-05,0.0008928571428571,0.0796915864576888,0.0327130431336383,0.0035175170617348,7.258791149621592e-05,9.693115770936404e-08,0.0001825389773823,0.1117962124555331,0.0240686402203977,0.0003961796002967,2.4833669096170506e-08,6.82323343981816e-17,9.064332482404462e-06,0.1480341989816079,0.020520309405344,4.101311817066943e-08,0.0,0.0,0.0,0.2,0.0333333333333333,0.0,0.0,0.0,0.0,,,,,,,,,,,,,,,,,,,,,,,,,,,,,,,,,,,,,,,,,,,,,,,,,,,,,,,,,,,,,,,,,,,,,,,,,,,,,,,,,,,,,,,previous,No-Judge,Qwen2.5-7B|base|aime2026_tr
Qwen2.5-7B,Qwen2.5-7B,Qwen,7.0,False,base,Pretrained,aime2026,EN,True,cot:DeepSeek-R1-0528-Qwen3-8B·TH,DeepSeek-R1-0528-Qwen3-8B,think,64,0.6,16384,,0.6,16384.0,,,0.0666666666666666,30.0,1920.0,43.0,1865.0,12.0,,,,,,,2.0,165.0,0.012121,/user/home/t.tuna/evalhub/results/Qwen2.5/base/Qwen2.5-7B/judged_by/DeepSeek-R1-0528-Qwen3-8B__state-think__t0.6__max16384__basemax16384,/user/home/t.tuna/evalhub/results/Qwen2.5/base/Qwen2.5-7B/judged_by/DeepSeek-R1-0528-Qwen3-8B__state-think__t0.6__max16384__basemax16384/aime2026__t0.6__max16384__n64/aime2026_cot_summary.json,0.0223958333333333,0.0223958333333333,0.0223958333333333,0.0223958333333333,0.0223958333333333,0.0,0.0386243386243386,0.0386243386243386,0.0386243386243386,0.006167328042328,0.006167328042328,0.006167328042328,0.0596242225076175,0.0596242225076175,0.0235242858821653,0.0058247924588485,0.0006100324847019,0.0032174124717752,0.0802753754002984,0.0505737784716226,0.0134407132405782,0.0009294560772045,5.56142799768976e-06,0.0013584125046033,0.0977849612158597,0.0474703356034794,0.0062917387029825,1.8654636148307478e-05,5.018290321216502e-11,0.0003899106141596,0.1147797913237487,0.0457339486795369,0.0011613102594334,1.3988081040346313e-12,0.0,2.4970980407246916e-05,0.1333333333333333,0.0333333333333333,0.0,0.0,0.0,0.0,0.0666666666666666,0.0666666666666666,0.0388896491444545,0.0503019401914032,0.0037792304085267,0.0078502588354205,5.347506409063741e-06,3.2668702205463494e-05,5.091019166451525e-12,1.3939695336712509e-10,0.0192708333333333,0.0234375,0.0192708333333333,0.0234375,0.0192708333333333,0.0234375,0.0192708333333333,0.0234375,0.0337136243386243,0.040079365079365,0.0337136243386243,0.040079365079365,0.0048280423280423,0.0067956349206349,0.0048280423280423,0.0067956349206349,0.0353229796281513,0.0498377533663493,0.0002810332774049,0.0020581594548556,0.0,2.825592370149955e-11,0.0,0.0,0.0531831020791888,0.0610702429217765,0.0192333358515272,0.0253210172664165,0.004265768091125,0.0066234271780279,0.0004011273114921,0.000735312633779,0.0333333333333333,0.0333333333333333,0.0,0.0,0.0,0.0,0.0,0.0,0.0442941545633939,0.052637840349213,0.0098008363206731,0.0152752499689252,0.0005450820743035,0.0011843781386705,2.409421951809913e-06,8.193774290992555e-06,0.0001904784144495,0.0005368423476339,0.0,0.0,0.0048280423280423,0.0067956349206349,3.979242468724693e-06,5.33794623829022e-05,0.0023334477013086,0.0036793699059034,0.0,0.0,0.0008768213289223,0.0016505185906104,0.0887676298555368,0.0978941821834767,0.0192708333333333,0.0234375,0.0337136243386243,0.040079365079365,0.0981076691956887,0.1147800014835909,0.0531831020791888,0.0610702429217765,0.1,0.1333333333333333,0.0731673397944011,0.0810381238336055,previous,R1-distill,Qwen2.5-7B|base|aime2026
Qwen2.5-7B,Qwen2.5-7B,Qwen,7.0,False,base,Pretrained,aime2026_pt,PT,True,cot:DeepSeek-R1-0528-Qwen3-8B·TH,DeepSeek-R1-0528-Qwen3-8B,think,64,0.6,16384,,0.6,16384.0,,,0.0666666666666666,30.0,1920.0,36.0,1865.0,19.0,,,,,,,0.0,165.0,0.0,/user/home/t.tuna/evalhub/results/Qwen2.5/base/Qwen2.5-7B/judged_by/DeepSeek-R1-0528-Qwen3-8B__state-think__t0.6__max16384__basemax16384,/user/home/t.tuna/evalhub/results/Qwen2.5/base/Qwen2.5-7B/judged_by/DeepSeek-R1-0528-Qwen3-8B__state-think__t0.6__max16384__basemax16384/aime2026_pt__t0.6__max16384__n64/aime2026_pt_cot_summary.json,0.01875,0.01875,0.01875,0.01875,0.01875,0.0,0.034375,0.034375,0.034375,0.003125,0.003125,0.003125,0.0581788316419463,0.0581788316419464,0.0149668332871664,0.0017798384998279,7.449657105923633e-05,0.0009271675354435,0.085868156270839,0.0449390687564568,0.0032647244507562,2.899907466810219e-05,1.3759088270919752e-08,0.000109944112915,0.1056973382973781,0.0322504481003559,9.276611255546316e-05,2.415595218531625e-10,0.0,1.0889933434230216e-06,0.1166492969242988,0.0159070740098709,0.0,0.0,0.0,0.0,0.1333333333333333,0.0,0.0,0.0,0.0,0.0,0.0666666666666666,0.0666666666666666,0.0239015538496179,0.0322504481003559,3.819039634750131e-05,9.276611255546316e-05,1.847219872994772e-11,2.415595218531625e-10,0.0,0.0,0.0166666666666666,0.01875,0.0166666666666666,0.01875,0.0166666666666666,0.01875,0.0166666666666666,0.01875,0.0308697089947089,0.034375,0.0308697089947089,0.034375,0.0024636243386243,0.003125,0.0024636243386243,0.003125,0.0087597946654431,0.0159070740098709,0.0,0.0,0.0,0.0,0.0,0.0,0.0532492571327843,0.0581788316419464,0.0121000268607354,0.0149668332871664,0.0012704288484299,0.0017798384998279,4.695382471691303e-05,7.449657105923633e-05,0.0,0.0,0.0,0.0,0.0,0.0,0.0,0.0,0.0381279124484201,0.0449390687564568,0.0021703852435004,0.0032647244507562,1.4796577749555066e-05,2.899907466810219e-05,4.977973370048142e-09,1.3759088270919752e-08,3.514486884569309e-07,1.0889933434230216e-06,0.0,0.0,0.0024636243386243,0.003125,0.0,0.0,0.0006586913365734,0.0009271675354435,0.0,0.0,6.376531975973836e-05,0.000109944112915,0.1037715431039493,0.1056973382973781,0.0166666666666666,0.01875,0.0308697089947089,0.034375,0.1165793781229548,0.1166492969242988,0.0532492571327843,0.0581788316419463,0.1333333333333333,0.1333333333333333,0.081126746249185,0.085868156270839,previous,R1-distill,Qwen2.5-7B|base|aime2026_pt
Qwen2.5-7B,Qwen2.5-7B,Qwen,7.0,False,base,Pretrained,aime2026_tr,TR,True,cot:DeepSeek-R1-0528-Qwen3-8B·TH,DeepSeek-R1-0528-Qwen3-8B,think,64,0.6,16384,,0.6,16384.0,,,0.0666666666666666,30.0,1920.0,18.0,1889.0,13.0,,,,,,,6.0,93.0,0.064516,/user/home/t.tuna/evalhub/results/Qwen2.5/base/Qwen2.5-7B/judged_by/DeepSeek-R1-0528-Qwen3-8B__state-think__t0.6__max16384__basemax16384,/user/home/t.tuna/evalhub/results/Qwen2.5/base/Qwen2.5-7B/judged_by/DeepSeek-R1-0528-Qwen3-8B__state-think__t0.6__max16384__basemax16384/aime2026_tr__t0.6__max16384__n64/aime2026_tr_cot_summary.json,0.0093749999999999,0.009375,0.009375,0.009375,0.009375,0.0,0.0179563492063492,0.0179563492063492,0.0179563492063492,0.0007936507936507,0.0007936507936507,0.0007936507936507,0.0329711855657122,0.0329711855657122,0.0042994489352236,0.0002256406705111,3.724828552961816e-06,0.000114682749532,0.0558425611674977,0.0163333476021178,0.0002213331447312,1.6913059900838301e-07,0.0,2.398520867917107e-06,0.0818902665416312,0.0040449007914247,0.0,0.0,0.0,0.0,0.0977522415838614,0.0,0.0,0.0,0.0,0.0,0.1,0.0,0.0,0.0,0.0,0.0,0.0666666666666666,0.0666666666666666,0.0030797059455913,0.0040449007914247,0.0,0.0,0.0,0.0,0.0,0.0,0.0088541666666666,0.0098958333333333,0.0088541666666666,0.0098958333333333,0.0088541666666666,0.0098958333333333,0.0088541666666666,0.0098958333333333,0.0170138888888888,0.0189980158730158,0.0170138888888888,0.0189980158730158,0.0006944444444444,0.0007936507936507,0.0006944444444444,0.0007936507936507,0.0,0.0,0.0,0.0,0.0,0.0,0.0,0.0,0.0314361365029001,0.0350545188990456,0.0037970692419396,0.0042994489352236,0.0001807853407536,0.0002256406705111,2.6755810732542625e-06,3.724828552961816e-06,0.0,0.0,0.0,0.0,0.0,0.0,0.0,0.0,0.0146936324544483,0.0163333476021178,0.0001618369492425,0.0002213331447312,9.701399841597604e-08,1.6913059900838301e-07,0.0,0.0,0.0,0.0,0.0,0.0,0.0006944444444444,0.0007936507936507,0.0,0.0,9.173046091343289e-05,0.000114682749532,0.0,0.0,1.5540483529444126e-06,2.398520867917107e-06,0.0803851989743371,0.0902235998749645,0.0088541666666666,0.0098958333333333,0.0170138888888888,0.0189980158730158,0.0975299576160926,0.1144189082505281,0.0314361365029001,0.0350545188990456,0.1,0.1333333333333333,0.0538514784881846,0.0600092278341643,previous,R1-distill,Qwen2.5-7B|base|aime2026_tr
Qwen2.5-7B,Qwen2.5-7B,Qwen,7.0,False,base,Pretrained,pt_exams_math,PT,True,cot:DeepSeek-R1-0528-Qwen3-8B·TH,DeepSeek-R1-0528-Qwen3-8B,think,16,0.6,16384,,0.6,16384.0,,,0.8012048192771084,166.0,2656.0,1160.0,1345.0,151.0,,,,,,,0.0,3933.0,0.0,/user/home/t.tuna/evalhub/results/Qwen2.5/base/Qwen2.5-7B/judged_by/DeepSeek-R1-0528-Qwen3-8B__state-think__t0.6__max16384__basemax16384,/user/home/t.tuna/evalhub/results/Qwen2.5/base/Qwen2.5-7B/judged_by/DeepSeek-R1-0528-Qwen3-8B__state-think__t0.6__max16384__basemax16384/pt_exams_math__t0.6__max16384__n16/pt_exams_math_cot_summary.json,0.4367469879518072,0.4367469879518072,0.4367469879518072,0.4367469879518072,0.4367469879518072,0.0,0.6182228915662655,0.6182228915662655,0.6182228915662655,0.2552710843373493,0.2552710843373493,0.2552710843373493,0.7571163775983047,0.7571163775983049,0.5577386468952732,0.3225109228121275,0.1096220045015227,0.2160664636568252,0.8357083345035154,0.7422103331741893,0.5185192986397806,0.233843064565956,0.0298012563072803,0.1879973273045563,0.8855421686746988,0.7409638554216867,0.4819277108433735,0.180722891566265,0.0,0.170933734939759,,,,,,,,,,,,,0.8012048192771084,0.8072289156626506,0.7108433734939759,0.7650602409638554,0.4397590361445783,0.5060240963855421,0.144578313253012,0.1927710843373494,0.0,0.0060240963855421,0.4058734939759036,0.452183734939759,0.4058734939759036,0.452183734939759,0.4058734939759036,0.452183734939759,0.4058734939759036,0.452183734939759,0.5861445783132531,0.6356927710843379,0.5861445783132531,0.6356927710843379,0.225602409638554,0.2686746987951806,0.225602409638554,0.2686746987951806,,,,,,,,,0.733092810803654,0.7729312855818876,0.5166854230107235,0.5780219780219775,0.2842181914471071,0.339318813716404,0.089497550642129,0.1184628624387662,,,,,,,,,0.7140449911534253,0.7638048698289668,0.4689246496475415,0.5387634453899515,0.1991195551436514,0.2500042126548151,0.0206349875024573,0.0353596202993793,0.1423192771084337,0.1844879518072289,0.0,0.0,0.225602409638554,0.2686746987951806,,,0.186857871044618,0.2288908380775851,,,0.1596139803971129,0.2008892212205466,0.8795180722891566,0.8855421686746988,0.4058734939759036,0.452183734939759,0.5861445783132531,0.6356927710843379,,,0.733092810803654,0.7729312855818875,,,0.8229421181228413,0.8465540483612775,previous,R1-distill,Qwen2.5-7B|base|pt_exams_math
Qwen2.5-7B,Qwen2.5-7B,Qwen,7.0,False,base,Pretrained,tubitak_math2026,TR-OL,True,cot:DeepSeek-R1-0528-Qwen3-8B·TH,DeepSeek-R1-0528-Qwen3-8B,think,64,0.6,16384,,0.6,16384.0,,,0.15625,32.0,2048.0,76.0,1870.0,102.0,,,,,,,30.0,534.0,0.05618,/user/home/t.tuna/evalhub/results/Qwen2.5/base/Qwen2.5-7B/judged_by/DeepSeek-R1-0528-Qwen3-8B__state-think__t0.6__max16384__basemax16384,/user/home/t.tuna/evalhub/results/Qwen2.5/base/Qwen2.5-7B/judged_by/DeepSeek-R1-0528-Qwen3-8B__state-think__t0.6__max16384__basemax16384/tubitak_math2026__t0.6__max16384__n64/tubitak_math2026_cot_summary.json,0.037109375,0.037109375,0.037109375,0.037109375,0.037109375,0.0,0.0592137896825396,0.0592137896825396,0.0592137896825396,0.0150049603174603,0.0150049603174603,0.0150049603174603,0.0851255791846088,0.0851255791846088,0.0408802228916421,0.0181455547581274,0.0042861431656216,0.0112158489618745,0.1137323825315444,0.0676284391129757,0.0332808155457738,0.0103436795961686,0.0004352647330866,0.0087754272509368,0.1455444692095957,0.0597906440036501,0.030299081406663,0.004692865217409,2.412307219717914e-06,0.0074123390680904,0.1792644806249374,0.0597365030540468,0.0306735070931373,0.0006157805503204,2.6227651950649335e-13,0.0068863100442602,0.21875,0.0625,0.03125,0.0,0.0,0.0068359375,0.09375,0.15625,0.0542583913821046,0.066613383901882,0.026201511165201,0.032070511350789,0.0022260555863543,0.0086199924205723,4.67468609988949e-07,1.065126312701386e-05,0.029296875,0.04150390625,0.029296875,0.04150390625,0.029296875,0.04150390625,0.029296875,0.04150390625,0.0463479662698412,0.0655691964285714,0.0463479662698412,0.0655691964285714,0.0122457837301587,0.0174386160714285,0.0122457837301587,0.0174386160714285,0.0561755556880339,0.0610855679384751,0.0280119520298027,0.0312376700420239,8.02705794128738e-05,0.0029326738247594,1.0044510540242114e-15,2.50911203661212e-11,0.064546622787137,0.0940172138229961,0.0348547552945027,0.045122297663116,0.0147384186686308,0.0211189417762081,0.0030477032497292,0.0057571717376797,0.0625,0.0625,0.03125,0.03125,0.0,0.0,0.0,0.0,0.0562451554820669,0.0757406794953825,0.0288905820542762,0.0356943817310171,0.0072084275630932,0.0138655883374689,0.0002139556441669,0.0008342167484172,0.0050680438335335,0.0100214279442818,0.0,0.0,0.0122457837301587,0.0174386160714285,0.0042119701274377,0.0097696848380907,0.00889306095918,0.0134380567569439,0.00390625,0.009765625,0.0065358131350324,0.0110920449219307,0.0978813346283336,0.1581621360865014,0.029296875,0.04150390625,0.0463479662698412,0.0655691964285714,0.1155428660631218,0.1953489360216195,0.064546622787137,0.0940172138229961,0.125,0.25,0.0811996686592167,0.1254685670925208,previous,R1-distill,Qwen2.5-7B|base|tubitak_math2026
Qwen2.5-7B,Qwen2.5-7B,Qwen,7.0,False,base,Pretrained,aime2026,EN,True,cot:Qwen3.6-35B·TH,Qwen3.6-35B-A3B,think,64,0.6,16384,,0.6,16384.0,,,0.0666666666666666,30.0,1920.0,38.0,1865.0,17.0,,,,,,,62.0,165.0,0.375758,/user/home/t.tuna/evalhub/results/Qwen2.5/base/Qwen2.5-7B/judged_by/Qwen3.6-35B-A3B__state-think__t0.6__max16384__basemax16384,/user/home/t.tuna/evalhub/results/Qwen2.5/base/Qwen2.5-7B/judged_by/Qwen3.6-35B-A3B__state-think__t0.6__max16384__basemax16384/aime2026__t0.6__max16384__n64/aime2026_cot_summary.json,0.0197916666666666,0.0197916666666666,0.0197916666666666,0.0197916666666666,0.0197916666666666,0.0,0.0347222222222222,0.0347222222222222,0.0347222222222222,0.0048611111111111,0.0048611111111111,0.0048611111111111,0.054832781429159,0.054832781429159,0.0198526541764246,0.0041296806930069,0.000351550368076,0.0022406155305414,0.0748435938690847,0.0467785905372887,0.0094301672734067,0.0004253540804442,1.5421701252622518e-06,0.0007462952522925,0.089284243074819,0.0425926897433989,0.0028941276637838,2.6539509222370646e-06,1.3884597726685977e-12,0.0001283005041655,0.0981125715045869,0.0404416131031795,0.0001166881846469,0.0,0.0,1.295696226385301e-06,0.1,0.0333333333333333,0.0,0.0,0.0,0.0,0.0666666666666666,0.0666666666666666,0.0044131988247032,0.0474703356034794,9.692362673603569e-08,0.0062917387029825,0.0,1.8654636148307478e-05,0.0,5.018290321216502e-11,0.009375,0.021875,0.009375,0.021875,0.009375,0.021875,0.009375,0.021875,0.0179398148148148,0.0375826719576719,0.0179398148148148,0.0375826719576719,0.0008101851851851,0.006167328042328,0.0008101851851851,0.006167328042328,7.921303675972371e-05,0.0457339486795369,0.0,0.0011613102594334,0.0,1.3988081040346313e-12,0.0,0.0,0.0328903935097747,0.0575408891742842,0.004362613633502,0.0235242858821653,0.0002424810925604,0.0058247924588485,4.511764162742482e-06,0.0006100324847019,0.0,0.0333333333333333,0.0,0.0,0.0,0.0,0.0,0.0,0.016405264933156,0.0505737784716226,0.0002586487410246,0.0134407132405782,3.405656758552453e-07,0.0009294560772045,7.530973328363301e-12,5.56142799768976e-06,0.0,0.0003899106141596,0.0,0.0,0.0008101851851851,0.006167328042328,0.0,2.4970980407246916e-05,0.0001234964283615,0.0032174124717752,0.0,0.0,3.4423137712282607e-06,0.0013584125046033,0.0814941961291853,0.0894516278825264,0.0093749999999999,0.021875,0.0179398148148148,0.0375826719576719,0.0976313503031451,0.098113124657082,0.0328903935097747,0.0575408891742842,0.1,0.1,0.055598042241968,0.0761087087336317,previous,Qwen3.6,Qwen2.5-7B|base|aime2026
Qwen2.5-7B,Qwen2.5-7B,Qwen,7.0,False,base,Pretrained,aime2026_pt,PT,True,cot:Qwen3.6-35B·TH,Qwen3.6-35B-A3B,think,64,0.6,16384,,0.6,16384.0,,,0.0666666666666666,30.0,1920.0,41.0,1865.0,14.0,,,,,,,22.0,165.0,0.133333,/user/home/t.tuna/evalhub/results/Qwen2.5/base/Qwen2.5-7B/judged_by/Qwen3.6-35B-A3B__state-think__t0.6__max16384__basemax16384,/user/home/t.tuna/evalhub/results/Qwen2.5/base/Qwen2.5-7B/judged_by/Qwen3.6-35B-A3B__state-think__t0.6__max16384__basemax16384/aime2026_pt__t0.6__max16384__n64/aime2026_pt_cot_summary.json,0.0213541666666666,0.0213541666666666,0.0213541666666666,0.0213541666666666,0.0213541666666666,0.0,0.0384589947089947,0.0384589947089947,0.0384589947089947,0.0042493386243386,0.0042493386243386,0.0042493386243386,0.0631607111379718,0.0631607111379718,0.019184021219981,0.0029037924000906,0.0001681419086231,0.0015359671543568,0.0894562782333592,0.0523781730365148,0.0060251723292594,0.0001222880654015,1.8804840400923165e-07,0.0003053115592494,0.1065107792431858,0.0432548391515247,0.0006796347222114,7.801183839420195e-08,1.1599496847690877e-15,1.7478663341437295e-05,0.1166585774886752,0.0324767266211944,4.784863786578099e-07,0.0,0.0,8.544399618889461e-10,0.1333333333333333,0.0333333333333333,0.0,0.0,0.0,0.0,0.0666666666666666,0.0666666666666666,0.0168440358847808,0.0490445672154177,2.828060586708124e-05,0.0015283564374532,1.847219872994772e-11,5.395485334798017e-07,0.0,6.6117132031838e-14,0.0140625,0.0229166666666666,0.0140625,0.0229166666666666,0.0140625,0.0229166666666666,0.0140625,0.0229166666666666,0.0262731481481481,0.0408068783068783,0.0262731481481481,0.0408068783068783,0.0018518518518518,0.005026455026455,0.0018518518518518,0.005026455026455,0.0060612705464952,0.0407595953094598,0.0,1.2528426311715026e-05,0.0,0.0,0.0,0.0,0.0461109117540899,0.0657940600001678,0.0091999068268238,0.0218446505166494,0.0009063399729713,0.0037697888074672,3.2841446114846446e-05,0.000258167342382,0.0,0.0333333333333333,0.0,0.0,0.0,0.0,0.0,0.0,0.0297730157017486,0.0563090438136863,0.0015174337848342,0.0081905057958512,1.0495405421553608e-05,0.0002420056891105,3.795610557495104e-09,5.801409993771385e-07,2.7649022128639933e-07,5.210064710644366e-05,0.0,0.0,0.0018518518518518,0.005026455026455,0.0,7.449752159851534e-08,0.0004695907095431,0.0020139780749246,0.0,0.0,4.456972162846974e-05,0.0005072522349101,0.0981104064481253,0.1067867982376027,0.0140625,0.0229166666666666,0.0262731481481481,0.0408068783068783,0.1157500379391156,0.1166600001074576,0.0461109117540899,0.0657940600001678,0.1333333333333333,0.1333333333333333,0.0726301442608006,0.0910730230689082,previous,Qwen3.6,Qwen2.5-7B|base|aime2026_pt
Qwen2.5-7B,Qwen2.5-7B,Qwen,7.0,False,base,Pretrained,aime2026_tr,TR,True,cot:Qwen3.6-35B·TH,Qwen3.6-35B-A3B,think,64,0.6,16384,,0.6,16384.0,,,0.0666666666666666,30.0,1920.0,23.0,1889.0,8.0,,,,,,,14.0,93.0,0.150538,/user/home/t.tuna/evalhub/results/Qwen2.5/base/Qwen2.5-7B/judged_by/Qwen3.6-35B-A3B__state-think__t0.6__max16384__basemax16384,/user/home/t.tuna/evalhub/results/Qwen2.5/base/Qwen2.5-7B/judged_by/Qwen3.6-35B-A3B__state-think__t0.6__max16384__basemax16384/aime2026_tr__t0.6__max16384__n64/aime2026_tr_cot_summary.json,0.0119791666666666,0.0119791666666666,0.0119791666666666,0.0119791666666666,0.0119791666666666,0.0,0.0226521164021164,0.0226521164021164,0.0226521164021164,0.0013062169312169,0.0013062169312169,0.0013062169312169,0.0406406600186346,0.0406406600186346,0.0067294536358523,0.0005318110850897,1.4741927089891132e-05,0.0002732765060898,0.0663643382200897,0.0232537095301767,0.0007588523294414,2.6403893728174865e-06,3.464247731047119e-10,1.6024322207384818e-05,0.0938440435087306,0.0103542270994516,3.4142291579067937e-06,0.0,0.0,1.5545542729740786e-08,0.1146867100392202,0.0014390025431104,0.0,0.0,0.0,0.0,0.1333333333333333,0.0,0.0,0.0,0.0,0.0,0.0666666666666666,0.0666666666666666,0.003403684035151,0.0148621039706634,9.692362673603569e-08,2.761598671231985e-05,0.0,1.847219872994772e-11,0.0,0.0,0.0072916666666666,0.0130208333333333,0.0072916666666666,0.0130208333333333,0.0072916666666666,0.0130208333333333,0.0072916666666666,0.0130208333333333,0.014021164021164,0.0243882275132275,0.014021164021164,0.0243882275132275,0.0005621693121693,0.0016534391534391,0.0005621693121693,0.0016534391534391,7.921303675972371e-05,0.0056991538070222,0.0,0.0,0.0,0.0,0.0,0.0,0.0259819382538843,0.0430290620566929,0.0030001657811017,0.0082176013363215,0.0001808378031275,0.000806976236643,3.724828552961816e-06,2.9693703675723778e-05,0.0,0.0,0.0,0.0,0.0,0.0,0.0,0.0,0.0110934922483899,0.0266691454082155,0.0002093145472372,0.0013598889556898,3.281169769434608e-07,9.869129679566916e-06,7.530973328363301e-12,3.7353627708681975e-09,0.0,2.747594422375416e-07,0.0,0.0,0.0005621693121693,0.0016534391534391,0.0,0.0,9.228131584027937e-05,0.0004183349701594,0.0,0.0,3.087525852242401e-06,4.089146811109386e-05,0.0702833993939598,0.0945762944412581,0.0072916666666666,0.0130208333333333,0.014021164021164,0.0243882275132275,0.098034239994726,0.1146986149634739,0.0259819382538843,0.0430290620566929,0.1333333333333333,0.1333333333333333,0.0450333916669875,0.0685327135974283,previous,Qwen3.6,Qwen2.5-7B|base|aime2026_tr
Qwen2.5-7B,Qwen2.5-7B,Qwen,7.0,False,base,Pretrained,pt_exams_math,PT,True,cot:Qwen3.6-35B·TH,Qwen3.6-35B-A3B,think,16,0.6,16384,,0.6,16384.0,,,0.8012048192771084,166.0,2656.0,1223.0,1345.0,88.0,,,,,,,45.0,3933.0,0.011442,/user/home/t.tuna/evalhub/results/Qwen2.5/base/Qwen2.5-7B/judged_by/Qwen3.6-35B-A3B__state-think__t0.6__max16384__basemax16384,/user/home/t.tuna/evalhub/results/Qwen2.5/base/Qwen2.5-7B/judged_by/Qwen3.6-35B-A3B__state-think__t0.6__max16384__basemax16384/pt_exams_math__t0.6__max16384__n16/pt_exams_math_cot_summary.json,0.4604668674698795,0.4604668674698795,0.4604668674698795,0.4604668674698795,0.4604668674698795,0.0,0.6465361445783138,0.6465361445783138,0.6465361445783138,0.2743975903614457,0.2743975903614457,0.2743975903614457,0.7830597113729643,0.7830597113729644,0.5916126042632063,0.3468125248245731,0.1203826294187741,0.2335975771216737,0.852350661386806,0.7771210716993856,0.5548417446007807,0.2526792484623809,0.0361291319122644,0.2045156149071813,0.8855421686746988,0.7831325301204819,0.5180722891566265,0.1746987951807229,0.0060240963855421,0.1875,,,,,,,,,,,,,0.8012048192771084,0.8012048192771084,0.7710843373493976,0.7891566265060241,0.5,0.5240963855421686,0.1506024096385542,0.1927710843373494,0.0060240963855421,0.0060240963855421,0.4454066265060241,0.46875,0.4454066265060241,0.46875,0.4454066265060241,0.46875,0.4454066265060241,0.46875,0.6320783132530124,0.6546184738955828,0.6320783132530124,0.6546184738955828,0.258734939759036,0.2828815261044175,0.258734939759036,0.2828815261044175,,,,,,,,,0.7733218588640278,0.7889679597510922,0.5728485370051634,0.6011253806434523,0.3268072289156627,0.3585562028333112,0.1086488812392427,0.1263504567721436,,,,,,,,,0.7650251355070639,0.7839783375927961,0.5330482770241807,0.5651299838046826,0.2319150728789282,0.2669910410874266,0.0309770550734405,0.037721983505116,0.1716867469879518,0.1980421686746988,0.0,0.0,0.258734939759036,0.2828815261044175,,,0.2177280550774528,0.2424533298027276,,,0.1886268851630298,0.2140882878834688,0.8855421686746988,0.8855421686746988,0.4454066265060241,0.46875,0.6320783132530124,0.6546184738955828,,,0.7733218588640274,0.7889679597510921,,,0.8483163422922461,0.8568324580372775,previous,Qwen3.6,Qwen2.5-7B|base|pt_exams_math
Qwen2.5-7B,Qwen2.5-7B,Qwen,7.0,False,base,Pretrained,tubitak_math2026,TR-OL,True,cot:Qwen3.6-35B·TH,Qwen3.6-35B-A3B,think,64,0.6,16384,,0.6,16384.0,,,0.15625,32.0,2048.0,83.0,1870.0,95.0,,,,,,,53.0,534.0,0.099251,/user/home/t.tuna/evalhub/results/Qwen2.5/base/Qwen2.5-7B/judged_by/Qwen3.6-35B-A3B__state-think__t0.6__max16384__basemax16384,/user/home/t.tuna/evalhub/results/Qwen2.5/base/Qwen2.5-7B/judged_by/Qwen3.6-35B-A3B__state-think__t0.6__max16384__basemax16384/tubitak_math2026__t0.6__max16384__n64/tubitak_math2026_cot_summary.json,0.04052734375,0.04052734375,0.04052734375,0.04052734375,0.04052734375,0.0,0.0634765625,0.0634765625,0.0634765625,0.017578125,0.017578125,0.017578125,0.0895855367530407,0.0895855367530407,0.0453574930434892,0.0213877786538994,0.0057785665495706,0.013583172601735,0.1171225626315663,0.0739989046569441,0.0364532245093017,0.0138791871501534,0.000834225510234,0.0111325252832685,0.1468838369932179,0.0699722022035176,0.032125369645896,0.0086199926297167,1.065126312701386e-05,0.0100221621406716,0.1840269510847542,0.0681058878042382,0.0312376700420239,0.0029326738247594,2.50911203661212e-11,0.0097696848380907,0.21875,0.0625,0.03125,0.0,0.0,0.009765625,0.09375,0.15625,0.0603431419384263,0.0788883458662569,0.0266410292718963,0.0321874121277876,0.0022263588972186,0.0086199937787961,4.674686621866848e-07,1.065126312701386e-05,0.0322265625,0.048828125,0.0322265625,0.048828125,0.0322265625,0.048828125,0.0322265625,0.048828125,0.0514632936507936,0.0790240575396825,0.0514632936507936,0.0790240575396825,0.0129898313492063,0.0186321924603174,0.0129898313492063,0.0186321924603174,0.0586371312340797,0.0729373646086336,0.0280209494960138,0.0312376700420239,8.02705794128738e-05,0.0029326738247594,1.0044510540242114e-15,2.50911203661212e-11,0.0724538501611644,0.117057803174813,0.0380597964827126,0.0505192988088942,0.0152986184558434,0.0219323380958676,0.0030939849002795,0.005803059920425,0.0625,0.0625,0.03125,0.03125,0.0,0.0,0.0,0.0,0.0647608769765693,0.0905465080219298,0.0300731629402826,0.0374403333508143,0.0072692099240947,0.0138924859782825,0.0002141803942988,0.0008342379434003,0.0050875573153753,0.0100233004472572,0.0,0.0,0.0129898313492063,0.0186321924603174,0.004212029640594,0.0097696848380907,0.0091963016780614,0.0138676990081463,0.00390625,0.009765625,0.0066352431461785,0.0111723264873109,0.1055705211681419,0.2083834182236411,0.0322265625,0.048828125,0.0514632936507936,0.0790240575396825,0.1172796800250471,0.2583538687961795,0.0724538501611644,0.117057803174813,0.125,0.3125,0.0909882921044648,0.1611581456464123,previous,Qwen3.6,Qwen2.5-7B|base|tubitak_math2026
Qwen2.5-7B,Qwen2.5-7B,Qwen,7.0,False,base,Pretrained,aime2026,EN,True,cot:deepseek-v4-flash·TH,deepseek-v4-flash,think,64,0.6,16384,,0.6,20480.0,high,thinking-enabled,0.0666666666666666,30.0,1920.0,43.0,1865.0,12.0,,,,,,,0.0,165.0,0.0,/user/home/t.tuna/evalhub/results/Qwen2.5/base/Qwen2.5-7B/judged_by/deepseek-v4-flash__state-think__t0.6__max20480__basemax16384__re-high__eb-thinking-enabled,/user/home/t.tuna/evalhub/results/Qwen2.5/base/Qwen2.5-7B/judged_by/deepseek-v4-flash__state-think__t0.6__max20480__basemax16384__re-high__eb-thinking-enabled/aime2026__t0.6__max16384__n64/aime2026_cot_summary.json,0.0223958333333333,0.0223958333333333,0.0223958333333333,0.0223958333333333,0.0223958333333333,0.0,0.0387731481481481,0.0387731481481481,0.0387731481481481,0.0060185185185185,0.0060185185185185,0.0060185185185185,0.0600724610309485,0.0600724610309486,0.0234468514181628,0.0055278029597172,0.0005362179245045,0.0030320104421109,0.0807818862541875,0.0513832879458741,0.0128026227118287,0.0007495270565317,3.741003469891141e-06,0.0011756559235121,0.0978897220960346,0.0490867379052536,0.0051109123026009,1.0228673921657946e-05,1.672763440405501e-11,0.0002800514670213,0.1147800014774983,0.0493992204877054,0.0006007795122945,0.0,0.0,1.0575767110063267e-05,0.1333333333333333,0.0333333333333333,0.0,0.0,0.0,0.0,0.0666666666666666,0.0666666666666666,0.0490867379052536,0.0497618502864478,0.0051109123026009,0.0063973457572399,1.0228673921657946e-05,1.8659898421353665e-05,1.672763440405501e-11,5.018290321216502e-11,0.021875,0.0229166666666666,0.021875,0.0229166666666666,0.021875,0.0229166666666666,0.021875,0.0229166666666666,0.0377314814814814,0.0394345238095238,0.0377314814814814,0.0394345238095238,0.0060185185185185,0.0063988095238095,0.0060185185185185,0.0063988095238095,0.0493992204877054,0.0496794858612748,0.0006007795122945,0.0011613102594334,0.0,1.3988081040346313e-12,0.0,0.0,0.0579891276976152,0.0605907892859241,0.0234468514181628,0.0243880264074605,0.0055278029597172,0.0060587221844493,0.0005362179245045,0.0006291287888326,0.0333333333333333,0.0333333333333333,0.0,0.0,0.0,0.0,0.0,0.0,0.0513832879458741,0.0520481429061689,0.0128026227118287,0.0140215234723692,0.0007495270565317,0.0009471866393221,3.741003469891141e-06,5.587274298152702e-06,0.0002800514670213,0.0003923664891446,0.0,0.0,0.0060185185185185,0.0063988095238095,1.0575767110063267e-05,2.4970980407246916e-05,0.0030320104421109,0.0033439254866409,0.0,0.0,0.0011756559235121,0.0013978509975545,0.0895563887627013,0.0978924667652298,0.021875,0.0229166666666666,0.0377314814814814,0.0394345238095238,0.0981133348108316,0.1147800014824718,0.0579891276976152,0.0605907892859241,0.1,0.1333333333333333,0.0766152195875208,0.0809222904072932,previous,V4-Flash,Qwen2.5-7B|base|aime2026
Qwen2.5-7B,Qwen2.5-7B,Qwen,7.0,False,base,Pretrained,aime2026_pt,PT,True,cot:deepseek-v4-flash·TH,deepseek-v4-flash,think,64,0.6,16384,,0.6,20480.0,high,thinking-enabled,0.0666666666666666,30.0,1920.0,36.0,1865.0,19.0,,,,,,,0.0,165.0,0.0,/user/home/t.tuna/evalhub/results/Qwen2.5/base/Qwen2.5-7B/judged_by/deepseek-v4-flash__state-think__t0.6__max20480__basemax16384__re-high__eb-thinking-enabled,/user/home/t.tuna/evalhub/results/Qwen2.5/base/Qwen2.5-7B/judged_by/deepseek-v4-flash__state-think__t0.6__max20480__basemax16384__re-high__eb-thinking-enabled/aime2026_pt__t0.6__max16384__n64/aime2026_pt_cot_summary.json,0.01875,0.01875,0.01875,0.01875,0.01875,0.0,0.034375,0.034375,0.034375,0.003125,0.003125,0.003125,0.0581788316419463,0.0581788316419464,0.0149668332871664,0.0017798384998279,7.449657105923633e-05,0.0009271675354435,0.085868156270839,0.0449390687564568,0.0032647244507562,2.899907466810219e-05,1.3759088270919752e-08,0.000109944112915,0.1056973382973781,0.0322504481003559,9.276611255546316e-05,2.415595218531625e-10,0.0,1.0889933434230216e-06,0.1166492969242988,0.0159070740098709,0.0,0.0,0.0,0.0,0.1333333333333333,0.0,0.0,0.0,0.0,0.0,0.0666666666666666,0.0666666666666666,0.0322504481003559,0.0322504481003559,9.276611255546316e-05,9.276611255546316e-05,2.415595218531625e-10,2.415595218531625e-10,0.0,0.0,0.01875,0.01875,0.01875,0.01875,0.01875,0.01875,0.01875,0.01875,0.034375,0.034375,0.034375,0.034375,0.003125,0.003125,0.003125,0.003125,0.0159070740098709,0.0159070740098709,0.0,0.0,0.0,0.0,0.0,0.0,0.0581788316419464,0.0581788316419464,0.0149668332871664,0.0149668332871664,0.0017798384998279,0.0017798384998279,7.449657105923633e-05,7.449657105923633e-05,0.0,0.0,0.0,0.0,0.0,0.0,0.0,0.0,0.0449390687564568,0.0449390687564568,0.0032647244507562,0.0032647244507562,2.899907466810219e-05,2.899907466810219e-05,1.3759088270919752e-08,1.3759088270919752e-08,1.0889933434230216e-06,1.0889933434230216e-06,0.0,0.0,0.003125,0.003125,0.0,0.0,0.0009271675354435,0.0009271675354435,0.0,0.0,0.000109944112915,0.000109944112915,0.1056973382973781,0.1056973382973781,0.01875,0.01875,0.034375,0.034375,0.1166492969242988,0.1166492969242988,0.0581788316419463,0.0581788316419463,0.1333333333333333,0.1333333333333333,0.085868156270839,0.085868156270839,previous,V4-Flash,Qwen2.5-7B|base|aime2026_pt
Qwen2.5-7B,Qwen2.5-7B,Qwen,7.0,False,base,Pretrained,aime2026_tr,TR,True,cot:deepseek-v4-flash·TH,deepseek-v4-flash,think,64,0.6,16384,,0.6,20480.0,high,thinking-enabled,0.0666666666666666,30.0,1920.0,18.0,1889.0,13.0,,,,,,,0.0,93.0,0.0,/user/home/t.tuna/evalhub/results/Qwen2.5/base/Qwen2.5-7B/judged_by/deepseek-v4-flash__state-think__t0.6__max20480__basemax16384__re-high__eb-thinking-enabled,/user/home/t.tuna/evalhub/results/Qwen2.5/base/Qwen2.5-7B/judged_by/deepseek-v4-flash__state-think__t0.6__max20480__basemax16384__re-high__eb-thinking-enabled/aime2026_tr__t0.6__max16384__n64/aime2026_tr_cot_summary.json,0.0093749999999999,0.009375,0.009375,0.009375,0.009375,0.0,0.0179398148148148,0.0179398148148148,0.0179398148148148,0.0008101851851851,0.0008101851851851,0.0008101851851851,0.0328903935097747,0.0328903935097748,0.004362613633502,0.0002424810925604,4.511764162742482e-06,0.0001234964283615,0.055598042241968,0.016405264933156,0.0002586487410246,3.405656758552453e-07,7.530973328363301e-12,3.4423137712282607e-06,0.0814941961291853,0.0044131988247032,9.692362673603569e-08,0.0,0.0,0.0,0.0976313503031451,7.921303675972371e-05,0.0,0.0,0.0,0.0,0.1,0.0,0.0,0.0,0.0,0.0,0.0666666666666666,0.0666666666666666,0.0044131988247032,0.0044131988247032,9.692362673603569e-08,9.692362673603569e-08,0.0,0.0,0.0,0.0,0.009375,0.009375,0.009375,0.009375,0.009375,0.009375,0.009375,0.009375,0.0179398148148148,0.0179398148148148,0.0179398148148148,0.0179398148148148,0.0008101851851851,0.0008101851851851,0.0008101851851851,0.0008101851851851,7.921303675972371e-05,7.921303675972371e-05,0.0,0.0,0.0,0.0,0.0,0.0,0.0328903935097748,0.0328903935097748,0.004362613633502,0.004362613633502,0.0002424810925604,0.0002424810925604,4.511764162742482e-06,4.511764162742482e-06,0.0,0.0,0.0,0.0,0.0,0.0,0.0,0.0,0.016405264933156,0.016405264933156,0.0002586487410246,0.0002586487410246,3.405656758552453e-07,3.405656758552453e-07,7.530973328363301e-12,7.530973328363301e-12,0.0,0.0,0.0,0.0,0.0008101851851851,0.0008101851851851,0.0,0.0,0.0001234964283615,0.0001234964283615,0.0,0.0,3.4423137712282607e-06,3.4423137712282607e-06,0.0814941961291853,0.0814941961291853,0.0093749999999999,0.0093749999999999,0.0179398148148148,0.0179398148148148,0.0976313503031451,0.0976313503031451,0.0328903935097747,0.0328903935097747,0.1,0.1,0.055598042241968,0.055598042241968,previous,V4-Flash,Qwen2.5-7B|base|aime2026_tr
Qwen2.5-7B,Qwen2.5-7B,Qwen,7.0,False,base,Pretrained,pt_exams_math,PT,True,cot:deepseek-v4-flash·TH,deepseek-v4-flash,think,16,0.6,16384,,0.6,20480.0,high,thinking-enabled,0.8012048192771084,166.0,2656.0,1176.0,1345.0,135.0,,,,,,,0.0,3933.0,0.0,/user/home/t.tuna/evalhub/results/Qwen2.5/base/Qwen2.5-7B/judged_by/deepseek-v4-flash__state-think__t0.6__max20480__basemax16384__re-high__eb-thinking-enabled,/user/home/t.tuna/evalhub/results/Qwen2.5/base/Qwen2.5-7B/judged_by/deepseek-v4-flash__state-think__t0.6__max20480__basemax16384__re-high__eb-thinking-enabled/pt_exams_math__t0.6__max16384__n16/pt_exams_math_cot_summary.json,0.4427710843373494,0.4427710843373494,0.4427710843373494,0.4427710843373494,0.4427710843373494,0.0,0.6261044176706831,0.6261044176706831,0.6261044176706831,0.2594377510040159,0.2594377510040159,0.2594377510040159,0.7668012710181381,0.7668012710181384,0.5645273401297494,0.3271680127101813,0.112587713491328,0.2198778631007548,0.8450810233942765,0.7567135675569419,0.5211124217148315,0.2395357654393799,0.0326958182379868,0.1924007217681917,0.8855421686746988,0.7650602409638554,0.4879518072289157,0.1686746987951807,0.0060240963855421,0.1769578313253012,,,,,,,,,,,,,0.8012048192771084,0.8012048192771084,0.7409638554216867,0.7831325301204819,0.4819277108433735,0.4939759036144578,0.1626506024096385,0.1686746987951807,0.0,0.0060240963855421,0.4348644578313253,0.452183734939759,0.4348644578313253,0.452183734939759,0.4348644578313253,0.452183734939759,0.4348644578313253,0.452183734939759,0.6172690763052211,0.6381526104417676,0.6172690763052211,0.6381526104417676,0.2524598393574295,0.2662148594377509,0.2524598393574295,0.2662148594377509,,,,,,,,,0.7590295246921753,0.7780484575665298,0.553763405269429,0.5795379319475703,0.3189990732159406,0.3356944260558716,0.1076658281477559,0.115454124189064,,,,,,,,,0.7456614336132413,0.7720134617724985,0.5104988719446552,0.5375113507643627,0.2322029376246244,0.2437343780717275,0.0286114153584032,0.0343382855431048,0.1701807228915662,0.1822289156626506,0.0,0.0,0.2524598393574295,0.2662148594377509,,,0.2133324506818484,0.225574275122468,,,0.1860829097274881,0.1970246955186715,0.8855421686746988,0.8855421686746988,0.4348644578313253,0.452183734939759,0.6172690763052211,0.6381526104417676,,,0.7590295246921751,0.7780484575665297,,,0.8407850516284252,0.8512460096797446,previous,V4-Flash,Qwen2.5-7B|base|pt_exams_math
Qwen2.5-7B,Qwen2.5-7B,Qwen,7.0,False,base,Pretrained,tubitak_math2026,TR-OL,True,cot:deepseek-v4-flash·TH,deepseek-v4-flash,think,64,0.6,16384,,0.6,20480.0,high,thinking-enabled,0.09375,32.0,2048.0,71.0,1870.0,107.0,,,,,,,12.0,534.0,0.022472,/user/home/t.tuna/evalhub/results/Qwen2.5/base/Qwen2.5-7B/judged_by/deepseek-v4-flash__state-think__t0.6__max20480__basemax16384__re-high__eb-thinking-enabled,/user/home/t.tuna/evalhub/results/Qwen2.5/base/Qwen2.5-7B/judged_by/deepseek-v4-flash__state-think__t0.6__max20480__basemax16384__re-high__eb-thinking-enabled/tubitak_math2026__t0.6__max16384__n64/tubitak_math2026_cot_summary.json,0.03466796875,0.03466796875,0.03466796875,0.03466796875,0.03466796875,0.0,0.0527653769841269,0.0527653769841269,0.0527653769841269,0.016570560515873,0.016570560515873,0.016570560515873,0.0714298010154617,0.0714298010154617,0.0408049229904812,0.0206930128774143,0.0057441381166427,0.0132185754970285,0.089421958300576,0.0619826375731901,0.0350326513221342,0.0138631246430872,0.000834216423644,0.0110773547335353,0.1068856353383777,0.0579422300369639,0.0320673105109535,0.0086199924205723,1.065126312701386e-05,0.0100214133703355,0.1209020524592653,0.0597365030543091,0.0312376700420239,0.0029326738247594,2.50911203661212e-11,0.0097696848380907,0.125,0.0625,0.03125,0.0,0.0,0.009765625,0.09375,0.09375,0.0569953689758611,0.0588471002049327,0.0316074427042789,0.0320673105109535,0.0071416025828184,0.0086199924205723,6.5936391966939344e-06,1.065126312701386e-05,0.0322265625,0.03564453125,0.0322265625,0.03564453125,0.0322265625,0.03564453125,0.0322265625,0.03564453125,0.048735119047619,0.054625496031746,0.048735119047619,0.054625496031746,0.0157180059523809,0.0166635664682539,0.0157180059523809,0.0166635664682539,0.0597365030543091,0.0597365030543091,0.0311569648625446,0.0312376700420239,0.0018306072982555,0.0029326738247594,5.974076277647904e-12,2.50911203661212e-11,0.064784375708242,0.0748220345118481,0.0391548173837223,0.0412759039529349,0.0197479523935433,0.0207350647490619,0.0052191045144922,0.0057451217861549,0.0625,0.0625,0.03125,0.03125,0.0,0.0,0.0,0.0,0.0574152801005332,0.0635198705241304,0.0344358541231756,0.0350884290054049,0.0126408999815639,0.0138631922524002,0.000675487463791,0.000834216423644,0.0091247226175161,0.0100214133703355,0.0,0.0,0.0157180059523809,0.0166635664682539,0.0087993065799419,0.0097696848380907,0.0124835284540177,0.0132400932676084,0.0087890625,0.009765625,0.0102819115802012,0.0110781464265181,0.0945153943405754,0.1161091361827159,0.0322265625,0.03564453125,0.048735119047619,0.054625496031746,0.1135912694816304,0.1367354436790486,0.064784375708242,0.0748220345118481,0.125,0.15625,0.0790823665190834,0.095194848312432,previous,V4-Flash,Qwen2.5-7B|base|tubitak_math2026
Qwen2.5-7B,Qwen2.5-7B,Qwen,7.0,False,base,Pretrained,aime2026,EN,True,cot:G4-26B·TH,gemma-4-26B-A4B-it,think,64,0.6,16384,,0.6,16384.0,,,0.0666666666666666,30.0,1920.0,44.0,1865.0,11.0,,,,,,,5.0,165.0,0.030303,/user/home/t.tuna/evalhub/results/Qwen2.5/base/Qwen2.5-7B/judged_by/gemma-4-26B-A4B-it__state-think__t0.6__max16384__basemax16384,/user/home/t.tuna/evalhub/results/Qwen2.5/base/Qwen2.5-7B/judged_by/gemma-4-26B-A4B-it__state-think__t0.6__max16384__basemax16384/aime2026__t0.6__max16384__n64/aime2026_cot_summary.json,0.0229166666666666,0.0229166666666666,0.0229166666666666,0.0229166666666666,0.0229166666666666,0.0,0.0394345238095238,0.0394345238095238,0.0394345238095238,0.0063988095238095,0.0063988095238095,0.0063988095238095,0.0605907892859241,0.0605907892859241,0.0243880264074605,0.0060587221844493,0.0006291287888326,0.0033439254866409,0.0809222904072932,0.0520481429061689,0.0140215234723692,0.0009471866393221,5.587274298152702e-06,0.0013978509975545,0.0978924667652298,0.0497618502864478,0.0063973457572399,1.8659898421353665e-05,5.018290321216502e-11,0.0003923664891446,0.1147800014824718,0.0496794858612748,0.0011613102594334,1.3988081040346313e-12,0.0,2.4970980407246916e-05,0.1333333333333333,0.0333333333333333,0.0,0.0,0.0,0.0,0.0666666666666666,0.0666666666666666,0.0490867379052536,0.0507268360956514,0.0051109123026009,0.0094542583163178,1.0228673921657946e-05,5.511870826974205e-05,1.672763440405501e-11,3.624320787545253e-10,0.0223958333333333,0.0239583333333333,0.0223958333333333,0.0239583333333333,0.0223958333333333,0.0239583333333333,0.0223958333333333,0.0239583333333333,0.0387731481481481,0.0407076719576719,0.0387731481481481,0.0407076719576719,0.0060185185185185,0.0072089947089947,0.0060185185185185,0.0072089947089947,0.0493992204877054,0.0499222979737609,0.0006007795122945,0.0033804371147729,0.0,2.9510546970195236e-10,0.0,0.0,0.0600724610309486,0.0615128155087171,0.0234468514181628,0.0262430434892095,0.0055278029597172,0.0072214982414612,0.0005362179245045,0.0008559760939454,0.0333333333333333,0.0333333333333333,0.0,0.0,0.0,0.0,0.0,0.0,0.0513832879458741,0.053157605723691,0.0128026227118287,0.0165538172002614,0.0007495270565317,0.0014656629295645,3.741003469891141e-06,1.1813913169936794e-05,0.0002800514670213,0.000718572387615,0.0,0.0,0.0060185185185185,0.0072089947089947,1.0575767110063267e-05,0.0001047840775745,0.0030320104421109,0.0040387371677033,0.0,0.0,0.0011756559235121,0.0019353330169113,0.0978897220960346,0.0978952378254749,0.0223958333333333,0.0239583333333333,0.0387731481481481,0.0407076719576719,0.1147800014774983,0.1147800014838204,0.0600724610309485,0.0615128155087171,0.1333333333333333,0.1333333333333333,0.0807818862541875,0.0811331666449386,previous,Gemma4,Qwen2.5-7B|base|aime2026
Qwen2.5-7B,Qwen2.5-7B,Qwen,7.0,False,base,Pretrained,aime2026_pt,PT,True,cot:G4-26B·TH,gemma-4-26B-A4B-it,think,64,0.6,16384,,0.6,16384.0,,,0.0666666666666666,30.0,1920.0,37.0,1865.0,18.0,,,,,,,3.0,165.0,0.018182,/user/home/t.tuna/evalhub/results/Qwen2.5/base/Qwen2.5-7B/judged_by/gemma-4-26B-A4B-it__state-think__t0.6__max16384__basemax16384,/user/home/t.tuna/evalhub/results/Qwen2.5/base/Qwen2.5-7B/judged_by/gemma-4-26B-A4B-it__state-think__t0.6__max16384__basemax16384/aime2026_pt__t0.6__max16384__n64/aime2026_pt_cot_summary.json,0.0192708333333333,0.0192708333333333,0.0192708333333333,0.0192708333333333,0.0192708333333333,0.0,0.0352017195767195,0.0352017195767195,0.0352017195767195,0.003339947089947,0.003339947089947,0.003339947089947,0.0592070941720598,0.0592070941720598,0.0158022965928835,0.0019844417583708,8.950081001905435e-05,0.0010369712841949,0.0866203830231586,0.0464948104487541,0.0037607580338075,4.087221894326656e-05,2.6682238502391176e-08,0.0001394619342051,0.105850917653621,0.0346194952350037,0.0001556274543753,1.467244237581458e-09,0.0,2.2876414920554308e-06,0.1166498499735703,0.0197008597615419,0.0,0.0,0.0,0.0,0.1333333333333333,0.0,0.0,0.0,0.0,0.0,0.0666666666666666,0.0666666666666666,0.0346194952350037,0.0410704508162175,0.0001556274543753,0.0006723776181074,1.467244237581458e-09,7.801183839420195e-08,0.0,1.1599496847690877e-15,0.0192708333333333,0.0208333333333333,0.0192708333333333,0.0208333333333333,0.0192708333333333,0.0208333333333333,0.0192708333333333,0.0208333333333333,0.0352017195767195,0.0375826719576719,0.0352017195767195,0.0375826719576719,0.003339947089947,0.0040839947089947,0.003339947089947,0.0040839947089947,0.0197008597615419,0.0307758752691242,0.0,4.784863786578099e-07,0.0,0.0,0.0,0.0,0.0592070941720598,0.0619317275649903,0.0158022965928835,0.0184610897064625,0.0019844417583708,0.0027786696381355,8.950081001905435e-05,0.0001618464237448,0.0,0.0333333333333333,0.0,0.0,0.0,0.0,0.0,0.0,0.0464948104487541,0.0506492513408504,0.0037607580338075,0.005760541457474,4.087221894326656e-05,0.0001196728897274,2.6682238502391176e-08,1.871446872098281e-07,2.2876414920554308e-06,1.7417519637947644e-05,0.0,0.0,0.003339947089947,0.0040839947089947,0.0,8.544399618889461e-10,0.0010369712841949,0.0014702580309402,0.0,0.0,0.0001394619342051,0.0002953745039559,0.105850917653621,0.1060843034253401,0.0192708333333333,0.0208333333333333,0.0352017195767195,0.0375826719576719,0.1166498499735703,0.1166501646755359,0.0592070941720598,0.0619317275649903,0.1333333333333333,0.1333333333333333,0.0866203830231586,0.0882954308091274,previous,Gemma4,Qwen2.5-7B|base|aime2026_pt
Qwen2.5-7B,Qwen2.5-7B,Qwen,7.0,False,base,Pretrained,aime2026_tr,TR,True,cot:G4-26B·TH,gemma-4-26B-A4B-it,think,64,0.6,16384,,0.6,16384.0,,,0.0666666666666666,30.0,1920.0,21.0,1889.0,10.0,,,,,,,3.0,93.0,0.032258,/user/home/t.tuna/evalhub/results/Qwen2.5/base/Qwen2.5-7B/judged_by/gemma-4-26B-A4B-it__state-think__t0.6__max16384__basemax16384,/user/home/t.tuna/evalhub/results/Qwen2.5/base/Qwen2.5-7B/judged_by/gemma-4-26B-A4B-it__state-think__t0.6__max16384__basemax16384/aime2026_tr__t0.6__max16384__n64/aime2026_tr_cot_summary.json,0.0109374999999999,0.0109375,0.0109375,0.0109375,0.0109375,0.0,0.0208498677248677,0.0208498677248677,0.0208498677248677,0.0010251322751322,0.0010251322751322,0.0010251322751322,0.0379630329127949,0.0379630329127949,0.0054305377183484,0.0003490321741247,7.397194731938255e-06,0.0001782146844283,0.0635023553417311,0.0197566125595332,0.0004149567282954,6.562339538869215e-07,1.5061946656726602e-11,6.175051704484802e-06,0.0924415941846611,0.0067118865496486,1.9384725347207139e-07,0.0,0.0,0.0,0.114621693624633,0.0001584260735194,0.0,0.0,0.0,0.0,0.1333333333333333,0.0,0.0,0.0,0.0,0.0,0.0666666666666666,0.0666666666666666,0.0040449007914247,0.0125386154347588,0.0,1.0671333261917498e-05,0.0,0.0,0.0,0.0,0.009375,0.0125,0.009375,0.0125,0.009375,0.0125,0.009375,0.0125,0.0179563492063492,0.0235284391534391,0.0179563492063492,0.0235284391534391,0.0007936507936507,0.0014715608465608,0.0007936507936507,0.0014715608465608,0.0,0.0031398538951806,0.0,0.0,0.0,0.0,0.0,0.0,0.0329711855657122,0.041869643591616,0.0042994489352236,0.0074523851493708,0.0002256406705111,0.0006569338470448,3.724828552961816e-06,2.1037411968136456e-05,0.0,0.0,0.0,0.0,0.0,0.0,0.0,0.0,0.0163333476021178,0.0249826312258411,0.0002213331447312,0.0010234832012268,1.6913059900838301e-07,5.255565046931613e-06,0.0,1.2501415725083081e-09,0.0,7.668924621938926e-08,0.0,0.0,0.0007936507936507,0.0014715608465608,0.0,0.0,0.000114682749532,0.0003389856295065,0.0,0.0,2.398520867917107e-06,2.5961377500886908e-05,0.0818902665416312,0.0942705193265762,0.0093749999999999,0.0124999999999999,0.0179563492063492,0.0235284391534391,0.0977522415838614,0.1146951228523595,0.0329711855657122,0.041869643591616,0.1,0.1333333333333333,0.0558425611674977,0.0675251856443215,previous,Gemma4,Qwen2.5-7B|base|aime2026_tr
Qwen2.5-7B,Qwen2.5-7B,Qwen,7.0,False,base,Pretrained,tubitak_math2026,TR-OL,True,cot:G4-26B·TH,gemma-4-26B-A4B-it,think,64,0.6,16384,,0.6,16384.0,,,0.15625,32.0,2048.0,79.0,1870.0,99.0,,,,,,,82.0,534.0,0.153558,/user/home/t.tuna/evalhub/results/Qwen2.5/base/Qwen2.5-7B/judged_by/gemma-4-26B-A4B-it__state-think__t0.6__max16384__basemax16384,/user/home/t.tuna/evalhub/results/Qwen2.5/base/Qwen2.5-7B/judged_by/gemma-4-26B-A4B-it__state-think__t0.6__max16384__basemax16384/tubitak_math2026__t0.6__max16384__n64/tubitak_math2026_cot_summary.json,0.03857421875,0.03857421875,0.03857421875,0.03857421875,0.03857421875,0.0,0.0602368551587301,0.0602368551587301,0.0602368551587301,0.0169115823412698,0.0169115823412698,0.0169115823412698,0.0851952229860743,0.0851952229860743,0.0424834074626677,0.0208686470688222,0.0057495974824355,0.0133091222756289,0.1134559521331015,0.0671959572698685,0.0353140350558971,0.0138640077156059,0.0008342164871866,0.0110833076572987,0.1472998997916864,0.061668866386625,0.0320680244573111,0.0086199924205723,1.065126312701386e-05,0.0100214149929409,0.1916844428150752,0.0601502497195273,0.0312376700420239,0.0029326738247594,2.50911203661212e-11,0.0097696848380907,0.25,0.0625,0.03125,0.0,0.0,0.009765625,0.15625,0.15625,0.0588458047430386,0.0638879025321132,0.0310227002248975,0.0320704204848889,0.0058321173606743,0.0086199924205723,4.0205118262471526e-06,1.065126312701386e-05,0.03515625,0.041015625,0.03515625,0.041015625,0.03515625,0.041015625,0.03515625,0.041015625,0.0549045138888888,0.0648251488095238,0.0549045138888888,0.0648251488095238,0.0154079861111111,0.0172061011904761,0.0154079861111111,0.0172061011904761,0.0597365030543091,0.0610113057165129,0.0309888056384029,0.0312376700420239,0.0010887283682188,0.0029326738247594,1.3113825975324666e-12,2.50911203661212e-11,0.0766123130240991,0.0933273663940721,0.0403123504822341,0.0439876348807635,0.0189654432965677,0.0209935239133993,0.004734893197099,0.005753974811765,0.0625,0.0625,0.03125,0.03125,0.0,0.0,0.0,0.0,0.0634697635719922,0.0723880307328589,0.0339201964169021,0.0355178883111942,0.0114656106710109,0.0138652807278031,0.0005438585702543,0.0008342167413569,0.0082534554507567,0.0100214279442818,0.0,0.0,0.0154079861111111,0.0172061011904761,0.007836239592408,0.0097696848380907,0.0118501682468333,0.0133737493625821,0.0078125,0.009765625,0.0095147812687728,0.0110892077471657,0.1239216361404423,0.1642729097071559,0.03515625,0.041015625,0.0549045138888888,0.0648251488095238,0.1523604436790486,0.2065025958496187,0.0766123130240991,0.0933273663940721,0.1875,0.25,0.0990981633438599,0.1263940974126522,previous,Gemma4,Qwen2.5-7B|base|tubitak_math2026
Qwen2.5-7B,Qwen2.5-7B,Qwen,7.0,False,base,Pretrained,pt_exams_math,PT,False,No-Judge,,,16,0.6,16384,,,,,,0.8132530120481928,166.0,2656.0,1311.0,1345.0,0.0,19.0,2656.0,0.007154,18.0,15.0,13.0,,,,/user/home/t.tuna/evalhub/results/Qwen2.5/base/Qwen2.5-7B,/user/home/t.tuna/evalhub/results/Qwen2.5/base/Qwen2.5-7B/pt_exams_math__t0.6__max16384__n16/pt_exams_math_summary.json,0.4935993975903614,0.4935993975903614,0.4935993975903614,0.4935993975903614,0.4935993975903614,0.0,0.682429718875502,0.6824297188755024,0.6824297188755024,0.3047690763052206,0.3047690763052206,0.3047690763052206,0.8161128028597908,0.8161128028597905,0.629716668873295,0.3868065669270488,0.1417615517013109,0.2642840593141798,0.8850535007161514,0.808058808661219,0.5957536439464148,0.2964150307523802,0.0441837279186676,0.2361614289325134,0.9216867469879518,0.8072289156626506,0.5542168674698795,0.2289156626506024,0.0060240963855421,0.2206325301204819,,,,,,,,,,,,,,,,,,,,,,,,,,,,,,,,,,,,,,,,,,,,,,,,,,,,,,,,,,,,,,,,,,,,,,,,,,,,,,,,,,,,,,,,,,,,,,,,,,,previous,No-Judge,Qwen2.5-7B|base|pt_exams_math
Qwen2.5-7B,Qwen2.5-7B,Qwen,7.0,False,base,Pretrained,tubitak_math2026,TR-OL,False,No-Judge,,,64,0.6,16384,,,,,,0.15625,32.0,2048.0,178.0,1870.0,0.0,87.0,2048.0,0.04248,78.0,50.0,32.0,,,,/user/home/t.tuna/evalhub/results/Qwen2.5/base/Qwen2.5-7B,/user/home/t.tuna/evalhub/results/Qwen2.5/base/Qwen2.5-7B/tubitak_math2026__t0.6__max16384__n64/tubitak_math2026_summary.json,0.0869140625,0.0869140625,0.0869140625,0.0869140625,0.0869140625,0.0,0.1458178323412698,0.1458178323412698,0.1458178323412698,0.0280102926587301,0.0280102926587301,0.0280102926587301,0.2231675122289793,0.2231675122289794,0.0875239130058422,0.0303566313489965,0.0066081934161819,0.0184824123825892,0.310201933601535,0.1741617439989761,0.0569348116931902,0.0149993867953918,0.0008399351364903,0.0129290415948231,0.3988029086480838,0.1542017662268948,0.0395930383819205,0.0086377615008646,1.065131018436015e-05,0.0104338271711726,0.4850102554875979,0.1539592098120437,0.032329594924679,0.0029326738260708,2.50911203661212e-11,0.0097931062615302,0.5625,0.15625,0.03125,0.0,0.0,0.009765625,,,,,,,,,,,,,,,,,,,,,,,,,,,,,,,,,,,,,,,,,,,,,,,,,,,,,,,,,,,,,,,,,,,,,,,,,,,,,,,,,,,,,,,previous,No-Judge,Qwen2.5-7B|base|tubitak_math2026
Qwen2.5-32B-Instruct,Qwen2.5-32B-Instruct,Qwen,32.0,False,non-think,Instruct · Non-Think,aime2026,EN,False,No-Judge,,,64,0.6,16384,,,,,,0.2,30.0,1920.0,239.0,1681.0,0.0,19.0,1920.0,0.009896,19.0,3.0,4.0,,,,/user/home/t.tuna/evalhub/results/Qwen2.5/non-think/Qwen2.5-32B-Instruct,/user/home/t.tuna/evalhub/results/Qwen2.5/non-think/Qwen2.5-32B-Instruct/aime2026__t0.6__max16384__n64/aime2026_summary.json,0.1244791666666667,0.1244791666666666,0.1244791666666666,0.1244791666666666,0.1244791666666666,0.0,0.1682043650793651,0.168204365079365,0.168204365079365,0.0807539682539682,0.0807539682539682,0.0807539682539682,0.2151270533773178,0.2151270533773178,0.1361568583012263,0.0915313137417843,0.0551014412463381,0.0733163774940612,0.2637445307337946,0.1872915485173681,0.1212030797535262,0.0770993219022448,0.0382327182930805,0.0683689244617486,0.3157854262183354,0.17466802466706,0.1133561123701255,0.0696991408853302,0.0226024791947079,0.0651590190907767,0.3713110361019847,0.1673909158135687,0.1084100784572842,0.0668456535890906,0.0083816639248783,0.0632203461006235,0.4333333333333333,0.1666666666666666,0.1,0.0666666666666666,0.0,0.0625,,,,,,,,,,,,,,,,,,,,,,,,,,,,,,,,,,,,,,,,,,,,,,,,,,,,,,,,,,,,,,,,,,,,,,,,,,,,,,,,,,,,,,,previous,No-Judge,Qwen2.5-32B-Instruct|non-think|aime2026
Qwen2.5-32B-Instruct,Qwen2.5-32B-Instruct,Qwen,32.0,False,non-think,Instruct · Non-Think,aime2026_pt,PT,False,No-Judge,,,64,0.6,16384,,,,,,0.1,30.0,1920.0,177.0,1743.0,0.0,10.0,1920.0,0.005208,10.0,2.0,2.0,,,,/user/home/t.tuna/evalhub/results/Qwen2.5/non-think/Qwen2.5-32B-Instruct,/user/home/t.tuna/evalhub/results/Qwen2.5/non-think/Qwen2.5-32B-Instruct/aime2026_pt__t0.6__max16384__n64/aime2026_pt_summary.json,0.0921875,0.0921875,0.0921875,0.0921875,0.0921875,0.0,0.1275462962962963,0.1275462962962963,0.1275462962962963,0.0568287037037037,0.0568287037037037,0.0568287037037037,0.1659922628490846,0.1659922628490846,0.0983013732551014,0.070698242720321,0.0337581211754929,0.0522281819479069,0.2174159813196267,0.1272118149050894,0.0917849400153727,0.064102148566628,0.0141421529538598,0.0498168241903337,0.2841536579199972,0.1071609408715725,0.092195795162676,0.0611487847625581,0.0025196720802388,0.048406342510409,0.3498845327328385,0.1004413267609131,0.0947459443447076,0.0631183523012494,3.482986660218984e-05,0.0474003813848645,0.4,0.1,0.1,0.0666666666666666,0.0,0.046875,,,,,,,,,,,,,,,,,,,,,,,,,,,,,,,,,,,,,,,,,,,,,,,,,,,,,,,,,,,,,,,,,,,,,,,,,,,,,,,,,,,,,,,previous,No-Judge,Qwen2.5-32B-Instruct|non-think|aime2026_pt
Qwen2.5-32B-Instruct,Qwen2.5-32B-Instruct,Qwen,32.0,False,non-think,Instruct · Non-Think,aime2026_tr,TR,False,No-Judge,,,64,0.6,16384,,,,,,0.0666666666666666,30.0,1920.0,125.0,1795.0,0.0,7.0,1920.0,0.003646,5.0,2.0,2.0,,,,/user/home/t.tuna/evalhub/results/Qwen2.5/non-think/Qwen2.5-32B-Instruct,/user/home/t.tuna/evalhub/results/Qwen2.5/non-think/Qwen2.5-32B-Instruct/aime2026_tr__t0.6__max16384__n64/aime2026_tr_summary.json,0.0651041666666666,0.0651041666666666,0.0651041666666666,0.0651041666666666,0.0651041666666666,0.0,0.0909391534391534,0.0909391534391534,0.0909391534391534,0.0392691798941799,0.0392691798941799,0.0392691798941799,0.1210947008805284,0.1210947008805285,0.068810751429075,0.044729315135185,0.025781899221878,0.0352556071785315,0.1569836436727247,0.0957789832251322,0.0604540488706536,0.0368823261959967,0.0167600764165574,0.0324287025505309,0.2080104014528416,0.0939252275716264,0.053952409010823,0.0337965282770245,0.0074859815756111,0.0305469158783057,0.2841269837433688,0.097051545086032,0.0500419068196883,0.0333340581718976,0.0008803885853066,0.0292987559692157,0.3666666666666666,0.1,0.0333333333333333,0.0333333333333333,0.0,0.028125,,,,,,,,,,,,,,,,,,,,,,,,,,,,,,,,,,,,,,,,,,,,,,,,,,,,,,,,,,,,,,,,,,,,,,,,,,,,,,,,,,,,,,,previous,No-Judge,Qwen2.5-32B-Instruct|non-think|aime2026_tr
Qwen2.5-32B-Instruct,Qwen2.5-32B-Instruct,Qwen,32.0,False,non-think,Instruct · Non-Think,aime2026,EN,True,cot:DeepSeek-R1-0528-Qwen3-8B·TH,DeepSeek-R1-0528-Qwen3-8B,think,64,0.6,16384,,0.6,16384.0,,,0.2,30.0,1920.0,201.0,1681.0,38.0,,,,,,,25.0,717.0,0.034868,/user/home/t.tuna/evalhub/results/Qwen2.5/non-think/Qwen2.5-32B-Instruct/judged_by/DeepSeek-R1-0528-Qwen3-8B__state-think__t0.6__max16384__basemax16384,/user/home/t.tuna/evalhub/results/Qwen2.5/non-think/Qwen2.5-32B-Instruct/judged_by/DeepSeek-R1-0528-Qwen3-8B__state-think__t0.6__max16384__basemax16384/aime2026__t0.6__max16384__n64/aime2026_cot_summary.json,0.1046875,0.1046875,0.1046875,0.1046875,0.1046875,0.0,0.1399470899470899,0.1399470899470899,0.1399470899470899,0.06942791005291,0.06942791005291,0.06942791005291,0.1755923002022949,0.1755923002022949,0.1169122955016662,0.0790810480723225,0.0471643562237163,0.0631227021480194,0.2088735492541588,0.1594165871210621,0.1040768181257885,0.0674492006463143,0.03220249347147,0.0589507859865393,0.2399915716386586,0.1512813038676849,0.0961121874925781,0.0639769055405401,0.0196636829792038,0.0561869578293686,0.2711291912974188,0.1426902558324247,0.0871976614484952,0.0659448041235422,0.0082068420100914,0.054175762769729,0.3,0.1333333333333333,0.0666666666666666,0.0666666666666666,0.0,0.053125,0.2,0.2,0.1343388893940765,0.160431796911285,0.0940286958133043,0.1005544410898119,0.052851820788551,0.065331178250289,0.0187533694271165,0.0200901746730964,0.0927083333333333,0.1098958333333333,0.0927083333333333,0.1098958333333333,0.0927083333333333,0.1098958333333333,0.0927083333333333,0.1098958333333333,0.1228670634920635,0.1474702380952381,0.1228670634920635,0.1474702380952381,0.0625496031746031,0.0723214285714285,0.0625496031746031,0.0723214285714285,0.1333125968078723,0.1575642077583131,0.0844327144060782,0.0935993092106262,0.0500000656335541,0.0664557305146277,0.0082010718720975,0.0082152548232307,0.1498155947554414,0.1857183777794565,0.1076832720572805,0.1226867765438627,0.0723890525714957,0.0822927421453333,0.0409454139491156,0.0488854368646806,0.1333333333333333,0.1666666666666666,0.0666666666666666,0.0666666666666666,0.0333333333333333,0.0666666666666666,0.0,0.0,0.1390741132532097,0.1676382190999361,0.1002064018679927,0.109140698536142,0.0594550431853634,0.0695807723603335,0.0278868650560851,0.033390600029354,0.049631501711265,0.058053828193285,0.0,0.0,0.0625496031746031,0.0723214285714285,0.0477264726917498,0.0558654536236921,0.0566672332603057,0.065589089505007,0.046875,0.0541666666666666,0.0524683815598007,0.0610582091224748,0.194173626587507,0.2571547324254026,0.0927083333333333,0.1098958333333333,0.1228670634920635,0.147470238095238,0.2145995139743391,0.2941112369478667,0.1498155947554414,0.1857183777794565,0.2333333333333333,0.3333333333333333,0.1720481740557808,0.2217342354088625,previous,R1-distill,Qwen2.5-32B-Instruct|non-think|aime2026
Qwen2.5-32B-Instruct,Qwen2.5-32B-Instruct,Qwen,32.0,False,non-think,Instruct · Non-Think,aime2026_pt,PT,True,cot:DeepSeek-R1-0528-Qwen3-8B·TH,DeepSeek-R1-0528-Qwen3-8B,think,64,0.6,16384,,0.6,16384.0,,,0.1,30.0,1920.0,154.0,1743.0,23.0,,,,,,,7.0,531.0,0.013183,/user/home/t.tuna/evalhub/results/Qwen2.5/non-think/Qwen2.5-32B-Instruct/judged_by/DeepSeek-R1-0528-Qwen3-8B__state-think__t0.6__max16384__basemax16384,/user/home/t.tuna/evalhub/results/Qwen2.5/non-think/Qwen2.5-32B-Instruct/judged_by/DeepSeek-R1-0528-Qwen3-8B__state-think__t0.6__max16384__basemax16384/aime2026_pt__t0.6__max16384__n64/aime2026_pt_cot_summary.json,0.0802083333333333,0.0802083333333333,0.0802083333333333,0.0802083333333333,0.0802083333333333,0.0,0.107390873015873,0.107390873015873,0.107390873015873,0.0530257936507936,0.0530257936507936,0.0530257936507936,0.130234538289139,0.130234538289139,0.093186554103397,0.0672685150210269,0.0301437259197703,0.0487061204703986,0.1554288223933947,0.1123459384117013,0.0902141627272943,0.0598418883566665,0.0113687577958866,0.0461474448142068,0.1876880968153242,0.1036543902290439,0.0905931583890095,0.0560498395399783,0.0016679555590738,0.0446193759467134,0.2241726735102087,0.100079198401376,0.0924549995512804,0.0572022799462003,1.4314836454318162e-05,0.0435120037469421,0.2666666666666666,0.1,0.1,0.0666666666666666,0.0,0.0427083333333333,0.1,0.1,0.100804589607462,0.1036543902290439,0.0834719126389632,0.0905932671448712,0.0294175360622201,0.0568727951453731,0.0001609073264649,0.0022584605376294,0.0682291666666666,0.0822916666666666,0.0682291666666666,0.0822916666666666,0.0682291666666666,0.0822916666666666,0.0682291666666666,0.0822916666666666,0.0962632275132275,0.1106150793650793,0.0962632275132275,0.1106150793650793,0.0401951058201058,0.0539682539682539,0.0401951058201058,0.0539682539682539,0.0999992751614356,0.100079198401376,0.0831921890336926,0.0924549995512804,0.0223944689919546,0.0573800463455779,4.1019490518698905e-08,3.406665860739213e-05,0.1184905735606423,0.1361945262857479,0.0848540601680474,0.0935797595964174,0.0523995240613432,0.0679473781403977,0.0171725088766336,0.0314450026441036,0.1,0.1,0.0666666666666666,0.1,0.0333333333333333,0.0666666666666666,0.0,0.0,0.1054255195871389,0.1136452557263182,0.0829892496837833,0.0902376993083613,0.0396252504409365,0.0606992923812511,0.0036207862715354,0.0127024973896848,0.0286658059298294,0.0456610287986164,0.0,0.0,0.0401951058201058,0.0539682539682539,0.0272256471514977,0.0445536704136088,0.0347860164689884,0.0496961903922506,0.0260416666666666,0.04375,0.0310277343682684,0.0471828792577849,0.1640396981595853,0.2071837445367784,0.0682291666666666,0.0822916666666666,0.0962632275132275,0.1106150793650793,0.195628856340165,0.2535377528752882,0.1184905735606423,0.1361945262857478,0.2333333333333333,0.3,0.1382788805463357,0.1665847366430043,previous,R1-distill,Qwen2.5-32B-Instruct|non-think|aime2026_pt
Qwen2.5-32B-Instruct,Qwen2.5-32B-Instruct,Qwen,32.0,False,non-think,Instruct · Non-Think,aime2026_tr,TR,True,cot:DeepSeek-R1-0528-Qwen3-8B·TH,DeepSeek-R1-0528-Qwen3-8B,think,64,0.6,16384,,0.6,16384.0,,,0.0666666666666666,30.0,1920.0,104.0,1795.0,21.0,,,,,,,0.0,375.0,0.0,/user/home/t.tuna/evalhub/results/Qwen2.5/non-think/Qwen2.5-32B-Instruct/judged_by/DeepSeek-R1-0528-Qwen3-8B__state-think__t0.6__max16384__basemax16384,/user/home/t.tuna/evalhub/results/Qwen2.5/non-think/Qwen2.5-32B-Instruct/judged_by/DeepSeek-R1-0528-Qwen3-8B__state-think__t0.6__max16384__basemax16384/aime2026_tr__t0.6__max16384__n64/aime2026_tr_cot_summary.json,0.0541666666666666,0.0541666666666666,0.0541666666666666,0.0541666666666666,0.0541666666666666,0.0,0.0732308201058201,0.0732308201058201,0.0732308201058201,0.0351025132275132,0.0351025132275132,0.0351025132275132,0.0916338776829258,0.0916338776829258,0.061663907145795,0.0411554732945531,0.0222134085433926,0.0316844409189729,0.107857084355251,0.0845364229810523,0.0544566981408514,0.0352238443297132,0.0124883675832872,0.0294264533867125,0.1226797677926583,0.0825748609876289,0.0500833941148343,0.0333762448745146,0.0039508122866755,0.027950237859519,0.1417986134259368,0.0793856432169215,0.0467079700867559,0.0333335440572982,0.0001806057238121,0.0268453370802754,0.1666666666666666,0.0666666666666666,0.0333333333333333,0.0333333333333333,0.0,0.0260416666666666,0.0666666666666666,0.0666666666666666,0.079304126090715,0.0849646683275532,0.0426170211706637,0.0521176129909749,0.0289004912258467,0.0337952955762137,0.0007071053151337,0.0074859815752805,0.0484375,0.05625,0.0484375,0.05625,0.0484375,0.05625,0.0484375,0.05625,0.068287037037037,0.0747685185185185,0.068287037037037,0.0747685185185185,0.0285879629629629,0.0377314814814814,0.0285879629629629,0.0377314814814814,0.0755163083736853,0.0833326084947689,0.0367137704481062,0.05,0.0315523427259386,0.0333340581718976,2.2916979188347737e-06,0.0008803885853066,0.0871578403968673,0.0928882530449162,0.0566812407141598,0.0634339351816876,0.0348862196033005,0.0430784816129871,0.0150246992856723,0.0255993301604089,0.0666666666666666,0.0666666666666666,0.0333333333333333,0.0333333333333333,0.0333333333333333,0.0333333333333333,0.0,0.0,0.0810301471094967,0.0862610197968846,0.0486652772075098,0.0562931353555036,0.0293128244909262,0.0366263018711505,0.0056791198799451,0.0167591762016606,0.0215485259572569,0.0304689298866432,0.0,0.0,0.0285879629629629,0.0377314814814814,0.0209381174109078,0.0292984047177209,0.0249554594444864,0.034338905886698,0.0208333333333333,0.028125,0.0227375139782621,0.0320119861218283,0.11617561498327,0.1227873441097617,0.0484375,0.05625,0.068287037037037,0.0747685185185185,0.1333324519110066,0.14179882358466,0.0871578403968673,0.0928882530449162,0.1666666666666666,0.1666666666666666,0.1031695931655484,0.1085361720417913,previous,R1-distill,Qwen2.5-32B-Instruct|non-think|aime2026_tr
Qwen2.5-32B-Instruct,Qwen2.5-32B-Instruct,Qwen,32.0,False,non-think,Instruct · Non-Think,pt_exams_math,PT,True,cot:DeepSeek-R1-0528-Qwen3-8B·TH,DeepSeek-R1-0528-Qwen3-8B,think,16,0.6,16384,,0.6,16384.0,,,0.9216867469879518,166.0,2656.0,2233.0,311.0,112.0,,,,,,,1.0,7035.0,0.000142,/user/home/t.tuna/evalhub/results/Qwen2.5/non-think/Qwen2.5-32B-Instruct/judged_by/DeepSeek-R1-0528-Qwen3-8B__state-think__t0.6__max16384__basemax16384,/user/home/t.tuna/evalhub/results/Qwen2.5/non-think/Qwen2.5-32B-Instruct/judged_by/DeepSeek-R1-0528-Qwen3-8B__state-think__t0.6__max16384__basemax16384/pt_exams_math__t0.6__max16384__n16/pt_exams_math_cot_summary.json,0.8407379518072289,0.8407379518072289,0.8407379518072289,0.8407379518072289,0.8407379518072289,0.0,0.8961847389558234,0.8961847389558234,0.8961847389558234,0.7852911646586342,0.7852911646586342,0.7852911646586342,0.9249338011386204,0.9249338011386204,0.8863001456374949,0.8297067390440888,0.7220111214087119,0.7758589302264002,0.94125218824014,0.9200391308825044,0.8824294848391232,0.8125523071306205,0.6569925389202499,0.7701493620168317,0.9518072289156626,0.9156626506024096,0.8795180722891566,0.7951807228915663,0.5903614457831325,0.7673192771084337,,,,,,,,,,,,,0.9156626506024096,0.9216867469879518,0.9036144578313252,0.933734939759036,0.8373493975903614,0.891566265060241,0.7469879518072289,0.8253012048192772,0.3795180722891566,0.6445783132530121,0.7963102409638554,0.8576807228915663,0.7963102409638554,0.8576807228915663,0.7963102409638554,0.8576807228915663,0.7963102409638554,0.8576807228915663,0.8733935742971887,0.9050702811244976,0.8733935742971887,0.9050702811244976,0.7192269076305222,0.8102911646586345,0.7192269076305222,0.8102911646586345,,,,,,,,,0.9122931285581888,0.9299152654574342,0.85843042499669,0.8958824308221898,0.7866212101151863,0.8489110287303059,0.6278962001853567,0.7560141665563354,,,,,,,,,0.9088011720541842,0.9273668098969304,0.8480261371827635,0.8896144016625943,0.7677254472435194,0.8378001516555735,0.5172615871411055,0.6986224618754738,0.6942771084337349,0.795933734939759,0.0,0.0,0.7192269076305222,0.8102911646586345,,,0.7072587051502716,0.8024625976433207,,,0.6994785669484463,0.7981488892633469,0.9457831325301204,0.9518072289156626,0.7963102409638554,0.8576807228915663,0.8733935742971887,0.9050702811244976,,,0.9122931285581888,0.9299152654574342,,,0.9330613830613832,0.9439787120510011,previous,R1-distill,Qwen2.5-32B-Instruct|non-think|pt_exams_math
Qwen2.5-32B-Instruct,Qwen2.5-32B-Instruct,Qwen,32.0,False,non-think,Instruct · Non-Think,tubitak_math2026,TR-OL,True,cot:DeepSeek-R1-0528-Qwen3-8B·TH,DeepSeek-R1-0528-Qwen3-8B,think,64,0.6,16384,,0.6,16384.0,,,0.15625,32.0,2048.0,163.0,1672.0,213.0,,,,,,,2.0,1128.0,0.001773,/user/home/t.tuna/evalhub/results/Qwen2.5/non-think/Qwen2.5-32B-Instruct/judged_by/DeepSeek-R1-0528-Qwen3-8B__state-think__t0.6__max16384__basemax16384,/user/home/t.tuna/evalhub/results/Qwen2.5/non-think/Qwen2.5-32B-Instruct/judged_by/DeepSeek-R1-0528-Qwen3-8B__state-think__t0.6__max16384__basemax16384/tubitak_math2026__t0.6__max16384__n64/tubitak_math2026_cot_summary.json,0.07958984375,0.07958984375,0.07958984375,0.07958984375,0.07958984375,0.0,0.1018725198412698,0.1018725198412698,0.1018725198412698,0.0573071676587301,0.0573071676587301,0.0573071676587301,0.1224527386146156,0.1224527386146156,0.0874768936031578,0.0689231159974566,0.0395066267847699,0.0542148713911132,0.1473991925093951,0.10425928817076,0.0838685954175583,0.0643294930152279,0.0217936227620178,0.0523566514899754,0.1799223943925121,0.0955612459888616,0.0833620212114106,0.0625365418161518,0.0063681442379491,0.0510213843829541,0.2142743437330475,0.0937499430244936,0.0841046637096035,0.0625058675415521,0.0002435800880361,0.0499281919228634,0.25,0.09375,0.09375,0.0625,0.0,0.048828125,0.15625,0.21875,0.0839241726791042,0.0960187306543834,0.0630989155703955,0.0932420254969667,0.0553602439263011,0.0736714084323217,0.0016124859563309,0.006394725935092,0.06494140625,0.0888671875,0.06494140625,0.0888671875,0.06494140625,0.0888671875,0.06494140625,0.0888671875,0.0856584821428571,0.1137462797619047,0.0856584821428571,0.1137462797619047,0.0442243303571428,0.0639880952380952,0.0442243303571428,0.0639880952380952,0.0848088859304791,0.09375,0.0625004485809799,0.0937451401612804,0.0601534739201645,0.0690462919616641,7.570787767579163e-06,0.0002435804476755,0.1052360137934073,0.1382106815491929,0.0715477429899775,0.0947585563508851,0.0551473654969655,0.0783285212220795,0.0278345027196494,0.0441709908778424,0.09375,0.09375,0.0625,0.09375,0.0625,0.0625,0.0,0.0,0.0889718508380525,0.1096717035197655,0.0660999841539359,0.0921095383384803,0.0533792330197681,0.0757920611188854,0.0115710004720501,0.0229469099292021,0.0400554487468825,0.0596475992529574,0.0,0.0,0.0442243303571428,0.0639880952380952,0.0400390633010374,0.0595706417982762,0.0414909341083075,0.0612497560499609,0.0400390625,0.0595703125,0.0403252920867963,0.0600858753301301,0.1585909810803074,0.2224314948540381,0.06494140625,0.0888671875,0.0856584821428571,0.1137462797619047,0.1918992195539444,0.2722287413390845,0.1052360137934073,0.1382106815491929,0.21875,0.3125,0.1291853597281252,0.1735066835566547,previous,R1-distill,Qwen2.5-32B-Instruct|non-think|tubitak_math2026
Qwen2.5-32B-Instruct,Qwen2.5-32B-Instruct,Qwen,32.0,False,non-think,Instruct · Non-Think,aime2026,EN,True,cot:Qwen3.6-35B·TH,Qwen3.6-35B-A3B,think,64,0.6,16384,,0.6,16384.0,,,0.2,30.0,1920.0,167.0,1681.0,72.0,,,,,,,269.0,717.0,0.375174,/user/home/t.tuna/evalhub/results/Qwen2.5/non-think/Qwen2.5-32B-Instruct/judged_by/Qwen3.6-35B-A3B__state-think__t0.6__max16384__basemax16384,/user/home/t.tuna/evalhub/results/Qwen2.5/non-think/Qwen2.5-32B-Instruct/judged_by/Qwen3.6-35B-A3B__state-think__t0.6__max16384__basemax16384/aime2026__t0.6__max16384__n64/aime2026_cot_summary.json,0.0869791666666666,0.0869791666666666,0.0869791666666666,0.0869791666666666,0.0869791666666666,0.0,0.1236772486772486,0.1236772486772486,0.1236772486772486,0.0502810846560846,0.0502810846560846,0.0502810846560846,0.166256096127857,0.1662560961278571,0.0943864735211906,0.0545222566375395,0.0327518403800794,0.0436370485088094,0.2090154114639487,0.1433943864114568,0.0791018695847335,0.0407695452376509,0.025610250350381,0.039008792762982,0.2524809670210297,0.1333538737749932,0.0686808492653496,0.0346990518711011,0.0186509441767149,0.0359626980510238,0.2938853802756164,0.1321792905374558,0.0614608589502077,0.0333494459357343,0.0082010582010582,0.0341943624517937,0.3333333333333333,0.1333333333333333,0.0666666666666666,0.0333333333333333,0.0,0.0333333333333333,0.2,0.2,0.0538100898868781,0.1459190393617526,0.0335637314733494,0.0997669316442803,0.0333333400443784,0.0535461808309743,0.0186507936507936,0.0187534432241618,0.0479166666666666,0.1046875,0.0479166666666666,0.1046875,0.0479166666666666,0.1046875,0.0479166666666666,0.1046875,0.0624338624338624,0.1439649470899471,0.0624338624338624,0.1439649470899471,0.0333994708994709,0.0654100529100529,0.0333994708994709,0.0654100529100529,0.05,0.1364380480254899,0.0333333333333333,0.0949014973212325,0.0333333333333333,0.0500062608319071,0.0082010582010582,0.0082010718720975,0.0845303673205577,0.1851050926275675,0.043215093634845,0.1165421209908253,0.0345818853718113,0.0753901626753292,0.0293393203394525,0.0417126237062778,0.0333333333333333,0.1333333333333333,0.0333333333333333,0.1,0.0333333333333333,0.0333333333333333,0.0,0.0,0.0619070144963458,0.1609865171219242,0.0360836197975511,0.1047891341008748,0.0333801673945951,0.0614854598898483,0.0254630114247763,0.0279524157549882,0.0312544532114921,0.0512114069744761,0.0,0.0,0.0333994708994709,0.0654100529100529,0.03125,0.0492810577121178,0.0319606028556319,0.0585513931908035,0.03125,0.0479166666666666,0.0313793589489763,0.0540720160853691,0.1565350340577274,0.2701629566936184,0.0479166666666666,0.1046875,0.0624338624338624,0.1439649470899471,0.2085494347920647,0.3060911749597123,0.0845303673205577,0.1851050926275674,0.2666666666666666,0.3333333333333333,0.1161038739120151,0.2272765244319267,previous,Qwen3.6,Qwen2.5-32B-Instruct|non-think|aime2026
Qwen2.5-32B-Instruct,Qwen2.5-32B-Instruct,Qwen,32.0,False,non-think,Instruct · Non-Think,aime2026_pt,PT,True,cot:Qwen3.6-35B·TH,Qwen3.6-35B-A3B,think,64,0.6,16384,,0.6,16384.0,,,0.1,30.0,1920.0,154.0,1743.0,23.0,,,,,,,86.0,531.0,0.161959,/user/home/t.tuna/evalhub/results/Qwen2.5/non-think/Qwen2.5-32B-Instruct/judged_by/Qwen3.6-35B-A3B__state-think__t0.6__max16384__basemax16384,/user/home/t.tuna/evalhub/results/Qwen2.5/non-think/Qwen2.5-32B-Instruct/judged_by/Qwen3.6-35B-A3B__state-think__t0.6__max16384__basemax16384/aime2026_pt__t0.6__max16384__n64/aime2026_pt_cot_summary.json,0.0802083333333333,0.0802083333333333,0.0802083333333333,0.0802083333333333,0.0802083333333333,0.0,0.1087962962962962,0.1087962962962962,0.1087962962962962,0.0516203703703703,0.0516203703703703,0.0516203703703703,0.1341214755777156,0.1341214755777156,0.0925920504813947,0.0652292500818413,0.0288905571923816,0.0470599036371114,0.1628807518607831,0.1131733616917134,0.0895655694278313,0.0565550945768459,0.0112712716732217,0.0442555404729137,0.2008345381875615,0.1036543812691272,0.0904169273878662,0.0504389844016283,0.0020976631850463,0.0425619882067738,0.2450721444096796,0.100079198401376,0.0924548276452319,0.0463415794527925,3.3952807423283814e-05,0.0414286814304304,0.3,0.1,0.1,0.0333333333333333,0.0,0.040625,0.1,0.1,0.0845829805056745,0.1036755794580962,0.0386099163263558,0.0921687580177903,0.0321308664254144,0.0573364412197248,0.0020298608805125,0.0022585871746258,0.0536458333333333,0.0838541666666666,0.0536458333333333,0.0838541666666666,0.0536458333333333,0.0838541666666666,0.0536458333333333,0.0838541666666666,0.0764219576719576,0.1131283068783068,0.0764219576719576,0.1131283068783068,0.0308697089947089,0.0545800264550264,0.0308697089947089,0.0545800264550264,0.0865069835229563,0.10007921002144,0.0339341538587461,0.0947459443447076,0.0332993848890077,0.0574023817687317,3.394844432559588e-05,3.406665860750096e-05,0.1023454878161382,0.1402584716241511,0.057710080330387,0.0945951688449044,0.0360751219225571,0.0688040887075789,0.0184526432642508,0.0317589374900321,0.1,0.1,0.0333333333333333,0.1,0.0333333333333333,0.0666666666666666,0.0,0.0,0.0874021358977837,0.115066169220755,0.0467768536312551,0.0913080463031327,0.0315582235155204,0.0615500810181206,0.0091732491726459,0.0127430111342976,0.024242997652124,0.0463266619694303,0.0,0.0,0.0308697089947089,0.0545800264550264,0.0239689091004434,0.0453170480515312,0.027263882593404,0.0502815130988055,0.0239583333333333,0.0447916666666666,0.0251919855930998,0.0477981817540924,0.1591266321714735,0.2183460642169144,0.0536458333333333,0.0838541666666666,0.0764219576719576,0.1131283068783068,0.1941451580437413,0.2662361655737008,0.1023454878161382,0.1402584716241511,0.2333333333333333,0.3,0.1299922987423275,0.1735857381473837,previous,Qwen3.6,Qwen2.5-32B-Instruct|non-think|aime2026_pt
Qwen2.5-32B-Instruct,Qwen2.5-32B-Instruct,Qwen,32.0,False,non-think,Instruct · Non-Think,aime2026_tr,TR,True,cot:Qwen3.6-35B·TH,Qwen3.6-35B-A3B,think,64,0.6,16384,,0.6,16384.0,,,0.0666666666666666,30.0,1920.0,113.0,1795.0,12.0,,,,,,,34.0,375.0,0.090667,/user/home/t.tuna/evalhub/results/Qwen2.5/non-think/Qwen2.5-32B-Instruct/judged_by/Qwen3.6-35B-A3B__state-think__t0.6__max16384__basemax16384,/user/home/t.tuna/evalhub/results/Qwen2.5/non-think/Qwen2.5-32B-Instruct/judged_by/Qwen3.6-35B-A3B__state-think__t0.6__max16384__basemax16384/aime2026_tr__t0.6__max16384__n64/aime2026_tr_cot_summary.json,0.0588541666666666,0.0588541666666666,0.0588541666666666,0.0588541666666666,0.0588541666666666,0.0,0.0793650793650793,0.0793650793650793,0.0793650793650793,0.0383432539682539,0.0383432539682539,0.0383432539682539,0.0999683651884868,0.0999683651884868,0.0663551450899414,0.0435750904451327,0.0255180659431056,0.0345465781941191,0.1181473481569505,0.09145715288753,0.0582122444022219,0.0362328305353095,0.0167443653903714,0.0318451024790841,0.1376541414866566,0.0924324794677054,0.0514144553129551,0.0336433051022352,0.0074859709913162,0.030082799125847,0.1669312156033176,0.0954361244497738,0.0467204985130676,0.0333335440572982,0.0008803885853066,0.0289287449111304,0.2,0.1,0.0333333333333333,0.0333333333333333,0.0,0.028125,0.0666666666666666,0.0666666666666666,0.0776640279003172,0.0925307721246611,0.0382757772398569,0.0533430671348381,0.0327023387630235,0.0337958281906148,0.0028418052260263,0.0074859815753467,0.0489583333333333,0.0604166666666666,0.0489583333333333,0.0604166666666666,0.0489583333333333,0.0604166666666666,0.0489583333333333,0.0604166666666666,0.0669642857142857,0.0819940476190476,0.0669642857142857,0.0819940476190476,0.0309523809523809,0.0388392857142857,0.0309523809523809,0.0388392857142857,0.0749932308876298,0.0954375525458834,0.0339341128456279,0.0500125284263117,0.0333333333333333,0.0333340581718976,7.921303675972373e-05,0.0008803885853066,0.0856405760788362,0.1044212665676177,0.0544421990548378,0.0671861490938698,0.0359795879395297,0.0443281878236928,0.0197709702601294,0.0257310631814862,0.0666666666666666,0.1,0.0333333333333333,0.0333333333333333,0.0333333333333333,0.0333333333333333,0.0,0.0,0.0797191027966731,0.0917073848395504,0.0450434212666467,0.0594634041623242,0.0322366662871598,0.0367994848266591,0.0107014052259422,0.0167596969458733,0.0252763969438876,0.0305157019446528,0.0,0.0,0.0309523809523809,0.0388392857142857,0.02501057576711,0.0292984792152425,0.0278752790998296,0.0350296255025895,0.025,0.028125,0.0261097871351229,0.0323090014422464,0.1141859722697028,0.1543208789210566,0.0489583333333333,0.0604166666666666,0.0669642857142857,0.0819940476190476,0.1251313937036263,0.2002645489366509,0.0856405760788362,0.1044212665676177,0.1333333333333333,0.2666666666666666,0.1023553535321352,0.1265128541698294,previous,Qwen3.6,Qwen2.5-32B-Instruct|non-think|aime2026_tr
Qwen2.5-32B-Instruct,Qwen2.5-32B-Instruct,Qwen,32.0,False,non-think,Instruct · Non-Think,pt_exams_math,PT,True,cot:Qwen3.6-35B·TH,Qwen3.6-35B-A3B,think,16,0.6,16384,,0.6,16384.0,,,0.9216867469879518,166.0,2656.0,2305.0,311.0,40.0,,,,,,,173.0,7035.0,0.024591,/user/home/t.tuna/evalhub/results/Qwen2.5/non-think/Qwen2.5-32B-Instruct/judged_by/Qwen3.6-35B-A3B__state-think__t0.6__max16384__basemax16384,/user/home/t.tuna/evalhub/results/Qwen2.5/non-think/Qwen2.5-32B-Instruct/judged_by/Qwen3.6-35B-A3B__state-think__t0.6__max16384__basemax16384/pt_exams_math__t0.6__max16384__n16/pt_exams_math_cot_summary.json,0.8678463855421686,0.8678463855421686,0.8678463855421686,0.8678463855421686,0.8678463855421686,0.0,0.9097891566265058,0.9097891566265058,0.9097891566265058,0.8259036144578313,0.8259036144578313,0.8259036144578313,0.9313120614325432,0.9313120614325432,0.9017178604528002,0.861363034555806,0.7769925857275255,0.8191778101416658,0.9436922515235768,0.9288159631533126,0.8951891482011963,0.853711348892072,0.7235978880557193,0.8156173645631476,0.9518072289156626,0.933734939759036,0.8855421686746988,0.8493975903614458,0.6746987951807228,0.8147590361445783,,,,,,,,,,,,,0.9156626506024096,0.9216867469879518,0.9216867469879518,0.933734939759036,0.8855421686746988,0.8975903614457831,0.8012048192771084,0.8554216867469879,0.4759036144578313,0.6867469879518072,0.8320783132530121,0.8753765060240963,0.8320783132530121,0.8753765060240963,0.8320783132530121,0.8753765060240963,0.8320783132530121,0.8753765060240963,0.8950301204819278,0.915110441767068,0.8950301204819278,0.915110441767068,0.7691265060240964,0.8356425702811247,0.7691265060240964,0.8356425702811247,,,,,,,,,0.9212399046736396,0.9344267178604528,0.8876572222957763,0.9086389514100356,0.8311465642790947,0.87010459420098,0.6882695617635377,0.7883357606249172,,,,,,,,,0.9193477874200766,0.9323227642504752,0.883838383838384,0.9042627386000882,0.8173027775437416,0.8616662454011854,0.591085086265809,0.7362012151168776,0.7522590361445783,0.8237951807228916,0.0,0.0,0.7691265060240964,0.8356425702811247,,,0.7597080630213162,0.8292201774129486,,,0.7544402551932671,0.8255358262888383,0.9397590361445785,0.9518072289156626,0.8320783132530121,0.8753765060240963,0.8950301204819278,0.915110441767068,,,0.9212399046736396,0.9344267178604528,,,0.9339240411529568,0.9446663109313712,previous,Qwen3.6,Qwen2.5-32B-Instruct|non-think|pt_exams_math
Qwen2.5-32B-Instruct,Qwen2.5-32B-Instruct,Qwen,32.0,False,non-think,Instruct · Non-Think,tubitak_math2026,TR-OL,True,cot:Qwen3.6-35B·TH,Qwen3.6-35B-A3B,think,64,0.6,16384,,0.6,16384.0,,,0.15625,32.0,2048.0,174.0,1672.0,202.0,,,,,,,75.0,1128.0,0.066489,/user/home/t.tuna/evalhub/results/Qwen2.5/non-think/Qwen2.5-32B-Instruct/judged_by/Qwen3.6-35B-A3B__state-think__t0.6__max16384__basemax16384,/user/home/t.tuna/evalhub/results/Qwen2.5/non-think/Qwen2.5-32B-Instruct/judged_by/Qwen3.6-35B-A3B__state-think__t0.6__max16384__basemax16384/tubitak_math2026__t0.6__max16384__n64/tubitak_math2026_cot_summary.json,0.0849609375,0.0849609375,0.0849609375,0.0849609375,0.0849609375,0.0,0.105406746031746,0.105406746031746,0.105406746031746,0.0645151289682539,0.0645151289682539,0.0645151289682539,0.1215864700586739,0.1215864700586739,0.0942459661680642,0.0791891336783259,0.0448221800949359,0.0620056568866309,0.1423685874331074,0.1059715013524659,0.0924591160477061,0.0771032085269684,0.0232174641562669,0.0609501606603918,0.1677001231940408,0.0957323287806189,0.0934272983646648,0.0755729385872744,0.0064094328785329,0.0605948986901579,0.1849759440453035,0.09375,0.0937489390914584,0.0716402085440458,0.0002435813329417,0.0605469448414264,0.1875,0.09375,0.09375,0.0625,0.0,0.060546875,0.15625,0.1875,0.0936289927127388,0.0996491501308423,0.074488781433005,0.0937197300096969,0.056517538566307,0.0835915291233015,0.0020123089815733,0.0065822408117409,0.0703125,0.09033203125,0.0703125,0.09033203125,0.0703125,0.09033203125,0.0703125,0.09033203125,0.0917813740079365,0.1128317212301587,0.0917813740079365,0.1128317212301587,0.0488436259920634,0.0678323412698412,0.0488436259920634,0.0678323412698412,0.0937360677935048,0.0938242622219622,0.0695317787683156,0.09375,0.06063184940711,0.0850605145772736,1.5457800085646892e-05,0.0002436909139253,0.108903035368034,0.1329743136347611,0.0815090198559593,0.097632838665609,0.0609610982315983,0.0828017091454508,0.0298768465444083,0.0479192635541789,0.09375,0.09375,0.0625,0.09375,0.0625,0.09375,0.0,0.0,0.0977151986490126,0.1133662068065663,0.0778091521364956,0.0936409297628732,0.0561885125746842,0.0823085425654503,0.0126810674115441,0.0248796314361406,0.0421491791635355,0.0644572998857738,0.0,0.0,0.0488436259920634,0.0678323412698412,0.0413213347991675,0.064453125,0.0454189723880033,0.0653604863498149,0.041015625,0.064453125,0.0433873578610128,0.0645816450459691,0.1474738233450282,0.1916420523391686,0.0703125,0.09033203125,0.0917813740079365,0.1128317212301587,0.169280997918292,0.2181287108261066,0.108903035368034,0.1329743136347611,0.1875,0.25,0.1262220151404315,0.1600837178450062,previous,Qwen3.6,Qwen2.5-32B-Instruct|non-think|tubitak_math2026
Qwen2.5-32B-Instruct,Qwen2.5-32B-Instruct,Qwen,32.0,False,non-think,Instruct · Non-Think,aime2026,EN,True,cot:deepseek-v4-flash·TH,deepseek-v4-flash,think,64,0.6,16384,,0.6,20480.0,high,thinking-enabled,0.2,30.0,1920.0,205.0,1681.0,34.0,,,,,,,0.0,717.0,0.0,/user/home/t.tuna/evalhub/results/Qwen2.5/non-think/Qwen2.5-32B-Instruct/judged_by/deepseek-v4-flash__state-think__t0.6__max20480__basemax16384__re-high__eb-thinking-enabled,/user/home/t.tuna/evalhub/results/Qwen2.5/non-think/Qwen2.5-32B-Instruct/judged_by/deepseek-v4-flash__state-think__t0.6__max20480__basemax16384__re-high__eb-thinking-enabled/aime2026__t0.6__max16384__n64/aime2026_cot_summary.json,0.1067708333333333,0.1067708333333333,0.1067708333333333,0.1067708333333333,0.1067708333333333,0.0,0.1437665343915344,0.1437665343915344,0.1437665343915344,0.0697751322751322,0.0697751322751322,0.0697751322751322,0.1819429230355989,0.1819429230355989,0.1182553322756918,0.0802597726910259,0.0466253053310165,0.0634425390110212,0.2211565822138076,0.1592882351385295,0.107019774247772,0.0680635425594428,0.0312418460758543,0.0592797959166385,0.2625936663778694,0.1469744921391617,0.1018087096200993,0.0630865701730037,0.0193579442471268,0.0564450491497315,0.3025710752754814,0.1368292067035344,0.0968846257323529,0.0648879636937647,0.008203349898977,0.0542516122222505,0.3333333333333333,0.1333333333333333,0.1,0.0666666666666666,0.0,0.0520833333333333,0.2,0.2,0.1407480212816397,0.1540500929747446,0.0960488484808483,0.1019244324876406,0.0626168144671671,0.0644466624720613,0.019357907864522,0.0196637193618086,0.1026041666666666,0.1088541666666666,0.1026041666666666,0.1088541666666666,0.1026041666666666,0.1088541666666666,0.1026041666666666,0.1088541666666666,0.1374338624338624,0.1464781746031746,0.1374338624338624,0.1464781746031746,0.0677744708994709,0.0712301587301587,0.0677744708994709,0.0712301587301587,0.1338421251359266,0.1464896953300423,0.0871976614484952,0.0968846257323529,0.0648857834703664,0.0659469843469406,0.008203349898977,0.0082068420100914,0.1733965400015109,0.1852317892607422,0.113364527460905,0.1208087284799342,0.0776844996768317,0.0815562228769526,0.0459710995274189,0.0478199260490376,0.1333333333333333,0.1333333333333333,0.0666666666666666,0.1,0.0666666666666666,0.0666666666666666,0.0,0.0,0.1517126483844167,0.1641582170923232,0.1026629246582637,0.1083211748254168,0.0663558845594401,0.0691641324594991,0.0311949558335314,0.0322493954018635,0.0551446905445395,0.057488438393463,0.0,0.0,0.0677744708994709,0.0712301587301587,0.0531340961030624,0.0552932788889172,0.0618277996021253,0.0646880744629951,0.0520833333333333,0.053125,0.057867933562034,0.0603723798366375,0.250785741999632,0.2632705916034716,0.1026041666666666,0.1088541666666667,0.1374338624338624,0.1464781746031745,0.2919503305824065,0.3025765307115096,0.1733965400015109,0.1852317892607422,0.3333333333333333,0.3333333333333333,0.2104234995978427,0.2237882385946437,previous,V4-Flash,Qwen2.5-32B-Instruct|non-think|aime2026
Qwen2.5-32B-Instruct,Qwen2.5-32B-Instruct,Qwen,32.0,False,non-think,Instruct · Non-Think,aime2026_pt,PT,True,cot:deepseek-v4-flash·TH,deepseek-v4-flash,think,64,0.6,16384,,0.6,20480.0,high,thinking-enabled,0.1,30.0,1920.0,155.0,1743.0,22.0,,,,,,,0.0,531.0,0.0,/user/home/t.tuna/evalhub/results/Qwen2.5/non-think/Qwen2.5-32B-Instruct/judged_by/deepseek-v4-flash__state-think__t0.6__max20480__basemax16384__re-high__eb-thinking-enabled,/user/home/t.tuna/evalhub/results/Qwen2.5/non-think/Qwen2.5-32B-Instruct/judged_by/deepseek-v4-flash__state-think__t0.6__max20480__basemax16384__re-high__eb-thinking-enabled/aime2026_pt__t0.6__max16384__n64/aime2026_pt_cot_summary.json,0.0807291666666666,0.0807291666666666,0.0807291666666666,0.0807291666666666,0.0807291666666666,0.0,0.1081349206349206,0.1081349206349206,0.1081349206349206,0.0533234126984126,0.0533234126984126,0.0533234126984126,0.1323879088917428,0.1323879088917428,0.0922755974415149,0.0670946022512653,0.0311585580821434,0.0491265801667044,0.1607146741005663,0.111304062773704,0.0890979453572011,0.0599217859589018,0.0126703247101393,0.0466050503481775,0.1996484582524801,0.1033166500442951,0.0888871874562824,0.0565108994538542,0.0022583897698961,0.0450522649507556,0.2482987902592763,0.1000791522628863,0.0897116412902437,0.0573701924824218,3.406665860738252e-05,0.0438817380510543,0.3,0.1,0.1,0.0666666666666666,0.0,0.0427083333333333,0.1,0.1,0.1033166495073285,0.1036755794580962,0.0888548587662036,0.0921687580177903,0.0544064471939852,0.0573364412197248,0.0021837940825781,0.0022585871746258,0.0796875,0.0828125,0.0796875,0.0828125,0.0796875,0.0828125,0.0796875,0.0828125,0.1068617724867724,0.1111111111111111,0.1068617724867724,0.1111111111111111,0.0525132275132275,0.0545138888888888,0.0525132275132275,0.0545138888888888,0.1000791522628863,0.10007921002144,0.0897116412902437,0.0947459443447076,0.0537467399685809,0.0574023817687317,3.398945744376715e-05,3.406665860750096e-05,0.1303799115274525,0.1364822299446837,0.0919119807274222,0.0942111442673314,0.0662069388834327,0.0687976882979527,0.0302511688616923,0.0317589374900321,0.1,0.1,0.1,0.1,0.0666666666666666,0.0666666666666666,0.0,0.0,0.1108392905697086,0.1133935288384371,0.0889201463066528,0.0913080463031327,0.0585677778047266,0.0615500810181206,0.0121158261327151,0.0127430111342976,0.0440152094050792,0.0463266619694303,0.0,0.0,0.0525132275132275,0.0545138888888888,0.0428400713843876,0.0453170480515312,0.0482290538725626,0.0502783128939924,0.0416666666666666,0.0447916666666666,0.0456146754444986,0.0477981817540924,0.1932992519032737,0.2087198481390854,0.0796875,0.0828125,0.1068617724867724,0.1111111111111111,0.2398331817936679,0.2577705571080924,0.1303799115274525,0.1364822299446836,0.3,0.3,0.1570109219350492,0.1670146509311352,previous,V4-Flash,Qwen2.5-32B-Instruct|non-think|aime2026_pt
Qwen2.5-32B-Instruct,Qwen2.5-32B-Instruct,Qwen,32.0,False,non-think,Instruct · Non-Think,aime2026_tr,TR,True,cot:deepseek-v4-flash·TH,deepseek-v4-flash,think,64,0.6,16384,,0.6,20480.0,high,thinking-enabled,0.0666666666666666,30.0,1920.0,108.0,1795.0,17.0,,,,,,,0.0,375.0,0.0,/user/home/t.tuna/evalhub/results/Qwen2.5/non-think/Qwen2.5-32B-Instruct/judged_by/deepseek-v4-flash__state-think__t0.6__max20480__basemax16384__re-high__eb-thinking-enabled,/user/home/t.tuna/evalhub/results/Qwen2.5/non-think/Qwen2.5-32B-Instruct/judged_by/deepseek-v4-flash__state-think__t0.6__max20480__basemax16384__re-high__eb-thinking-enabled/aime2026_tr__t0.6__max16384__n64/aime2026_tr_cot_summary.json,0.05625,0.05625,0.05625,0.05625,0.05625,0.0,0.0747685185185185,0.0747685185185185,0.0747685185185185,0.0377314814814814,0.0377314814814814,0.0377314814814814,0.0928882530449162,0.0928882530449162,0.0634339351816876,0.0430784816129871,0.0255993301604089,0.034338905886698,0.1085361720417913,0.0862610197968846,0.0562931353555036,0.0366263018711505,0.0167591762016606,0.0320119861218283,0.1227873441097617,0.0849646683275532,0.0521176129909749,0.0337952955762137,0.0074859815752805,0.0304689298866432,0.14179882358466,0.0833326084947689,0.05,0.0333340581718976,0.0008803885853066,0.0292984047177209,0.1666666666666666,0.0666666666666666,0.0333333333333333,0.0333333333333333,0.0,0.028125,0.0666666666666666,0.0666666666666666,0.0849646683275532,0.0891241092257985,0.0521176129909749,0.0525287561004495,0.0337952955762137,0.0337953668585348,0.0074859815752805,0.0074859815752817,0.05625,0.0578125,0.05625,0.0578125,0.05625,0.0578125,0.05625,0.0578125,0.0747685185185185,0.0773809523809523,0.0747685185185185,0.0773809523809523,0.0377314814814814,0.0382440476190476,0.0377314814814814,0.0382440476190476,0.0833326084947689,0.0904620868206133,0.05,0.0500004784863786,0.0333340581718976,0.0333340581718976,0.0008803885853066,0.0008803885853066,0.0928882530449162,0.0967296529928735,0.0634339351816876,0.0652289877699713,0.0430784816129871,0.043638779767151,0.0255993301604089,0.0256525794700041,0.0666666666666666,0.1,0.0333333333333333,0.0333333333333333,0.0333333333333333,0.0333333333333333,0.0,0.0,0.0862610197968846,0.0889410962544346,0.0562931353555036,0.0577121085473792,0.0366263018711505,0.036687371979817,0.0167591762016606,0.0167593108178088,0.0304689298866432,0.030481603889804,0.0,0.0,0.0377314814814814,0.0382440476190476,0.0292984047177209,0.0292984055721609,0.034338905886698,0.0346456796185775,0.028125,0.028125,0.0320119861218283,0.0321284601986279,0.1227873441097617,0.1312465576654441,0.05625,0.0578125,0.0747685185185185,0.0773809523809523,0.14179882358466,0.1584655947945691,0.0928882530449162,0.0967296529928735,0.1666666666666666,0.2,0.1085361720417913,0.1137309714874319,previous,V4-Flash,Qwen2.5-32B-Instruct|non-think|aime2026_tr
Qwen2.5-32B-Instruct,Qwen2.5-32B-Instruct,Qwen,32.0,False,non-think,Instruct · Non-Think,pt_exams_math,PT,True,cot:deepseek-v4-flash·TH,deepseek-v4-flash,think,16,0.6,16384,,0.6,20480.0,high,thinking-enabled,0.9216867469879518,166.0,2656.0,2276.0,311.0,69.0,,,,,,,0.0,7035.0,0.0,/user/home/t.tuna/evalhub/results/Qwen2.5/non-think/Qwen2.5-32B-Instruct/judged_by/deepseek-v4-flash__state-think__t0.6__max20480__basemax16384__re-high__eb-thinking-enabled,/user/home/t.tuna/evalhub/results/Qwen2.5/non-think/Qwen2.5-32B-Instruct/judged_by/deepseek-v4-flash__state-think__t0.6__max20480__basemax16384__re-high__eb-thinking-enabled/pt_exams_math__t0.6__max16384__n16/pt_exams_math_cot_summary.json,0.8569277108433735,0.8569277108433735,0.8569277108433735,0.8569277108433735,0.8569277108433735,0.0,0.9038152610441768,0.9038152610441768,0.9038152610441768,0.8100401606425701,0.8100401606425701,0.8100401606425701,0.9295346220045012,0.9295346220045012,0.8944856348470802,0.8453164305573946,0.7583741559645174,0.801845293260956,0.9433917488134356,0.9270733282781476,0.8882101833909063,0.8313927036818601,0.7067907995618838,0.7969623248237705,0.9518072289156626,0.933734939759036,0.8734939759036144,0.8132530120481928,0.6566265060240963,0.7951807228915663,,,,,,,,,,,,,0.9216867469879518,0.9216867469879518,0.9216867469879518,0.9397590361445785,0.8734939759036144,0.8855421686746988,0.7831325301204819,0.8373493975903614,0.6265060240963856,0.6686746987951807,0.8426204819277109,0.865210843373494,0.8426204819277109,0.865210843373494,0.8426204819277109,0.865210843373494,0.8426204819277109,0.865210843373494,0.8936746987951809,0.9096385542168676,0.8936746987951809,0.9096385542168676,0.7915662650602409,0.8207831325301204,0.7915662650602409,0.8207831325301204,,,,,,,,,0.9230173441016816,0.932828015358136,0.8829273136502053,0.9016450417052824,0.8271415331656297,0.8560571958162321,0.737395736793327,0.7703131206143256,,,,,,,,,0.9212710983795322,0.931322492768276,0.8764638975482347,0.8958561518802483,0.8080798719352935,0.8441359844974303,0.6844538995141405,0.7182323700395989,0.7725903614457831,0.8072289156626506,0.0,0.0,0.7915662650602409,0.8207831325301204,,,0.7822686349794786,0.8131851582152787,,,0.7761079282163618,0.8087788215800262,0.9457831325301204,0.9518072289156626,0.8426204819277109,0.865210843373494,0.8936746987951809,0.9096385542168676,,,0.9230173441016816,0.9328280153581356,,,0.9378450866402674,0.9447454152273428,previous,V4-Flash,Qwen2.5-32B-Instruct|non-think|pt_exams_math
Qwen2.5-32B-Instruct,Qwen2.5-32B-Instruct,Qwen,32.0,False,non-think,Instruct · Non-Think,tubitak_math2026,TR-OL,True,cot:deepseek-v4-flash·TH,deepseek-v4-flash,think,64,0.6,16384,,0.6,20480.0,high,thinking-enabled,0.15625,32.0,2048.0,158.0,1672.0,218.0,,,,,,,54.0,1128.0,0.047872,/user/home/t.tuna/evalhub/results/Qwen2.5/non-think/Qwen2.5-32B-Instruct/judged_by/deepseek-v4-flash__state-think__t0.6__max20480__basemax16384__re-high__eb-thinking-enabled,/user/home/t.tuna/evalhub/results/Qwen2.5/non-think/Qwen2.5-32B-Instruct/judged_by/deepseek-v4-flash__state-think__t0.6__max20480__basemax16384__re-high__eb-thinking-enabled/tubitak_math2026__t0.6__max16384__n64/tubitak_math2026_cot_summary.json,0.0771484375,0.0771484375,0.0771484375,0.0771484375,0.0771484375,0.0,0.0979972718253968,0.0979972718253968,0.0979972718253968,0.0562996031746031,0.0562996031746031,0.0562996031746031,0.1163113455654604,0.1163113455654604,0.0858087868443252,0.0674320205673491,0.0390415970228651,0.0532368087951071,0.1364641659102602,0.1031105533569278,0.0816254954823911,0.0630733570515343,0.0217512932954993,0.0513800889899754,0.1597850501930851,0.0954515478017174,0.0798942639227738,0.0620820778979829,0.0063680888250045,0.0500448218829541,0.1790560897647935,0.0937493204638459,0.078125,0.062500679536154,0.0002435800880361,0.0489516294228634,0.1875,0.09375,0.0625,0.0625,0.0,0.0478515625,0.15625,0.15625,0.0808816030265919,0.0957262882334429,0.0627159852754222,0.0899898170030761,0.0610953197044406,0.0653490752899904,0.005606871776186,0.0063694922426419,0.0673828125,0.08154296875,0.0673828125,0.08154296875,0.0673828125,0.08154296875,0.0673828125,0.08154296875,0.0850539434523809,0.1030195932539682,0.0850539434523809,0.1030195932539682,0.049711681547619,0.0600663442460317,0.049711681547619,0.0600663442460317,0.078125,0.0937499999943577,0.0625,0.0925952475774306,0.0624681733334447,0.0628304425003063,0.0002011445326291,0.0002435800880832,0.1029237510544937,0.1210418122497544,0.0712150659609428,0.0909866264227795,0.0591222756289189,0.0730188699289869,0.0362701573556445,0.041124566398479,0.0625,0.09375,0.0625,0.09375,0.0625,0.0625,0.0,0.0,0.0887269690518711,0.1058005320216042,0.0649974078758821,0.0885821328315313,0.059016371833907,0.068656847070891,0.0202629139827023,0.0220408693420738,0.0468791765083792,0.0543804242276152,0.0,0.0,0.049711681547619,0.0600663442460317,0.046875,0.0538091725727261,0.0476962164922817,0.0570717181637329,0.046875,0.0537109375,0.0470028921657768,0.0554098465848373,0.1491633300431932,0.1677001228543227,0.0673828125,0.08154296875,0.0850539434523809,0.1030195932539682,0.1697285423052716,0.1849759440453035,0.1029237510544937,0.1210418122497544,0.1875,0.1875,0.1253744762931776,0.1423580909531101,previous,V4-Flash,Qwen2.5-32B-Instruct|non-think|tubitak_math2026
Qwen2.5-32B-Instruct,Qwen2.5-32B-Instruct,Qwen,32.0,False,non-think,Instruct · Non-Think,aime2026,EN,True,cot:G4-26B·TH,gemma-4-26B-A4B-it,think,64,0.6,16384,,0.6,16384.0,,,0.2,30.0,1920.0,209.0,1681.0,30.0,,,,,,,25.0,717.0,0.034868,/user/home/t.tuna/evalhub/results/Qwen2.5/non-think/Qwen2.5-32B-Instruct/judged_by/gemma-4-26B-A4B-it__state-think__t0.6__max16384__basemax16384,/user/home/t.tuna/evalhub/results/Qwen2.5/non-think/Qwen2.5-32B-Instruct/judged_by/gemma-4-26B-A4B-it__state-think__t0.6__max16384__basemax16384/aime2026__t0.6__max16384__n64/aime2026_cot_summary.json,0.1088541666666667,0.1088541666666666,0.1088541666666666,0.1088541666666666,0.1088541666666666,0.0,0.1469246031746031,0.1469246031746031,0.1469246031746031,0.0707837301587301,0.0707837301587301,0.0707837301587301,0.1866770752016653,0.1866770752016653,0.1203611195050909,0.080794154432441,0.0475843175274693,0.0641892359799551,0.2263320778016926,0.1653039638908192,0.1071175769574937,0.0685294532357382,0.0322295921426735,0.0598706281474539,0.2659927206642431,0.1542863821961621,0.1000372176366818,0.0642389075380413,0.0196636988552496,0.0569970927921759,0.3035826890947172,0.1464891922507309,0.0935988307242476,0.0659454751090066,0.0082068420100914,0.0548237861025855,0.3333333333333333,0.1333333333333333,0.0666666666666666,0.0666666666666666,0.0,0.053125,0.2,0.2,0.140884737431769,0.1631512045275074,0.0979839116526668,0.1009008031090355,0.0640863830008896,0.0661542716561753,0.0196636882712191,0.0206806796516613,0.103125,0.1125,0.103125,0.1125,0.103125,0.1125,0.103125,0.1125,0.1371527777777777,0.1513392857142857,0.1371527777777777,0.1513392857142857,0.0690972222222222,0.0736607142857142,0.0690972222222222,0.0736607142857142,0.1338458477064522,0.1603553226773671,0.0903068008110035,0.0936017618532675,0.0659449609944071,0.0666334969140053,0.0082068420100914,0.0082350066453837,0.1717318039502069,0.1918275687676798,0.1142752742732912,0.1246036992269144,0.0791707062694635,0.0833456095288459,0.0473222155070383,0.0502231224765598,0.1333333333333333,0.1666666666666666,0.0666666666666666,0.0666666666666666,0.0666666666666666,0.0666666666666666,0.0,0.0,0.1516331967287671,0.1721818184599438,0.1039940310020517,0.1100455774249779,0.0679341081275208,0.0704864215547764,0.0322142379791897,0.0347244860855215,0.056562192636863,0.0591087664501845,0.0,0.0,0.0690972222222222,0.0736607142857142,0.0544540517984733,0.0569071304527405,0.0632464608882509,0.0667843660027028,0.053125,0.0552083333333333,0.0593210343084497,0.0621751854923012,0.2439886336135869,0.2682911147034766,0.103125,0.1125,0.1371527777777778,0.1513392857142857,0.2795164681485442,0.3040605119983501,0.1717318039502069,0.1918275687676797,0.3,0.3333333333333333,0.2067155092565895,0.2306745882372403,previous,Gemma4,Qwen2.5-32B-Instruct|non-think|aime2026
Qwen2.5-32B-Instruct,Qwen2.5-32B-Instruct,Qwen,32.0,False,non-think,Instruct · Non-Think,aime2026_pt,PT,True,cot:G4-26B·TH,gemma-4-26B-A4B-it,think,64,0.6,16384,,0.6,16384.0,,,0.1,30.0,1920.0,156.0,1743.0,21.0,,,,,,,16.0,531.0,0.030132,/user/home/t.tuna/evalhub/results/Qwen2.5/non-think/Qwen2.5-32B-Instruct/judged_by/gemma-4-26B-A4B-it__state-think__t0.6__max16384__basemax16384,/user/home/t.tuna/evalhub/results/Qwen2.5/non-think/Qwen2.5-32B-Instruct/judged_by/gemma-4-26B-A4B-it__state-think__t0.6__max16384__basemax16384/aime2026_pt__t0.6__max16384__n64/aime2026_pt_cot_summary.json,0.0812499999999999,0.08125,0.08125,0.08125,0.08125,0.0,0.1086144179894179,0.1086144179894179,0.1086144179894179,0.053885582010582,0.053885582010582,0.053885582010582,0.1325048999857302,0.1325048999857302,0.0931215007596551,0.0679288064600069,0.0314447927946077,0.0496867996273073,0.1603118455604888,0.1118249862236055,0.0902239891412931,0.0606992923812511,0.0127024973896848,0.0471828180516819,0.1981123705262187,0.103348849362953,0.0905932671448712,0.0568727951453731,0.0022584605376294,0.0456610287986164,0.2440659860264721,0.100079198401376,0.0924549995512804,0.0573800463455779,3.406665860739213e-05,0.0445536704136088,0.3,0.1,0.1,0.0666666666666666,0.0,0.04375,0.1,0.1,0.103348849362953,0.103348849362953,0.0905932671448712,0.0905932671448712,0.0568727951453731,0.0568727951453731,0.0022584605376294,0.0022584605376294,0.0802083333333333,0.0817708333333333,0.0802083333333333,0.0817708333333333,0.0802083333333333,0.0817708333333333,0.0802083333333333,0.0817708333333333,0.1065641534391534,0.1096395502645502,0.1065641534391534,0.1096395502645502,0.0538525132275132,0.0539021164021164,0.0538525132275132,0.0539021164021164,0.100079198401376,0.100079198401376,0.0924549995512804,0.0924549995512804,0.0573800463455779,0.0573800463455779,3.406665860739213e-05,3.406665860739213e-05,0.1285334458126631,0.1344890269698572,0.0929294884708687,0.0932207071088615,0.0679256062551937,0.0679288064600069,0.0314447927946077,0.0314447927946077,0.1,0.1,0.1,0.1,0.0666666666666666,0.0666666666666666,0.0,0.0,0.1109886660324466,0.1122879491865685,0.0902239891412931,0.0902239891412931,0.0606992923812511,0.0606992923812511,0.0127024973896848,0.0127024973896848,0.0456610287986164,0.0456610287986164,0.0,0.0,0.0538525132275132,0.0539021164021164,0.0445536704136088,0.0445536704136088,0.0496851995249007,0.0496867996273073,0.04375,0.04375,0.0471828180516819,0.0471828180516819,0.1849659291539709,0.2044615768754251,0.0802083333333333,0.0817708333333333,0.1065641534391534,0.1096395502645502,0.2231665151270012,0.2525315944920805,0.1285334458126631,0.1344890269698572,0.2666666666666666,0.3,0.1528596352856978,0.1640155492641924,previous,Gemma4,Qwen2.5-32B-Instruct|non-think|aime2026_pt
Qwen2.5-32B-Instruct,Qwen2.5-32B-Instruct,Qwen,32.0,False,non-think,Instruct · Non-Think,aime2026_tr,TR,True,cot:G4-26B·TH,gemma-4-26B-A4B-it,think,64,0.6,16384,,0.6,16384.0,,,0.0666666666666666,30.0,1920.0,113.0,1795.0,12.0,,,,,,,10.0,375.0,0.026667,/user/home/t.tuna/evalhub/results/Qwen2.5/non-think/Qwen2.5-32B-Instruct/judged_by/gemma-4-26B-A4B-it__state-think__t0.6__max16384__basemax16384,/user/home/t.tuna/evalhub/results/Qwen2.5/non-think/Qwen2.5-32B-Instruct/judged_by/gemma-4-26B-A4B-it__state-think__t0.6__max16384__basemax16384/aime2026_tr__t0.6__max16384__n64/aime2026_tr_cot_summary.json,0.0588541666666666,0.0588541666666666,0.0588541666666666,0.0588541666666666,0.0588541666666666,0.0,0.078885582010582,0.078885582010582,0.078885582010582,0.0388227513227513,0.0388227513227513,0.0388227513227513,0.098270472916824,0.098270472916824,0.0670869427446635,0.0443281878236928,0.0257310631814862,0.0350296255025895,0.1144758171327923,0.0912444218765875,0.0594634041623242,0.0367994848266591,0.0167596969458733,0.0323090014422464,0.1313050059051835,0.0925307721246611,0.0533430671348381,0.0337958281906148,0.0074859815753467,0.0305157019446528,0.1584656071377091,0.0954375525458834,0.0500125284263117,0.0333340581718976,0.0008803885853066,0.0292984792152425,0.2,0.1,0.0333333333333333,0.0333333333333333,0.0,0.028125,0.0666666666666666,0.0666666666666666,0.0891241092257985,0.0925307721246611,0.0525287561004495,0.0533430671348381,0.0337953668585348,0.0337958281906148,0.0074859815752817,0.0074859815753467,0.0572916666666666,0.0588541666666666,0.0572916666666666,0.0588541666666666,0.0572916666666666,0.0588541666666666,0.0572916666666666,0.0588541666666666,0.0763392857142857,0.078885582010582,0.0763392857142857,0.078885582010582,0.0382440476190476,0.0388227513227513,0.0382440476190476,0.0388227513227513,0.0904620868206133,0.0954375525458834,0.0500004784863786,0.0500125284263117,0.0333340581718976,0.0333340581718976,0.0008803885853066,0.0008803885853066,0.0946463196595401,0.098270472916824,0.0652289877699713,0.0670869427446635,0.043638779767151,0.0443281878236928,0.0256525794700041,0.0257310631814862,0.1,0.1,0.0333333333333333,0.0333333333333333,0.0333333333333333,0.0333333333333333,0.0,0.0,0.0889410962544346,0.0912444218765875,0.0577121085473792,0.0594634041623242,0.036687371979817,0.0367994848266591,0.0167593108178088,0.0167596969458733,0.030481603889804,0.0305157019446528,0.0,0.0,0.0382440476190476,0.0388227513227513,0.0292984055721609,0.0292984792152425,0.0346456796185775,0.0350296255025895,0.028125,0.028125,0.0321284601986279,0.0323090014422464,0.1229132243321108,0.1313050059051835,0.0572916666666666,0.0588541666666666,0.0763392857142857,0.078885582010582,0.1417989281279024,0.1584656071377091,0.0946463196595401,0.098270472916824,0.1666666666666666,0.2,0.1095643048207652,0.1144758171327923,previous,Gemma4,Qwen2.5-32B-Instruct|non-think|aime2026_tr
Qwen2.5-32B-Instruct,Qwen2.5-32B-Instruct,Qwen,32.0,False,non-think,Instruct · Non-Think,tubitak_math2026,TR-OL,True,cot:G4-26B·TH,gemma-4-26B-A4B-it,think,64,0.6,16384,,0.6,16384.0,,,0.15625,32.0,2048.0,161.0,1672.0,215.0,,,,,,,172.0,1128.0,0.152482,/user/home/t.tuna/evalhub/results/Qwen2.5/non-think/Qwen2.5-32B-Instruct/judged_by/gemma-4-26B-A4B-it__state-think__t0.6__max16384__basemax16384,/user/home/t.tuna/evalhub/results/Qwen2.5/non-think/Qwen2.5-32B-Instruct/judged_by/gemma-4-26B-A4B-it__state-think__t0.6__max16384__basemax16384/tubitak_math2026__t0.6__max16384__n64/tubitak_math2026_cot_summary.json,0.07861328125,0.07861328125,0.07861328125,0.07861328125,0.07861328125,0.0,0.1002604166666666,0.1002604166666666,0.1002604166666666,0.0569661458333333,0.0569661458333333,0.0569661458333333,0.1187434192509632,0.1187434192509632,0.0881071798431165,0.0691178825608773,0.0384846433450429,0.0538012629529601,0.1396010657861958,0.1043976206307662,0.0849112956001737,0.0643706958081282,0.0203910565698163,0.0519251371939618,0.1642974043150406,0.0955914328501034,0.0849614579386198,0.0623400406380218,0.0056070127587797,0.050615539612929,0.1830243437330475,0.0937499862793277,0.0866765620793254,0.0624832788717057,0.0002011445326291,0.0495815660127582,0.1875,0.09375,0.09375,0.0625,0.0,0.048828125,0.15625,0.15625,0.0949460095909661,0.0966311584014118,0.0816635148647048,0.0899898170030761,0.0617410697596978,0.0653490752899904,0.0056069102259843,0.0063694922426419,0.07666015625,0.08203125,0.07666015625,0.08203125,0.07666015625,0.08203125,0.07666015625,0.08203125,0.0974702380952381,0.1039031498015873,0.0974702380952381,0.1039031498015873,0.0558500744047619,0.0601593501984127,0.0558500744047619,0.0601593501984127,0.0937497921007002,0.0937499999943577,0.0812054328200987,0.0925952475774306,0.0624702677801619,0.0628304425003063,0.0002011445326291,0.0002435800880832,0.1150349360063962,0.1224809207461408,0.0860827879869557,0.0914576073852333,0.0675510445783284,0.0730609218006345,0.0379718564283196,0.0411255500679912,0.09375,0.09375,0.09375,0.09375,0.0625,0.0625,0.0,0.0,0.1018800414217262,0.1073377649725445,0.0827238012184681,0.088637910514802,0.0629806476751028,0.068656914680204,0.0203371307717145,0.0220408693420738,0.0495288975067661,0.0543804242276152,0.0,0.0,0.0558500744047619,0.0601593501984127,0.0484152164100493,0.0538091725727261,0.052761450503324,0.0570932359343129,0.046875,0.0537109375,0.0508770918283051,0.0554106382778201,0.1578818759399302,0.1691111236986609,0.07666015625,0.08203125,0.0974702380952381,0.1039031498015873,0.1786084345519258,0.1851843352650868,0.1150349360063962,0.1224809207461408,0.1875,0.1875,0.1343650842611264,0.144224730964966,previous,Gemma4,Qwen2.5-32B-Instruct|non-think|tubitak_math2026
Qwen2.5-32B-Instruct,Qwen2.5-32B-Instruct,Qwen,32.0,False,non-think,Instruct · Non-Think,pt_exams_math,PT,False,No-Judge,,,16,0.6,16384,,,,,,0.9216867469879518,166.0,2656.0,2345.0,311.0,0.0,0.0,2656.0,0.0,0.0,0.0,0.0,,,,/user/home/t.tuna/evalhub/results/Qwen2.5/non-think/Qwen2.5-32B-Instruct,/user/home/t.tuna/evalhub/results/Qwen2.5/non-think/Qwen2.5-32B-Instruct/pt_exams_math__t0.6__max16384__n16/pt_exams_math_summary.json,0.8829066265060241,0.8829066265060241,0.8829066265060241,0.8829066265060241,0.8829066265060241,0.0,0.9191265060240964,0.9191265060240962,0.9191265060240962,0.8466867469879519,0.8466867469879519,0.8466867469879519,0.936773467496359,0.9367734674963591,0.9137329537931946,0.8769727260691118,0.804147358665431,0.8405600423672714,0.9452687205699252,0.9353348124432462,0.9100832233362356,0.8678082961215492,0.7591910766609561,0.8368871757425973,0.9518072289156626,0.9397590361445785,0.9036144578313252,0.8674698795180723,0.7168674698795181,0.8350903614457831,,,,,,,,,,,,,,,,,,,,,,,,,,,,,,,,,,,,,,,,,,,,,,,,,,,,,,,,,,,,,,,,,,,,,,,,,,,,,,,,,,,,,,,,,,,,,,,,,,,previous,No-Judge,Qwen2.5-32B-Instruct|non-think|pt_exams_math
Qwen2.5-32B-Instruct,Qwen2.5-32B-Instruct,Qwen,32.0,False,non-think,Instruct · Non-Think,tubitak_math2026,TR-OL,False,No-Judge,,,64,0.6,16384,,,,,,0.25,32.0,2048.0,376.0,1672.0,0.0,2.0,2048.0,0.000977,1.0,0.0,0.0,,,,/user/home/t.tuna/evalhub/results/Qwen2.5/non-think/Qwen2.5-32B-Instruct,/user/home/t.tuna/evalhub/results/Qwen2.5/non-think/Qwen2.5-32B-Instruct/tubitak_math2026__t0.6__max16384__n64/tubitak_math2026_summary.json,0.18359375,0.18359375,0.18359375,0.18359375,0.18359375,0.0,0.2448536706349206,0.2448536706349206,0.2448536706349206,0.1223338293650793,0.1223338293650793,0.1223338293650793,0.3160219303215733,0.3160219303215734,0.1911851210936516,0.1386859906575004,0.0884819579272745,0.1135839742923875,0.3987106227102335,0.2674877432203184,0.1653910711597592,0.1279584004307473,0.0597185900191947,0.109014342982279,0.4820499380295587,0.2393496401561461,0.1548555196124109,0.125402282751138,0.0331200324776246,0.1068109357730441,0.5565924028558731,0.2251103687261611,0.1532754207273699,0.1250484439128576,0.0161087979743756,0.1057782006672522,0.625,0.21875,0.15625,0.125,0.0,0.10546875,,,,,,,,,,,,,,,,,,,,,,,,,,,,,,,,,,,,,,,,,,,,,,,,,,,,,,,,,,,,,,,,,,,,,,,,,,,,,,,,,,,,,,,previous,No-Judge,Qwen2.5-32B-Instruct|non-think|tubitak_math2026
Qwen2.5-7B-Instruct,Qwen2.5-7B-Instruct,Qwen,7.0,False,non-think,Instruct · Non-Think,aime2026,EN,False,No-Judge,,,64,0.6,16384,,,,,,0.1,30.0,1920.0,134.0,1786.0,0.0,29.0,1920.0,0.015104,27.0,2.0,2.0,,,,/user/home/t.tuna/evalhub/results/Qwen2.5/non-think/Qwen2.5-7B-Instruct,/user/home/t.tuna/evalhub/results/Qwen2.5/non-think/Qwen2.5-7B-Instruct/aime2026__t0.6__max16384__n64/aime2026_summary.json,0.0697916666666667,0.0697916666666666,0.0697916666666666,0.0697916666666666,0.0697916666666666,0.0,0.1047619047619047,0.1047619047619047,0.1047619047619047,0.0348214285714285,0.0348214285714285,0.0348214285714285,0.1409424760561725,0.1409424760561725,0.0808752088002484,0.0439935828024141,0.0133553990078315,0.0286744909051228,0.1789314817725686,0.1178111770525545,0.071649462390052,0.0314493696973863,0.0024321046635899,0.0247867003629163,0.2215566596219126,0.1074111356355087,0.0682623630620308,0.0220053611821515,7.022508392635778e-05,0.0227134155568633,0.2710706114987166,0.100838223030536,0.0666104416859042,0.0136829145766482,4.363377439351596e-09,0.0219389662463146,0.3333333333333333,0.1,0.0666666666666666,0.0,0.0,0.021875,,,,,,,,,,,,,,,,,,,,,,,,,,,,,,,,,,,,,,,,,,,,,,,,,,,,,,,,,,,,,,,,,,,,,,,,,,,,,,,,,,,,,,,previous,No-Judge,Qwen2.5-7B-Instruct|non-think|aime2026
Qwen2.5-7B-Instruct,Qwen2.5-7B-Instruct,Qwen,7.0,False,non-think,Instruct · Non-Think,aime2026_pt,PT,False,No-Judge,,,64,0.6,16384,,,,,,0.1,30.0,1920.0,105.0,1815.0,0.0,27.0,1920.0,0.014063,25.0,6.0,6.0,,,,/user/home/t.tuna/evalhub/results/Qwen2.5/non-think/Qwen2.5-7B-Instruct,/user/home/t.tuna/evalhub/results/Qwen2.5/non-think/Qwen2.5-7B-Instruct/aime2026_pt__t0.6__max16384__n64/aime2026_pt_summary.json,0.0546875,0.0546875,0.0546875,0.0546875,0.0546875,0.0,0.0840112433862433,0.0840112433862433,0.0840112433862433,0.0253637566137566,0.0253637566137566,0.0253637566137566,0.1117054573459914,0.1117054573459914,0.0685894651356047,0.0317721580082764,0.0066829195101273,0.0192275387592018,0.1356214050443193,0.0970271837871678,0.0630766838081681,0.0157144920302489,0.0004809974149162,0.0143799641242866,0.1694930537250925,0.0982775742441866,0.059195154790857,0.0049643243939472,1.597238469246494e-06,0.0108776516540825,0.2293650793647996,0.0998376925864574,0.0572047314943587,0.0003587307395716,5.0214224479586174e-14,0.008623234924345,0.3333333333333333,0.1,0.0666666666666666,0.0,0.0,0.0072916666666666,,,,,,,,,,,,,,,,,,,,,,,,,,,,,,,,,,,,,,,,,,,,,,,,,,,,,,,,,,,,,,,,,,,,,,,,,,,,,,,,,,,,,,,previous,No-Judge,Qwen2.5-7B-Instruct|non-think|aime2026_pt
Qwen2.5-7B-Instruct,Qwen2.5-7B-Instruct,Qwen,7.0,False,non-think,Instruct · Non-Think,aime2026_tr,TR,False,No-Judge,,,64,0.6,16384,,,,,,0.0666666666666666,30.0,1920.0,39.0,1881.0,0.0,36.0,1920.0,0.01875,31.0,6.0,9.0,,,,/user/home/t.tuna/evalhub/results/Qwen2.5/non-think/Qwen2.5-7B-Instruct,/user/home/t.tuna/evalhub/results/Qwen2.5/non-think/Qwen2.5-7B-Instruct/aime2026_tr__t0.6__max16384__n64/aime2026_tr_summary.json,0.0203125,0.0203125,0.0203125,0.0203125,0.0203125,0.0,0.0361441798941798,0.0361441798941798,0.0361441798941798,0.0044808201058201,0.0044808201058201,0.0044808201058201,0.0591750396615547,0.0591750396615547,0.0176553725667951,0.0040292152468249,0.0003903725248251,0.002209793885825,0.0881346091329922,0.0401465738307076,0.009332472143639,0.0005411090189524,2.408247119970688e-06,0.0008606520505403,0.1238036318598708,0.0346438297867173,0.0037694175416731,5.347506409063741e-06,5.091019166451525e-12,0.0001904034559823,0.1711300726929317,0.0327036685459631,0.0002810332774049,0.0,0.0,3.979242468724693e-06,0.2333333333333333,0.0333333333333333,0.0,0.0,0.0,0.0,,,,,,,,,,,,,,,,,,,,,,,,,,,,,,,,,,,,,,,,,,,,,,,,,,,,,,,,,,,,,,,,,,,,,,,,,,,,,,,,,,,,,,,previous,No-Judge,Qwen2.5-7B-Instruct|non-think|aime2026_tr
Qwen2.5-7B-Instruct,Qwen2.5-7B-Instruct,Qwen,7.0,False,non-think,Instruct · Non-Think,aime2026,EN,True,cot:DeepSeek-R1-0528-Qwen3-8B·TH,DeepSeek-R1-0528-Qwen3-8B,think,64,0.6,16384,,0.6,16384.0,,,0.1,30.0,1920.0,101.0,1786.0,33.0,,,,,,,3.0,402.0,0.007463,/user/home/t.tuna/evalhub/results/Qwen2.5/non-think/Qwen2.5-7B-Instruct/judged_by/DeepSeek-R1-0528-Qwen3-8B__state-think__t0.6__max16384__basemax16384,/user/home/t.tuna/evalhub/results/Qwen2.5/non-think/Qwen2.5-7B-Instruct/judged_by/DeepSeek-R1-0528-Qwen3-8B__state-think__t0.6__max16384__basemax16384/aime2026__t0.6__max16384__n64/aime2026_cot_summary.json,0.0526041666666666,0.0526041666666666,0.0526041666666666,0.0526041666666666,0.0526041666666666,0.0,0.0829530423280423,0.0829530423280423,0.0829530423280423,0.022255291005291,0.022255291005291,0.022255291005291,0.1162462332015478,0.1162462332015478,0.0611115308101029,0.0267564927434044,0.0063024099116113,0.0165294513275079,0.1482807664270712,0.0996457224776695,0.0497621245376539,0.0148197832765655,0.0007319059420495,0.0126560438327331,0.1802910782948096,0.0936001036068312,0.0423291238515477,0.0076721213324879,7.033577310750423e-06,0.0104159427011539,0.2106312586781368,0.0953605753582087,0.0365851545747772,0.0019526480799114,6.372348029491097e-12,0.0094904343422061,0.2333333333333333,0.1,0.0333333333333333,0.0,0.0,0.009375,0.1,0.1,0.0890051643263558,0.0981056927269469,0.03111364444417,0.0451324532270128,0.0013465780214322,0.0092538786737217,1.5043162663521388e-07,1.136171452799371e-05,0.0447916666666666,0.0557291666666666,0.0447916666666666,0.0557291666666666,0.0447916666666666,0.0557291666666666,0.0447916666666666,0.0557291666666666,0.0730489417989418,0.0873842592592592,0.0730489417989418,0.0873842592592592,0.0165343915343915,0.024074074074074,0.0165343915343915,0.024074074074074,0.0929333978041227,0.098851303410158,0.0269525742730671,0.0369397449506484,1.61125755438733e-05,0.0031281857081822,1.0203947215484053e-17,2.676386172386261e-11,0.1050638781865646,0.1215958214768368,0.0521502753225386,0.0652400573308823,0.0188014655888796,0.0290379764632805,0.0031510475686837,0.007042811395667,0.1,0.1,0.0333333333333333,0.0333333333333333,0.0,0.0,0.0,0.0,0.0904576491940355,0.1053080986015251,0.0401134516309829,0.0535663062691064,0.0068145054222474,0.016443711756953,0.000142602240884,0.0009030558058745,0.0044082330869807,0.0115115892931962,0.0,0.0,0.0165343915343915,0.024074074074074,0.002911985744171,0.0105294092291786,0.0109762565787817,0.0180403939294737,0.0020833333333333,0.0104166666666666,0.0069737118100373,0.013933288997936,0.1655647749326114,0.1850760965883978,0.0447916666666666,0.0557291666666666,0.0730489417989418,0.0873842592592592,0.2026108031643438,0.2121149172562054,0.1050638781865645,0.1215958214768368,0.2333333333333333,0.2333333333333333,0.1346690555838867,0.1538500498926681,previous,R1-distill,Qwen2.5-7B-Instruct|non-think|aime2026
Qwen2.5-7B-Instruct,Qwen2.5-7B-Instruct,Qwen,7.0,False,non-think,Instruct · Non-Think,aime2026_pt,PT,True,cot:DeepSeek-R1-0528-Qwen3-8B·TH,DeepSeek-R1-0528-Qwen3-8B,think,64,0.6,16384,,0.6,16384.0,,,0.1,30.0,1920.0,81.0,1815.0,24.0,,,,,,,2.0,315.0,0.006349,/user/home/t.tuna/evalhub/results/Qwen2.5/non-think/Qwen2.5-7B-Instruct/judged_by/DeepSeek-R1-0528-Qwen3-8B__state-think__t0.6__max16384__basemax16384,/user/home/t.tuna/evalhub/results/Qwen2.5/non-think/Qwen2.5-7B-Instruct/judged_by/DeepSeek-R1-0528-Qwen3-8B__state-think__t0.6__max16384__basemax16384/aime2026_pt__t0.6__max16384__n64/aime2026_pt_cot_summary.json,0.0421875,0.0421874999999999,0.0421874999999999,0.0421874999999999,0.0421874999999999,0.0,0.0662533068783068,0.0662533068783068,0.0662533068783068,0.0181216931216931,0.0181216931216931,0.0181216931216931,0.08909281013657,0.08909281013657,0.0544861625242376,0.0212690858116558,0.0039019415275364,0.0125855136695961,0.1022293582923959,0.0886001573887271,0.0440956033660783,0.0087361480390129,0.0002343773026421,0.0084602805332871,0.1083006092879827,0.0919402017997313,0.0351926258404499,0.0023941360974858,4.986836870375374e-07,0.0058458532835934,0.1166666662816525,0.0967317552748757,0.0310797014485582,8.562195277254017e-05,1.0714144576258257e-15,0.0045180793510139,0.1333333333333333,0.1,0.0333333333333333,0.0,0.0,0.0041666666666666,0.1,0.1,0.0781447541517325,0.0941453009109215,0.0269158913196973,0.0381606017570283,0.0013303642168053,0.0031176949970675,1.503828217522272e-07,8.785994368414551e-07,0.0359374999999999,0.04375,0.0359374999999999,0.04375,0.0359374999999999,0.04375,0.0359374999999999,0.04375,0.0576223544973545,0.0681051587301587,0.0576223544973545,0.0681051587301587,0.0142526455026455,0.0193948412698412,0.0142526455026455,0.0193948412698412,0.0775687175528001,0.098608491230793,0.0259050210692607,0.0326392246591367,1.6112574145065198e-05,0.0001789330707228,1.0203947215484053e-17,7.928466986431109e-15,0.0800058023385627,0.0904959687911829,0.0447720195076091,0.0570451197401223,0.0161726809532203,0.0230528065271587,0.0027994972006077,0.0044061049415359,0.0666666666666666,0.1,0.0333333333333333,0.0333333333333333,0.0,0.0,0.0,0.0,0.0786719425165408,0.0904282781645947,0.0337598029768567,0.0472199127513484,0.0061952431778188,0.0099700588050871,0.0001382889813438,0.0002987029607069,0.0041194063419928,0.0067247080649484,0.0,0.0,0.0142526455026455,0.0193948412698412,0.0028882994431685,0.0054282690294995,0.009486089076914,0.0137294557343473,0.0020833333333333,0.0052083333333333,0.0061540126709367,0.0094576063803768,0.0996459412386081,0.108317682551105,0.0359375,0.04375,0.0576223544973545,0.0681051587301587,0.0999996715223726,0.1166666666385039,0.0800058023385627,0.0904959687911829,0.1,0.1333333333333333,0.0948206477404257,0.1026818980343167,previous,R1-distill,Qwen2.5-7B-Instruct|non-think|aime2026_pt
Qwen2.5-7B-Instruct,Qwen2.5-7B-Instruct,Qwen,7.0,False,non-think,Instruct · Non-Think,aime2026_tr,TR,True,cot:DeepSeek-R1-0528-Qwen3-8B·TH,DeepSeek-R1-0528-Qwen3-8B,think,64,0.6,16384,,0.6,16384.0,,,0.0666666666666666,30.0,1920.0,22.0,1881.0,17.0,,,,,,,0.0,117.0,0.0,/user/home/t.tuna/evalhub/results/Qwen2.5/non-think/Qwen2.5-7B-Instruct/judged_by/DeepSeek-R1-0528-Qwen3-8B__state-think__t0.6__max16384__basemax16384,/user/home/t.tuna/evalhub/results/Qwen2.5/non-think/Qwen2.5-7B-Instruct/judged_by/DeepSeek-R1-0528-Qwen3-8B__state-think__t0.6__max16384__basemax16384/aime2026_tr__t0.6__max16384__n64/aime2026_tr_cot_summary.json,0.0114583333333333,0.0114583333333333,0.0114583333333333,0.0114583333333333,0.0114583333333333,0.0,0.0215277777777777,0.0215277777777777,0.0215277777777777,0.0013888888888888,0.0013888888888888,0.0013888888888888,0.0381862603141027,0.0381862603141027,0.006981797654722,0.0006442904149144,2.0984949594151075e-05,0.0003326376822542,0.0613311280224479,0.0230152222515574,0.0010198108350478,5.255565046931613e-06,1.2501415725083081e-09,2.5961377500886908e-05,0.0858278544058574,0.0124431339141054,1.0671333261917498e-05,0.0,0.0,7.668924621938926e-08,0.1083806116198154,0.0031398538951806,0.0,0.0,0.0,0.0,0.1333333333333333,0.0,0.0,0.0,0.0,0.0,0.0666666666666666,0.0666666666666666,0.0052829121498833,0.0188260786630669,9.692362673603569e-08,6.269128672020601e-05,0.0,2.2308732312321474e-10,0.0,0.0,0.009375,0.0135416666666666,0.009375,0.0135416666666666,0.009375,0.0135416666666666,0.009375,0.0135416666666666,0.0179232804232804,0.0251488095238095,0.0179232804232804,0.0251488095238095,0.0008267195767195,0.0019345238095238,0.0008267195767195,0.0019345238095238,7.921303675972371e-05,0.0093686735094905,0.0,0.0,0.0,0.0,0.0,0.0,0.0328253926284069,0.0437026789386651,0.0043944058321371,0.0093649534553818,0.0002746929901874,0.0010549134160979,5.508549268464658e-06,4.412085652170265e-05,0.0,0.0,0.0,0.0,0.0,0.0,0.0,0.0,0.0160775711065419,0.0289121655338929,0.0003144725703343,0.0019140891032338,4.1268227644765226e-07,1.8100182288534862e-05,7.530973328363301e-12,9.760141433558838e-09,0.0,8.004191375045971e-07,0.0,0.0,0.0008267195767195,0.0019345238095238,0.0,0.0,0.0001401007697279,0.0005495171363098,0.0,0.0,4.286786286200954e-06,6.590794756767433e-05,0.0828899321090939,0.0919762526596451,0.0093749999999999,0.0135416666666666,0.0179232804232804,0.0251488095238095,0.1082057897050365,0.1126635828318106,0.0328253926284069,0.0437026789386651,0.1333333333333333,0.1333333333333333,0.0555617339660741,0.068024342058428,previous,R1-distill,Qwen2.5-7B-Instruct|non-think|aime2026_tr
Qwen2.5-7B-Instruct,Qwen2.5-7B-Instruct,Qwen,7.0,False,non-think,Instruct · Non-Think,pt_exams_math,PT,True,cot:DeepSeek-R1-0528-Qwen3-8B·TH,DeepSeek-R1-0528-Qwen3-8B,think,16,0.6,16384,,0.6,16384.0,,,0.8734939759036144,166.0,2656.0,1910.0,575.0,171.0,,,,,,,3.0,6243.0,0.000481,/user/home/t.tuna/evalhub/results/Qwen2.5/non-think/Qwen2.5-7B-Instruct/judged_by/DeepSeek-R1-0528-Qwen3-8B__state-think__t0.6__max16384__basemax16384,/user/home/t.tuna/evalhub/results/Qwen2.5/non-think/Qwen2.5-7B-Instruct/judged_by/DeepSeek-R1-0528-Qwen3-8B__state-think__t0.6__max16384__basemax16384/pt_exams_math__t0.6__max16384__n16/pt_exams_math_cot_summary.json,0.7191265060240963,0.7191265060240963,0.7191265060240963,0.7191265060240963,0.7191265060240963,0.0,0.813052208835341,0.813052208835341,0.813052208835341,0.6252008032128517,0.6252008032128517,0.6252008032128517,0.8670164173176219,0.8670164173176219,0.793012710181385,0.6912385806964123,0.5252383159009664,0.6082384482986894,0.8941710899542228,0.8646502092285226,0.7768837588114698,0.6650054764512598,0.4282065324234,0.5975685960625718,0.9096385542168676,0.8734939759036144,0.7530120481927711,0.6566265060240963,0.3493975903614458,0.5918674698795181,,,,,,,,,,,,,0.8734939759036144,0.8795180722891566,0.8614457831325302,0.8795180722891566,0.7469879518072289,0.7951807228915663,0.608433734939759,0.6807228915662651,0.1987951807228915,0.3855421686746988,0.677710843373494,0.7428463855421686,0.677710843373494,0.7428463855421686,0.677710843373494,0.7428463855421686,0.677710843373494,0.7428463855421686,0.7910642570281122,0.8301706827309235,0.7910642570281122,0.8301706827309235,0.5643574297188755,0.6555220883534139,0.5643574297188755,0.6555220883534139,,,,,,,,,0.854468423143122,0.8790943995763273,0.7670164173176218,0.8124155964517411,0.648947438104065,0.7189097047530784,0.4404110949291673,0.560965841387528,,,,,,,,,0.850954400351991,0.874206850712875,0.7488462006534296,0.8012165210960391,0.6183826213946698,0.6923526272923864,0.315187556753822,0.4683582816112939,0.5271084337349398,0.6242469879518072,0.0,0.0,0.5643574297188755,0.6555220883534139,,,0.5446792665166161,0.6399377730703033,,,0.5331190730287115,0.6300768341430991,0.9036144578313252,0.9216867469879518,0.677710843373494,0.7428463855421686,0.7910642570281122,0.8301706827309235,,,0.854468423143122,0.8790943995763273,,,0.888384774529353,0.9049840387189786,previous,R1-distill,Qwen2.5-7B-Instruct|non-think|pt_exams_math
Qwen2.5-7B-Instruct,Qwen2.5-7B-Instruct,Qwen,7.0,False,non-think,Instruct · Non-Think,tubitak_math2026,TR-OL,True,cot:DeepSeek-R1-0528-Qwen3-8B·TH,DeepSeek-R1-0528-Qwen3-8B,think,64,0.6,16384,,0.6,16384.0,,,0.0625,32.0,2048.0,90.0,1811.0,147.0,,,,,,,0.0,711.0,0.0,/user/home/t.tuna/evalhub/results/Qwen2.5/non-think/Qwen2.5-7B-Instruct/judged_by/DeepSeek-R1-0528-Qwen3-8B__state-think__t0.6__max16384__basemax16384,/user/home/t.tuna/evalhub/results/Qwen2.5/non-think/Qwen2.5-7B-Instruct/judged_by/DeepSeek-R1-0528-Qwen3-8B__state-think__t0.6__max16384__basemax16384/tubitak_math2026__t0.6__max16384__n64/tubitak_math2026_cot_summary.json,0.0439453125,0.0439453125,0.0439453125,0.0439453125,0.0439453125,0.0,0.0590277777777777,0.0590277777777777,0.0590277777777777,0.0288628472222222,0.0288628472222222,0.0288628472222222,0.0676266887638186,0.0676266887638186,0.0563995276025534,0.038487545170104,0.0132674884635239,0.0258775168168139,0.0737793579499287,0.0628244662576059,0.057881447464877,0.0312605942649791,0.0027631295056032,0.0238806172572069,0.0840773809053334,0.0624983186667135,0.0602241352791684,0.0237907413020745,0.0001001790146996,0.0228406629615364,0.1016865079365079,0.0625,0.0621995051783457,0.0167137283682188,1.2817910810931729e-08,0.0224843485951692,0.125,0.0625,0.0625,0.0,0.0,0.0224609375,0.0625,0.09375,0.0624931097761882,0.0625878350907531,0.0571611401824823,0.0603227209460494,0.0108584241224292,0.0296570173521315,8.016281423314974e-06,0.0003189781756863,0.03857421875,0.04736328125,0.03857421875,0.04736328125,0.03857421875,0.04736328125,0.03857421875,0.04736328125,0.0535404265873015,0.0635540674603174,0.0535404265873015,0.0635540674603174,0.0236080109126984,0.0311724950396825,0.0236080109126984,0.0311724950396825,0.0624999999943576,0.0625,0.0612129247965174,0.0621995179949451,0.0021610497985619,0.0266368492249334,6.021151550379838e-12,3.07851003533762e-07,0.0613291873630732,0.0750539345993553,0.0528985986250661,0.057585292016066,0.0314578001844577,0.0409920169317065,0.0086112888274029,0.015821881452872,0.0625,0.0625,0.0625,0.0625,0.0,0.03125,0.0,0.0,0.0622380603262403,0.0646743045573551,0.0540605059867252,0.058390143995971,0.021353631265297,0.0350547295330403,0.0010198707924213,0.0043334868049489,0.0155762975921739,0.0257561662007746,0.0,0.0,0.0236080109126984,0.0311724950396825,0.0147565873543917,0.0254140352941317,0.0200345445059303,0.0284069491922892,0.0146484375,0.025390625,0.01732469021563,0.0266641367230656,0.0624999996445377,0.1076173792685084,0.03857421875,0.04736328125,0.0535404265873015,0.0635540674603174,0.0625,0.1388563622170179,0.0613291873630732,0.0750539345993553,0.0625,0.1875,0.0624855081315502,0.0873989374039808,previous,R1-distill,Qwen2.5-7B-Instruct|non-think|tubitak_math2026
Qwen2.5-7B-Instruct,Qwen2.5-7B-Instruct,Qwen,7.0,False,non-think,Instruct · Non-Think,aime2026,EN,True,cot:Qwen3.6-35B·TH,Qwen3.6-35B-A3B,think,64,0.6,16384,,0.6,16384.0,,,0.1,30.0,1920.0,93.0,1786.0,41.0,,,,,,,113.0,402.0,0.281095,/user/home/t.tuna/evalhub/results/Qwen2.5/non-think/Qwen2.5-7B-Instruct/judged_by/Qwen3.6-35B-A3B__state-think__t0.6__max16384__basemax16384,/user/home/t.tuna/evalhub/results/Qwen2.5/non-think/Qwen2.5-7B-Instruct/judged_by/Qwen3.6-35B-A3B__state-think__t0.6__max16384__basemax16384/aime2026__t0.6__max16384__n64/aime2026_cot_summary.json,0.0484375,0.0484375,0.0484375,0.0484375,0.0484375,0.0,0.0763227513227513,0.0763227513227513,0.0763227513227513,0.0205522486772486,0.0205522486772486,0.0205522486772486,0.1077622803925024,0.1077622803925025,0.0550093697799937,0.0246309271990128,0.0063474226284908,0.0154891749137518,0.1390313934304559,0.091608603412066,0.043323784214291,0.0150488197484807,0.0008907441932702,0.012283881713522,0.1703032381972182,0.0874650244964598,0.0359599294845172,0.0091962886917805,1.136134840379511e-05,0.0107649828273266,0.2040944603380534,0.09143486261482,0.0333978938721374,0.0031281854130767,2.676386172386261e-11,0.0104219526221834,0.2333333333333333,0.1,0.0333333333333333,0.0,0.0,0.0104166666666666,0.1,0.1,0.0471730276954992,0.0955517915051352,0.0310876158239651,0.0411636904449145,0.0062196859959508,0.0109570437202604,4.288545617411303e-06,1.809401890052464e-05,0.0291666666666666,0.0536458333333333,0.0291666666666666,0.0536458333333333,0.0291666666666666,0.0536458333333333,0.0291666666666666,0.0536458333333333,0.044130291005291,0.0838624338624338,0.044130291005291,0.0838624338624338,0.0142030423280423,0.0234292328042328,0.0142030423280423,0.0234292328042328,0.0422606770665911,0.0983282259241025,0.0330128191946081,0.0341966084798941,0.0011613102594334,0.0047818125073906,1.398808104034631e-12,1.0462236855691747e-10,0.0591496478725458,0.1169009636288853,0.0346478305759109,0.0621139293898416,0.0180371412622866,0.0282438535082638,0.0048320469559232,0.0073245868063424,0.0333333333333333,0.1,0.0333333333333333,0.0333333333333333,0.0,0.0,0.0,0.0,0.0508896957989422,0.1006695438271297,0.0308349551254272,0.0502868865623157,0.0119442721192065,0.0170728986192727,0.0005791768239238,0.0010981559647863,0.0087220452993443,0.0120518351298729,0.0,0.0,0.0142030423280423,0.0234292328042328,0.0083583043137405,0.0114741840391385,0.0114345941091049,0.0177842201573031,0.0083333333333333,0.0114583333333333,0.0096622280166464,0.0140480681840022,0.0891930054343325,0.1803183220640264,0.0291666666666666,0.0536458333333333,0.044130291005291,0.0838624338624338,0.108464727043332,0.2106312599729501,0.0591496478725458,0.1169009636288853,0.1333333333333333,0.2333333333333333,0.0739027193451816,0.1486660892874258,previous,Qwen3.6,Qwen2.5-7B-Instruct|non-think|aime2026
Qwen2.5-7B-Instruct,Qwen2.5-7B-Instruct,Qwen,7.0,False,non-think,Instruct · Non-Think,aime2026_pt,PT,True,cot:Qwen3.6-35B·TH,Qwen3.6-35B-A3B,think,64,0.6,16384,,0.6,16384.0,,,0.1,30.0,1920.0,90.0,1815.0,15.0,,,,,,,43.0,315.0,0.136508,/user/home/t.tuna/evalhub/results/Qwen2.5/non-think/Qwen2.5-7B-Instruct/judged_by/Qwen3.6-35B-A3B__state-think__t0.6__max16384__basemax16384,/user/home/t.tuna/evalhub/results/Qwen2.5/non-think/Qwen2.5-7B-Instruct/judged_by/Qwen3.6-35B-A3B__state-think__t0.6__max16384__basemax16384/aime2026_pt__t0.6__max16384__n64/aime2026_pt_cot_summary.json,0.046875,0.046875,0.046875,0.046875,0.046875,0.0,0.0717592592592592,0.0717592592592592,0.0717592592592592,0.0219907407407407,0.0219907407407407,0.0219907407407407,0.093039606993864,0.093039606993864,0.0623270315529702,0.0267826714680231,0.0053506899851426,0.0160666807265828,0.1032849781148679,0.0934669215760158,0.0543136115152939,0.0122456324591621,0.0003905490320125,0.0114524988981387,0.1083281658811209,0.0969491305424388,0.0464461318882655,0.0040744314410956,1.5184251612294691e-06,0.0082900921825346,0.1166666666652599,0.0996444074261057,0.0384527773773877,0.0003524741226437,5.0213624247397034e-14,0.006570740531272,0.1333333333333333,0.1,0.0333333333333333,0.0,0.0,0.00625,0.1,0.1,0.0586267680519699,0.0974892204473942,0.0294119202769721,0.0478990449664461,0.0039658492956668,0.0040884402448797,1.5174853723147686e-06,1.518514375279624e-06,0.0328125,0.0473958333333333,0.0328125,0.0473958333333333,0.0328125,0.0473958333333333,0.0328125,0.0473958333333333,0.0516203703703703,0.0724041005291005,0.0516203703703703,0.0724041005291005,0.0140046296296296,0.0223875661375661,0.0140046296296296,0.0223875661375661,0.0478806178308351,0.0998026749311802,0.032101597415926,0.0393496265728099,0.0003524720003267,0.0003524741495008,5.0213624247397034e-14,5.0213624247397034e-14,0.0719024640527813,0.0935190606297163,0.0386032837249125,0.0632600224119261,0.0168082626140532,0.0273473764616017,0.0039359896082529,0.005456873830089,0.0333333333333333,0.1,0.0333333333333333,0.0333333333333333,0.0,0.0,0.0,0.0,0.0659121721349416,0.0940566190190599,0.0304505182464298,0.0555673380118499,0.0096230406590628,0.0124828239585105,0.0003683043141102,0.0003931555320054,0.0069651926239236,0.0084345680410239,0.0,0.0,0.0140046296296296,0.0223875661375661,0.0063547840775745,0.0065991490132476,0.010372126111153,0.0164021251458454,0.00625,0.00625,0.0081541806449288,0.0117051664911946,0.0988033604868419,0.1083298812993678,0.0328125,0.0473958333333333,0.0516203703703703,0.0724041005291005,0.0999968268798046,0.1166666666663789,0.0719024640527813,0.0935190606297163,0.1,0.1333333333333333,0.0895254442663803,0.1034008115411802,previous,Qwen3.6,Qwen2.5-7B-Instruct|non-think|aime2026_pt
Qwen2.5-7B-Instruct,Qwen2.5-7B-Instruct,Qwen,7.0,False,non-think,Instruct · Non-Think,aime2026_tr,TR,True,cot:Qwen3.6-35B·TH,Qwen3.6-35B-A3B,think,64,0.6,16384,,0.6,16384.0,,,0.0666666666666666,30.0,1920.0,27.0,1881.0,12.0,,,,,,,19.0,117.0,0.162393,/user/home/t.tuna/evalhub/results/Qwen2.5/non-think/Qwen2.5-7B-Instruct/judged_by/Qwen3.6-35B-A3B__state-think__t0.6__max16384__basemax16384,/user/home/t.tuna/evalhub/results/Qwen2.5/non-think/Qwen2.5-7B-Instruct/judged_by/Qwen3.6-35B-A3B__state-think__t0.6__max16384__basemax16384/aime2026_tr__t0.6__max16384__n64/aime2026_tr_cot_summary.json,0.0140625,0.0140625,0.0140625,0.0140625,0.0140625,0.0,0.0259755291005291,0.0259755291005291,0.0259755291005291,0.0021494708994709,0.0021494708994709,0.0021494708994709,0.0447309414687785,0.0447309414687785,0.0102004167610989,0.0012595166746409,5.912509548152065e-05,0.0006593208850612,0.0687765688107476,0.0304679072261902,0.0024101226862851,2.9973326563699235e-05,2.2683291665030265e-08,9.542576885783752e-05,0.092129832015888,0.0211951257977148,0.0001255526285401,1.4487720388515103e-09,0.0,1.999067286137006e-06,0.1126641358810821,0.0131624592611615,0.0,0.0,0.0,0.0,0.1333333333333333,0.0,0.0,0.0,0.0,0.0,0.0666666666666666,0.0666666666666666,0.0039494192707713,0.0211951257977148,0.0,0.0001255526285401,0.0,1.4487720388515103e-09,0.0,0.0,0.0088541666666666,0.0140625,0.0088541666666666,0.0140625,0.0088541666666666,0.0140625,0.0088541666666666,0.0140625,0.0169973544973544,0.0259755291005291,0.0169973544973544,0.0259755291005291,0.0007109788359788,0.0021494708994709,0.0007109788359788,0.0021494708994709,0.0,0.0131624592611615,0.0,0.0,0.0,0.0,0.0,0.0,0.0313711356215322,0.0447309414687785,0.0038288614405748,0.0102004167610989,0.0002129972383806,0.0012595166746409,3.6723661789764394e-06,5.912509548152065e-05,0.0,0.0,0.0,0.0,0.0,0.0,0.0,0.0,0.0143659386278342,0.0304679072261902,0.0002176607785522,0.0024101226862851,1.6913059900838301e-07,2.9973326563699235e-05,0.0,2.2683291665030265e-08,0.0,1.999067286137006e-06,0.0,0.0,0.0007109788359788,0.0021494708994709,0.0,0.0,0.0001083348022798,0.0006593208850612,0.0,0.0,2.398520867917107e-06,9.542576885783752e-05,0.0817809349542456,0.092129832015888,0.0088541666666666,0.0140625,0.0169973544973545,0.0259755291005291,0.1081043970179841,0.1126641358810821,0.0313711356215322,0.0447309414687785,0.1333333333333333,0.1333333333333333,0.0538151702122907,0.0687765688107476,previous,Qwen3.6,Qwen2.5-7B-Instruct|non-think|aime2026_tr
Qwen2.5-7B-Instruct,Qwen2.5-7B-Instruct,Qwen,7.0,False,non-think,Instruct · Non-Think,pt_exams_math,PT,True,cot:Qwen3.6-35B·TH,Qwen3.6-35B-A3B,think,16,0.6,16384,,0.6,16384.0,,,0.8795180722891566,166.0,2656.0,2003.0,575.0,78.0,,,,,,,140.0,6243.0,0.022425,/user/home/t.tuna/evalhub/results/Qwen2.5/non-think/Qwen2.5-7B-Instruct/judged_by/Qwen3.6-35B-A3B__state-think__t0.6__max16384__basemax16384,/user/home/t.tuna/evalhub/results/Qwen2.5/non-think/Qwen2.5-7B-Instruct/judged_by/Qwen3.6-35B-A3B__state-think__t0.6__max16384__basemax16384/pt_exams_math__t0.6__max16384__n16/pt_exams_math_cot_summary.json,0.7541415662650602,0.7541415662650602,0.7541415662650602,0.7541415662650602,0.7541415662650602,0.0,0.8383032128514056,0.8383032128514056,0.8383032128514056,0.669979919678715,0.669979919678715,0.669979919678715,0.8827882960413077,0.8827882960413077,0.8229345955249566,0.7355851979345958,0.5752581755593804,0.6554216867469882,0.9061617097761676,0.8783357205043952,0.8128808942061954,0.7135015586822819,0.4793018226753168,0.6466776195691857,0.9216867469879518,0.8795180722891566,0.8072289156626506,0.7048192771084337,0.3975903614457831,0.6423192771084337,,,,,,,,,,,,,0.8795180722891566,0.8795180722891566,0.8795180722891566,0.8855421686746988,0.7951807228915663,0.8132530120481928,0.6566265060240963,0.7228915662650602,0.2650602409638554,0.4156626506024096,0.7247740963855421,0.7658132530120482,0.7247740963855421,0.7658132530120482,0.7247740963855421,0.7658132530120482,0.7247740963855421,0.7658132530120482,0.8259538152610439,0.8469879518072291,0.8259538152610439,0.8469879518072291,0.6235943775100404,0.6846385542168676,0.6235943775100404,0.6846385542168676,,,,,,,,,0.876237918707798,0.8896299483648878,0.8100125777836616,0.8322289156626503,0.7069839798755465,0.7485800344234083,0.505861909175162,0.5928141135972461,,,,,,,,,0.8750596792765469,0.8869828966214508,0.7983893616423738,0.8219521442413009,0.6813884910270452,0.7278835622209118,0.3812256017075296,0.4985845479821383,0.5903614457831325,0.6581325301204819,0.0,0.0,0.6235943775100404,0.6846385542168676,,,0.6064229445253544,0.6706970740103271,,,0.5961731541550817,0.6624557671244417,0.9096385542168676,0.9216867469879518,0.7247740963855421,0.7658132530120482,0.8259538152610439,0.8469879518072291,,,0.876237918707798,0.8896299483648878,,,0.8996896677619569,0.9114626337517904,previous,Qwen3.6,Qwen2.5-7B-Instruct|non-think|pt_exams_math
Qwen2.5-7B-Instruct,Qwen2.5-7B-Instruct,Qwen,7.0,False,non-think,Instruct · Non-Think,tubitak_math2026,TR-OL,True,cot:Qwen3.6-35B·TH,Qwen3.6-35B-A3B,think,64,0.6,16384,,0.6,16384.0,,,0.0625,32.0,2048.0,93.0,1811.0,144.0,,,,,,,35.0,711.0,0.049226,/user/home/t.tuna/evalhub/results/Qwen2.5/non-think/Qwen2.5-7B-Instruct/judged_by/Qwen3.6-35B-A3B__state-think__t0.6__max16384__basemax16384,/user/home/t.tuna/evalhub/results/Qwen2.5/non-think/Qwen2.5-7B-Instruct/judged_by/Qwen3.6-35B-A3B__state-think__t0.6__max16384__basemax16384/tubitak_math2026__t0.6__max16384__n64/tubitak_math2026_cot_summary.json,0.0454101562499999,0.04541015625,0.04541015625,0.04541015625,0.04541015625,0.0,0.060453869047619,0.060453869047619,0.060453869047619,0.0303664434523809,0.0303664434523809,0.0303664434523809,0.0694467232788144,0.0694467232788144,0.0571048186428193,0.0401734071636322,0.0149156759147339,0.0275445415391831,0.0768596812851842,0.0636128699230516,0.0582564923371272,0.0338295829503562,0.0037270039858912,0.0257245478102073,0.0885896696918168,0.0624983210578931,0.0603062198438216,0.0277913927335963,0.0002181917231519,0.0247819060835731,0.1056547619047619,0.0625,0.0621995179949451,0.0236492429454924,1.1082720055701676e-07,0.0244374727941317,0.125,0.0625,0.0625,0.03125,0.0,0.0244140625,0.0625,0.09375,0.0624967318033775,0.0643496113410672,0.059417282503395,0.0603062198438216,0.0206204430180703,0.0277913927335963,6.583600049880316e-05,0.0002181917231519,0.04150390625,0.0478515625,0.04150390625,0.0478515625,0.04150390625,0.0478515625,0.04150390625,0.0478515625,0.055478050595238,0.0650576636904761,0.055478050595238,0.0650576636904761,0.0275297619047619,0.0306454613095238,0.0275297619047619,0.0306454613095238,0.0624999999997377,0.0625,0.061884058287759,0.0621995179949451,0.0128277324156077,0.0236492429454924,4.090666349392121e-09,1.1082720055701676e-07,0.0617273275981466,0.0776385262427287,0.0554694188952683,0.05858007699378,0.0367474829864521,0.0402702494271108,0.0120713955201329,0.0149173973363803,0.0625,0.0625,0.0625,0.0625,0.0,0.03125,0.0,0.0,0.062349357914625,0.0689118118089708,0.0569407388963262,0.0583585208270736,0.0288224547632288,0.0338296622303245,0.0022766360395394,0.0037270039858912,0.0210354391460544,0.0247819060835731,0.0,0.0,0.0275297619047619,0.0306454613095238,0.0205578660742542,0.0244374727941317,0.0244094392532925,0.0275938233817456,0.0205078125,0.0244140625,0.0222404810678805,0.0257256721168641,0.0624999998693055,0.1056711227365657,0.04150390625,0.0478515625,0.055478050595238,0.0650576636904761,0.0625,0.124830682133926,0.0617273275981466,0.0776385262427287,0.0625,0.15625,0.062492054825492,0.0898907618562456,previous,Qwen3.6,Qwen2.5-7B-Instruct|non-think|tubitak_math2026
Qwen2.5-7B-Instruct,Qwen2.5-7B-Instruct,Qwen,7.0,False,non-think,Instruct · Non-Think,aime2026,EN,True,cot:deepseek-v4-flash·TH,deepseek-v4-flash,think,64,0.6,16384,,0.6,20480.0,high,thinking-enabled,0.1,30.0,1920.0,102.0,1786.0,32.0,,,,,,,0.0,402.0,0.0,/user/home/t.tuna/evalhub/results/Qwen2.5/non-think/Qwen2.5-7B-Instruct/judged_by/deepseek-v4-flash__state-think__t0.6__max20480__basemax16384__re-high__eb-thinking-enabled,/user/home/t.tuna/evalhub/results/Qwen2.5/non-think/Qwen2.5-7B-Instruct/judged_by/deepseek-v4-flash__state-think__t0.6__max20480__basemax16384__re-high__eb-thinking-enabled/aime2026__t0.6__max16384__n64/aime2026_cot_summary.json,0.053125,0.053125,0.053125,0.053125,0.053125,0.0,0.0830522486772486,0.0830522486772486,0.0830522486772486,0.0231977513227513,0.0231977513227513,0.0231977513227513,0.115226574500768,0.115226574500768,0.0622727854582693,0.0280881976446492,0.0069124423963133,0.0175003200204813,0.1456621279511729,0.0995477410579507,0.051336346364906,0.0162063185028291,0.0009015963032435,0.0136238628499882,0.1766772088309788,0.0948995478754338,0.0434289913879854,0.0092497705791685,1.1361709767560204e-05,0.0114036267711475,0.208549552622681,0.0969745678983573,0.0367006184929318,0.0031281857081822,2.676386172386261e-11,0.0105257812382046,0.2333333333333333,0.1,0.0333333333333333,0.0,0.0,0.0104166666666666,0.1,0.1,0.0925394272403443,0.0970961779373947,0.0423291238515477,0.0451324532270128,0.0076721213324879,0.0092538786737217,7.033577310750423e-06,1.136171452799371e-05,0.0515625,0.0541666666666666,0.0515625,0.0541666666666666,0.0515625,0.0541666666666666,0.0515625,0.0541666666666666,0.0810185185185185,0.0844576719576719,0.0810185185185185,0.0844576719576719,0.0221064814814814,0.0238756613756613,0.0221064814814814,0.0238756613756613,0.0953605753582087,0.098851303410158,0.0365851545747772,0.0369397449506484,0.0019526480799114,0.0031281857081822,6.372348029491097e-12,2.676386172386261e-11,0.112915921700956,0.1164762807114737,0.0603305759109566,0.0641688281164748,0.0267021941863295,0.0289795333786608,0.0063013082017576,0.0070420244600572,0.1,0.1,0.0333333333333333,0.0333333333333333,0.0,0.0,0.0,0.0,0.0968749185468752,0.1012956090708809,0.0496989559759861,0.053516972075319,0.0148197111599649,0.0164436993082541,0.0007319059420495,0.0009030558058745,0.0104159427011539,0.0115115892931962,0.0,0.0,0.0221064814814814,0.0238756613756613,0.0094904343422061,0.0105294092291786,0.0165017511940436,0.018010778919359,0.009375,0.0104166666666666,0.0126551993602181,0.013932934210017,0.1751564538457111,0.1766942809079597,0.0515625,0.0541666666666666,0.0810185185185185,0.0844576719576719,0.2083272677106282,0.2085495529795325,0.112915921700956,0.1164762807114737,0.2333333333333333,0.2333333333333333,0.1433811697340089,0.1461079799628489,previous,V4-Flash,Qwen2.5-7B-Instruct|non-think|aime2026
Qwen2.5-7B-Instruct,Qwen2.5-7B-Instruct,Qwen,7.0,False,non-think,Instruct · Non-Think,aime2026_pt,PT,True,cot:deepseek-v4-flash·TH,deepseek-v4-flash,think,64,0.6,16384,,0.6,20480.0,high,thinking-enabled,0.1,30.0,1920.0,84.0,1815.0,21.0,,,,,,,0.0,315.0,0.0,/user/home/t.tuna/evalhub/results/Qwen2.5/non-think/Qwen2.5-7B-Instruct/judged_by/deepseek-v4-flash__state-think__t0.6__max20480__basemax16384__re-high__eb-thinking-enabled,/user/home/t.tuna/evalhub/results/Qwen2.5/non-think/Qwen2.5-7B-Instruct/judged_by/deepseek-v4-flash__state-think__t0.6__max20480__basemax16384__re-high__eb-thinking-enabled/aime2026_pt__t0.6__max16384__n64/aime2026_pt_cot_summary.json,0.04375,0.04375,0.04375,0.04375,0.04375,0.0,0.0678736772486772,0.0678736772486772,0.0678736772486772,0.0196263227513227,0.0196263227513227,0.0196263227513227,0.0901140427085694,0.0901140427085694,0.0567348047979988,0.0234303257703575,0.0047208267230742,0.0140755762467158,0.1025464477554663,0.0898275758759073,0.0468758211490905,0.0108392860435936,0.0003743916149135,0.0099586170406124,0.1083149384090838,0.0934753087065489,0.0379716416314243,0.0039814185233929,1.517507190968339e-06,0.0074301191568554,0.1166666666335304,0.098328225918084,0.0329834102056255,0.0003524720003267,5.0213624247397034e-14,0.0063693390871532,0.1333333333333333,0.1,0.0333333333333333,0.0,0.0,0.00625,0.1,0.1,0.0934701885297273,0.094980394329991,0.0368741683023893,0.0403699332497566,0.0031092637725678,0.0039947242043601,8.78565981572647e-07,1.5175522828523847e-06,0.0432291666666666,0.0447916666666666,0.0432291666666666,0.0447916666666666,0.0432291666666666,0.0447916666666666,0.0432291666666666,0.0447916666666666,0.067443783068783,0.0692129629629629,0.067443783068783,0.0692129629629629,0.0190145502645502,0.0203703703703703,0.0190145502645502,0.0203703703703703,0.0983282258572236,0.0990787063429618,0.0320786939119979,0.033863687187654,0.0001789330693239,0.0003524720017255,7.928466986431109e-15,5.0213624247397034e-14,0.0899776405362074,0.091191619870229,0.0561039447508247,0.0586224010139927,0.0225218873024267,0.024458116139105,0.0043131940772078,0.0048945296433397,0.1,0.1,0.0333333333333333,0.0333333333333333,0.0,0.0,0.0,0.0,0.0897634232042999,0.0912373987544455,0.0460010119908079,0.0492692208798346,0.0097723992222967,0.0111995685607198,0.0002968566898786,0.0003775222480571,0.0066123930428251,0.0076276307093047,0.0,0.0,0.0190145502645502,0.0203703703703703,0.0054138738162023,0.0063903308250918,0.0134175406898172,0.0146763228912224,0.0052083333333333,0.00625,0.0092354113063344,0.0103743608723507,0.1083149378819098,0.1083220112104712,0.0432291666666666,0.0447916666666667,0.067443783068783,0.0692129629629629,0.1166666666335304,0.1166666666588955,0.0899776405362074,0.091191619870229,0.1333333333333333,0.1333333333333333,0.1025414938812109,0.102856162799082,previous,V4-Flash,Qwen2.5-7B-Instruct|non-think|aime2026_pt
Qwen2.5-7B-Instruct,Qwen2.5-7B-Instruct,Qwen,7.0,False,non-think,Instruct · Non-Think,aime2026_tr,TR,True,cot:deepseek-v4-flash·TH,deepseek-v4-flash,think,64,0.6,16384,,0.6,20480.0,high,thinking-enabled,0.0666666666666666,30.0,1920.0,25.0,1881.0,14.0,,,,,,,0.0,117.0,0.0,/user/home/t.tuna/evalhub/results/Qwen2.5/non-think/Qwen2.5-7B-Instruct/judged_by/deepseek-v4-flash__state-think__t0.6__max20480__basemax16384__re-high__eb-thinking-enabled,/user/home/t.tuna/evalhub/results/Qwen2.5/non-think/Qwen2.5-7B-Instruct/judged_by/deepseek-v4-flash__state-think__t0.6__max20480__basemax16384__re-high__eb-thinking-enabled/aime2026_tr__t0.6__max16384__n64/aime2026_tr_cot_summary.json,0.0130208333333333,0.0130208333333333,0.0130208333333333,0.0130208333333333,0.0130208333333333,0.0,0.0243055555555555,0.0243055555555555,0.0243055555555555,0.0017361111111111,0.0017361111111111,0.0017361111111111,0.0426101500004196,0.0426101500004197,0.0085622791334055,0.0008783250652631,3.257913424491955e-05,0.000455452099754,0.0671524428682394,0.0272846203788741,0.0015000512515871,1.0495405421553608e-05,3.795610557495104e-09,4.45085155254868e-05,0.0917586819049676,0.0164430134980365,2.828060586708124e-05,1.847219872994772e-11,0.0,2.7649022128639933e-07,0.1126621725561682,0.0060612705464952,0.0,0.0,0.0,0.0,0.1333333333333333,0.0,0.0,0.0,0.0,0.0,0.0666666666666666,0.0666666666666666,0.0147666224500101,0.0164430134980365,2.761598671231985e-05,2.828060586708124e-05,1.847219872994772e-11,1.847219872994772e-11,0.0,0.0,0.0125,0.0130208333333333,0.0125,0.0130208333333333,0.0125,0.0130208333333333,0.0125,0.0130208333333333,0.023396164021164,0.0243055555555555,0.023396164021164,0.0243055555555555,0.0016038359788359,0.0017361111111111,0.0016038359788359,0.0017361111111111,0.0056991538070222,0.0060612705464952,0.0,0.0,0.0,0.0,0.0,0.0,0.0412337996189133,0.0426101500004197,0.0079390261304592,0.0085622791334055,0.0007975330093257,0.0008783250652631,2.96412413017384e-05,3.257913424491955e-05,0.0,0.0,0.0,0.0,0.0,0.0,0.0,0.0,0.0255380566250908,0.0272846203788741,0.0013562165895108,0.0015000512515871,9.869129679566916e-06,1.0495405421553608e-05,3.7353627708681975e-09,3.795610557495104e-09,2.747594422375416e-07,2.7649022128639933e-07,0.0,0.0,0.0016038359788359,0.0017361111111111,0.0,0.0,0.0004135871253137,0.000455452099754,0.0,0.0,4.089146811109386e-05,4.45085155254868e-05,0.0909467375594537,0.0917586819049676,0.0124999999999999,0.0130208333333333,0.023396164021164,0.0243055555555555,0.1126169079637341,0.1126621725561682,0.0412337996189133,0.0426101500004196,0.1333333333333333,0.1333333333333333,0.065624199583679,0.0671524428682394,previous,V4-Flash,Qwen2.5-7B-Instruct|non-think|aime2026_tr
Qwen2.5-7B-Instruct,Qwen2.5-7B-Instruct,Qwen,7.0,False,non-think,Instruct · Non-Think,pt_exams_math,PT,True,cot:deepseek-v4-flash·TH,deepseek-v4-flash,think,16,0.6,16384,,0.6,20480.0,high,thinking-enabled,0.8734939759036144,166.0,2656.0,1954.0,575.0,127.0,,,,,,,0.0,6243.0,0.0,/user/home/t.tuna/evalhub/results/Qwen2.5/non-think/Qwen2.5-7B-Instruct/judged_by/deepseek-v4-flash__state-think__t0.6__max20480__basemax16384__re-high__eb-thinking-enabled,/user/home/t.tuna/evalhub/results/Qwen2.5/non-think/Qwen2.5-7B-Instruct/judged_by/deepseek-v4-flash__state-think__t0.6__max20480__basemax16384__re-high__eb-thinking-enabled/pt_exams_math__t0.6__max16384__n16/pt_exams_math_cot_summary.json,0.7356927710843374,0.7356927710843374,0.7356927710843374,0.7356927710843374,0.7356927710843374,0.0,0.8251506024096382,0.8251506024096382,0.8251506024096382,0.6462349397590363,0.6462349397590363,0.6462349397590363,0.8753839533960015,0.8753839533960015,0.8070667284522708,0.7106182973652857,0.5497021051237917,0.6301602012445389,0.9015128111513656,0.871788786849028,0.7940058602709203,0.6853596202993795,0.4575233334269479,0.6204421415264787,0.9156626506024096,0.8734939759036144,0.7710843373493976,0.6686746987951807,0.3855421686746988,0.6159638554216867,,,,,,,,,,,,,0.8674698795180723,0.8795180722891566,0.8734939759036144,0.8795180722891566,0.7710843373493976,0.7951807228915663,0.6566265060240963,0.6807228915662651,0.3554216867469879,0.3915662650602409,0.7210090361445783,0.7454819277108434,0.7210090361445783,0.7454819277108434,0.7210090361445783,0.7454819277108434,0.7210090361445783,0.7454819277108434,0.8136546184738952,0.8328313253012045,0.8136546184738952,0.8328313253012045,0.6283634538152614,0.658132530120482,0.6283634538152614,0.658132530120482,,,,,,,,,0.8651065801668211,0.8813418509201641,0.7956441149212234,0.8157420892360652,0.6953197405004637,0.7214782205746064,0.5279657089898052,0.563365550112538,,,,,,,,,0.8652189176285563,0.8775694854008109,0.7805768528660094,0.8042121867423073,0.6696393967478308,0.6948198387957425,0.4314952116156939,0.4716043661826795,0.5971385542168675,0.6272590361445783,0.0,0.0,0.6283634538152614,0.658132530120482,,,0.6116427247451345,0.6424218853435724,,,0.6016689134159012,0.6325962357588862,0.8975903614457831,0.9216867469879518,0.7210090361445783,0.7454819277108434,0.8136546184738952,0.8328313253012045,,,0.8651065801668211,0.8813418509201641,,,0.8896593366472886,0.9060966476629128,previous,V4-Flash,Qwen2.5-7B-Instruct|non-think|pt_exams_math
Qwen2.5-7B-Instruct,Qwen2.5-7B-Instruct,Qwen,7.0,False,non-think,Instruct · Non-Think,tubitak_math2026,TR-OL,True,cot:deepseek-v4-flash·TH,deepseek-v4-flash,think,64,0.6,16384,,0.6,20480.0,high,thinking-enabled,0.0625,32.0,2048.0,88.0,1811.0,149.0,,,,,,,14.0,711.0,0.019691,/user/home/t.tuna/evalhub/results/Qwen2.5/non-think/Qwen2.5-7B-Instruct/judged_by/deepseek-v4-flash__state-think__t0.6__max20480__basemax16384__re-high__eb-thinking-enabled,/user/home/t.tuna/evalhub/results/Qwen2.5/non-think/Qwen2.5-7B-Instruct/judged_by/deepseek-v4-flash__state-think__t0.6__max20480__basemax16384__re-high__eb-thinking-enabled/tubitak_math2026__t0.6__max16384__n64/tubitak_math2026_cot_summary.json,0.04296875,0.04296875,0.04296875,0.04296875,0.04296875,0.0,0.0563616071428571,0.0563616071428571,0.0563616071428571,0.0295758928571428,0.0295758928571428,0.0295758928571428,0.0618878624625418,0.0618878624625418,0.0565839164526201,0.0393382225642769,0.014064998520561,0.0267016105424189,0.0624947164973954,0.0623930958025945,0.0580898057272382,0.0325602003058169,0.0032071615695561,0.0247960713380083,0.0624999999529534,0.0624983205544869,0.0602759116968728,0.0258184687399691,0.0001482582662913,0.0238096665095015,0.0625,0.0625,0.0621995179949451,0.0202522562137666,3.845110966760011e-08,0.0234609102941317,0.0625,0.0625,0.0625,0.03125,0.0,0.0234375,0.0625,0.0625,0.0624983205544869,0.0624983210578931,0.0602759116968728,0.0603062198438216,0.0258184687399691,0.0277913927335963,0.0001482582662913,0.0002181917231519,0.04296875,0.04345703125,0.04296875,0.04345703125,0.04296875,0.04345703125,0.04296875,0.04345703125,0.0563616071428571,0.0565941220238095,0.0563616071428571,0.0565941220238095,0.0295758928571428,0.0303199404761904,0.0295758928571428,0.0303199404761904,0.0625,0.0625,0.0621995179949451,0.0621995179949451,0.0202522562137666,0.0236492429454924,3.845110966760011e-08,1.1082720055701676e-07,0.0618878624625418,0.061910240943945,0.0565839164526201,0.056831801169701,0.0393382225642769,0.0401704069716199,0.014064998520561,0.0149156759147339,0.0625,0.0625,0.0625,0.0625,0.03125,0.03125,0.0,0.0,0.0623930958025945,0.0623947919660623,0.0580898057272382,0.0582564923371272,0.0325602003058169,0.0338295829503562,0.0032071615695561,0.0037270039858912,0.0238096665095015,0.0247819060835731,0.0,0.0,0.0295758928571428,0.0303199404761904,0.0234609102941317,0.0244374727941317,0.0267016105424189,0.0275430414431769,0.0234375,0.0244140625,0.0247960713380083,0.0257245478102073,0.0624999999529534,0.0624999999529535,0.04296875,0.04345703125,0.0563616071428571,0.0565941220238095,0.0625,0.0625,0.0618878624625418,0.061910240943945,0.0625,0.0625,0.0624947164973954,0.0624947619303454,previous,V4-Flash,Qwen2.5-7B-Instruct|non-think|tubitak_math2026
Qwen2.5-7B-Instruct,Qwen2.5-7B-Instruct,Qwen,7.0,False,non-think,Instruct · Non-Think,aime2026,EN,True,cot:G4-26B·TH,gemma-4-26B-A4B-it,think,64,0.6,16384,,0.6,16384.0,,,0.1,30.0,1920.0,101.0,1786.0,33.0,,,,,,,11.0,402.0,0.027363,/user/home/t.tuna/evalhub/results/Qwen2.5/non-think/Qwen2.5-7B-Instruct/judged_by/gemma-4-26B-A4B-it__state-think__t0.6__max16384__basemax16384,/user/home/t.tuna/evalhub/results/Qwen2.5/non-think/Qwen2.5-7B-Instruct/judged_by/gemma-4-26B-A4B-it__state-think__t0.6__max16384__basemax16384/aime2026__t0.6__max16384__n64/aime2026_cot_summary.json,0.0526041666666666,0.0526041666666666,0.0526041666666666,0.0526041666666666,0.0526041666666666,0.0,0.0825727513227513,0.0825727513227513,0.0825727513227513,0.022635582010582,0.022635582010582,0.022635582010582,0.1143000365138122,0.1143000365138122,0.0625434388456599,0.0274495207037512,0.0061236706034432,0.0167865956535972,0.143808315719185,0.0987058403176529,0.0526214966083029,0.0143617786085393,0.0006035228641281,0.0126273019878727,0.1751731600707916,0.0945114185329316,0.0458811384534334,0.0063632566264381,4.290621695357102e-06,0.01001251995026,0.2083272686549613,0.0970374089043349,0.0405552900338331,0.0011613220398876,1.398808104034631e-12,0.0086847460176806,0.2333333333333333,0.1,0.0333333333333333,0.0,0.0,0.0083333333333333,0.1,0.1,0.0925368295117147,0.097680626954308,0.0409335384674241,0.0477623931852074,0.0050601348093846,0.0093384043396417,2.573489868642668e-06,1.13634241407157e-05,0.0494791666666666,0.05625,0.0494791666666666,0.05625,0.0494791666666666,0.05625,0.0494791666666666,0.05625,0.0782242063492063,0.0878968253968253,0.0782242063492063,0.0878968253968253,0.0207341269841269,0.0246031746031746,0.0207341269841269,0.0246031746031746,0.0953605753579289,0.0981660750163269,0.0360694662874095,0.0408955267626542,0.0006568328821139,0.0031281971935309,2.7976162080692625e-13,2.676386172386261e-11,0.1089405853122141,0.1217757674196066,0.058850927115073,0.0660923085962747,0.0248216279284497,0.0298690329295829,0.0053035263109297,0.0072628910545356,0.1,0.1,0.0333333333333333,0.0333333333333333,0.0,0.0,0.0,0.0,0.0951323370814162,0.1053297370610125,0.048308750243694,0.0550359548156854,0.0123692457348782,0.0170247179973868,0.0004756683626316,0.0009138217087961,0.0085894002484331,0.0119434043437966,0.0,0.0,0.0207341269841269,0.0246031746031746,0.0074499047041456,0.0107480320578071,0.0150625771196897,0.0185659619920592,0.0072916666666666,0.0104166666666666,0.0110467286939831,0.0144383065106482,0.1655302376452128,0.1850703827905196,0.0494791666666666,0.05625,0.0782242063492063,0.0878968253968253,0.1998616592450197,0.2121149171783961,0.108940585312214,0.1217757674196066,0.2333333333333333,0.2333333333333333,0.1368056297469393,0.1537872779045249,previous,Gemma4,Qwen2.5-7B-Instruct|non-think|aime2026
Qwen2.5-7B-Instruct,Qwen2.5-7B-Instruct,Qwen,7.0,False,non-think,Instruct · Non-Think,aime2026_pt,PT,True,cot:G4-26B·TH,gemma-4-26B-A4B-it,think,64,0.6,16384,,0.6,16384.0,,,0.1,30.0,1920.0,89.0,1815.0,16.0,,,,,,,7.0,315.0,0.022222,/user/home/t.tuna/evalhub/results/Qwen2.5/non-think/Qwen2.5-7B-Instruct/judged_by/gemma-4-26B-A4B-it__state-think__t0.6__max16384__basemax16384,/user/home/t.tuna/evalhub/results/Qwen2.5/non-think/Qwen2.5-7B-Instruct/judged_by/gemma-4-26B-A4B-it__state-think__t0.6__max16384__basemax16384/aime2026_pt__t0.6__max16384__n64/aime2026_pt_cot_summary.json,0.0463541666666666,0.0463541666666666,0.0463541666666666,0.0463541666666666,0.0463541666666666,0.0,0.0711474867724867,0.0711474867724867,0.0711474867724867,0.0215608465608465,0.0215608465608465,0.0215608465608465,0.0926319743479976,0.0926319743479976,0.0614185930850394,0.0261518114208489,0.0052142878127806,0.0156830496168148,0.1032074431898331,0.0930117165322625,0.0530204153682673,0.0119157044337526,0.0003855951577571,0.01113403796575,0.1083275269399115,0.0966204925203888,0.0447132792634734,0.0040396142387082,1.5178979872967352e-06,0.0080661516298983,0.1166666666652176,0.0996017838290173,0.0366433447901324,0.000352472296831,5.0213624247397034e-14,0.0064845391355562,0.1333333333333333,0.1,0.0333333333333333,0.0,0.0,0.00625,0.1,0.1,0.0924667059382146,0.0974892204473942,0.0352194480422813,0.0478990449664461,0.0018252565175662,0.0040884402448797,2.771581572882857e-07,1.518514375279624e-06,0.0421875,0.0473958333333333,0.0421875,0.0473958333333333,0.0421875,0.0473958333333333,0.0421875,0.0473958333333333,0.0664351851851851,0.0724041005291005,0.0664351851851851,0.0724041005291005,0.0179398148148148,0.0223875661375661,0.0179398148148148,0.0223875661375661,0.0968900202756261,0.0998026749311802,0.0301793439525849,0.0393496265728099,3.844802555479874e-05,0.0003524741495008,1.1904605084731395e-16,5.0213624247397034e-14,0.0894003970352463,0.0935190606297163,0.054725076175367,0.0632600224119261,0.020959767654638,0.0273473764616017,0.0036647591347485,0.005456873830089,0.1,0.1,0.0333333333333333,0.0333333333333333,0.0,0.0,0.0,0.0,0.0890905521705607,0.0940566190190599,0.0443401125992453,0.0555673380118499,0.0080492070534857,0.0124828239585105,0.0001863416218689,0.0003931555320054,0.0052703686997889,0.0084345680410239,0.0,0.0,0.0179398148148148,0.0223875661375661,0.0037041120987421,0.0065991490132476,0.0123122633946933,0.0164021251458454,0.003125,0.00625,0.0080607371129744,0.0117051664911946,0.1083023221514637,0.1083298812993678,0.0421875,0.0473958333333333,0.0664351851851851,0.0724041005291005,0.1166666662827715,0.1166666666663789,0.0894003970352463,0.0935190606297163,0.1333333333333333,0.1333333333333333,0.1023362747450485,0.1034008115411802,previous,Gemma4,Qwen2.5-7B-Instruct|non-think|aime2026_pt
Qwen2.5-7B-Instruct,Qwen2.5-7B-Instruct,Qwen,7.0,False,non-think,Instruct · Non-Think,aime2026_tr,TR,True,cot:G4-26B·TH,gemma-4-26B-A4B-it,think,64,0.6,16384,,0.6,16384.0,,,0.0666666666666666,30.0,1920.0,23.0,1881.0,16.0,,,,,,,9.0,117.0,0.076923,/user/home/t.tuna/evalhub/results/Qwen2.5/non-think/Qwen2.5-7B-Instruct/judged_by/gemma-4-26B-A4B-it__state-think__t0.6__max16384__basemax16384,/user/home/t.tuna/evalhub/results/Qwen2.5/non-think/Qwen2.5-7B-Instruct/judged_by/gemma-4-26B-A4B-it__state-think__t0.6__max16384__basemax16384/aime2026_tr__t0.6__max16384__n64/aime2026_tr_cot_summary.json,0.0119791666666666,0.0119791666666666,0.0119791666666666,0.0119791666666666,0.0119791666666666,0.0,0.022470238095238,0.022470238095238,0.022470238095238,0.0014880952380952,0.0014880952380952,0.0014880952380952,0.0397795426120386,0.0397795426120386,0.0073734817388968,0.0007358372575189,2.780505821225018e-05,0.0003818211578655,0.0638776358298956,0.0238264241463831,0.0012594047977287,9.625578002127646e-06,3.727831797539835e-09,3.900320269281001e-05,0.0898377404046054,0.0134331295708981,2.7519063085583817e-05,1.847219872994772e-11,0.0,2.747594422375416e-07,0.1125155152766816,0.0056199407702625,0.0,0.0,0.0,0.0,0.1333333333333333,0.0,0.0,0.0,0.0,0.0,0.0666666666666666,0.0666666666666666,0.0118594423222566,0.0158161947359285,2.7519063085583817e-05,6.192974393870859e-05,1.847219872994772e-11,2.2308732312321474e-10,0.0,0.0,0.0109375,0.0125,0.0109375,0.0125,0.0109375,0.0125,0.0109375,0.0125,0.020568783068783,0.023313492063492,0.020568783068783,0.023313492063492,0.0013062169312169,0.0016865079365079,0.0013062169312169,0.0016865079365079,0.0056199407702625,0.0089273437332577,0.0,0.0,0.0,0.0,0.0,0.0,0.0366257145375336,0.0408720715502841,0.0064375005246237,0.0081761560608731,0.0006605537508498,0.0009124256083536,2.623118699268885e-05,3.934678048903328e-05,0.0,0.0,0.0,0.0,0.0,0.0,0.0,0.0,0.0206626147909438,0.0254539693014018,0.0011679569416997,0.0016734426493754,9.541012702623456e-06,1.72303548691089e-05,3.727831797539835e-09,9.692362673603571e-09,2.747594422375416e-07,7.986883584557393e-07,0.0,0.0,0.0013062169312169,0.0016865079365079,0.0,0.0,0.0003433924689212,0.0004758861944213,0.0,0.0,3.78651483618344e-05,6.040263473499754e-05,0.0863025817000309,0.0900553111592829,0.0109374999999999,0.0124999999999999,0.020568783068783,0.023313492063492,0.1118157324151872,0.112516925552324,0.0366257145375336,0.0408720715502841,0.1333333333333333,0.1333333333333333,0.0596221846133246,0.0647495350200842,previous,Gemma4,Qwen2.5-7B-Instruct|non-think|aime2026_tr
Qwen2.5-7B-Instruct,Qwen2.5-7B-Instruct,Qwen,7.0,False,non-think,Instruct · Non-Think,tubitak_math2026,TR-OL,True,cot:G4-26B·TH,gemma-4-26B-A4B-it,think,64,0.6,16384,,0.6,16384.0,,,0.0625,32.0,2048.0,90.0,1811.0,147.0,,,,,,,54.0,711.0,0.075949,/user/home/t.tuna/evalhub/results/Qwen2.5/non-think/Qwen2.5-7B-Instruct/judged_by/gemma-4-26B-A4B-it__state-think__t0.6__max16384__basemax16384,/user/home/t.tuna/evalhub/results/Qwen2.5/non-think/Qwen2.5-7B-Instruct/judged_by/gemma-4-26B-A4B-it__state-think__t0.6__max16384__basemax16384/tubitak_math2026__t0.6__max16384__n64/tubitak_math2026_cot_summary.json,0.0439453125,0.0439453125,0.0439453125,0.0439453125,0.0439453125,0.0,0.0575706845238095,0.0575706845238095,0.0575706845238095,0.0303199404761904,0.0303199404761904,0.0303199404761904,0.063863365943945,0.063863365943945,0.056831801169701,0.0401704069716199,0.0149156759147339,0.0275430414431769,0.0664010119303454,0.0623947919660623,0.0582564923371272,0.0338295829503562,0.0037270039858912,0.0257245478102073,0.0703124999529535,0.0624983210578931,0.0603062198438216,0.0277913927335963,0.0002181917231519,0.0247819060835731,0.078125,0.0625,0.0621995179949451,0.0236492429454924,1.1082720055701676e-07,0.0244374727941317,0.09375,0.0625,0.0625,0.03125,0.0,0.0244140625,0.0625,0.0625,0.0624983210578931,0.0624983210578931,0.0603062198438216,0.0603062198438216,0.0277913927335963,0.0277913927335963,0.0002181917231519,0.0002181917231519,0.04345703125,0.04443359375,0.04345703125,0.04443359375,0.04345703125,0.04443359375,0.04345703125,0.04443359375,0.0565941220238095,0.0585472470238095,0.0565941220238095,0.0585472470238095,0.0303199404761904,0.0303199404761904,0.0303199404761904,0.0303199404761904,0.0625,0.0625,0.0621995179949451,0.0621995179949451,0.0236492429454924,0.0236492429454924,1.1082720055701676e-07,1.1082720055701676e-07,0.061910240943945,0.065816490943945,0.056831801169701,0.056831801169701,0.0401704069716199,0.0401704069716199,0.0149156759147339,0.0149156759147339,0.0625,0.0625,0.0625,0.0625,0.03125,0.03125,0.0,0.0,0.0623947919660623,0.0623947919660623,0.0582564923371272,0.0582564923371272,0.0338295829503562,0.0338295829503562,0.0037270039858912,0.0037270039858912,0.0247819060835731,0.0247819060835731,0.0,0.0,0.0303199404761904,0.0303199404761904,0.0244374727941317,0.0244374727941317,0.0275430414431769,0.0275430414431769,0.0244140625,0.0244140625,0.0257245478102073,0.0257245478102073,0.0624999999529535,0.0781249999529535,0.04345703125,0.04443359375,0.0565941220238095,0.0585472470238095,0.0625,0.09375,0.061910240943945,0.065816490943945,0.0625,0.125,0.0624947619303454,0.0703072619303454,previous,Gemma4,Qwen2.5-7B-Instruct|non-think|tubitak_math2026
Qwen2.5-7B-Instruct,Qwen2.5-7B-Instruct,Qwen,7.0,False,non-think,Instruct · Non-Think,pt_exams_math,PT,False,No-Judge,,,16,0.6,16384,,,,,,0.8795180722891566,166.0,2656.0,2081.0,575.0,0.0,1.0,2656.0,0.000377,1.0,1.0,1.0,,,,/user/home/t.tuna/evalhub/results/Qwen2.5/non-think/Qwen2.5-7B-Instruct,/user/home/t.tuna/evalhub/results/Qwen2.5/non-think/Qwen2.5-7B-Instruct/pt_exams_math__t0.6__max16384__n16/pt_exams_math_summary.json,0.7835090361445783,0.7835090361445783,0.7835090361445783,0.7835090361445783,0.7835090361445783,0.0,0.8632028112449799,0.86320281124498,0.86320281124498,0.7038152610441768,0.7038152610441768,0.7038152610441768,0.9065205878458892,0.9065205878458888,0.8477359989408181,0.7641831060505762,0.6155964517410301,0.6898897788958033,0.929190421359096,0.9034520365845669,0.8377940667097293,0.7410747886651502,0.5270695836960898,0.6814823396148696,0.9397590361445785,0.8975903614457831,0.8313253012048193,0.7289156626506024,0.4457831325301205,0.677710843373494,,,,,,,,,,,,,,,,,,,,,,,,,,,,,,,,,,,,,,,,,,,,,,,,,,,,,,,,,,,,,,,,,,,,,,,,,,,,,,,,,,,,,,,,,,,,,,,,,,,previous,No-Judge,Qwen2.5-7B-Instruct|non-think|pt_exams_math
Qwen2.5-7B-Instruct,Qwen2.5-7B-Instruct,Qwen,7.0,False,non-think,Instruct · Non-Think,tubitak_math2026,TR-OL,False,No-Judge,,,64,0.6,16384,,,,,,0.125,32.0,2048.0,237.0,1811.0,0.0,21.0,2048.0,0.010254,15.0,9.0,10.0,,,,/user/home/t.tuna/evalhub/results/Qwen2.5/non-think/Qwen2.5-7B-Instruct,/user/home/t.tuna/evalhub/results/Qwen2.5/non-think/Qwen2.5-7B-Instruct/tubitak_math2026__t0.6__max16384__n64/tubitak_math2026_summary.json,0.11572265625,0.11572265625,0.11572265625,0.11572265625,0.11572265625,0.0,0.1690228174603174,0.1690228174603175,0.1690228174603175,0.0624224950396825,0.0624224950396825,0.0624224950396825,0.2338188824412631,0.2338188824412631,0.1185438327069326,0.0755925920242502,0.034935317827554,0.0552639549259021,0.3163516963799532,0.1785443048218821,0.0997511026569488,0.0665768764833008,0.0144539171028324,0.051758628536854,0.4111116312732865,0.149220909519285,0.0942920947559518,0.0629890670362934,0.0025699259657741,0.0502886651562604,0.5044692338305303,0.134245763143762,0.0935589131680517,0.0618872227305697,3.397513466553633e-05,0.049829312509344,0.59375,0.125,0.09375,0.0625,0.0,0.0498046875,,,,,,,,,,,,,,,,,,,,,,,,,,,,,,,,,,,,,,,,,,,,,,,,,,,,,,,,,,,,,,,,,,,,,,,,,,,,,,,,,,,,,,,previous,No-Judge,Qwen2.5-7B-Instruct|non-think|tubitak_math2026
Qwen3.5-0.8B-Base,Q-0.8B·Base,Qwen,0.8,True,base,Pretrained,aime2026,EN,False,No-Judge,,,64,0.6,16384,,,,,,0.0333333333333333,30.0,1920.0,13.0,1907.0,0.0,1647.0,1920.0,0.857812,704.0,415.0,423.0,,,,/user/home/t.tuna/evalhub/results/base/Qwen3.5-0.8B-Base,/user/home/t.tuna/evalhub/results/base/Qwen3.5-0.8B-Base/aime2026__t0.6__max16384__n64/aime2026_summary.json,0.0067708333333333,0.0067708333333333,0.0067708333333333,0.0067708333333333,0.0067708333333333,0.0,0.0132275132275132,0.0132275132275132,0.0132275132275132,0.0003141534391534,0.0003141534391534,0.0003141534391534,0.0252461009963653,0.0252461009963654,0.0017898588132591,4.70587494648838e-05,3.147742439122661e-07,2.368676185439803e-05,0.0460206240084611,0.0075173335683647,2.1054899426131577e-05,0.0,0.0,6.120610298294064e-08,0.0768015579226578,0.0004965039073976,0.0,0.0,0.0,0.0,0.1099314771445919,0.0,0.0,0.0,0.0,0.0,0.1333333333333333,0.0,0.0,0.0,0.0,0.0,,,,,,,,,,,,,,,,,,,,,,,,,,,,,,,,,,,,,,,,,,,,,,,,,,,,,,,,,,,,,,,,,,,,,,,,,,,,,,,,,,,,,,,current,No-Judge,Q-0.8B|base|aime2026
Qwen3.5-0.8B-Base,Q-0.8B·Base,Qwen,0.8,True,base,Pretrained,aime2026_pt,PT,False,No-Judge,,,64,0.6,16384,,,,,,0.0,30.0,1920.0,7.0,1913.0,0.0,1594.0,1920.0,0.830208,829.0,292.0,296.0,,,,/user/home/t.tuna/evalhub/results/base/Qwen3.5-0.8B-Base,/user/home/t.tuna/evalhub/results/base/Qwen3.5-0.8B-Base/aime2026_pt__t0.6__max16384__n64/aime2026_pt_summary.json,0.0036458333333333,0.0036458333333333,0.0036458333333333,0.0036458333333333,0.0036458333333333,0.0,0.0072255291005291,0.0072255291005291,0.0072255291005291,6.613756613756614e-05,6.613756613756614e-05,6.613756613756614e-05,0.014189708141321,0.014189708141321,0.0003904249871991,3.20020481310804e-06,0.0,1.60010240655402e-06,0.0273596176821983,0.0017622461170848,0.0,0.0,0.0,0.0,0.0508448540706605,0.0,0.0,0.0,0.0,0.0,0.0878306878306878,0.0,0.0,0.0,0.0,0.0,0.1333333333333333,0.0,0.0,0.0,0.0,0.0,,,,,,,,,,,,,,,,,,,,,,,,,,,,,,,,,,,,,,,,,,,,,,,,,,,,,,,,,,,,,,,,,,,,,,,,,,,,,,,,,,,,,,,current,No-Judge,Q-0.8B|base|aime2026_pt
Qwen3.5-0.8B-Base,Q-0.8B·Base,Qwen,0.8,True,base,Pretrained,aime2026_tr,TR,False,No-Judge,,,64,0.6,16384,,,,,,0.0,30.0,1920.0,9.0,1911.0,0.0,1464.0,1920.0,0.7625,769.0,281.0,275.0,,,,/user/home/t.tuna/evalhub/results/base/Qwen3.5-0.8B-Base,/user/home/t.tuna/evalhub/results/base/Qwen3.5-0.8B-Base/aime2026_tr__t0.6__max16384__n64/aime2026_tr_summary.json,0.0046875,0.0046875,0.0046875,0.0046875,0.0046875,0.0,0.0091931216931216,0.0091931216931216,0.0091931216931216,0.0001818783068783,0.0001818783068783,0.0001818783068783,0.0176904698949913,0.0176904698949913,0.0010280526806174,3.121511252129973e-05,2.623118699268885e-07,1.573871219561331e-05,0.0328373190747595,0.0042506414399592,1.738253324715514e-05,0.0,0.0,6.120610298294064e-08,0.0571965786138181,0.0004010223867442,0.0,0.0,0.0,0.0,0.0909185532136351,0.0,0.0,0.0,0.0,0.0,0.1333333333333333,0.0,0.0,0.0,0.0,0.0,,,,,,,,,,,,,,,,,,,,,,,,,,,,,,,,,,,,,,,,,,,,,,,,,,,,,,,,,,,,,,,,,,,,,,,,,,,,,,,,,,,,,,,current,No-Judge,Q-0.8B|base|aime2026_tr
Qwen3.5-0.8B-Base,Q-0.8B·Base,Qwen,0.8,True,base,Pretrained,aime2026,EN,True,cot:Qwen3.6-35B·TH,Qwen3.6-35B-A3B,think,64,0.6,16384,,0.6,16384.0,,,0.0333333333333333,30.0,1920.0,12.0,1907.0,1.0,,,,,,,0.0,39.0,0.0,/user/home/t.tuna/evalhub/results/base/Qwen3.5-0.8B-Base/judged_by/Qwen3.6-35B-A3B__state-think__t0.6__max16384__basemax16384,/user/home/t.tuna/evalhub/results/base/Qwen3.5-0.8B-Base/judged_by/Qwen3.6-35B-A3B__state-think__t0.6__max16384__basemax16384/aime2026__t0.6__max16384__n64/aime2026_cot_summary.json,0.0062499999999999,0.00625,0.00625,0.00625,0.00625,0.0,0.0122189153439153,0.0122189153439153,0.0122189153439153,0.0002810846560846,0.0002810846560846,0.0002810846560846,0.0233579801566316,0.0233579801566316,0.0015978465244726,4.385854465177575e-05,3.147742439122661e-07,2.2086659447844013e-05,0.0427350804003368,0.0066810133772058,2.1054899426131577e-05,0.0,0.0,6.120610298294064e-08,0.0719884498837433,0.0004965039073976,0.0,0.0,0.0,0.0,0.1056986729117876,0.0,0.0,0.0,0.0,0.0,0.1333333333333333,0.0,0.0,0.0,0.0,0.0,0.0333333333333333,0.0333333333333333,0.0004010223867442,0.0004965039073976,0.0,0.0,0.0,0.0,0.0,0.0,0.0052083333333333,0.00625,0.0052083333333333,0.00625,0.0052083333333333,0.00625,0.0052083333333333,0.00625,0.0102017195767195,0.0122189153439153,0.0102017195767195,0.0122189153439153,0.000214947089947,0.0002810846560846,0.000214947089947,0.0002810846560846,0.0,0.0,0.0,0.0,0.0,0.0,0.0,0.0,0.019578590734725,0.0233579801566316,0.0012200649694039,0.0015978465244726,3.441531733440777e-05,4.385854465177575e-05,2.623118699268885e-07,3.147742439122661e-07,0.0,0.0,0.0,0.0,0.0,0.0,0.0,0.0,0.0050869616311181,0.0066810133772058,1.738253324715514e-05,2.1054899426131577e-05,0.0,0.0,0.0,0.0,0.0,0.0,0.0,0.0,0.000214947089947,0.0002810846560846,0.0,0.0,1.733881460216733e-05,2.2086659447844013e-05,0.0,0.0,6.120610298294064e-08,6.120610298294064e-08,0.0620096866527326,0.0719884498837433,0.0052083333333333,0.0062499999999999,0.0102017195767195,0.0122189153439153,0.0951513574464394,0.1056986729117876,0.019578590734725,0.0233579801566316,0.1333333333333333,0.1333333333333333,0.0361228626828838,0.0427350804003368,current,Qwen3.6,Q-0.8B|base|aime2026
Qwen3.5-0.8B-Base,Q-0.8B·Base,Qwen,0.8,True,base,Pretrained,aime2026_pt,PT,True,cot:Qwen3.6-35B·TH,Qwen3.6-35B-A3B,think,64,0.6,16384,,0.6,16384.0,,,0.0,30.0,1920.0,1.0,1913.0,6.0,,,,,,,0.0,21.0,0.0,/user/home/t.tuna/evalhub/results/base/Qwen3.5-0.8B-Base/judged_by/Qwen3.6-35B-A3B__state-think__t0.6__max16384__basemax16384,/user/home/t.tuna/evalhub/results/base/Qwen3.5-0.8B-Base/judged_by/Qwen3.6-35B-A3B__state-think__t0.6__max16384__basemax16384/aime2026_pt__t0.6__max16384__n64/aime2026_pt_cot_summary.json,0.0005208333333333,0.0005208333333333,0.0005208333333333,0.0005208333333333,0.0005208333333333,0.0,0.0010416666666666,0.0010416666666666,0.0010416666666666,0.0,0.0,0.0,0.0020833333333333,0.0020833333333333,0.0,0.0,0.0,0.0,0.0041666666666666,0.0,0.0,0.0,0.0,0.0,0.0083333333333333,0.0,0.0,0.0,0.0,0.0,0.0166666666666666,0.0,0.0,0.0,0.0,0.0,0.0333333333333333,0.0,0.0,0.0,0.0,0.0,0.0,0.0,0.0,0.0,0.0,0.0,0.0,0.0,0.0,0.0,0.0005208333333333,0.0005208333333333,0.0005208333333333,0.0005208333333333,0.0005208333333333,0.0005208333333333,0.0005208333333333,0.0005208333333333,0.0010416666666666,0.0010416666666666,0.0010416666666666,0.0010416666666666,0.0,0.0,0.0,0.0,0.0,0.0,0.0,0.0,0.0,0.0,0.0,0.0,0.0020833333333333,0.0020833333333333,0.0,0.0,0.0,0.0,0.0,0.0,0.0,0.0,0.0,0.0,0.0,0.0,0.0,0.0,0.0,0.0,0.0,0.0,0.0,0.0,0.0,0.0,0.0,0.0,0.0,0.0,0.0,0.0,0.0,0.0,0.0,0.0,0.0,0.0,0.0,0.0,0.0083333333333333,0.0083333333333333,0.0005208333333333,0.0005208333333333,0.0010416666666666,0.0010416666666666,0.0166666666666666,0.0166666666666666,0.0020833333333333,0.0020833333333333,0.0333333333333333,0.0333333333333333,0.0041666666666666,0.0041666666666666,current,Qwen3.6,Q-0.8B|base|aime2026_pt
Qwen3.5-0.8B-Base,Q-0.8B·Base,Qwen,0.8,True,base,Pretrained,aime2026_tr,TR,True,cot:Qwen3.6-35B·TH,Qwen3.6-35B-A3B,think,64,0.6,16384,,0.6,16384.0,,,0.0,30.0,1920.0,4.0,1911.0,5.0,,,,,,,1.0,27.0,0.037037,/user/home/t.tuna/evalhub/results/base/Qwen3.5-0.8B-Base/judged_by/Qwen3.6-35B-A3B__state-think__t0.6__max16384__basemax16384,/user/home/t.tuna/evalhub/results/base/Qwen3.5-0.8B-Base/judged_by/Qwen3.6-35B-A3B__state-think__t0.6__max16384__basemax16384/aime2026_tr__t0.6__max16384__n64/aime2026_tr_cot_summary.json,0.0020833333333333,0.0020833333333333,0.0020833333333333,0.0020833333333333,0.0020833333333333,0.0,0.0041170634920634,0.0041170634920634,0.0041170634920634,4.960317460317461e-05,4.960317460317461e-05,4.960317460317461e-05,0.0080389144905273,0.0080389144905273,0.0002912186379928,3.20020481310804e-06,0.0,1.60010240655402e-06,0.0153225806451612,0.0012992831541218,0.0,0.0,0.0,0.0,0.0278289810547875,0.0,0.0,0.0,0.0,0.0,0.046031746031746,0.0,0.0,0.0,0.0,0.0,0.0666666666666666,0.0,0.0,0.0,0.0,0.0,0.0,0.0,0.0,0.0004010223867442,0.0,0.0,0.0,0.0,0.0,0.0,0.0020833333333333,0.0036458333333333,0.0020833333333333,0.0036458333333333,0.0020833333333333,0.0036458333333333,0.0020833333333333,0.0036458333333333,0.0041170634920634,0.0071263227513227,0.0041170634920634,0.0071263227513227,4.960317460317461e-05,0.0001653439153439,4.960317460317461e-05,0.0001653439153439,0.0,0.0,0.0,0.0,0.0,0.0,0.0,0.0,0.0080389144905273,0.0136230095775309,0.0002912186379928,0.0009288463314111,3.20020481310804e-06,3.121511252129973e-05,0.0,2.623118699268885e-07,0.0,0.0,0.0,0.0,0.0,0.0,0.0,0.0,0.0012992831541218,0.0037876784769962,0.0,1.738253324715514e-05,0.0,0.0,0.0,0.0,0.0,0.0,0.0,0.0,4.960317460317461e-05,0.0001653439153439,0.0,0.0,1.60010240655402e-06,1.573871219561331e-05,0.0,0.0,0.0,6.120610298294064e-08,0.0278289810547875,0.0425140389312784,0.0020833333333333,0.0036458333333333,0.0041170634920634,0.0071263227513227,0.046031746031746,0.06578627808136,0.0080389144905273,0.0136230095775309,0.0666666666666666,0.1,0.0153225806451612,0.0249669487043892,current,Qwen3.6,Q-0.8B|base|aime2026_tr
Qwen3.5-0.8B-Base,Q-0.8B·Base,Qwen,0.8,True,base,Pretrained,pt_exams_math,PT,True,cot:Qwen3.6-35B·TH,Qwen3.6-35B-A3B,think,16,0.6,16384,,0.6,16384.0,,,0.6807228915662651,166.0,2656.0,1186.0,1292.0,178.0,,,,,,,10.0,4092.0,0.002444,/user/home/t.tuna/evalhub/results/base/Qwen3.5-0.8B-Base/judged_by/Qwen3.6-35B-A3B__state-think__t0.6__max16384__basemax16384,/user/home/t.tuna/evalhub/results/base/Qwen3.5-0.8B-Base/judged_by/Qwen3.6-35B-A3B__state-think__t0.6__max16384__basemax16384/pt_exams_math__t0.6__max16384__n16/pt_exams_math_cot_summary.json,0.4465361445783132,0.4465361445783132,0.4465361445783132,0.4465361445783132,0.4465361445783132,0.0,0.5863453815261045,0.5863453815261045,0.5863453815261045,0.3067269076305219,0.3067269076305219,0.3067269076305219,0.6956209453197405,0.6956209453197406,0.5317258043161655,0.3677578445650736,0.1910399841122735,0.2793989143386735,0.7700110465170709,0.6749829153443615,0.497629211484633,0.3130564214901565,0.1075284822272774,0.2612630007208322,0.8132530120481928,0.6506024096385542,0.4819277108433735,0.2710843373493976,0.0481927710843373,0.25,,,,,,,,,,,,,0.6746987951807228,0.6807228915662651,0.6325301204819277,0.6626506024096386,0.4457831325301205,0.5,0.2228915662650602,0.2831325301204819,0.0421686746987951,0.0783132530120482,0.4201807228915662,0.4649849397590361,0.4201807228915662,0.4649849397590361,0.4201807228915662,0.4649849397590361,0.4201807228915662,0.4649849397590361,0.5633032128514057,0.6020582329317271,0.5633032128514057,0.6020582329317271,0.2770582329317267,0.3279116465863452,0.2770582329317267,0.3279116465863452,,,,,,,,,0.6806335231034031,0.7064345293260956,0.503151065801668,0.5523401297497682,0.3316165761948894,0.3883655501125382,0.165321726466305,0.2127995498477428,,,,,,,,,0.6583167167504521,0.6884114546765153,0.4659102610909839,0.5222170734218924,0.2715800263993037,0.3316974190468166,0.0922650976867844,0.1323466359610938,0.2176204819277108,0.2703313253012048,0.0,0.0,0.2770582329317267,0.3279116465863452,,,0.2484691513305972,0.3005825499801405,,,0.2291321463008212,0.2820980893270052,0.8072289156626506,0.8132530120481928,0.4201807228915662,0.4649849397590361,0.5633032128514057,0.6020582329317271,,,0.6806335231034029,0.7064345293260956,,,0.7615684181949244,0.7742335308600373,current,Qwen3.6,Q-0.8B|base|pt_exams_math
Qwen3.5-0.8B-Base,Q-0.8B·Base,Qwen,0.8,True,base,Pretrained,tubitak_math2026,TR-OL,True,cot:Qwen3.6-35B·TH,Qwen3.6-35B-A3B,think,64,0.6,16384,,0.6,16384.0,,,0.09375,32.0,2048.0,35.0,1973.0,40.0,,,,,,,0.0,225.0,0.0,/user/home/t.tuna/evalhub/results/base/Qwen3.5-0.8B-Base/judged_by/Qwen3.6-35B-A3B__state-think__t0.6__max16384__basemax16384,/user/home/t.tuna/evalhub/results/base/Qwen3.5-0.8B-Base/judged_by/Qwen3.6-35B-A3B__state-think__t0.6__max16384__basemax16384/tubitak_math2026__t0.6__max16384__n64/tubitak_math2026_cot_summary.json,0.01708984375,0.01708984375,0.01708984375,0.01708984375,0.01708984375,0.0,0.0312655009920634,0.0312655009920634,0.0312655009920634,0.0029141865079365,0.0029141865079365,0.0029141865079365,0.0531024149479992,0.0531024149479993,0.0131527925983984,0.0019801759115862,0.000123991542016,0.0010520837268011,0.0806850533408493,0.0366541880736503,0.0041805377847554,0.0001019872931688,1.7169913159918796e-07,0.0002359623061196,0.1082133498286733,0.0268646214079508,0.0006021588677551,7.3118780808255e-08,1.0874528294710197e-15,1.6058386342527395e-05,0.1325269593674961,0.0227226325956972,4.485809799916968e-07,0.0,0.0,8.010374642708871e-10,0.15625,0.03125,0.0,0.0,0.0,0.0,0.09375,0.09375,0.0201433793841535,0.0368604956754591,0.000215998256265,0.0009841164907418,6.291604767229681e-09,2.0251588587710526e-07,0.0,9.787075465239175e-15,0.0146484375,0.01953125,0.0146484375,0.01953125,0.0146484375,0.01953125,0.0146484375,0.01953125,0.0271112351190476,0.0352337549603174,0.0271112351190476,0.0352337549603174,0.0021856398809523,0.0038287450396825,0.0021856398809523,0.0038287450396825,0.015625,0.0332949409170213,0.0,2.747933456155823e-06,0.0,0.0,0.0,0.0,0.046940414022563,0.0583323398271259,0.0102624272871496,0.0167992554802195,0.0013213140722973,0.0028069993200876,6.959461798997759e-05,0.0001864053725667,0.0,0.03125,0.0,0.0,0.0,0.0,0.0,0.0,0.0304655296489591,0.0441473590789141,0.0026246443668798,0.0061031776883104,4.391860308821612e-05,0.0001623849038032,4.5432950032516726e-08,3.180306502276171e-07,4.174885773861598e-06,2.9260601257484435e-05,0.0,0.0,0.0021856398809523,0.0038287450396825,0.0,1.0328270284003354e-08,0.0006954543451436,0.0014967023463272,0.0,0.0,0.0001216066283393,0.000361292874273,0.1003420735112505,0.1096901408874181,0.0146484375,0.01953125,0.0271112351190476,0.0352337549603174,0.1244528622221797,0.1325579684268625,0.046940414022563,0.0583323398271259,0.15625,0.15625,0.0731788250398917,0.0851635912459879,current,Qwen3.6,Q-0.8B|base|tubitak_math2026
Qwen3.5-0.8B-Base,Q-0.8B·Base,Qwen,0.8,True,base,Pretrained,tubitak_math2026,TR-OL,True,cot:deepseek-v4-flash·NT,deepseek-v4-flash,non-think,64,0.6,16384,,0.6,5000.0,,thinking-disabled,0.125,32.0,2048.0,39.0,1973.0,36.0,,,,,,,0.0,225.0,0.0,/user/home/t.tuna/evalhub/results/base/Qwen3.5-0.8B-Base/judged_by/deepseek-v4-flash__state-non-think__t0.6__max5000__basemax16384__eb-thinking-disabled,/user/home/t.tuna/evalhub/results/base/Qwen3.5-0.8B-Base/judged_by/deepseek-v4-flash__state-non-think__t0.6__max5000__basemax16384__eb-thinking-disabled/tubitak_math2026__t0.6__max16384__n64/tubitak_math2026_cot_summary.json,0.01904296875,0.01904296875,0.01904296875,0.01904296875,0.01904296875,0.0,0.0354507688492063,0.0354507688492063,0.0354507688492063,0.0026351686507936,0.0026351686507936,0.0026351686507936,0.0619084703388229,0.061908470338823,0.0127762930925939,0.0014266158935811,6.0495675001888656e-05,0.0007435557842915,0.0972867306570096,0.0396949364994331,0.0026080344333623,2.50305477854437e-05,1.2581432316696941e-08,9.133435367049306e-05,0.1333225651859229,0.0250410395740797,8.385825658527413e-05,2.2646205173733984e-10,0.0,1.0063573131499507e-06,0.1629804597517427,0.0136380792220502,0.0,0.0,0.0,0.0,0.1875,0.0,0.0,0.0,0.0,0.0,0.125,0.125,0.0142196670344571,0.0361143773400485,2.588998754279986e-05,0.00065950405634,1.7317686309325983e-11,7.332792517368302e-08,0.0,1.0874528294710197e-15,0.01416015625,0.02197265625,0.01416015625,0.02197265625,0.01416015625,0.02197265625,0.01416015625,0.02197265625,0.0266772073412698,0.0401475694444444,0.0266772073412698,0.0401475694444444,0.0016431051587301,0.0037977430555555,0.0016431051587301,0.0037977430555555,0.0053429566940833,0.0306782706804082,0.0,4.485809799916968e-07,0.0,0.0,0.0,0.0,0.0476120143820352,0.0679686614697439,0.008226624864647,0.0172111670884641,0.0007739511722192,0.0025570980805066,2.8034581098436205e-05,0.0001536983612852,0.0,0.03125,0.0,0.0,0.0,0.0,0.0,0.0,0.0271428542567729,0.0480028945749164,0.0012877491775856,0.0053659780448356,9.252309074593984e-06,0.0001171783983715,3.501902597688935e-09,1.8072217901823321e-07,2.575869770976952e-07,1.6805534073221346e-05,0.0,0.0,0.0016431051587301,0.0037977430555555,0.0,8.010374642708871e-10,0.0004009928766588,0.0013553982208959,0.0,0.0,3.8393132075697e-05,0.0002855125457634,0.11093457012596,0.1357925280170978,0.0141601562499999,0.02197265625,0.0266772073412698,0.0401475694444444,0.1399712408855297,0.1634302506148099,0.0476120143820351,0.0679686614697438,0.15625,0.1875,0.0775087266096696,0.1025025515311361,current,V4-Flash,Q-0.8B|base|tubitak_math2026
Qwen3.5-0.8B-Base,Q-0.8B·Base,Qwen,0.8,True,base,Pretrained,aime2026,EN,True,cot:G4-26B·TH,gemma-4-26B-A4B-it,think,64,0.6,16384,,0.6,16384.0,,,0.0333333333333333,30.0,1920.0,11.0,1907.0,2.0,,,,,,,1.0,39.0,0.025641,/user/home/t.tuna/evalhub/results/base/Qwen3.5-0.8B-Base/judged_by/gemma-4-26B-A4B-it__state-think__t0.6__max16384__basemax16384,/user/home/t.tuna/evalhub/results/base/Qwen3.5-0.8B-Base/judged_by/gemma-4-26B-A4B-it__state-think__t0.6__max16384__basemax16384/aime2026__t0.6__max16384__n64/aime2026_cot_summary.json,0.0057291666666666,0.0057291666666666,0.0057291666666666,0.0057291666666666,0.0057291666666666,0.0,0.0112268518518518,0.0112268518518518,0.0112268518518518,0.0002314814814814,0.0002314814814814,0.0002314814814814,0.021562717718852,0.021562717718852,0.0013192713186102,3.441531733440777e-05,2.623118699268885e-07,1.733881460216733e-05,0.0398265663865875,0.0055499245940811,1.738253324715514e-05,0.0,0.0,6.120610298294064e-08,0.068358893001939,0.0004010223867442,0.0,0.0,0.0,0.0,0.1036169659120478,0.0,0.0,0.0,0.0,0.0,0.1333333333333333,0.0,0.0,0.0,0.0,0.0,0.0333333333333333,0.0333333333333333,9.548152065338736e-05,0.0004010223867442,0.0,0.0,0.0,0.0,0.0,0.0,0.0041666666666666,0.0057291666666666,0.0041666666666666,0.0057291666666666,0.0041666666666666,0.0057291666666666,0.0041666666666666,0.0057291666666666,0.0082175925925925,0.0112268518518518,0.0082175925925925,0.0112268518518518,0.0001157407407407,0.0002314814814814,0.0001157407407407,0.0002314814814814,0.0,0.0,0.0,0.0,0.0,0.0,0.0,0.0,0.0159849705791006,0.021562717718852,0.0006690001930615,0.0013192713186102,1.2643432130476024e-05,3.441531733440777e-05,5.24623739853777e-08,2.623118699268885e-07,0.0,0.0,0.0,0.0,0.0,0.0,0.0,0.0,0.0028933349002095,0.0055499245940811,3.672366178976438e-06,1.738253324715514e-05,0.0,0.0,0.0,0.0,0.0,0.0,0.0,0.0,0.0001157407407407,0.0002314814814814,0.0,0.0,6.347947252230701e-06,1.733881460216733e-05,0.0,0.0,0.0,6.120610298294064e-08,0.0544744109524648,0.068358893001939,0.0041666666666666,0.0057291666666666,0.0082175925925925,0.0112268518518518,0.0899123948304276,0.1036169659120478,0.0159849705791006,0.021562717718852,0.1333333333333333,0.1333333333333333,0.0302681316959476,0.0398265663865875,current,Gemma4,Q-0.8B|base|aime2026
Qwen3.5-0.8B-Base,Q-0.8B·Base,Qwen,0.8,True,base,Pretrained,aime2026_pt,PT,True,cot:G4-26B·TH,gemma-4-26B-A4B-it,think,64,0.6,16384,,0.6,16384.0,,,0.0,30.0,1920.0,0.0,1913.0,7.0,,,,,,,4.0,21.0,0.190476,/user/home/t.tuna/evalhub/results/base/Qwen3.5-0.8B-Base/judged_by/gemma-4-26B-A4B-it__state-think__t0.6__max16384__basemax16384,/user/home/t.tuna/evalhub/results/base/Qwen3.5-0.8B-Base/judged_by/gemma-4-26B-A4B-it__state-think__t0.6__max16384__basemax16384/aime2026_pt__t0.6__max16384__n64/aime2026_pt_cot_summary.json,0.0,0.0,0.0,0.0,0.0,0.0,0.0,0.0,0.0,0.0,0.0,0.0,0.0,0.0,0.0,0.0,0.0,0.0,0.0,0.0,0.0,0.0,0.0,0.0,0.0,0.0,0.0,0.0,0.0,0.0,0.0,0.0,0.0,0.0,0.0,0.0,0.0,0.0,0.0,0.0,0.0,0.0,0.0,0.0,0.0,0.0,0.0,0.0,0.0,0.0,0.0,0.0,0.0,0.0015625,0.0,0.0015625,0.0,0.0015625,0.0,0.0015625,0.0,0.0031084656084656,0.0,0.0031084656084656,0.0,1.6534391534391536e-05,0.0,1.6534391534391536e-05,0.0,0.0,0.0,0.0,0.0,0.0,0.0,0.0,0.0,0.0061507936507936,0.0,9.920634920634922e-05,0.0,0.0,0.0,0.0,0.0,0.0,0.0,0.0,0.0,0.0,0.0,0.0,0.0,0.0004629629629629,0.0,0.0,0.0,0.0,0.0,0.0,0.0,0.0,0.0,0.0,0.0,1.6534391534391536e-05,0.0,0.0,0.0,0.0,0.0,0.0,0.0,0.0,0.0,0.023015873015873,0.0,0.0015625,0.0,0.0031084656084656,0.0,0.0417989417989418,0.0,0.0061507936507936,0.0,0.0666666666666666,0.0,0.012037037037037,current,Gemma4,Q-0.8B|base|aime2026_pt
Qwen3.5-0.8B-Base,Q-0.8B·Base,Qwen,0.8,True,base,Pretrained,aime2026_tr,TR,True,cot:G4-26B·TH,gemma-4-26B-A4B-it,think,64,0.6,16384,,0.6,16384.0,,,0.0,30.0,1920.0,3.0,1911.0,6.0,,,,,,,1.0,27.0,0.037037,/user/home/t.tuna/evalhub/results/base/Qwen3.5-0.8B-Base/judged_by/gemma-4-26B-A4B-it__state-think__t0.6__max16384__basemax16384,/user/home/t.tuna/evalhub/results/base/Qwen3.5-0.8B-Base/judged_by/gemma-4-26B-A4B-it__state-think__t0.6__max16384__basemax16384/aime2026_tr__t0.6__max16384__n64/aime2026_tr_cot_summary.json,0.0015624999999999,0.0015625,0.0015625,0.0015625,0.0015625,0.0,0.0030753968253968,0.0030753968253968,0.0030753968253968,4.960317460317461e-05,4.960317460317461e-05,4.960317460317461e-05,0.005955581157194,0.005955581157194,0.0002912186379928,3.20020481310804e-06,0.0,1.60010240655402e-06,0.0111559139784946,0.0012992831541218,0.0,0.0,0.0,0.0,0.0194956477214541,0.0,0.0,0.0,0.0,0.0,0.0293650793650793,0.0,0.0,0.0,0.0,0.0,0.0333333333333333,0.0,0.0,0.0,0.0,0.0,0.0,0.0,0.0,0.0,0.0,0.0,0.0,0.0,0.0,0.0,0.0005208333333333,0.0020833333333333,0.0005208333333333,0.0020833333333333,0.0005208333333333,0.0020833333333333,0.0005208333333333,0.0020833333333333,0.0010416666666666,0.0041170634920634,0.0010416666666666,0.0041170634920634,0.0,4.960317460317461e-05,0.0,4.960317460317461e-05,0.0,0.0,0.0,0.0,0.0,0.0,0.0,0.0,0.0020833333333333,0.0080389144905273,0.0,0.0002912186379928,0.0,3.20020481310804e-06,0.0,0.0,0.0,0.0,0.0,0.0,0.0,0.0,0.0,0.0,0.0,0.0012992831541218,0.0,0.0,0.0,0.0,0.0,0.0,0.0,0.0,0.0,0.0,0.0,4.960317460317461e-05,0.0,0.0,0.0,1.60010240655402e-06,0.0,0.0,0.0,0.0,0.0083333333333333,0.0278289810547875,0.0005208333333333,0.0020833333333333,0.0010416666666666,0.0041170634920634,0.0166666666666666,0.046031746031746,0.0020833333333333,0.0080389144905273,0.0333333333333333,0.0666666666666666,0.0041666666666666,0.0153225806451612,current,Gemma4,Q-0.8B|base|aime2026_tr
Qwen3.5-0.8B-Base,Q-0.8B·Base,Qwen,0.8,True,base,Pretrained,pt_exams_math,PT,True,cot:G4-26B·TH,gemma-4-26B-A4B-it,think,16,0.6,16384,,0.6,16384.0,,,0.6686746987951807,166.0,2656.0,1022.0,1292.0,342.0,,,,,,,69.0,4092.0,0.016862,/user/home/t.tuna/evalhub/results/base/Qwen3.5-0.8B-Base/judged_by/gemma-4-26B-A4B-it__state-think__t0.6__max16384__basemax16384,/user/home/t.tuna/evalhub/results/base/Qwen3.5-0.8B-Base/judged_by/gemma-4-26B-A4B-it__state-think__t0.6__max16384__basemax16384/pt_exams_math__t0.6__max16384__n16/pt_exams_math_cot_summary.json,0.384789156626506,0.384789156626506,0.384789156626506,0.384789156626506,0.384789156626506,0.0,0.5255522088353413,0.5255522088353413,0.5255522088353413,0.2440261044176705,0.2440261044176705,0.2440261044176705,0.64811995233682,0.6481199523368202,0.4595558056401428,0.2898417847213029,0.1416390838077587,0.2157404342645307,0.7346018105054253,0.6249875960719339,0.4182370507671712,0.229782065324234,0.0773705544789881,0.1958749918087269,0.7771084337349398,0.5843373493975904,0.4036144578313253,0.1987951807228915,0.0301204819277108,0.180722891566265,,,,,,,,,,,,,0.6566265060240963,0.6686746987951807,0.5301204819277109,0.6325301204819277,0.3554216867469879,0.4457831325301205,0.1686746987951807,0.2108433734939759,0.0240963855421686,0.0542168674698795,0.3493975903614458,0.4134036144578313,0.3493975903614458,0.4134036144578313,0.3493975903614458,0.4134036144578313,0.3493975903614458,0.4134036144578313,0.4857429718875503,0.5570281124497991,0.4857429718875503,0.5570281124497991,0.2130522088353412,0.2697791164658633,0.2130522088353412,0.2697791164658633,,,,,,,,,0.6063617105785785,0.6765589831854893,0.4196842314312191,0.4966999867602277,0.2560042367271283,0.3190917516218721,0.1155401827088575,0.1612637362637365,,,,,,,,,0.571618876438154,0.6593558382715013,0.3843673060540531,0.4574428249127042,0.1970750133400736,0.2545988148397788,0.0580274477864839,0.0956717312138998,0.1513554216867469,0.2055722891566265,0.0,0.0,0.2130522088353412,0.2697791164658633,,,0.1857722097179928,0.2401777439428042,,,0.1661336488143718,0.2194377744076541,0.7590361445783133,0.7951807228915663,0.3493975903614458,0.4134036144578313,0.4857429718875503,0.5570281124497991,,,0.6063617105785784,0.6765589831854892,,,0.6979376714316475,0.7545852407298193,current,Gemma4,Q-0.8B|base|pt_exams_math
Qwen3.5-0.8B-Base,Q-0.8B·Base,Qwen,0.8,True,base,Pretrained,tubitak_math2026,TR-OL,True,cot:G4-26B·TH,gemma-4-26B-A4B-it,think,64,0.6,16384,,0.6,16384.0,,,0.09375,32.0,2048.0,22.0,1973.0,53.0,,,,,,,21.0,225.0,0.093333,/user/home/t.tuna/evalhub/results/base/Qwen3.5-0.8B-Base/judged_by/gemma-4-26B-A4B-it__state-think__t0.6__max16384__basemax16384,/user/home/t.tuna/evalhub/results/base/Qwen3.5-0.8B-Base/judged_by/gemma-4-26B-A4B-it__state-think__t0.6__max16384__basemax16384/tubitak_math2026__t0.6__max16384__n64/tubitak_math2026_cot_summary.json,0.0107421874999999,0.0107421875,0.0107421875,0.0107421875,0.0107421875,0.0,0.0201822916666666,0.0201822916666666,0.0201822916666666,0.0013020833333333,0.0013020833333333,0.0013020833333333,0.0358542127023998,0.0358542127023998,0.006441658167762,0.0006477955572763,2.5083572561758717e-05,0.000336439564919,0.0580186435786711,0.0208000396862939,0.0011249143146,8.956370063939287e-06,3.4948423101935942e-09,3.577380954172248e-05,0.0828118807849793,0.0116886888047481,2.5799121642734827e-05,1.7317686309325983e-11,0.0,2.575869770976952e-07,0.1052749043521058,0.0052686944721211,0.0,0.0,0.0,0.0,0.125,0.0,0.0,0.0,0.0,0.0,0.0625,0.09375,0.0056194765800716,0.0165197525732692,7.139463576538342e-07,0.0001169916428987,0.0,1.3582237864232911e-09,0.0,0.0,0.00830078125,0.01318359375,0.00830078125,0.01318359375,0.00830078125,0.01318359375,0.00830078125,0.01318359375,0.0158110119047619,0.0245690724206349,0.0158110119047619,0.0245690724206349,0.000790550595238,0.001798115079365,0.000790550595238,0.001798115079365,0.0004137466652181,0.0119260588921207,0.0,0.0,0.0,0.0,0.0,0.0,0.0287649065277882,0.0430775438480521,0.004140068243056,0.0085751881563042,0.0002912153590944,0.0010314266670443,6.934870061192113e-06,5.021632859912871e-05,0.0,0.0,0.0,0.0,0.0,0.0,0.0,0.0,0.0147388657028369,0.0261172417208475,0.0003738853471143,0.0019944024095486,9.064138292268164e-07,2.721692113470081e-05,6.354258745806536e-11,2.120204334850781e-08,1.6226053583041688e-09,1.872502975395139e-06,0.0,0.0,0.000790550595238,0.001798115079365,0.0,0.0,0.0001490751145778,0.0005408214978217,0.0,0.0,6.618151111519881e-06,8.356611526234781e-05,0.0711071273794757,0.0969270757731775,0.00830078125,0.01318359375,0.0158110119047619,0.0245690724206349,0.0933404642475875,0.1237966187657257,0.0287649065277882,0.0430775438480521,0.125,0.15625,0.0481829914383917,0.0685828567052987,current,Gemma4,Q-0.8B|base|tubitak_math2026
Qwen3.5-0.8B-Base,Q-0.8B·Base,Qwen,0.8,True,base,Pretrained,pt_exams_math,PT,False,No-Judge,,,16,0.6,16384,,,,,,0.6867469879518072,166.0,2656.0,1364.0,1292.0,0.0,516.0,2656.0,0.194277,356.0,125.0,125.0,,,,/user/home/t.tuna/evalhub/results/base/Qwen3.5-0.8B-Base,/user/home/t.tuna/evalhub/results/base/Qwen3.5-0.8B-Base/pt_exams_math__t0.6__max16384__n16/pt_exams_math_summary.json,0.5135542168674698,0.5135542168674698,0.5135542168674698,0.5135542168674698,0.5135542168674698,0.0,0.646636546184739,0.6466365461847386,0.6466365461847386,0.3804718875502005,0.3804718875502005,0.3804718875502005,0.7473818350324375,0.7473818350324378,0.5954620680524294,0.4467496359062625,0.2646233284787502,0.3556864821925063,0.8240837475777235,0.7151529193697872,0.5713834358412669,0.3971353947257564,0.1744951835313282,0.3396084337349399,0.8855421686746988,0.6867469879518072,0.572289156626506,0.3554216867469879,0.108433734939759,0.3298192771084337,,,,,,,,,,,,,,,,,,,,,,,,,,,,,,,,,,,,,,,,,,,,,,,,,,,,,,,,,,,,,,,,,,,,,,,,,,,,,,,,,,,,,,,,,,,,,,,,,,,current,No-Judge,Q-0.8B|base|pt_exams_math
Qwen3.5-0.8B-Base,Q-0.8B·Base,Qwen,0.8,True,base,Pretrained,tubitak_math2026,TR-OL,False,No-Judge,,,64,0.6,16384,,,,,,0.125,32.0,2048.0,75.0,1973.0,0.0,1589.0,2048.0,0.775879,582.0,257.0,275.0,,,,/user/home/t.tuna/evalhub/results/base/Qwen3.5-0.8B-Base,/user/home/t.tuna/evalhub/results/base/Qwen3.5-0.8B-Base/tubitak_math2026__t0.6__max16384__n64/tubitak_math2026_summary.json,0.03662109375,0.03662109375,0.03662109375,0.03662109375,0.03662109375,0.0,0.0655536954365079,0.0655536954365079,0.0655536954365079,0.007688492063492,0.007688492063492,0.007688492063492,0.1076418726864092,0.1076418726864093,0.0320511004507567,0.0062943536583062,0.0004970482045277,0.0033957009314169,0.1580380224962259,0.077813856413114,0.0143646255692157,0.0005338764533819,1.4684480152934042e-06,0.0010299626332217,0.2130792742559228,0.0688531321612079,0.0035169792972747,1.6738578253629532e-06,3.7190886767908876e-13,0.0001294853288892,0.2765745919627614,0.0710848881022289,5.103304312504031e-05,0.0,0.0,3.991397027913102e-07,0.34375,0.0625,0.0,0.0,0.0,0.0,,,,,,,,,,,,,,,,,,,,,,,,,,,,,,,,,,,,,,,,,,,,,,,,,,,,,,,,,,,,,,,,,,,,,,,,,,,,,,,,,,,,,,,current,No-Judge,Q-0.8B|base|tubitak_math2026
Qwen3.5-2B-Base,Q-2B·Base,Qwen,2.0,True,base,Pretrained,aime2026,EN,False,No-Judge,,,64,0.6,16384,,,,,,0.4,30.0,1920.0,283.0,1637.0,0.0,1582.0,1920.0,0.823958,253.0,217.0,241.0,,,,/user/home/t.tuna/evalhub/results/base/Qwen3.5-2B-Base,/user/home/t.tuna/evalhub/results/base/Qwen3.5-2B-Base/aime2026__t0.6__max16384__n64/aime2026_summary.json,0.1473958333333333,0.1473958333333333,0.1473958333333333,0.1473958333333333,0.1473958333333333,0.0,0.2140046296296296,0.2140046296296296,0.2140046296296296,0.080787037037037,0.080787037037037,0.080787037037037,0.2800304596543359,0.2800304596543359,0.1711253389069359,0.1016857210008981,0.0367418137711633,0.0692137673860307,0.345805796924305,0.244482671461723,0.1495781313895696,0.0822145217462647,0.0093999065498389,0.0625162535575045,0.413285539565536,0.2341848223549819,0.1374058789898689,0.070803145500841,0.0005452906259215,0.0598557583476211,0.4903621998082944,0.2361946117351131,0.1334358199532645,0.0605701664758053,3.707407862868578e-07,0.0593807006877114,0.5666666666666667,0.2666666666666666,0.1333333333333333,0.0666666666666666,0.0,0.059375,,,,,,,,,,,,,,,,,,,,,,,,,,,,,,,,,,,,,,,,,,,,,,,,,,,,,,,,,,,,,,,,,,,,,,,,,,,,,,,,,,,,,,,current,No-Judge,Q-2B|base|aime2026
Qwen3.5-2B-Base,Q-2B·Base,Qwen,2.0,True,base,Pretrained,aime2026_pt,PT,False,No-Judge,,,64,0.6,16384,,,,,,0.2333333333333333,30.0,1920.0,220.0,1700.0,0.0,1513.0,1920.0,0.788021,314.0,165.0,185.0,,,,/user/home/t.tuna/evalhub/results/base/Qwen3.5-2B-Base,/user/home/t.tuna/evalhub/results/base/Qwen3.5-2B-Base/aime2026_pt__t0.6__max16384__n64/aime2026_pt_summary.json,0.1145833333333334,0.1145833333333333,0.1145833333333333,0.1145833333333333,0.1145833333333333,0.0,0.1737433862433862,0.1737433862433862,0.1737433862433862,0.0554232804232804,0.0554232804232804,0.0554232804232804,0.2307946790561809,0.2307946790561809,0.1406324758882929,0.0688113285151889,0.0180948498736706,0.0434530891944297,0.2775480584725109,0.211092895870612,0.1221495444812761,0.0424153968709105,0.0026856379759193,0.0352071379216032,0.3185172143859801,0.2039205664726594,0.113527901710422,0.0245344439791977,7.006847737717267e-05,0.0302425541864472,0.3669112350674895,0.1980389188743461,0.1134275232431346,0.0135582118978548,4.3631558198220235e-09,0.027512222145822,0.4333333333333333,0.2,0.1,0.0,0.0,0.0260416666666666,,,,,,,,,,,,,,,,,,,,,,,,,,,,,,,,,,,,,,,,,,,,,,,,,,,,,,,,,,,,,,,,,,,,,,,,,,,,,,,,,,,,,,,current,No-Judge,Q-2B|base|aime2026_pt
Qwen3.5-2B-Base,Q-2B·Base,Qwen,2.0,True,base,Pretrained,aime2026_tr,TR,False,No-Judge,,,64,0.6,16384,,,,,,0.2333333333333333,30.0,1920.0,204.0,1716.0,0.0,1462.0,1920.0,0.761458,343.0,177.0,197.0,,,,/user/home/t.tuna/evalhub/results/base/Qwen3.5-2B-Base,/user/home/t.tuna/evalhub/results/base/Qwen3.5-2B-Base/aime2026_tr__t0.6__max16384__n64/aime2026_tr_summary.json,0.10625,0.10625,0.10625,0.10625,0.10625,0.0,0.1626157407407407,0.1626157407407407,0.1626157407407407,0.0498842592592592,0.0498842592592592,0.0498842592592592,0.2203724513778717,0.2203724513778718,0.1271538952263436,0.0602692998581417,0.0172043535376428,0.0387368266978922,0.2693687761012728,0.2002511095739972,0.1050807826407146,0.0376599846686975,0.0037156470140573,0.031183389623488,0.3116649846345961,0.1957038011553533,0.0915406643578366,0.0265428760803422,0.0002289893011456,0.0266771589637969,0.3568434481710966,0.1969504319836617,0.0865456886344528,0.0241524052054027,1.182142828574798e-07,0.0239487830508941,0.4,0.2,0.1,0.0333333333333333,0.0,0.021875,,,,,,,,,,,,,,,,,,,,,,,,,,,,,,,,,,,,,,,,,,,,,,,,,,,,,,,,,,,,,,,,,,,,,,,,,,,,,,,,,,,,,,,current,No-Judge,Q-2B|base|aime2026_tr
Qwen3.5-2B-Base,Q-2B·Base,Qwen,2.0,True,base,Pretrained,aime2026,EN,True,cot:Qwen3.6-35B·TH,Qwen3.6-35B-A3B,think,64,0.6,16384,,0.6,16384.0,,,0.4,30.0,1920.0,271.0,1637.0,12.0,,,,,,,67.0,849.0,0.078916,/user/home/t.tuna/evalhub/results/base/Qwen3.5-2B-Base/judged_by/Qwen3.6-35B-A3B__state-think__t0.6__max16384__basemax16384,/user/home/t.tuna/evalhub/results/base/Qwen3.5-2B-Base/judged_by/Qwen3.6-35B-A3B__state-think__t0.6__max16384__basemax16384/aime2026__t0.6__max16384__n64/aime2026_cot_summary.json,0.1411458333333333,0.1411458333333333,0.1411458333333333,0.1411458333333333,0.1411458333333333,0.0,0.2062830687830688,0.2062830687830688,0.2062830687830688,0.0760085978835978,0.0760085978835978,0.0760085978835978,0.2699965060058925,0.2699965060058925,0.1659001389203663,0.0959086168400023,0.032778071567072,0.0643433442035372,0.3309182165423331,0.2390547173518981,0.1447486045216375,0.0753389065647761,0.0074138009778339,0.0574979586483448,0.3901186206776064,0.2301059284894183,0.1342007824614523,0.0615692364947573,0.0003048320512281,0.0547525759649247,0.4589154112759143,0.2318379605428239,0.1330368127666508,0.0480186290749999,5.6013455662219017e-08,0.0541918619940786,0.5333333333333333,0.2666666666666666,0.1333333333333333,0.0333333333333333,0.0,0.0541666666666666,0.4,0.4,0.2068796924349004,0.2341843518982939,0.1145302643665329,0.1368977521537065,0.045189021104306,0.0672361967474659,0.0001647885279813,0.0004334569443591,0.1255208333333333,0.1447916666666666,0.1255208333333333,0.1447916666666666,0.1255208333333333,0.1447916666666666,0.1255208333333333,0.1447916666666666,0.1878968253968254,0.2103339947089947,0.1878968253968254,0.2103339947089947,0.0631448412698412,0.0792493386243386,0.0631448412698412,0.0792493386243386,0.199232528457169,0.2361946117351131,0.1102462929273371,0.1333497344284865,0.0311980888074727,0.0562078488161309,1.5103561052002473e-08,1.605616715979685e-07,0.2525047111211839,0.2739749901370737,0.1454844585463305,0.1701033193993267,0.0788979019247395,0.0998723590440935,0.0251962617410792,0.0352159980861725,0.1666666666666666,0.2666666666666666,0.1,0.1333333333333333,0.0,0.0666666666666666,0.0,0.0,0.2187639784918824,0.2431592418984378,0.1240063499588612,0.1488519925012134,0.0586380541893933,0.079604004867809,0.0051161524142433,0.0085836806523342,0.0423769697596135,0.0578600774195987,0.0,0.0,0.0631448412698412,0.0792493386243386,0.0411517532874924,0.0573039638790194,0.0520470818329094,0.0675441785651331,0.040625,0.0572916666666666,0.0454006997971251,0.0606659074748183,0.3800541006344299,0.3937898918324451,0.1255208333333333,0.1447916666666666,0.1878968253968253,0.2103339947089947,0.4538807275452668,0.4609971204432149,0.2525047111211838,0.2739749901370737,0.5333333333333333,0.5333333333333333,0.3165368623509895,0.3346485727371945,current,Qwen3.6,Q-2B|base|aime2026
Qwen3.5-2B-Base,Q-2B·Base,Qwen,2.0,True,base,Pretrained,aime2026_pt,PT,True,cot:Qwen3.6-35B·TH,Qwen3.6-35B-A3B,think,64,0.6,16384,,0.6,16384.0,,,0.2333333333333333,30.0,1920.0,212.0,1700.0,8.0,,,,,,,39.0,660.0,0.059091,/user/home/t.tuna/evalhub/results/base/Qwen3.5-2B-Base/judged_by/Qwen3.6-35B-A3B__state-think__t0.6__max16384__basemax16384,/user/home/t.tuna/evalhub/results/base/Qwen3.5-2B-Base/judged_by/Qwen3.6-35B-A3B__state-think__t0.6__max16384__basemax16384/aime2026_pt__t0.6__max16384__n64/aime2026_pt_cot_summary.json,0.1104166666666666,0.1104166666666666,0.1104166666666666,0.1104166666666666,0.1104166666666666,0.0,0.168287037037037,0.1682870370370369,0.1682870370370369,0.0525462962962963,0.0525462962962963,0.0525462962962963,0.2248718868827276,0.2248718868827277,0.1348249435504856,0.0654566744730679,0.0165131617603854,0.0409849181167266,0.2732798738937672,0.2026147571176784,0.1178009854014112,0.0394319253550311,0.0020547721734678,0.0330296752030436,0.3173159051271702,0.1922040613304151,0.1119595199000913,0.020386260038163,3.084996146857635e-05,0.0281644004201421,0.3668829535458146,0.1833146637410435,0.1134099828949038,0.0075148413339901,3.8367349346659785e-10,0.0254291545496401,0.4333333333333333,0.1666666666666666,0.1,0.0,0.0,0.0239583333333333,0.2333333333333333,0.2333333333333333,0.1801846424230412,0.2003533284193438,0.1005361901054228,0.1130572881766456,0.0084612158448256,0.0245341204476092,2.3030598347880305e-06,7.006847732149508e-05,0.1005208333333333,0.1135416666666666,0.1005208333333333,0.1135416666666666,0.1005208333333333,0.1135416666666666,0.1005208333333333,0.1135416666666666,0.1566468253968253,0.1721064814814814,0.1566468253968253,0.1721064814814814,0.0443948412698412,0.0549768518518518,0.0443948412698412,0.0549768518518518,0.1698572637075105,0.1949361083380121,0.1034739030365143,0.1134179259458427,0.0004767526729642,0.0135582118978548,5.1404084755870165e-14,4.3631558198220235e-09,0.2128612559072632,0.2287489612449951,0.1235130064717584,0.1390219334693158,0.0542711717156455,0.068348138215272,0.011437899238666,0.0180476337370837,0.1666666666666666,0.2,0.1,0.1,0.0,0.0,0.0,0.0,0.1927941946549823,0.2082382385206294,0.1061352858382402,0.1210338684074218,0.0271256697429385,0.042350158865551,0.0008184590419638,0.0026853980391091,0.0189844498891228,0.0302217277218313,0.0,0.0,0.0443948412698412,0.0549768518518518,0.0153019442466545,0.027512158665122,0.0328545354771557,0.0431978859761778,0.0135416666666666,0.0260416666666666,0.0245837269517038,0.0351015515932255,0.2987577174651823,0.3179031782979191,0.1005208333333333,0.1135416666666667,0.1566468253968254,0.1721064814814814,0.333482430035264,0.366891480210138,0.2128612559072632,0.228748961244995,0.3666666666666666,0.4333333333333333,0.2595006020269116,0.2758725661708414,current,Qwen3.6,Q-2B|base|aime2026_pt
Qwen3.5-2B-Base,Q-2B·Base,Qwen,2.0,True,base,Pretrained,aime2026_tr,TR,True,cot:Qwen3.6-35B·TH,Qwen3.6-35B-A3B,think,64,0.6,16384,,0.6,16384.0,,,0.2333333333333333,30.0,1920.0,196.0,1716.0,8.0,,,,,,,14.0,612.0,0.022876,/user/home/t.tuna/evalhub/results/base/Qwen3.5-2B-Base/judged_by/Qwen3.6-35B-A3B__state-think__t0.6__max16384__basemax16384,/user/home/t.tuna/evalhub/results/base/Qwen3.5-2B-Base/judged_by/Qwen3.6-35B-A3B__state-think__t0.6__max16384__basemax16384/aime2026_tr__t0.6__max16384__n64/aime2026_tr_cot_summary.json,0.1020833333333333,0.1020833333333333,0.1020833333333333,0.1020833333333333,0.1020833333333333,0.0,0.1565145502645502,0.1565145502645503,0.1565145502645503,0.0476521164021164,0.0476521164021164,0.0476521164021164,0.2118388691630362,0.2118388691630363,0.122951134446375,0.0576684252054426,0.0158749045184793,0.036771664861961,0.2578575428183143,0.1936598133673707,0.1018068568090909,0.0352903704478128,0.003110285485384,0.0293688863121723,0.2966560924429828,0.1893349350338816,0.0894646999371353,0.0238553742513811,0.0001541719990744,0.0248997905748548,0.3420630318051156,0.1864393476766281,0.0847459882872979,0.0204817787374869,4.101311828973365e-08,0.0220647304875983,0.4,0.1666666666666666,0.1,0.0333333333333333,0.0,0.0197916666666666,0.2333333333333333,0.2333333333333333,0.1761536467089309,0.1956902148519146,0.0729568939482512,0.0900822447914086,0.0117612849756931,0.0238555354367696,1.8124442897180486e-05,0.0001541719990838,0.0921875,0.1052083333333333,0.0921875,0.1052083333333333,0.0921875,0.1052083333333333,0.0921875,0.1052083333333333,0.1459490740740741,0.1619047619047619,0.1459490740740741,0.1619047619047619,0.0384259259259259,0.0485119047619047,0.0384259259259259,0.0485119047619047,0.1677374129696584,0.1969504294793375,0.0639568786225784,0.0847484819430573,0.0047827480699198,0.0204817787374869,1.0462236855691747e-10,4.101311828973365e-08,0.2038874094499425,0.2201767142605323,0.1093471162482267,0.1261954076536308,0.0453379835981634,0.0585076133397127,0.0101774907036673,0.0159535980794574,0.1333333333333333,0.2,0.0333333333333333,0.1,0.0,0.0333333333333333,0.0,0.0,0.1833928273373088,0.2001499976717544,0.0864300866160799,0.1038937663267774,0.0233325769178536,0.0353818440296467,0.0011993105902409,0.0031105062558671,0.0161142092436075,0.0249201429758267,0.0,0.0,0.0384259259259259,0.0485119047619047,0.0134472799279995,0.02206474064998,0.0277577371509153,0.037230605709585,0.0114583333333333,0.0197916666666666,0.0205012377638906,0.0295408037064405,0.296045856478013,0.31166498207983,0.0921875,0.1052083333333333,0.145949074074074,0.1619047619047619,0.3420607537719141,0.3568434481710967,0.2038874094499425,0.2201767142605323,0.4,0.4,0.2540758951146355,0.2693598106657998,current,Qwen3.6,Q-2B|base|aime2026_tr
Qwen3.5-2B-Base,Q-2B·Base,Qwen,2.0,True,base,Pretrained,pt_exams_math,PT,True,cot:Qwen3.6-35B·TH,Qwen3.6-35B-A3B,think,16,0.6,16384,,0.6,16384.0,,,0.9036144578313252,166.0,2656.0,2096.0,509.0,51.0,,,,,,,23.0,6441.0,0.003571,/user/home/t.tuna/evalhub/results/base/Qwen3.5-2B-Base/judged_by/Qwen3.6-35B-A3B__state-think__t0.6__max16384__basemax16384,/user/home/t.tuna/evalhub/results/base/Qwen3.5-2B-Base/judged_by/Qwen3.6-35B-A3B__state-think__t0.6__max16384__basemax16384/pt_exams_math__t0.6__max16384__n16/pt_exams_math_cot_summary.json,0.7891566265060241,0.7891566265060241,0.7891566265060241,0.7891566265060241,0.7891566265060241,0.0,0.8705823293172689,0.8705823293172689,0.8705823293172689,0.7077309236947795,0.7077309236947795,0.7077309236947795,0.9104197007811466,0.9104197007811466,0.8557890904276444,0.7806566927048857,0.6097610221104196,0.695208857407653,0.9345348761011412,0.9031164284176336,0.8470408440287956,0.764834161822114,0.4973226238286476,0.6882541822300856,0.9518072289156626,0.8975903614457831,0.8493975903614458,0.7590361445783133,0.3795180722891566,0.6844879518072289,,,,,,,,,,,,,0.9036144578313252,0.9036144578313252,0.8855421686746988,0.8975903614457831,0.8373493975903614,0.8493975903614458,0.7048192771084337,0.7710843373493976,0.3373493975903614,0.3915662650602409,0.7624246987951807,0.797816265060241,0.7624246987951807,0.797816265060241,0.7624246987951807,0.797816265060241,0.7624246987951807,0.797816265060241,0.8548192771084331,0.8752510040160637,0.8548192771084331,0.8752510040160637,0.6700301204819281,0.720381526104418,0.6700301204819281,0.720381526104418,,,,,,,,,0.901343836886006,0.9137958427115056,0.8383092810803655,0.8599463789222821,0.7482655898318551,0.7902257381173049,0.5617800873824969,0.6272971004898715,,,,,,,,,0.8909493451662128,0.9054806639143992,0.8317652895966144,0.8511458421096975,0.7256494509506561,0.7747998988962849,0.4462123552484996,0.5173252450360881,0.641566265060241,0.6987951807228916,0.0,0.0,0.6700301204819281,0.720381526104418,,,0.6550228386071764,0.7087614193035883,,,0.6463833188230775,0.7022179627601313,0.9518072289156626,0.9578313253012049,0.7624246987951807,0.797816265060241,0.8548192771084331,0.8752510040160637,,,0.901343836886006,0.9137958427115056,,,0.929824659945142,0.938423624568203,current,Qwen3.6,Q-2B|base|pt_exams_math
Qwen3.5-2B-Base,Q-2B·Base,Qwen,2.0,True,base,Pretrained,tubitak_math2026,TR-OL,True,cot:Qwen3.6-35B·TH,Qwen3.6-35B-A3B,think,64,0.6,16384,,0.6,16384.0,,,0.28125,32.0,2048.0,259.0,1748.0,41.0,,,,,,,10.0,900.0,0.011111,/user/home/t.tuna/evalhub/results/base/Qwen3.5-2B-Base/judged_by/Qwen3.6-35B-A3B__state-think__t0.6__max16384__basemax16384,/user/home/t.tuna/evalhub/results/base/Qwen3.5-2B-Base/judged_by/Qwen3.6-35B-A3B__state-think__t0.6__max16384__basemax16384/tubitak_math2026__t0.6__max16384__n64/tubitak_math2026_cot_summary.json,0.12646484375,0.12646484375,0.12646484375,0.12646484375,0.12646484375,0.0,0.1857328869047619,0.1857328869047619,0.1857328869047619,0.0671968005952381,0.0671968005952381,0.0671968005952381,0.2519435342222558,0.2519435342222558,0.1398017178017426,0.0789632831583188,0.0351508398176827,0.0570570614880008,0.3236645873355222,0.2084095531612094,0.1215970834237479,0.0576278615797641,0.0192033359569,0.0503733836109605,0.4011715161474733,0.1842590173731355,0.1165555204514825,0.0428446219726561,0.0095811729744138,0.0460644148224225,0.4735051111634323,0.1710468097217191,0.1161184270961546,0.0342338246371495,0.0017686378080732,0.0433401391736093,0.53125,0.15625,0.125,0.03125,0.0,0.0419921875,0.28125,0.28125,0.1678752656116995,0.2075683132256003,0.1085953067560044,0.1232928048238244,0.0359052006729413,0.0467830490236999,0.0051156276251983,0.0095972983750627,0.1152343749999999,0.13623046875,0.1152343749999999,0.13623046875,0.1152343749999999,0.13623046875,0.1152343749999999,0.13623046875,0.1710689484126984,0.2002108134920634,0.1710689484126984,0.2002108134920634,0.0593998015873016,0.0722501240079365,0.0593998015873016,0.0722501240079365,0.157521192966678,0.1945224449643614,0.1095418527439246,0.1221873099755901,0.0313604816824248,0.0378683930007753,0.0003777090858582,0.0017686381426216,0.2331249527838634,0.2704628833950291,0.128192105934124,0.1524830376029312,0.0706546202563521,0.0849101555614313,0.0289658210256603,0.0370657984406083,0.15625,0.1875,0.125,0.125,0.03125,0.03125,0.0,0.0,0.1892054147673341,0.2295179367268051,0.1130052987056063,0.1309595610620326,0.0494844463143542,0.0618415254497558,0.0140107993884719,0.0196707393728358,0.0384103623723388,0.0490510512881552,0.0,0.0,0.0593998015873016,0.0722501240079365,0.035065760070668,0.0462130740354913,0.0498102206410062,0.0609879770010198,0.033203125,0.044921875,0.0431506241055197,0.0536151442694187,0.3815959801712055,0.4172287217084962,0.115234375,0.13623046875,0.1710689484126984,0.2002108134920634,0.4647215581038691,0.4901633469533889,0.2331249527838633,0.2704628833950291,0.53125,0.5625,0.3013480589384747,0.3430103966816474,current,Qwen3.6,Q-2B|base|tubitak_math2026
Qwen3.5-2B-Base,Q-2B·Base,Qwen,2.0,True,base,Pretrained,aime2026,EN,True,cot:deepseek-v4-flash·NT,deepseek-v4-flash,non-think,64,0.6,16384,,0.6,5000.0,,thinking-disabled,0.4,30.0,1920.0,251.0,1637.0,32.0,,,,,,,0.0,849.0,0.0,/user/home/t.tuna/evalhub/results/base/Qwen3.5-2B-Base/judged_by/deepseek-v4-flash__state-non-think__t0.6__max5000__basemax16384__eb-thinking-disabled,/user/home/t.tuna/evalhub/results/base/Qwen3.5-2B-Base/judged_by/deepseek-v4-flash__state-non-think__t0.6__max5000__basemax16384__eb-thinking-disabled/aime2026__t0.6__max16384__n64/aime2026_cot_summary.json,0.1307291666666666,0.1307291666666666,0.1307291666666666,0.1307291666666666,0.1307291666666666,0.0,0.1955026455026455,0.1955026455026455,0.1955026455026455,0.0659556878306878,0.0659556878306878,0.0659556878306878,0.2620670804898726,0.2620670804898726,0.1521084103480983,0.0825978108500583,0.0261433649786373,0.0543705879143478,0.327561832464578,0.2278959477111581,0.1303621489242709,0.0610898809734666,0.0051884639088944,0.0474263861730015,0.3912298205916177,0.2145933167194154,0.1223627627912341,0.0459358067737331,0.000164863511168,0.0442346397369142,0.4631477989193093,0.2070375231089104,0.123025811173118,0.0312042936653618,1.5103561052602705e-08,0.0428414432870155,0.5333333333333333,0.2,0.1333333333333333,0.0,0.0,0.0416666666666666,0.4,0.4,0.196365272593678,0.2203238716246055,0.1109608577255745,0.1257428600150021,0.0265736451289381,0.0566767090250671,3.374852021752001e-05,0.0003006938869778,0.1177083333333333,0.1359375,0.1177083333333333,0.1359375,0.1177083333333333,0.1359375,0.1177083333333333,0.1359375,0.180406746031746,0.2008101851851852,0.180406746031746,0.2008101851851852,0.0550099206349206,0.0710648148148148,0.0550099206349206,0.0710648148148148,0.1808209231895063,0.215958572154408,0.1098713868341876,0.1257997570172266,0.0090713620330007,0.0468734313897115,1.3278503838481471e-10,5.601205686431893e-08,0.2463602654176424,0.2668940910578932,0.1374841039006824,0.1575838558585782,0.0683914721361839,0.0890111262202748,0.0185974918788245,0.0302609268632536,0.1333333333333333,0.2,0.1,0.1333333333333333,0.0,0.0333333333333333,0.0,0.0,0.2129198999763475,0.2326924794946644,0.1167106807399037,0.1354785208965107,0.0449389649193965,0.068971102934173,0.0025925484656074,0.006970798528315,0.0324556098175228,0.0499698533646175,0.0,0.0,0.0550099206349206,0.0710648148148148,0.0307639606373002,0.0487204869297586,0.0434944820075042,0.0596360265417642,0.0302083333333333,0.0479166666666666,0.0362486309861555,0.0529248265199475,0.3723066607847282,0.3962088930050605,0.1177083333333333,0.1359375,0.1804067460317459,0.2008101851851852,0.441969517602991,0.4673808256539767,0.2463602654176424,0.2668940910578932,0.5333333333333333,0.5333333333333333,0.310721801202857,0.3322559038346951,current,V4-Flash,Q-2B|base|aime2026
Qwen3.5-2B-Base,Q-2B·Base,Qwen,2.0,True,base,Pretrained,aime2026_pt,PT,True,cot:deepseek-v4-flash·NT,deepseek-v4-flash,non-think,64,0.6,16384,,0.6,5000.0,,thinking-disabled,0.2333333333333333,30.0,1920.0,196.0,1700.0,24.0,,,,,,,1.0,660.0,0.001515,/user/home/t.tuna/evalhub/results/base/Qwen3.5-2B-Base/judged_by/deepseek-v4-flash__state-non-think__t0.6__max5000__basemax16384__eb-thinking-disabled,/user/home/t.tuna/evalhub/results/base/Qwen3.5-2B-Base/judged_by/deepseek-v4-flash__state-non-think__t0.6__max5000__basemax16384__eb-thinking-disabled/aime2026_pt__t0.6__max16384__n64/aime2026_pt_cot_summary.json,0.1020833333333333,0.1020833333333333,0.1020833333333333,0.1020833333333333,0.1020833333333333,0.0,0.1587301587301587,0.1587301587301587,0.1587301587301587,0.0454365079365079,0.0454365079365079,0.0454365079365079,0.2150377624167946,0.2150377624167946,0.1257872503840245,0.0556931643625192,0.0118151561699948,0.033754160266257,0.262222486411779,0.192754443112649,0.1089794029509172,0.0279032915021443,0.0009020733979348,0.0251937003505408,0.309498613370976,0.1871422977803775,0.1004934046456761,0.0093905883693806,3.353409828111762e-06,0.0194984891493838,0.365870217875385,0.1903003174710336,0.1009425981334247,0.000780956388781,2.809520813153994e-13,0.016013928286207,0.4333333333333333,0.2,0.1,0.0,0.0,0.0145833333333333,0.2333333333333333,0.2333333333333333,0.17646279131639,0.1947804061613737,0.0747313197946435,0.1101681125202257,0.0026550077217816,0.015145601860871,2.367013952009842e-07,1.2759032355025773e-05,0.0880208333333333,0.1088541666666666,0.0880208333333333,0.1088541666666666,0.0880208333333333,0.1088541666666666,0.0880208333333333,0.1088541666666666,0.1405588624338624,0.1670800264550264,0.1405588624338624,0.1670800264550264,0.0354828042328042,0.0506283068783069,0.0354828042328042,0.0506283068783069,0.1775497627597105,0.1940598177808302,0.0665998884181386,0.1111475233278307,2.243691868815761e-05,0.0033934652723388,1.0804179404630172e-17,2.6772861605306667e-11,0.1948854431601655,0.2236194526285748,0.1086200402071634,0.1344283804655301,0.0414567647083511,0.0627650399133741,0.0071210852576532,0.0146037936591876,0.2,0.2,0.0666666666666666,0.1,0.0,0.0,0.0,0.0,0.1791916822480547,0.2022153088399174,0.0882571691794955,0.1177443243236726,0.0156227350654197,0.034816761663298,0.0002973061835527,0.0014690394866421,0.0101366165752438,0.0246471677479878,0.0,0.0,0.0354828042328042,0.0506283068783069,0.0059535478230796,0.0214874967463399,0.0242889249830021,0.0386844167862808,0.003125,0.0197916666666666,0.0159506200300196,0.030129230792897,0.2736519806777917,0.3149887853922652,0.0880208333333333,0.1088541666666667,0.1405588624338624,0.1670800264550264,0.3165282725554771,0.3667166613305575,0.1948854431601655,0.2236194526285747,0.3666666666666666,0.4333333333333333,0.2372534563195741,0.2704312045788283,current,V4-Flash,Q-2B|base|aime2026_pt
Qwen3.5-2B-Base,Q-2B·Base,Qwen,2.0,True,base,Pretrained,tubitak_math2026,TR-OL,True,cot:deepseek-v4-flash·NT,deepseek-v4-flash,non-think,64,0.6,16384,,0.6,5000.0,,thinking-disabled,0.28125,32.0,2048.0,241.0,1748.0,59.0,,,,,,,0.0,900.0,0.0,/user/home/t.tuna/evalhub/results/base/Qwen3.5-2B-Base/judged_by/deepseek-v4-flash__state-non-think__t0.6__max5000__basemax16384__eb-thinking-disabled,/user/home/t.tuna/evalhub/results/base/Qwen3.5-2B-Base/judged_by/deepseek-v4-flash__state-non-think__t0.6__max5000__basemax16384__eb-thinking-disabled/tubitak_math2026__t0.6__max16384__n64/tubitak_math2026_cot_summary.json,0.1176757812499999,0.11767578125,0.11767578125,0.11767578125,0.11767578125,0.0,0.1717044890873015,0.1717044890873015,0.1717044890873015,0.0636470734126984,0.0636470734126984,0.0636470734126984,0.2303552837217647,0.2303552837217647,0.1313197815151973,0.0765215203281206,0.0325065394349172,0.0545140298815189,0.2942006572598192,0.1906863393414337,0.1156928902305983,0.0580076714682861,0.015043096188041,0.0485650836177987,0.3661741360722137,0.1716677075990596,0.1105062323356957,0.0456940569035754,0.0051418163656729,0.044846988121319,0.439573532398935,0.1636895621271692,0.1111117330174984,0.0378265030381861,0.0003777094454965,0.0425265668636072,0.5,0.15625,0.125,0.03125,0.0,0.041015625,0.28125,0.28125,0.163204289274264,0.1793337296652006,0.1003947562642914,0.1172288121126224,0.0337955926624282,0.046679734378656,0.0013503328664988,0.0095972965596722,0.10546875,0.12353515625,0.10546875,0.12353515625,0.10546875,0.12353515625,0.10546875,0.12353515625,0.1576915922619047,0.1788814484126984,0.1576915922619047,0.1788814484126984,0.0532459077380952,0.0681888640873016,0.0532459077380952,0.0681888640873016,0.1558934274809626,0.1718714125711526,0.1009165677549635,0.1170733102965344,0.0312272290747887,0.0378683819830894,1.3309333294172808e-05,0.0017686381426216,0.2131193281615925,0.2388618117461156,0.1209296739253607,0.1379322538937574,0.0649322212359296,0.0808387474503286,0.0228937766771171,0.0365078119097982,0.15625,0.15625,0.125,0.125,0.03125,0.03125,0.0,0.0,0.1787511717044143,0.199078772387103,0.106051092368777,0.1222240354424326,0.0451143771945711,0.0607266035671083,0.0077922967049205,0.0196559330462412,0.0331898983630385,0.0483722146297876,0.0,0.0,0.0532459077380952,0.0681888640873016,0.0301642969293346,0.0459573376408812,0.0439129989565233,0.0586732796800634,0.02734375,0.044921875,0.0375270905006858,0.0523646206888767,0.3346299157516036,0.3753818352455059,0.10546875,0.12353515625,0.1576915922619047,0.1788814484126984,0.4047205044436432,0.4455891578558806,0.2131193281615924,0.2388618117461156,0.46875,0.5,0.2703007705311633,0.3033776760004462,current,V4-Flash,Q-2B|base|tubitak_math2026
Qwen3.5-2B-Base,Q-2B·Base,Qwen,2.0,True,base,Pretrained,aime2026,EN,True,cot:G4-26B·TH,gemma-4-26B-A4B-it,think,64,0.6,16384,,0.6,16384.0,,,0.4,30.0,1920.0,271.0,1637.0,12.0,,,,,,,0.0,849.0,0.0,/user/home/t.tuna/evalhub/results/base/Qwen3.5-2B-Base/judged_by/gemma-4-26B-A4B-it__state-think__t0.6__max16384__basemax16384,/user/home/t.tuna/evalhub/results/base/Qwen3.5-2B-Base/judged_by/gemma-4-26B-A4B-it__state-think__t0.6__max16384__basemax16384/aime2026__t0.6__max16384__n64/aime2026_cot_summary.json,0.1411458333333333,0.1411458333333333,0.1411458333333333,0.1411458333333333,0.1411458333333333,0.0,0.2068121693121693,0.2068121693121693,0.2068121693121693,0.0754794973544973,0.0754794973544973,0.0754794973544973,0.2727969475292319,0.2727969475292319,0.1638864231573115,0.0947093269706966,0.0331906356760931,0.0639499813233948,0.3381698809059649,0.2378876560387324,0.1421471150736273,0.0746749528134666,0.0081536139373031,0.0571648160966316,0.4047187201302377,0.227726388912485,0.1314632509596062,0.0627109649843296,0.0004273022723314,0.0542541719090141,0.4840476071161114,0.2274931725079598,0.1312406284483471,0.054434134100649,1.6055530717840597e-07,0.0533164222391282,0.5666666666666667,0.2333333333333333,0.1333333333333333,0.0666666666666666,0.0,0.053125,0.4,0.4,0.2259125455159321,0.2314987002420753,0.1298524836186933,0.1341258211336172,0.0619913763788097,0.0646220958219739,0.0004269223613328,0.0004289968555947,0.1395833333333333,0.1432291666666666,0.1395833333333333,0.1432291666666666,0.1395833333333333,0.1432291666666666,0.1395833333333333,0.1432291666666666,0.2045634920634921,0.2091931216931217,0.2045634920634921,0.2091931216931217,0.0746031746031746,0.0772652116402116,0.0746031746031746,0.0772652116402116,0.2247020571447893,0.2334519530826927,0.1299177790528439,0.1327298863827835,0.0543408229826987,0.0549120336183334,1.6055530032135345e-07,1.605555790115598e-07,0.2697637829148934,0.274705843469064,0.1623004331293596,0.166937897140171,0.0934887373775528,0.097165405471196,0.0327803799115274,0.0341075205862355,0.2333333333333333,0.2666666666666666,0.1333333333333333,0.1333333333333333,0.0666666666666666,0.0666666666666666,0.0,0.0,0.2366082017867646,0.2404928612313279,0.1403677509186096,0.1454079566373761,0.073630190131658,0.0769652636033186,0.0080906013195001,0.0083264798011797,0.0534699942447113,0.0559572584205726,0.0,0.0,0.0746031746031746,0.0772652116402116,0.0524098503892349,0.0552622130422541,0.0631345586445401,0.0656364630287158,0.0520833333333333,0.0552083333333333,0.0563953744712414,0.0587955199395523,0.396350468480529,0.4048168476772703,0.1395833333333333,0.1432291666666666,0.2045634920634921,0.2091931216931217,0.4673809311415031,0.4840476873524734,0.2697637829148934,0.2747058434690639,0.5333333333333333,0.5666666666666667,0.3335934335715642,0.3390747062043946,current,Gemma4,Q-2B|base|aime2026
Qwen3.5-2B-Base,Q-2B·Base,Qwen,2.0,True,base,Pretrained,aime2026_pt,PT,True,cot:G4-26B·TH,gemma-4-26B-A4B-it,think,64,0.6,16384,,0.6,16384.0,,,0.2333333333333333,30.0,1920.0,192.0,1700.0,28.0,,,,,,,55.0,660.0,0.083333,/user/home/t.tuna/evalhub/results/base/Qwen3.5-2B-Base/judged_by/gemma-4-26B-A4B-it__state-think__t0.6__max16384__basemax16384,/user/home/t.tuna/evalhub/results/base/Qwen3.5-2B-Base/judged_by/gemma-4-26B-A4B-it__state-think__t0.6__max16384__basemax16384/aime2026_pt__t0.6__max16384__n64/aime2026_pt_cot_summary.json,0.1,0.1,0.1,0.1,0.1,0.0,0.15557208994709,0.1555720899470899,0.1555720899470899,0.04442791005291,0.04442791005291,0.04442791005291,0.2116217273971107,0.2116217273971107,0.1220504604097941,0.0544664366716191,0.011861375521476,0.0331639060965475,0.2596560656866387,0.1893644397758676,0.1049339433688024,0.0282498169869553,0.0009553361917377,0.0251378802151735,0.3040201575928788,0.179255442453239,0.0983842158419761,0.0100324051204831,3.730765776592388e-06,0.0198880459675219,0.3497821178353042,0.1748904224700633,0.0994657519925125,0.0008742254340855,2.878091338442047e-13,0.0167209112705046,0.4,0.1666666666666666,0.1,0.0,0.0,0.015625,0.2333333333333333,0.2333333333333333,0.1597361861796921,0.1968775124931333,0.0547299771470689,0.1102189250832751,0.0020757649724699,0.0222608305485664,2.820281028724992e-07,4.652678272763779e-05,0.0786458333333333,0.1109375,0.0786458333333333,0.1109375,0.0786458333333333,0.1109375,0.0786458333333333,0.1109375,0.1279927248677249,0.1686342592592592,0.1279927248677249,0.1686342592592592,0.0292989417989418,0.0532407407407407,0.0292989417989418,0.0532407407407407,0.1545290721859751,0.1921051627778402,0.0423260327091409,0.1100501549379108,3.8502145504291977e-05,0.0102811715739311,1.1904605084731395e-16,1.3279574353136475e-09,0.1824200158646219,0.2244601621716904,0.0938849856882643,0.1361593240328037,0.0329263302359547,0.0661064209748768,0.0053520015444922,0.017024092820629,0.1666666666666666,0.2,0.0333333333333333,0.1,0.0,0.0,0.0,0.0,0.1662335044128277,0.2053345489990136,0.070828435045192,0.1181315593132172,0.0113776474923609,0.0402676966587299,0.0002251269252622,0.0023277290709667,0.0071848780306622,0.0287228471298551,0.0,0.0,0.0292989417989418,0.0532407407407407,0.0042911226144136,0.0260998767303115,0.0191391658902235,0.0415652568977529,0.003125,0.025,0.0119121495243991,0.0335431872526458,0.2622228196179174,0.3091329589520471,0.0786458333333333,0.1109375,0.1279927248677249,0.1686342592592593,0.2999065493215269,0.3502164004513391,0.1824200158646219,0.2244601621716904,0.3666666666666666,0.4,0.2273273378444333,0.2702699607916382,current,Gemma4,Q-2B|base|aime2026_pt
Qwen3.5-2B-Base,Q-2B·Base,Qwen,2.0,True,base,Pretrained,aime2026_tr,TR,True,cot:G4-26B·TH,gemma-4-26B-A4B-it,think,64,0.6,16384,,0.6,16384.0,,,0.2333333333333333,30.0,1920.0,187.0,1716.0,17.0,,,,,,,69.0,612.0,0.112745,/user/home/t.tuna/evalhub/results/base/Qwen3.5-2B-Base/judged_by/gemma-4-26B-A4B-it__state-think__t0.6__max16384__basemax16384,/user/home/t.tuna/evalhub/results/base/Qwen3.5-2B-Base/judged_by/gemma-4-26B-A4B-it__state-think__t0.6__max16384__basemax16384/aime2026_tr__t0.6__max16384__n64/aime2026_tr_cot_summary.json,0.0973958333333333,0.0973958333333333,0.0973958333333333,0.0973958333333333,0.0973958333333333,0.0,0.1517691798941799,0.1517691798941799,0.1517691798941799,0.0430224867724867,0.0430224867724867,0.0430224867724867,0.2081457803463355,0.2081457803463356,0.117174922145837,0.0518278940343985,0.0124347368067621,0.0321313154205803,0.2556433059522024,0.1892959488343575,0.0957708892136449,0.0289481257131376,0.0015951027837873,0.0247390109035799,0.2944053648234722,0.1830342030948649,0.084475759660801,0.0153334679185658,2.875147226251168e-05,0.020364323335133,0.3338612103897407,0.1781769472571636,0.081961146856852,0.0070233934995723,3.8361547043960384e-10,0.0178042067619619,0.3666666666666666,0.1666666666666666,0.1,0.0,0.0,0.015625,0.2333333333333333,0.2333333333333333,0.1360226116350591,0.1838048605047651,0.0489225740340808,0.0860953079150539,0.0019370521971343,0.0194895504696991,1.592324921358327e-07,6.797002156025968e-05,0.071875,0.1,0.071875,0.1,0.071875,0.1,0.071875,0.1,0.1182374338624338,0.1550760582010582,0.1182374338624338,0.1550760582010582,0.0255125661375661,0.0449239417989418,0.0255125661375661,0.0449239417989418,0.1255238209306224,0.178457212630733,0.0463714610109377,0.0825266895259099,1.2517421977945236e-05,0.0130667640648357,1.2004643782922414e-18,4.363097796795029e-09,0.1725691034390135,0.212636349709988,0.0816142462625804,0.1191506026877523,0.0284888003324015,0.0542460947008805,0.0048278499660043,0.0139669529013791,0.1333333333333333,0.1666666666666666,0.0666666666666666,0.1,0.0,0.0,0.0,0.0,0.1500383373535687,0.1911071743384833,0.0597706037177597,0.0977070608025536,0.0106139459541313,0.0319521008009477,0.000211714359667,0.0022272929380226,0.0069698467145773,0.0225079451070846,0.0,0.0,0.0255125661375661,0.0449239417989418,0.004434122865684,0.0199015950739194,0.0166583251492029,0.0341065238011298,0.0020833333333333,0.0177083333333333,0.0107284061488775,0.0268254840973819,0.2651972576218036,0.3063709997081251,0.071875,0.1,0.1182374338624338,0.1550760582010582,0.3001569302856422,0.3526095840611207,0.1725691034390135,0.212636349709988,0.3333333333333333,0.4,0.2234957247836234,0.2628595099221035,current,Gemma4,Q-2B|base|aime2026_tr
Qwen3.5-2B-Base,Q-2B·Base,Qwen,2.0,True,base,Pretrained,pt_exams_math,PT,True,cot:G4-26B·TH,gemma-4-26B-A4B-it,think,16,0.6,16384,,0.6,16384.0,,,0.9036144578313252,166.0,2656.0,1990.0,509.0,157.0,,,,,,,104.0,6441.0,0.016147,/user/home/t.tuna/evalhub/results/base/Qwen3.5-2B-Base/judged_by/gemma-4-26B-A4B-it__state-think__t0.6__max16384__basemax16384,/user/home/t.tuna/evalhub/results/base/Qwen3.5-2B-Base/judged_by/gemma-4-26B-A4B-it__state-think__t0.6__max16384__basemax16384/pt_exams_math__t0.6__max16384__n16/pt_exams_math_cot_summary.json,0.7492469879518072,0.7492469879518072,0.7492469879518072,0.7492469879518072,0.7492469879518072,0.0,0.8499497991967868,0.8499497991967868,0.8499497991967868,0.6485441767068276,0.6485441767068276,0.6485441767068276,0.8991758241758241,0.8991758241758241,0.8332814775585856,0.7356083675360788,0.5289222825367402,0.6322653250364094,0.9268177605527006,0.8908796023253855,0.8265650012637965,0.7080208947678828,0.39650630494004,0.6224039514702163,0.9457831325301204,0.8855421686746988,0.8192771084337349,0.6807228915662651,0.253012048192771,0.6174698795180723,,,,,,,,,,,,,0.9036144578313252,0.9036144578313252,0.8674698795180723,0.891566265060241,0.8012048192771084,0.8373493975903614,0.6385542168674698,0.7168674698795181,0.216867469879518,0.3253012048192771,0.7164909638554217,0.7710843373493976,0.7164909638554217,0.7710843373493976,0.7164909638554217,0.7710843373493976,0.7164909638554217,0.7710843373493976,0.8271084337349395,0.8601405622489959,0.8271084337349395,0.8601405622489959,0.605873493975904,0.6820281124497994,0.605873493975904,0.6820281124497994,,,,,,,,,0.8822454653779953,0.90473321858864,0.8092877002515558,0.8438037865748704,0.6973388057725411,0.7590361445783135,0.4770918840195944,0.5767641996557658,,,,,,,,,0.8716830024058941,0.8959413411220645,0.8021269226088501,0.8365045262635624,0.6664602465807289,0.7358061617097763,0.3427701481918354,0.457752221005233,0.5692771084337349,0.6543674698795181,0.0,0.0,0.605873493975904,0.6820281124497994,,,0.587215344896068,0.6679001721170398,,,0.5757727881221855,0.6593161691053255,0.9397590361445785,0.9518072289156626,0.7164909638554217,0.7710843373493976,0.8271084337349395,0.8601405622489959,,,0.8822454653779953,0.90473321858864,,,0.912728770560096,0.9312822385111544,current,Gemma4,Q-2B|base|pt_exams_math
Qwen3.5-2B-Base,Q-2B·Base,Qwen,2.0,True,base,Pretrained,tubitak_math2026,TR-OL,True,cot:G4-26B·TH,gemma-4-26B-A4B-it,think,64,0.6,16384,,0.6,16384.0,,,0.25,32.0,2048.0,223.0,1748.0,77.0,,,,,,,118.0,900.0,0.131111,/user/home/t.tuna/evalhub/results/base/Qwen3.5-2B-Base/judged_by/gemma-4-26B-A4B-it__state-think__t0.6__max16384__basemax16384,/user/home/t.tuna/evalhub/results/base/Qwen3.5-2B-Base/judged_by/gemma-4-26B-A4B-it__state-think__t0.6__max16384__basemax16384/tubitak_math2026__t0.6__max16384__n64/tubitak_math2026_cot_summary.json,0.10888671875,0.10888671875,0.10888671875,0.10888671875,0.10888671875,0.0,0.1626674107142857,0.1626674107142857,0.1626674107142857,0.0551060267857142,0.0551060267857142,0.0551060267857142,0.2202427676682782,0.2202427676682783,0.1242059327862556,0.0668642957083679,0.024233878837098,0.045549087272733,0.28054111722809,0.1830934538695708,0.1095362914841391,0.04610646776082,0.0090112604032172,0.0389040798941885,0.3490618723572528,0.1648670932992238,0.1040341974823631,0.0341673215736167,0.0019036113511323,0.0342037981628713,0.4163518218816522,0.1572984684490403,0.1035572598837725,0.0313101789972733,3.182666655625171e-05,0.0308495664390261,0.46875,0.15625,0.125,0.03125,0.0,0.0283203125,0.1875,0.25,0.1457636691455026,0.1687548929925501,0.0693196148828391,0.1145016383085475,0.0064286932289791,0.0406637950927451,4.034988999857127e-06,0.003710753160242,0.08056640625,0.1162109375,0.08056640625,0.1162109375,0.08056640625,0.1162109375,0.08056640625,0.1162109375,0.1280226934523809,0.1705574156746031,0.1280226934523809,0.1705574156746031,0.033110119047619,0.0618644593253968,0.033110119047619,0.0618644593253968,0.1472684732407689,0.1591207399357883,0.0579780951818924,0.1138899611728373,0.0010889783975779,0.0331108186514389,1.3113825975324666e-12,0.000169317872048,0.1792920648560852,0.2282113268363929,0.0952783273211452,0.1318052716029563,0.0397033115037395,0.0750999703325275,0.0079919213190299,0.0297271812281231,0.15625,0.15625,0.03125,0.125,0.0,0.03125,0.0,0.0,0.1514609749382052,0.1894149448185507,0.0801040712494228,0.118093960420064,0.018215651666655,0.0546018066995435,0.0006304423000491,0.0126085054762576,0.0122939510355336,0.0416121329689896,0.0,0.0,0.033110119047619,0.0618644593253968,0.0092609460374476,0.0387244068799083,0.0238476164113847,0.0524135757803253,0.0078125,0.037109375,0.0170034523256683,0.0459896302860808,0.2855368388121822,0.359871936656951,0.08056640625,0.1162109374999999,0.1280226934523809,0.1705574156746031,0.3577246720605855,0.4256871455288673,0.1792920648560851,0.2282113268363929,0.4375,0.46875,0.2282807777356749,0.2898780181418088,current,Gemma4,Q-2B|base|tubitak_math2026
Qwen3.5-2B-Base,Q-2B·Base,Qwen,2.0,True,base,Pretrained,pt_exams_math,PT,False,No-Judge,,,16,0.6,16384,,,,,,0.9036144578313252,166.0,2656.0,2147.0,509.0,0.0,189.0,2656.0,0.07116,84.0,37.0,36.0,,,,/user/home/t.tuna/evalhub/results/base/Qwen3.5-2B-Base,/user/home/t.tuna/evalhub/results/base/Qwen3.5-2B-Base/pt_exams_math__t0.6__max16384__n16/pt_exams_math_summary.json,0.8083584337349398,0.8083584337349398,0.8083584337349398,0.8083584337349398,0.8083584337349398,0.0,0.8801204819277109,0.8801204819277101,0.8801204819277101,0.7365963855421692,0.7365963855421692,0.7365963855421692,0.9151529193697868,0.9151529193697868,0.8661591420627565,0.802945849331392,0.6491758241758241,0.7260608367536083,0.938501324645903,0.9063606406979902,0.858340120388313,0.7912699750049151,0.5454835659654934,0.7204119508336374,0.9578313253012049,0.8975903614457831,0.8554216867469879,0.7951807228915663,0.4337349397590361,0.7176204819277109,,,,,,,,,,,,,,,,,,,,,,,,,,,,,,,,,,,,,,,,,,,,,,,,,,,,,,,,,,,,,,,,,,,,,,,,,,,,,,,,,,,,,,,,,,,,,,,,,,,current,No-Judge,Q-2B|base|pt_exams_math
Qwen3.5-2B-Base,Q-2B·Base,Qwen,2.0,True,base,Pretrained,tubitak_math2026,TR-OL,False,No-Judge,,,64,0.6,16384,,,,,,0.28125,32.0,2048.0,300.0,1748.0,0.0,1517.0,2048.0,0.740723,228.0,141.0,154.0,,,,/user/home/t.tuna/evalhub/results/base/Qwen3.5-2B-Base,/user/home/t.tuna/evalhub/results/base/Qwen3.5-2B-Base/tubitak_math2026__t0.6__max16384__n64/tubitak_math2026_summary.json,0.146484375,0.146484375,0.146484375,0.146484375,0.146484375,0.0,0.215634300595238,0.215634300595238,0.215634300595238,0.0773344494047618,0.0773344494047618,0.0773344494047618,0.2909670809095716,0.2909670809095717,0.1649431793142958,0.091018202214122,0.0390090375620105,0.0650136198880663,0.3681261962383485,0.2466533315692759,0.1419419833923046,0.0655529526904811,0.0202731981386737,0.0567238005736944,0.4515445500244465,0.2278199962711274,0.1301538073879926,0.0507503921188014,0.0096340681347706,0.0515062646832774,0.5413929354492936,0.219392415883025,0.1251452521590621,0.0435340923475038,0.0017686418733863,0.0483575907282284,0.625,0.21875,0.125,0.03125,0.0,0.046875,,,,,,,,,,,,,,,,,,,,,,,,,,,,,,,,,,,,,,,,,,,,,,,,,,,,,,,,,,,,,,,,,,,,,,,,,,,,,,,,,,,,,,,current,No-Judge,Q-2B|base|tubitak_math2026
Qwen3.5-4B-Base,Q-4B·Base,Qwen,4.0,True,base,Pretrained,aime2026,EN,False,No-Judge,,,64,0.6,16384,,,,,,0.7,30.0,1920.0,837.0,1083.0,0.0,1123.0,1920.0,0.584896,81.0,110.0,112.0,,,,/user/home/t.tuna/evalhub/results/base/Qwen3.5-4B-Base,/user/home/t.tuna/evalhub/results/base/Qwen3.5-4B-Base/aime2026__t0.6__max16384__n64/aime2026_summary.json,0.4359375,0.4359375,0.4359375,0.4359375,0.4359375,0.0,0.534755291005291,0.5347552910052911,0.5347552910052911,0.337119708994709,0.337119708994709,0.337119708994709,0.6146519016561321,0.6146519016561321,0.4933170804898726,0.3779418800836039,0.2578391377703911,0.3178905089269976,0.6693905903261468,0.6013584475575188,0.4641371945083036,0.3412455371459587,0.2003838077414854,0.3053839044772145,0.7014927687882947,0.5973845344560439,0.44843956861724,0.3189780435960759,0.1586489513114147,0.2984966704328663,0.7293623404870136,0.595087820236738,0.4463017170118568,0.304479602456103,0.1268244604573451,0.2952919638040999,0.7666666666666667,0.5666666666666667,0.4333333333333333,0.3,0.1,0.29375,,,,,,,,,,,,,,,,,,,,,,,,,,,,,,,,,,,,,,,,,,,,,,,,,,,,,,,,,,,,,,,,,,,,,,,,,,,,,,,,,,,,,,,current,No-Judge,Q-4B|base|aime2026
Qwen3.5-4B-Base,Q-4B·Base,Qwen,4.0,True,base,Pretrained,aime2026_pt,PT,False,No-Judge,,,64,0.6,16384,,,,,,0.7,30.0,1920.0,846.0,1074.0,0.0,1033.0,1920.0,0.538021,61.0,63.0,68.0,,,,/user/home/t.tuna/evalhub/results/base/Qwen3.5-4B-Base,/user/home/t.tuna/evalhub/results/base/Qwen3.5-4B-Base/aime2026_pt__t0.6__max16384__n64/aime2026_pt_summary.json,0.440625,0.440625,0.440625,0.440625,0.440625,0.0,0.5460648148148147,0.5460648148148146,0.5460648148148146,0.3351851851851853,0.3351851851851853,0.3351851851851853,0.6257234036748843,0.6257234036748844,0.5063551345974667,0.3865084086693023,0.2439130530583465,0.3152107308638244,0.6846280992289094,0.6017178305601286,0.4867180282451661,0.3459783932094604,0.1747935743416625,0.3020819174124449,0.7335435083465163,0.5885501387884425,0.4771520424851628,0.318389201532901,0.125283533665215,0.2945185725285937,0.772252059875316,0.5829303687864791,0.4705313722925822,0.2998075957433657,0.0797308021852147,0.2906330647373201,0.8,0.5666666666666667,0.4666666666666667,0.3,0.0333333333333333,0.2885416666666666,,,,,,,,,,,,,,,,,,,,,,,,,,,,,,,,,,,,,,,,,,,,,,,,,,,,,,,,,,,,,,,,,,,,,,,,,,,,,,,,,,,,,,,current,No-Judge,Q-4B|base|aime2026_pt
Qwen3.5-4B-Base,Q-4B·Base,Qwen,4.0,True,base,Pretrained,aime2026_tr,TR,False,No-Judge,,,64,0.6,16384,,,,,,0.7333333333333333,30.0,1920.0,821.0,1099.0,0.0,986.0,1920.0,0.513542,46.0,46.0,54.0,,,,/user/home/t.tuna/evalhub/results/base/Qwen3.5-4B-Base,/user/home/t.tuna/evalhub/results/base/Qwen3.5-4B-Base/aime2026_tr__t0.6__max16384__n64/aime2026_tr_summary.json,0.4276041666666667,0.4276041666666667,0.4276041666666667,0.4276041666666667,0.4276041666666667,0.0,0.5402612433862434,0.5402612433862434,0.5402612433862434,0.3149470899470899,0.3149470899470899,0.3149470899470899,0.6323385417978227,0.6323385417978229,0.4896779229936289,0.3651959889367345,0.2232042129384805,0.2942001009376075,0.7084803402597738,0.5971487289973604,0.4648053709817921,0.3252448200665602,0.1553807977605594,0.2809777819286393,0.7771069378247917,0.5812906539544405,0.4535483034800565,0.2973139848120003,0.1118173129595132,0.2737942080370794,0.837770386174365,0.5766704486480411,0.4467532672698931,0.2722381708870724,0.085716197819333,0.2705792517078121,0.8666666666666667,0.5666666666666667,0.4333333333333333,0.2333333333333333,0.0666666666666666,0.2697916666666666,,,,,,,,,,,,,,,,,,,,,,,,,,,,,,,,,,,,,,,,,,,,,,,,,,,,,,,,,,,,,,,,,,,,,,,,,,,,,,,,,,,,,,,current,No-Judge,Q-4B|base|aime2026_tr
Qwen3.5-4B-Base,Q-4B·Base,Qwen,4.0,True,base,Pretrained,aime2026,EN,True,cot:Qwen3.6-35B·TH,Qwen3.6-35B-A3B,think,64,0.6,16384,,0.6,16384.0,,,0.7,30.0,1920.0,830.0,1083.0,7.0,,,,,,,245.0,2511.0,0.097571,/user/home/t.tuna/evalhub/results/base/Qwen3.5-4B-Base/judged_by/Qwen3.6-35B-A3B__state-think__t0.6__max16384__basemax16384,/user/home/t.tuna/evalhub/results/base/Qwen3.5-4B-Base/judged_by/Qwen3.6-35B-A3B__state-think__t0.6__max16384__basemax16384/aime2026__t0.6__max16384__n64/aime2026_cot_summary.json,0.4322916666666667,0.4322916666666667,0.4322916666666667,0.4322916666666667,0.4322916666666667,0.0,0.5313988095238095,0.5313988095238095,0.5313988095238095,0.3331845238095239,0.3331845238095239,0.3331845238095239,0.6115441355459865,0.6115441355459865,0.4899931693989071,0.3737741117070836,0.2538552500146894,0.3138146808608866,0.6657780502595385,0.5991712575495138,0.4602825018308263,0.3368714645141563,0.1967161339086536,0.301192580396603,0.6966639022630606,0.59588710677166,0.4441944900046511,0.3149433184120042,0.1557064312508439,0.2941926168411277,0.7251295353099255,0.5934723995944613,0.4420690869265539,0.3018984270665065,0.1258168917971466,0.2908350991765152,0.7666666666666667,0.5666666666666667,0.4333333333333333,0.3,0.1,0.2895833333333333,0.7,0.7,0.5726172682955796,0.597382848209723,0.4097702128863978,0.4476637982398142,0.2516243047614742,0.3161542723235307,0.0832536570682323,0.1584296651384903,0.3890625,0.4348958333333333,0.3890625,0.4348958333333333,0.3890625,0.4348958333333333,0.3890625,0.4348958333333333,0.5032738095238095,0.534160052910053,0.5032738095238095,0.534160052910053,0.2748511904761905,0.3356316137566138,0.2748511904761905,0.3356316137566138,0.560949319687376,0.5950878202364582,0.4066050793159074,0.4459653985635734,0.2372369239774795,0.3022033017677877,0.0583970708369344,0.1268230501805837,0.5948646155976933,0.6145341760889091,0.4568392049222297,0.4925757871454592,0.3213706005053176,0.3762062149026717,0.1831755789747593,0.2562671551962932,0.5333333333333333,0.5666666666666667,0.4,0.4333333333333333,0.2333333333333333,0.3,0.0333333333333333,0.1,0.5806996639534502,0.6013185607513736,0.4247518602201489,0.4633282219547955,0.2777102095838367,0.3388812114757841,0.1205781688724287,0.1993960751249846,0.2295090987916025,0.2965583368869385,0.0,0.0,0.2748511904761905,0.3356316137566138,0.2248589656043216,0.2932370389527421,0.2522730897400384,0.3162366850494826,0.221875,0.2916666666666667,0.2376749997425763,0.3035746381689793,0.6897344243504908,0.7014927686990807,0.3890625,0.4348958333333333,0.5032738095238095,0.5341600529100529,0.7166630289250396,0.7293623404870136,0.5948646155976933,0.6145341760889091,0.7666666666666667,0.7666666666666667,0.656441424761516,0.6693879778616231,current,Qwen3.6,Q-4B|base|aime2026
Qwen3.5-4B-Base,Q-4B·Base,Qwen,4.0,True,base,Pretrained,aime2026_pt,PT,True,cot:Qwen3.6-35B·TH,Qwen3.6-35B-A3B,think,64,0.6,16384,,0.6,16384.0,,,0.7,30.0,1920.0,838.0,1074.0,8.0,,,,,,,146.0,2538.0,0.057526,/user/home/t.tuna/evalhub/results/base/Qwen3.5-4B-Base/judged_by/Qwen3.6-35B-A3B__state-think__t0.6__max16384__basemax16384,/user/home/t.tuna/evalhub/results/base/Qwen3.5-4B-Base/judged_by/Qwen3.6-35B-A3B__state-think__t0.6__max16384__basemax16384/aime2026_pt__t0.6__max16384__n64/aime2026_pt_cot_summary.json,0.4364583333333333,0.4364583333333333,0.4364583333333333,0.4364583333333333,0.4364583333333333,0.0,0.5422453703703701,0.5422453703703702,0.5422453703703702,0.3306712962962964,0.3306712962962964,0.3306712962962964,0.6212423300009233,0.6212423300009233,0.5039381405655864,0.3818689510882794,0.238783911678544,0.3103264313834117,0.6767472973760192,0.6011013362496371,0.4838920047552999,0.340118898896956,0.1697985853172638,0.2968063666741427,0.7188609681276346,0.5885423598015603,0.4742400264683978,0.3121030060589319,0.1200297836793077,0.2888216322234012,0.747119784743041,0.5829303687747218,0.46903189336833,0.2959832425735717,0.0754895848587001,0.2845152268944107,0.7666666666666667,0.5666666666666667,0.4666666666666667,0.3,0.0333333333333333,0.2822916666666666,0.7,0.7,0.5814757368525426,0.5885484525435427,0.4407500828663362,0.4763801824123794,0.2759883333556718,0.3171739992467513,0.0792028440231482,0.1204687102080536,0.409375,0.4390625,0.409375,0.4390625,0.409375,0.4390625,0.409375,0.4390625,0.5243055555555555,0.5445932539682539,0.5243055555555555,0.5445932539682539,0.2944444444444443,0.3335317460317461,0.2944444444444443,0.3335317460317461,0.5773113265501008,0.5829303687861992,0.4295374735575042,0.4701950538442989,0.2550592845275222,0.2993031180709407,0.0524026545382525,0.0754979979512914,0.6118441678628087,0.6235338864966047,0.4813453765959054,0.505787229399075,0.347610076553096,0.3853834055215598,0.1967003789881896,0.2415454785827603,0.5666666666666667,0.5666666666666667,0.4333333333333333,0.4666666666666667,0.2333333333333333,0.3,0.0333333333333333,0.0333333333333333,0.5919870755191962,0.6016782986435706,0.4561481481306763,0.4859866877888417,0.3036112493481512,0.3447368514135462,0.1251878714637909,0.171392197307226,0.2489507375837113,0.2925797150537497,0.0,0.0,0.2944444444444443,0.3335317460317461,0.2446245674655279,0.2885781398859625,0.2721552277706429,0.3134644420521602,0.2427083333333333,0.2864583333333333,0.2574546262901099,0.3002512516721675,0.7160145666863268,0.7252101749239689,0.409375,0.4390625,0.5243055555555555,0.5445932539682538,0.7461134160976057,0.7555853932086494,0.6118441678628087,0.6235338864966047,0.7666666666666667,0.7666666666666667,0.6724588041721203,0.6804588260622499,current,Qwen3.6,Q-4B|base|aime2026_pt
Qwen3.5-4B-Base,Q-4B·Base,Qwen,4.0,True,base,Pretrained,aime2026_tr,TR,True,cot:Qwen3.6-35B·TH,Qwen3.6-35B-A3B,think,64,0.6,16384,,0.6,16384.0,,,0.7333333333333333,30.0,1920.0,817.0,1099.0,4.0,,,,,,,118.0,2463.0,0.047909,/user/home/t.tuna/evalhub/results/base/Qwen3.5-4B-Base/judged_by/Qwen3.6-35B-A3B__state-think__t0.6__max16384__basemax16384,/user/home/t.tuna/evalhub/results/base/Qwen3.5-4B-Base/judged_by/Qwen3.6-35B-A3B__state-think__t0.6__max16384__basemax16384/aime2026_tr__t0.6__max16384__n64/aime2026_tr_cot_summary.json,0.4255208333333333,0.4255208333333333,0.4255208333333333,0.4255208333333333,0.4255208333333333,0.0,0.5384920634920634,0.5384920634920635,0.5384920634920635,0.3125496031746032,0.3125496031746032,0.3125496031746032,0.6316563210865168,0.6316563210865169,0.4871258908111102,0.3617316360706101,0.2215694853650961,0.2916505607178531,0.7084099631031532,0.5966394201082338,0.4613855451563117,0.3212273291864047,0.1549939229021594,0.2782304005260865,0.7771065575899162,0.5810356947258064,0.4495210177970759,0.2934307966908665,0.1118102125809344,0.2708098360585153,0.8377703861743578,0.5766502312331334,0.4434452656489245,0.2702537853401589,0.0857161977975929,0.2674055563504656,0.8666666666666667,0.5666666666666667,0.4333333333333333,0.2333333333333333,0.0666666666666666,0.2666666666666666,0.7333333333333333,0.7333333333333333,0.5624372499463898,0.58128849736725,0.4226978666631188,0.4522859177468201,0.25102341881539,0.2945218333655798,0.071044520082973,0.1118112694090739,0.3947916666666666,0.4265625,0.3947916666666666,0.4265625,0.3947916666666666,0.4265625,0.3947916666666666,0.4265625,0.5155919312169313,0.5395006613756614,0.5155919312169313,0.5395006613756614,0.273991402116402,0.3136243386243385,0.273991402116402,0.3136243386243385,0.5546079194755186,0.5766704486477613,0.4256235444271817,0.4463308632968317,0.2359829813784952,0.2705581555863767,0.0508106916402603,0.0857161977978225,0.6154940801457196,0.6321515658969389,0.461111845584347,0.4886163468560348,0.3248456556957349,0.3633165768510824,0.1777150852408653,0.222165510395944,0.5666666666666667,0.5666666666666667,0.4333333333333333,0.4333333333333333,0.2333333333333333,0.2333333333333333,0.0333333333333333,0.0666666666666666,0.5802793437864461,0.5970861588317714,0.433309693495091,0.463486781040366,0.2803353534123988,0.3227443872811035,0.1102265011441388,0.1550956534437373,0.2283122564755024,0.2719405470925612,0.0,0.0,0.273991402116402,0.3136243386243385,0.2240585571109214,0.2685309233810958,0.2512803704683,0.2927410436235131,0.2229166666666666,0.2677083333333333,0.2366350563471159,0.2793406649460579,0.7650674372861954,0.7771069377239407,0.3947916666666666,0.4265625,0.5155919312169311,0.5395006613756613,0.8250662944891062,0.8377703861743647,0.6154940801457196,0.6321515658969388,0.8666666666666667,0.8666666666666667,0.6961135146107057,0.7084764493974658,current,Qwen3.6,Q-4B|base|aime2026_tr
Qwen3.5-4B-Base,Q-4B·Base,Qwen,4.0,True,base,Pretrained,pt_exams_math,PT,True,cot:Qwen3.6-35B·TH,Qwen3.6-35B-A3B,think,16,0.6,16384,,0.6,16384.0,,,0.9518072289156626,166.0,2656.0,2487.0,166.0,3.0,,,,,,,15.0,7470.0,0.002008,/user/home/t.tuna/evalhub/results/base/Qwen3.5-4B-Base/judged_by/Qwen3.6-35B-A3B__state-think__t0.6__max16384__basemax16384,/user/home/t.tuna/evalhub/results/base/Qwen3.5-4B-Base/judged_by/Qwen3.6-35B-A3B__state-think__t0.6__max16384__basemax16384/pt_exams_math__t0.6__max16384__n16/pt_exams_math_cot_summary.json,0.9363704819277108,0.9363704819277108,0.9363704819277108,0.9363704819277108,0.9363704819277108,0.0,0.9603413654618472,0.9603413654618472,0.9603413654618472,0.9123995983935744,0.9123995983935744,0.9123995983935744,0.9711108168939496,0.9711108168939496,0.957106447769098,0.9345028465510394,0.8827618164967563,0.908632331523898,0.975215079431947,0.9717588301925654,0.9547654487413522,0.9273288960035948,0.846178185937222,0.9060730099886728,0.9759036144578314,0.9698795180722892,0.9518072289156626,0.9216867469879518,0.7951807228915663,0.904367469879518,,,,,,,,,,,,,0.9518072289156626,0.9518072289156626,0.9698795180722892,0.9698795180722892,0.9518072289156626,0.9518072289156626,0.9216867469879518,0.9216867469879518,0.7710843373493976,0.8012048192771084,0.9333584337349398,0.9375,0.9333584337349398,0.9375,0.9333584337349398,0.9375,0.9333584337349398,0.9375,0.959437751004016,0.9605421686746988,0.959437751004016,0.9605421686746988,0.9072791164658636,0.9144578313253012,0.9072791164658636,0.9144578313253012,,,,,,,,,0.9701608632331524,0.9711108168939496,0.9564709386998544,0.9571925062888916,0.9332020389249304,0.9355355487885608,0.8735998940818219,0.8861611280285981,,,,,,,,,0.970152404489754,0.9717588301925654,0.9547654487413522,0.9547654487413522,0.9262167551324176,0.928533715280703,0.8305464281367895,0.8507966598328043,0.8990963855421686,0.9066265060240964,0.0,0.0,0.9072791164658636,0.9144578313253012,,,0.9034009665033762,0.9108483384085794,,,0.9008019256513232,0.9083320461332508,0.9759036144578314,0.9759036144578314,0.9333584337349398,0.9375,0.959437751004016,0.9605421686746988,,,0.9701608632331524,0.9711108168939496,,,0.9744118665805414,0.975215079431947,current,Qwen3.6,Q-4B|base|pt_exams_math
Qwen3.5-4B-Base,Q-4B·Base,Qwen,4.0,True,base,Pretrained,tubitak_math2026,TR-OL,True,cot:Qwen3.6-35B·TH,Qwen3.6-35B-A3B,think,64,0.6,16384,,0.6,16384.0,,,0.6875,32.0,2048.0,778.0,1259.0,11.0,,,,,,,30.0,2367.0,0.012674,/user/home/t.tuna/evalhub/results/base/Qwen3.5-4B-Base/judged_by/Qwen3.6-35B-A3B__state-think__t0.6__max16384__basemax16384,/user/home/t.tuna/evalhub/results/base/Qwen3.5-4B-Base/judged_by/Qwen3.6-35B-A3B__state-think__t0.6__max16384__basemax16384/tubitak_math2026__t0.6__max16384__n64/tubitak_math2026_cot_summary.json,0.3798828125,0.3798828125,0.3798828125,0.3798828125,0.3798828125,0.0,0.4836154513888888,0.4836154513888889,0.4836154513888889,0.2761501736111111,0.2761501736111111,0.2761501736111111,0.5806588342965425,0.5806588342965427,0.4230370579782679,0.3136420894871697,0.2021932682380196,0.2579176788625947,0.6719918770017588,0.5346242042226834,0.3942448280945023,0.2785206975814578,0.1493877670540528,0.2466027699081469,0.7535733355626921,0.505854390722182,0.3864965554160596,0.2512870577337929,0.1091401354090413,0.2405303036455159,0.8144714902752606,0.4844274511272691,0.3845950501940361,0.2280311107847317,0.0744882271819604,0.2379089564192504,0.84375,0.4375,0.375,0.21875,0.0625,0.2373046875,0.6875,0.6875,0.4915690916047257,0.5104387877774325,0.3793379670821503,0.3870834238962528,0.2441768451787656,0.2538716281280797,0.0958038069950531,0.109429372706426,0.36962890625,0.38330078125,0.36962890625,0.38330078125,0.36962890625,0.38330078125,0.36962890625,0.38330078125,0.4716021825396825,0.4885602678571428,0.4716021825396825,0.4885602678571428,0.2676556299603174,0.2780412946428572,0.2676556299603174,0.2780412946428572,0.4672846878074305,0.4848411977924873,0.3784890768234016,0.3847632094181778,0.2226904192996288,0.2297658215771208,0.0564626494264346,0.0744915010407929,0.5656948110252829,0.5879633673604292,0.4132806302882072,0.4260040511445191,0.3059674015858326,0.3154634027725314,0.1935727821006774,0.2037723037225201,0.4375,0.4375,0.375,0.375,0.21875,0.21875,0.03125,0.0625,0.5213282293181484,0.542133487552402,0.3859975128899205,0.3952381966645715,0.2712683557149914,0.280706178178542,0.1392282065742058,0.1504639534671696,0.2324692162655997,0.2423779492440718,0.0,0.0,0.2676556299603174,0.2780412946428572,0.2298398521453451,0.2398485859067843,0.249770091843255,0.2596178532475258,0.2294921875,0.2392578125,0.2386078893152529,0.2483398756037225,0.7318880274571977,0.7612404617187033,0.36962890625,0.38330078125,0.4716021825396825,0.4885602678571428,0.7889427362714027,0.8162083013916873,0.5656948110252826,0.5879633673604291,0.8125,0.84375,0.6537630215102032,0.681461840492174,current,Qwen3.6,Q-4B|base|tubitak_math2026
Qwen3.5-4B-Base,Q-4B·Base,Qwen,4.0,True,base,Pretrained,aime2026,EN,True,cot:G4-26B·TH,gemma-4-26B-A4B-it,think,64,0.6,16384,,0.6,16384.0,,,0.7,30.0,1920.0,824.0,1083.0,13.0,,,,,,,197.0,2511.0,0.078455,/user/home/t.tuna/evalhub/results/base/Qwen3.5-4B-Base/judged_by/gemma-4-26B-A4B-it__state-think__t0.6__max16384__basemax16384,/user/home/t.tuna/evalhub/results/base/Qwen3.5-4B-Base/judged_by/gemma-4-26B-A4B-it__state-think__t0.6__max16384__basemax16384/aime2026__t0.6__max16384__n64/aime2026_cot_summary.json,0.4291666666666666,0.4291666666666666,0.4291666666666666,0.4291666666666666,0.4291666666666666,0.0,0.5309689153439152,0.5309689153439152,0.5309689153439152,0.327364417989418,0.327364417989418,0.327364417989418,0.6121744185070469,0.6121744185070469,0.4898720337773749,0.369546168987602,0.2450740453946429,0.3073101071911226,0.6660682416464111,0.6001951672448222,0.4607487773074697,0.3303404599997312,0.1864791027015539,0.2941499516819078,0.6966795898589765,0.5972836413866632,0.444997422956035,0.3056055281376726,0.14436384764678,0.2868790914313142,0.7251295362542095,0.5950863921403486,0.4424939851402055,0.2881198309801618,0.1086521066586202,0.2835067007163671,0.7666666666666667,0.5666666666666667,0.4333333333333333,0.2666666666666666,0.0666666666666666,0.2822916666666666,0.6666666666666666,0.7,0.5116165025866581,0.597381934043619,0.3379861692410789,0.4469261435337797,0.2312034194833677,0.306581006831447,0.0601176830642333,0.1532876965426994,0.35,0.43125,0.35,0.43125,0.35,0.43125,0.35,0.43125,0.4578869047619048,0.5326719576719576,0.4578869047619048,0.5326719576719576,0.2421130952380952,0.3298280423280423,0.2421130952380952,0.3298280423280423,0.4823305331656001,0.5950878202364582,0.3248920032297489,0.4457860150534495,0.2242840097931518,0.2882981114941389,0.0262308729351532,0.1253385251474399,0.5559806057095853,0.6143531808986595,0.399451296030487,0.4909970369251173,0.2804770193816994,0.3709781294855329,0.1640910788782285,0.2486716526906902,0.4333333333333333,0.5666666666666667,0.3,0.4333333333333333,0.2333333333333333,0.2666666666666666,0.0,0.1,0.5324090759999821,0.6012817535484967,0.3586743726396321,0.462023473648639,0.2470802719678231,0.3317645183156654,0.1059370834078304,0.1919948405175206,0.2037520151359722,0.2893953137686897,0.0,0.0,0.2421130952380952,0.3298280423280423,0.2004643500456628,0.2859597683538126,0.2222840491299639,0.3098248910881117,0.1989583333333333,0.284375,0.2101995857937708,0.2966909517553148,0.6781505957196253,0.7014927686656242,0.35,0.43125,0.4578869047619047,0.5326719576719576,0.6999714731739692,0.7293623404870136,0.5559806057095853,0.6143531808986595,0.7333333333333333,0.7666666666666667,0.6341669541751294,0.6693859582051959,current,Gemma4,Q-4B|base|aime2026
Qwen3.5-4B-Base,Q-4B·Base,Qwen,4.0,True,base,Pretrained,aime2026_pt,PT,True,cot:G4-26B·TH,gemma-4-26B-A4B-it,think,64,0.6,16384,,0.6,16384.0,,,0.7,30.0,1920.0,824.0,1074.0,22.0,,,,,,,183.0,2538.0,0.072104,/user/home/t.tuna/evalhub/results/base/Qwen3.5-4B-Base/judged_by/gemma-4-26B-A4B-it__state-think__t0.6__max16384__basemax16384,/user/home/t.tuna/evalhub/results/base/Qwen3.5-4B-Base/judged_by/gemma-4-26B-A4B-it__state-think__t0.6__max16384__basemax16384/aime2026_pt__t0.6__max16384__n64/aime2026_pt_cot_summary.json,0.4291666666666666,0.4291666666666666,0.4291666666666666,0.4291666666666666,0.4291666666666666,0.0,0.5400297619047618,0.5400297619047618,0.5400297619047618,0.3183035714285714,0.3183035714285714,0.3183035714285714,0.6208942421495304,0.6208942421495304,0.5016669919333854,0.3741618611132095,0.2199435714705413,0.2970527162918754,0.6767357603541455,0.6009566434557431,0.4816775498147934,0.3310684436903759,0.1445673210554116,0.2830027810071796,0.7188609664151127,0.588528830041199,0.471891102075924,0.3027990634503291,0.0903966405716073,0.2747286010287842,0.747119784743041,0.5829303682697448,0.4668160819448218,0.2866328065639019,0.0431729593519651,0.2701525322451897,0.7666666666666667,0.5666666666666667,0.4666666666666667,0.3,0.0,0.2677083333333333,0.7,0.7,0.5515735577273165,0.588531869446383,0.364745497816498,0.4730524096955094,0.1996820363422033,0.3079704489747543,0.0462216419346634,0.0989306442279792,0.359375,0.4317708333333333,0.359375,0.4317708333333333,0.359375,0.4317708333333333,0.359375,0.4317708333333333,0.4793981481481481,0.5410879629629629,0.4793981481481481,0.5410879629629629,0.2393518518518518,0.3224537037037037,0.2393518518518518,0.3224537037037037,0.5495831025657,0.5829303682754835,0.3503374491403511,0.4673950374674104,0.1768077881519109,0.293327464018965,0.0103051580200634,0.0494875487301862,0.5828637426237903,0.621089664492626,0.4235669902545895,0.5029368436957015,0.2806636805083394,0.3773850969084972,0.150405586613281,0.2256717282365087,0.5666666666666667,0.5666666666666667,0.3333333333333333,0.4666666666666667,0.1666666666666666,0.3,0.0,0.0,0.5614825615269843,0.6010181251772878,0.3865150748927011,0.4830456127533763,0.2313836661423175,0.3351232369951525,0.0920713848635098,0.1516995112415782,0.1893916902785119,0.2797193792674933,0.0,0.0,0.2393518518518518,0.3224537037037037,0.1844383486518653,0.2753091842093583,0.2155346335608101,0.3015284125725029,0.1833333333333333,0.2729166666666666,0.1992352312513055,0.2877553070429398,0.7052477234255862,0.7188609666384124,0.359375,0.4317708333333333,0.4793981481481481,0.5410879629629629,0.7396516629420705,0.747119784743041,0.5828637426237903,0.621089664492626,0.7666666666666667,0.7666666666666667,0.6568050011531638,0.676739808425522,current,Gemma4,Q-4B|base|aime2026_pt
Qwen3.5-4B-Base,Q-4B·Base,Qwen,4.0,True,base,Pretrained,aime2026_tr,TR,True,cot:G4-26B·TH,gemma-4-26B-A4B-it,think,64,0.6,16384,,0.6,16384.0,,,0.7333333333333333,30.0,1920.0,806.0,1099.0,15.0,,,,,,,172.0,2463.0,0.069834,/user/home/t.tuna/evalhub/results/base/Qwen3.5-4B-Base/judged_by/gemma-4-26B-A4B-it__state-think__t0.6__max16384__basemax16384,/user/home/t.tuna/evalhub/results/base/Qwen3.5-4B-Base/judged_by/gemma-4-26B-A4B-it__state-think__t0.6__max16384__basemax16384/aime2026_tr__t0.6__max16384__n64/aime2026_tr_cot_summary.json,0.4197916666666667,0.4197916666666667,0.4197916666666667,0.4197916666666667,0.4197916666666667,0.0,0.5355158730158729,0.5355158730158729,0.5355158730158729,0.3040674603174603,0.3040674603174603,0.3040674603174603,0.6300715901555406,0.6300715901555408,0.4839275746434657,0.3550253183416853,0.2101421835259752,0.2825837509338302,0.7072434007470944,0.5948127688135368,0.4585735123396772,0.3125532563698827,0.1410662297770103,0.2686367500571434,0.7766800816456338,0.5788484540410822,0.4475191961796917,0.2832016583519814,0.0941505150297726,0.2607469126385455,0.8377619733612186,0.5749493798807833,0.4428919382650945,0.2601755173179931,0.0602966098558706,0.2570344505683958,0.8666666666666667,0.5666666666666667,0.4333333333333333,0.2333333333333333,0.0333333333333333,0.25625,0.7333333333333333,0.7333333333333333,0.5599239748805012,0.5788501466953073,0.3575620317523105,0.4483799617426108,0.1735099344382522,0.287977762408505,0.0519034684899765,0.1102721365848627,0.3567708333333333,0.4229166666666666,0.3567708333333333,0.4229166666666666,0.3567708333333333,0.4229166666666666,0.3567708333333333,0.4229166666666666,0.4862929894179893,0.536491402116402,0.4862929894179893,0.536491402116402,0.2272486772486772,0.3093419312169312,0.2272486772486772,0.3093419312169312,0.5612573786292542,0.5749493798810632,0.3412592969267848,0.4432284149483869,0.1555433927114419,0.2645322945111483,0.0219182126877508,0.0854939107117937,0.6033113725835831,0.6302207931471551,0.4215302959717289,0.4850032631596618,0.2647632268137292,0.3582795069376243,0.137478437964292,0.2181631034222256,0.5333333333333333,0.5666666666666667,0.3333333333333333,0.4333333333333333,0.1333333333333333,0.2333333333333333,0.0,0.0666666666666666,0.570165920395107,0.5948566338412807,0.3827407857859021,0.4596143016498339,0.2074843995074158,0.3167448993062566,0.0869625533460938,0.1523175093895407,0.1704088370647619,0.2668391358295169,0.0,0.0,0.2272486772486772,0.3093419312169312,0.163028267623664,0.2632560319240385,0.2011208323890105,0.2882213051799249,0.1583333333333333,0.2625,0.1825097301263628,0.2745430460552552,0.7656337280992065,0.7766800817348573,0.3567708333333333,0.4229166666666666,0.4862929894179893,0.536491402116402,0.8326628623631188,0.8377619733612186,0.6033113725835831,0.6302207931471551,0.8666666666666667,0.8666666666666667,0.6919381080913409,0.7072461540408194,current,Gemma4,Q-4B|base|aime2026_tr
Qwen3.5-4B-Base,Q-4B·Base,Qwen,4.0,True,base,Pretrained,pt_exams_math,PT,True,cot:G4-26B·TH,gemma-4-26B-A4B-it,think,16,0.6,16384,,0.6,16384.0,,,0.9518072289156626,166.0,2656.0,2479.0,166.0,11.0,,,,,,,56.0,7470.0,0.007497,/user/home/t.tuna/evalhub/results/base/Qwen3.5-4B-Base/judged_by/gemma-4-26B-A4B-it__state-think__t0.6__max16384__basemax16384,/user/home/t.tuna/evalhub/results/base/Qwen3.5-4B-Base/judged_by/gemma-4-26B-A4B-it__state-think__t0.6__max16384__basemax16384/pt_exams_math__t0.6__max16384__n16/pt_exams_math_cot_summary.json,0.9333584337349398,0.9333584337349398,0.9333584337349398,0.9333584337349398,0.9333584337349398,0.0,0.9590361445783132,0.9590361445783132,0.9590361445783132,0.9076807228915662,0.9076807228915662,0.9076807228915662,0.969604792797564,0.969604792797564,0.9557295114524031,0.9339434661723816,0.8741559645174106,0.904049715344896,0.9742574025706556,0.969287406034394,0.9540703606968666,0.9272362175976632,0.8293570552606695,0.901554937699516,0.9759036144578314,0.9698795180722892,0.9518072289156626,0.9156626506024096,0.7650602409638554,0.8998493975903614,,,,,,,,,,,,,0.9518072289156626,0.9518072289156626,0.963855421686747,0.9698795180722892,0.9397590361445785,0.9518072289156626,0.9096385542168676,0.9216867469879518,0.6686746987951807,0.7771084337349398,0.9145331325301204,0.9352409638554215,0.9145331325301204,0.9352409638554215,0.9145331325301204,0.9352409638554215,0.9145331325301204,0.9352409638554215,0.9501506024096382,0.9593373493975904,0.9501506024096382,0.9593373493975904,0.8789156626506028,0.911144578313253,0.8789156626506028,0.911144578313253,,,,,,,,,0.9627962399046738,0.9696180325698398,0.9467231563617104,0.9559479676949556,0.9190685820203892,0.9352740632861112,0.8295445518337083,0.88012379187078,,,,,,,,,0.9626997500491477,0.969287406034394,0.9442595557053388,0.9541475927018096,0.9132066728452272,0.928533715280703,0.7617224141320525,0.83874846706172,0.8704819277108434,0.9036144578313252,0.0,0.0,0.8789156626506028,0.911144578313253,,,0.8743065669270487,0.9076989275784456,,,0.8716105681467127,0.905300689939244,0.9698795180722892,0.9759036144578314,0.9145331325301204,0.9352409638554215,0.9501506024096382,0.9593373493975904,,,0.9627962399046738,0.9696180325698398,,,0.9681958603645352,0.9742574025706556,current,Gemma4,Q-4B|base|pt_exams_math
Qwen3.5-4B-Base,Q-4B·Base,Qwen,4.0,True,base,Pretrained,tubitak_math2026,TR-OL,True,cot:G4-26B·TH,gemma-4-26B-A4B-it,think,64,0.6,16384,,0.6,16384.0,,,0.6875,32.0,2048.0,768.0,1259.0,21.0,,,,,,,168.0,2367.0,0.070976,/user/home/t.tuna/evalhub/results/base/Qwen3.5-4B-Base/judged_by/gemma-4-26B-A4B-it__state-think__t0.6__max16384__basemax16384,/user/home/t.tuna/evalhub/results/base/Qwen3.5-4B-Base/judged_by/gemma-4-26B-A4B-it__state-think__t0.6__max16384__basemax16384/tubitak_math2026__t0.6__max16384__n64/tubitak_math2026_cot_summary.json,0.375,0.375,0.375,0.375,0.375,0.0,0.4788411458333332,0.4788411458333332,0.4788411458333332,0.2711588541666667,0.2711588541666667,0.2711588541666667,0.5747013874461736,0.5747013874461738,0.4196530381223086,0.3096366364168618,0.1960089380146558,0.2528227872157588,0.6636591167999715,0.5304787342504915,0.3915875894303007,0.2737327682762823,0.1415066571146918,0.2413187781739388,0.7418575183357621,0.5015660664973715,0.3847275462797352,0.2456914803719254,0.0977104600584155,0.2349687702394876,0.7968868059268834,0.4791339618765617,0.3840773538636376,0.2236049245584801,0.0569103046575855,0.2320922257081709,0.8125,0.4375,0.375,0.21875,0.03125,0.2314453125,0.6875,0.6875,0.4583677225978021,0.5018540919139253,0.304976121986491,0.3854511650979697,0.2099402377355945,0.2468307325151907,0.0335220364260245,0.1089272778397136,0.31982421875,0.376953125,0.31982421875,0.376953125,0.31982421875,0.376953125,0.31982421875,0.376953125,0.4243861607142857,0.4801742311507936,0.4243861607142857,0.4801742311507936,0.2152622767857143,0.2737320188492064,0.2152622767857143,0.2737320188492064,0.4432953762799128,0.479133961876824,0.295116693249559,0.3843926524089033,0.2068074149346038,0.2240778723763785,0.0051987566842173,0.0744869049708907,0.5236413163229333,0.5763998895929342,0.3614307217301251,0.4205279137864822,0.2525315718566644,0.3107898905529953,0.1416932650902772,0.2000948060675883,0.4375,0.4375,0.3125,0.375,0.21875,0.21875,0.0,0.0625,0.4834639203162393,0.53178827030328,0.3245680529651981,0.3922860743897312,0.2223052572891352,0.2749703905564176,0.0834056528112869,0.1482482328397495,0.1790662452825398,0.2377630116221539,0.0,0.0,0.2152622767857143,0.2737320188492064,0.1749235045110128,0.2349952802563187,0.1971124184734707,0.2554423483102918,0.171875,0.234375,0.1858056963495212,0.2440116471861704,0.6877487976252089,0.7444095506019189,0.31982421875,0.376953125,0.4243861607142857,0.4801742311507935,0.7411044678801745,0.7978300794111405,0.5236413163229333,0.576399889592934,0.78125,0.8125,0.6138117458888852,0.6660701735613509,current,Gemma4,Q-4B|base|tubitak_math2026
Qwen3.5-4B-Base,Q-4B·Base,Qwen,4.0,True,base,Pretrained,pt_exams_math,PT,False,No-Judge,,,16,0.6,16384,,,,,,0.9518072289156626,166.0,2656.0,2490.0,166.0,0.0,40.0,2656.0,0.01506,18.0,5.0,5.0,,,,/user/home/t.tuna/evalhub/results/base/Qwen3.5-4B-Base,/user/home/t.tuna/evalhub/results/base/Qwen3.5-4B-Base/pt_exams_math__t0.6__max16384__n16/pt_exams_math_summary.json,0.9375,0.9375,0.9375,0.9375,0.9375,0.0,0.9605421686746988,0.9605421686746988,0.9605421686746988,0.9144578313253012,0.9144578313253012,0.9144578313253012,0.9711108168939496,0.9711108168939496,0.9571925062888916,0.9355355487885608,0.8861611280285981,0.9108483384085794,0.975215079431947,0.9717588301925654,0.9547654487413522,0.928533715280703,0.8507966598328043,0.9083320461332508,0.9759036144578314,0.9698795180722892,0.9518072289156626,0.9216867469879518,0.8012048192771084,0.9066265060240964,,,,,,,,,,,,,,,,,,,,,,,,,,,,,,,,,,,,,,,,,,,,,,,,,,,,,,,,,,,,,,,,,,,,,,,,,,,,,,,,,,,,,,,,,,,,,,,,,,,current,No-Judge,Q-4B|base|pt_exams_math
Qwen3.5-4B-Base,Q-4B·Base,Qwen,4.0,True,base,Pretrained,tubitak_math2026,TR-OL,False,No-Judge,,,64,0.6,16384,,,,,,0.6875,32.0,2048.0,789.0,1259.0,0.0,1142.0,2048.0,0.557617,21.0,30.0,39.0,,,,/user/home/t.tuna/evalhub/results/base/Qwen3.5-4B-Base,/user/home/t.tuna/evalhub/results/base/Qwen3.5-4B-Base/tubitak_math2026__t0.6__max16384__n64/tubitak_math2026_summary.json,0.38525390625,0.38525390625,0.38525390625,0.38525390625,0.38525390625,0.0,0.4911799355158729,0.491179935515873,0.491179935515873,0.279327876984127,0.279327876984127,0.279327876984127,0.5914283432172446,0.5914283432172446,0.4281499261854397,0.3164947310726247,0.2049426245246908,0.2607186777986578,0.6847450741248491,0.5469766621598696,0.3960239584339791,0.2816259641852247,0.1515522513586866,0.249336277772815,0.7624805453853437,0.5165080000021091,0.3871089527803486,0.2548955601775727,0.1098291937856563,0.2433547103862216,0.8162379795914437,0.4896961455993902,0.3847632094181778,0.2302441860198905,0.074499388053111,0.2408251484067843,0.84375,0.4375,0.375,0.21875,0.0625,0.240234375,,,,,,,,,,,,,,,,,,,,,,,,,,,,,,,,,,,,,,,,,,,,,,,,,,,,,,,,,,,,,,,,,,,,,,,,,,,,,,,,,,,,,,,current,No-Judge,Q-4B|base|tubitak_math2026
Qwen3.5-9B-Base,Q-9B·Base,Qwen,9.0,True,base,Pretrained,aime2026,EN,False,No-Judge,,,64,0.6,16384,,,,,,0.7666666666666667,30.0,1920.0,964.0,956.0,0.0,1023.0,1920.0,0.532813,62.0,87.0,86.0,,,,/user/home/t.tuna/evalhub/results/base/Qwen3.5-9B-Base,/user/home/t.tuna/evalhub/results/base/Qwen3.5-9B-Base/aime2026__t0.6__max16384__n64/aime2026_summary.json,0.5020833333333334,0.5020833333333333,0.5020833333333333,0.5020833333333333,0.5020833333333333,0.0,0.5862764550264551,0.586276455026455,0.586276455026455,0.4178902116402117,0.4178902116402117,0.4178902116402117,0.6546186824809247,0.6546186824809247,0.5483239320759151,0.4571548185641257,0.3482359002123677,0.4026953593882467,0.7052333539096394,0.6396114328746576,0.520754268114518,0.4317395024857554,0.2865737993291051,0.3929606367699393,0.7400123512721232,0.6356352049776554,0.4986184666289798,0.4225716095767083,0.2261214943851883,0.3874960283070109,0.7711440403207576,0.6332464027815231,0.4801540597302381,0.4198214696082722,0.1717351943964535,0.3850080333020254,0.8,0.6333333333333333,0.4666666666666667,0.4333333333333333,0.1333333333333333,0.384375,,,,,,,,,,,,,,,,,,,,,,,,,,,,,,,,,,,,,,,,,,,,,,,,,,,,,,,,,,,,,,,,,,,,,,,,,,,,,,,,,,,,,,,current,No-Judge,Q-9B|base|aime2026
Qwen3.5-9B-Base,Q-9B·Base,Qwen,9.0,True,base,Pretrained,aime2026_pt,PT,False,No-Judge,,,64,0.6,16384,,,,,,0.7666666666666667,30.0,1920.0,1000.0,920.0,0.0,889.0,1920.0,0.463021,28.0,37.0,36.0,,,,/user/home/t.tuna/evalhub/results/base/Qwen3.5-9B-Base,/user/home/t.tuna/evalhub/results/base/Qwen3.5-9B-Base/aime2026_pt__t0.6__max16384__n64/aime2026_pt_summary.json,0.5208333333333334,0.5208333333333334,0.5208333333333334,0.5208333333333334,0.5208333333333334,0.0,0.6305059523809523,0.6305059523809525,0.6305059523809525,0.4111607142857142,0.4111607142857142,0.4111607142857142,0.7102477378224337,0.7102477378224336,0.5923750661025912,0.4675423686132305,0.3131681607950778,0.3903552647041541,0.7660326745237264,0.6901869839867825,0.5720925620493745,0.4272856811616533,0.2370182384398129,0.3768643565491985,0.8074234689901872,0.6768671805429203,0.5608450701711134,0.4023692653459853,0.1862472919314162,0.3690815403091498,0.8301272678396657,0.6705766075893508,0.5510049235372306,0.3892580606271782,0.1541830187345608,0.3649998129755787,0.8333333333333334,0.6666666666666666,0.5333333333333333,0.4,0.1333333333333333,0.3635416666666666,,,,,,,,,,,,,,,,,,,,,,,,,,,,,,,,,,,,,,,,,,,,,,,,,,,,,,,,,,,,,,,,,,,,,,,,,,,,,,,,,,,,,,,current,No-Judge,Q-9B|base|aime2026_pt
Qwen3.5-9B-Base,Q-9B·Base,Qwen,9.0,True,base,Pretrained,aime2026_tr,TR,False,No-Judge,,,64,0.6,16384,,,,,,0.8,30.0,1920.0,1028.0,892.0,0.0,860.0,1920.0,0.447917,17.0,28.0,31.0,,,,/user/home/t.tuna/evalhub/results/base/Qwen3.5-9B-Base,/user/home/t.tuna/evalhub/results/base/Qwen3.5-9B-Base/aime2026_tr__t0.6__max16384__n64/aime2026_tr_summary.json,0.5354166666666667,0.5354166666666667,0.5354166666666667,0.5354166666666667,0.5354166666666667,0.0,0.639484126984127,0.639484126984127,0.639484126984127,0.4313492063492063,0.4313492063492063,0.4313492063492063,0.7200290851401374,0.7200290851401374,0.597186810119782,0.4824438862447852,0.3420068851619618,0.4122253857033736,0.7787180613236109,0.7021540394541657,0.5697590086893172,0.4488204523405867,0.2682970523240813,0.4003594505234339,0.8148462823810406,0.6901173518888027,0.5550453206459827,0.4304633828783509,0.2097936014814281,0.3940531954186702,0.8310089468805599,0.6850295826127741,0.5496370907079569,0.4241315545151786,0.1627942257396079,0.3910277954123773,0.8333333333333334,0.6666666666666666,0.5333333333333333,0.4333333333333333,0.1333333333333333,0.3895833333333333,,,,,,,,,,,,,,,,,,,,,,,,,,,,,,,,,,,,,,,,,,,,,,,,,,,,,,,,,,,,,,,,,,,,,,,,,,,,,,,,,,,,,,,current,No-Judge,Q-9B|base|aime2026_tr
Qwen3.5-9B-Base,Q-9B·Base,Qwen,9.0,True,base,Pretrained,aime2026,EN,True,cot:Qwen3.6-35B·TH,Qwen3.6-35B-A3B,think,64,0.6,16384,,0.6,16384.0,,,0.7666666666666667,30.0,1920.0,952.0,956.0,12.0,,,,,,,285.0,2892.0,0.098548,/user/home/t.tuna/evalhub/results/base/Qwen3.5-9B-Base/judged_by/Qwen3.6-35B-A3B__state-think__t0.6__max16384__basemax16384,/user/home/t.tuna/evalhub/results/base/Qwen3.5-9B-Base/judged_by/Qwen3.6-35B-A3B__state-think__t0.6__max16384__basemax16384/aime2026__t0.6__max16384__n64/aime2026_cot_summary.json,0.4958333333333333,0.4958333333333333,0.4958333333333333,0.4958333333333333,0.4958333333333333,0.0,0.5836805555555556,0.5836805555555556,0.5836805555555556,0.4079861111111111,0.4079861111111111,0.4079861111111111,0.6534539653160754,0.6534539653160754,0.5454112735346208,0.4508988903158654,0.3335692041667716,0.3922340472413185,0.7049141087657015,0.6381846203688127,0.5177818620083694,0.4250886588428976,0.2669307082548509,0.3822988591622814,0.7400039032037888,0.6340915935463384,0.4960811602539519,0.4154233621237449,0.2035856234133403,0.3768938598193211,0.7711440402417798,0.6323400658766399,0.4790926935360095,0.4106006837422547,0.1479061294305989,0.3745602856239624,0.8,0.6333333333333333,0.4666666666666667,0.4,0.1,0.3739583333333333,0.7666666666666667,0.7666666666666667,0.6165195295714194,0.6356352049776554,0.4805016087478573,0.4986184666289798,0.3441261672336372,0.4225716095767083,0.070881920704429,0.2261214943851883,0.4463541666666666,0.5020833333333333,0.4463541666666666,0.5020833333333333,0.4463541666666666,0.5020833333333333,0.4463541666666666,0.5020833333333333,0.5587632275132276,0.586276455026455,0.5587632275132276,0.586276455026455,0.3339451058201058,0.4178902116402117,0.3339451058201058,0.4178902116402117,0.6200311368610832,0.6332464027815231,0.4710510327262462,0.4801540597302381,0.3321256507102281,0.4198214696082722,0.0266217815007333,0.1717351943964535,0.637658646218932,0.6546186824809247,0.520920630723645,0.5483239320759151,0.3977621649752796,0.4571548185641257,0.2290752247488101,0.3482359002123677,0.6333333333333333,0.6333333333333333,0.4666666666666667,0.4666666666666667,0.3333333333333333,0.4333333333333333,0.0,0.1333333333333333,0.620742264812431,0.6396114328746576,0.4968618229825404,0.520754268114518,0.362891576422456,0.4317395024857554,0.1385189272334782,0.2865737993291051,0.2943348528791477,0.3874960283070109,0.0,0.0,0.3339451058201058,0.4178902116402117,0.2919839139679664,0.3850080333020254,0.3134186948620449,0.4026953593882467,0.2916666666666667,0.384375,0.3007583471366886,0.3929606367699393,0.730648582767585,0.7400123512721232,0.4463541666666666,0.5020833333333333,0.5587632275132276,0.586276455026455,0.7665141165092729,0.7711440403207575,0.637658646218932,0.6546186824809247,0.8,0.8,0.6918463330747687,0.7052333539096394,current,Qwen3.6,Q-9B|base|aime2026
Qwen3.5-9B-Base,Q-9B·Base,Qwen,9.0,True,base,Pretrained,aime2026_pt,PT,True,cot:Qwen3.6-35B·TH,Qwen3.6-35B-A3B,think,64,0.6,16384,,0.6,16384.0,,,0.7666666666666667,30.0,1920.0,996.0,920.0,4.0,,,,,,,175.0,3000.0,0.058333,/user/home/t.tuna/evalhub/results/base/Qwen3.5-9B-Base/judged_by/Qwen3.6-35B-A3B__state-think__t0.6__max16384__basemax16384,/user/home/t.tuna/evalhub/results/base/Qwen3.5-9B-Base/judged_by/Qwen3.6-35B-A3B__state-think__t0.6__max16384__basemax16384/aime2026_pt__t0.6__max16384__n64/aime2026_pt_cot_summary.json,0.51875,0.51875,0.51875,0.51875,0.51875,0.0,0.6285548941798943,0.6285548941798943,0.6285548941798943,0.4089451058201058,0.4089451058201058,0.4089451058201058,0.7092354763163857,0.7092354763163857,0.5896002786801304,0.4644223787699461,0.3117418662335374,0.3880821225017418,0.7658394681259608,0.689139655735821,0.5684771770973439,0.4239986068229522,0.2366349912362033,0.3745297768455028,0.8074205026909091,0.6760048432991651,0.5567920733226038,0.3989591102578972,0.1862362285609256,0.3667122821690425,0.8301272678346912,0.6702873567007194,0.5475568527622122,0.386428853830549,0.1541830186363108,0.3627120735674127,0.8333333333333334,0.6666666666666666,0.5333333333333333,0.4,0.1333333333333333,0.3614583333333333,0.7666666666666667,0.7666666666666667,0.6629718785320672,0.6768669503054352,0.5359597306203046,0.5604704869394947,0.359763148637249,0.4006212102650986,0.0917768690578929,0.1862405592813392,0.4848958333333333,0.5203125,0.4848958333333333,0.5203125,0.4848958333333333,0.5203125,0.4848958333333333,0.5203125,0.6098214285714286,0.6301587301587303,0.6098214285714286,0.6301587301587303,0.3599702380952382,0.4104662698412698,0.3599702380952382,0.4104662698412698,0.6610493749153765,0.6705766075893508,0.5301489922763231,0.5509684024055067,0.3440146854867405,0.3876044335328644,0.0690422354911264,0.1541830186567023,0.697362611535007,0.7101779628650331,0.5690776799879127,0.5919123479640401,0.4286853768477248,0.466593796429201,0.2444576649626887,0.3125658927417257,0.6666666666666666,0.6666666666666666,0.5333333333333333,0.5333333333333333,0.3333333333333333,0.4,0.0666666666666666,0.1333333333333333,0.6756975163171687,0.6901698202358414,0.5474220559217026,0.571575125440124,0.3855794558735972,0.4259403459776019,0.1511923903637875,0.2368150653712011,0.313163037448791,0.3681027735518794,0.0,0.0,0.3599702380952382,0.4104662698412698,0.3087784490475808,0.3639608298551544,0.3365715209052068,0.3895798445854632,0.3072916666666667,0.3625,0.3216546690376616,0.3759895454818141,0.8031014463609314,0.8074234689864848,0.4848958333333333,0.5203125,0.6098214285714286,0.6301587301587303,0.8294996151935823,0.8301272678396657,0.6973626115350069,0.7101779628650331,0.8333333333333334,0.8333333333333334,0.757748777165285,0.7660317988221478,current,Qwen3.6,Q-9B|base|aime2026_pt
Qwen3.5-9B-Base,Q-9B·Base,Qwen,9.0,True,base,Pretrained,aime2026_tr,TR,True,cot:Qwen3.6-35B·TH,Qwen3.6-35B-A3B,think,64,0.6,16384,,0.6,16384.0,,,0.8,30.0,1920.0,1024.0,892.0,4.0,,,,,,,194.0,3084.0,0.062905,/user/home/t.tuna/evalhub/results/base/Qwen3.5-9B-Base/judged_by/Qwen3.6-35B-A3B__state-think__t0.6__max16384__basemax16384,/user/home/t.tuna/evalhub/results/base/Qwen3.5-9B-Base/judged_by/Qwen3.6-35B-A3B__state-think__t0.6__max16384__basemax16384/aime2026_tr__t0.6__max16384__n64/aime2026_tr_cot_summary.json,0.5333333333333333,0.5333333333333333,0.5333333333333333,0.5333333333333333,0.5333333333333333,0.0,0.6383101851851852,0.6383101851851852,0.6383101851851852,0.4283564814814815,0.4283564814814815,0.4283564814814815,0.7190383856697975,0.7190383856697975,0.5960306443218923,0.4806846654579336,0.3375796378837098,0.4091321516708217,0.7780710978548027,0.7006778657785868,0.569000154582566,0.4470991043640554,0.2622648265077955,0.3972463649995735,0.8147387768316707,0.6878258366688675,0.5549073849016464,0.4283398290520782,0.2033672812509525,0.3909303506646754,0.8310087367218367,0.6810840454310363,0.5496370907079569,0.4205081020013377,0.159706283155497,0.3879027954123774,0.8333333333333334,0.6666666666666666,0.5333333333333333,0.4333333333333333,0.1333333333333333,0.3864583333333333,0.8,0.8,0.6791086391021154,0.6878258366688675,0.5389617028854103,0.5549073849016464,0.3968013315941859,0.4283589253562088,0.0817907725490112,0.2060894489123057,0.5010416666666667,0.5338541666666666,0.5010416666666667,0.5338541666666666,0.5010416666666667,0.5338541666666666,0.5010416666666667,0.5338541666666666,0.625,0.6383763227513229,0.625,0.6383763227513229,0.3770833333333333,0.4293320105820105,0.3770833333333333,0.4293320105820105,0.6712465808876794,0.6810840454310363,0.5322741420619785,0.5496370907079569,0.3909570165319281,0.4205081020013377,0.0416309659628569,0.1607124415387046,0.7127713878606262,0.7190385955192934,0.581447101139063,0.5960492160022831,0.4487916341399948,0.4810437179454895,0.2611565435269825,0.3392851371996004,0.6666666666666666,0.6666666666666666,0.5333333333333333,0.5333333333333333,0.4,0.4333333333333333,0.0333333333333333,0.1333333333333333,0.6932911162979394,0.7006778657785868,0.5539643802873235,0.5690003994069779,0.4136412036334019,0.4473253221206803,0.1581911472615664,0.2648340138866075,0.3349565519490359,0.391972017331342,0.0,0.0,0.3770833333333333,0.4293320105820105,0.3315581162643368,0.388944462079044,0.3549740888334886,0.410164427572545,0.3302083333333333,0.3875,0.3417818608187769,0.3982879704601372,0.8141740681326989,0.8147387768316707,0.5010416666666667,0.5338541666666666,0.625,0.6383763227513229,0.8310038303544774,0.8310087367218367,0.7127713878606261,0.7190385955192934,0.8333333333333334,0.8333333333333334,0.77528250880752,0.7780710978548027,current,Qwen3.6,Q-9B|base|aime2026_tr
Qwen3.5-9B-Base,Q-9B·Base,Qwen,9.0,True,base,Pretrained,pt_exams_math,PT,True,cot:Qwen3.6-35B·TH,Qwen3.6-35B-A3B,think,16,0.6,16384,,0.6,16384.0,,,0.963855421686747,166.0,2656.0,2540.0,114.0,2.0,,,,,,,20.0,7626.0,0.002623,/user/home/t.tuna/evalhub/results/base/Qwen3.5-9B-Base/judged_by/Qwen3.6-35B-A3B__state-think__t0.6__max16384__basemax16384,/user/home/t.tuna/evalhub/results/base/Qwen3.5-9B-Base/judged_by/Qwen3.6-35B-A3B__state-think__t0.6__max16384__basemax16384/pt_exams_math__t0.6__max16384__n16/pt_exams_math_cot_summary.json,0.9563253012048192,0.9563253012048192,0.9563253012048192,0.9563253012048192,0.9563253012048192,0.0,0.968172690763052,0.968172690763052,0.968172690763052,0.9444779116465865,0.9444779116465865,0.9444779116465865,0.972775718257646,0.972775718257646,0.9664835164835166,0.9577419568383424,0.9283000132397724,0.9430209850390572,0.9752801415452018,0.9725334906057798,0.9652526188670768,0.956070435588508,0.905519982026006,0.9422269497570704,0.9759036144578314,0.9698795180722892,0.963855421686747,0.9518072289156626,0.8734939759036144,0.9420180722891566,,,,,,,,,,,,,0.963855421686747,0.963855421686747,0.9698795180722892,0.9698795180722892,0.963855421686747,0.963855421686747,0.9518072289156626,0.9518072289156626,0.8493975903614458,0.8795180722891566,0.9533132530120482,0.9567018072289156,0.9533132530120482,0.9567018072289156,0.9533132530120482,0.9567018072289156,0.9533132530120482,0.9567018072289156,0.9672690763052209,0.968172690763052,0.9672690763052209,0.968172690763052,0.9393574297188756,0.9452309236947792,0.9393574297188756,0.9452309236947792,,,,,,,,,0.972610221104197,0.972775718257646,0.9652588375479944,0.9664835164835166,0.9552661194227458,0.9577419568383424,0.9201178339732556,0.929806037336158,,,,,,,,,0.9725250652961496,0.9725334906057798,0.963792231864521,0.9652526188670768,0.953121577217963,0.956070435588508,0.8917754935827222,0.9085320302187772,0.9359939759036144,0.9427710843373494,0.0,0.0,0.9393574297188756,0.9452309236947792,,,0.9376919766980008,0.94377399708725,,,0.9366258741258742,0.9429799618052632,0.9759036144578314,0.9759036144578314,0.9533132530120482,0.9567018072289156,0.9672690763052209,0.968172690763052,,,0.972610221104197,0.972775718257646,,,0.9752801415452018,0.9752801415452018,current,Qwen3.6,Q-9B|base|pt_exams_math
Qwen3.5-9B-Base,Q-9B·Base,Qwen,9.0,True,base,Pretrained,tubitak_math2026,TR-OL,True,cot:Qwen3.6-35B·TH,Qwen3.6-35B-A3B,think,64,0.6,16384,,0.6,16384.0,,,0.71875,32.0,2048.0,950.0,1091.0,7.0,,,,,,,52.0,2871.0,0.018112,/user/home/t.tuna/evalhub/results/base/Qwen3.5-9B-Base/judged_by/Qwen3.6-35B-A3B__state-think__t0.6__max16384__basemax16384,/user/home/t.tuna/evalhub/results/base/Qwen3.5-9B-Base/judged_by/Qwen3.6-35B-A3B__state-think__t0.6__max16384__basemax16384/tubitak_math2026__t0.6__max16384__n64/tubitak_math2026_cot_summary.json,0.4638671875,0.4638671875,0.4638671875,0.4638671875,0.4638671875,0.0,0.5661117311507935,0.5661117311507935,0.5661117311507935,0.3616226438492063,0.3616226438492063,0.3616226438492063,0.6579243530602351,0.6579243530602352,0.512312050266299,0.3982732271914583,0.2869591194820074,0.3426161733367329,0.7313792073405989,0.631795490699739,0.4773176605206428,0.3632806665731429,0.2314819232977989,0.330215700162979,0.7837738539941304,0.6159792966313798,0.4548727086163572,0.3478010142744495,0.1829623784172827,0.3228066747972671,0.818386929842254,0.6079447266605734,0.4409177903902498,0.3432198142797995,0.1374088771847,0.3183501469537229,0.84375,0.59375,0.4375,0.34375,0.09375,0.3154296875,0.71875,0.71875,0.613575684817245,0.6188312496743139,0.4471141009762331,0.4564728722707669,0.3373726972765646,0.3481402914852484,0.1586878138193594,0.1829624447620327,0.45458984375,0.46533203125,0.45458984375,0.46533203125,0.45458984375,0.46533203125,0.45458984375,0.46533203125,0.559477306547619,0.5682973710317459,0.559477306547619,0.5682973710317459,0.3497023809523809,0.3623666914682539,0.3497023809523809,0.3623666914682539,0.6061657107367788,0.6083585165806257,0.43249620044776,0.4434896887599718,0.3303968113325108,0.3432290522765084,0.1148648752558996,0.1374088771847,0.6518832451178516,0.6607777323978243,0.5061548201379971,0.5141325766160508,0.3889044636561657,0.3991858757649014,0.2714168460879856,0.2872319402212233,0.59375,0.59375,0.40625,0.4375,0.3125,0.34375,0.09375,0.09375,0.6289420033947206,0.6351758930005483,0.4700181154570793,0.4785989326187214,0.3534688661385663,0.364010394307301,0.211600727585208,0.2315120852484153,0.3099138451644376,0.323377392527242,0.0,0.0,0.3497023809523809,0.3623666914682539,0.3055284933068085,0.3189800835436178,0.3301606548720757,0.3432089079930623,0.302734375,0.31640625,0.3174583736012876,0.330762518615795,0.7699925563853185,0.7855747465732486,0.45458984375,0.46533203125,0.559477306547619,0.5682973710317459,0.7948254215711914,0.8185244210417727,0.6518832451178515,0.6607777323978243,0.8125,0.84375,0.7234794528693715,0.7344637122723292,current,Qwen3.6,Q-9B|base|tubitak_math2026
Qwen3.5-9B-Base,Q-9B·Base,Qwen,9.0,True,base,Pretrained,aime2026,EN,True,cot:deepseek-v4-flash·NT,deepseek-v4-flash,non-think,64,0.6,16384,,0.0,4000.0,,,0.7666666666666667,30.0,1920.0,950.0,956.0,14.0,,,,,,,,,,/user/home/t.tuna/evalhub/results/base/Qwen3.5-9B-Base/judged_by/deepseek-v4-flash__state-non-think__t0.0__max4000__basemax16384,/user/home/t.tuna/evalhub/results/base/Qwen3.5-9B-Base/judged_by/deepseek-v4-flash__state-non-think__t0.0__max4000__basemax16384/aime2026__t0.6__max16384__n64/aime2026_cot_summary.json,0.4947916666666667,0.4947916666666667,0.4947916666666667,0.4947916666666667,0.4947916666666667,0.0,0.5820436507936508,0.5820436507936508,0.5820436507936508,0.4075396825396826,0.4075396825396826,0.4075396825396826,0.650602215590978,0.650602215590978,0.5441578949577364,0.4521394680734977,0.3322670880444544,0.3922032780589761,0.7012988559370669,0.6360125945103037,0.5159991419537339,0.4285545039536355,0.2617319478561334,0.3826825516026825,0.7351762614107404,0.6325491396230417,0.4937054683282213,0.4207564427110342,0.1932108313956305,0.3775711205254523,0.7669112351183033,0.630872944301435,0.4764794709834554,0.4180496045183374,0.1399482793289157,0.3754124738776945,0.8,0.6333333333333333,0.4666666666666667,0.4333333333333333,0.1,0.375,0.7666666666666667,0.7666666666666667,0.6325491396230417,0.6325491396230417,0.4937054683282213,0.4937054683282213,0.4207564427110342,0.4207564427110342,0.1932108313956305,0.1932108313956305,0.4947916666666667,0.4947916666666667,0.4947916666666667,0.4947916666666667,0.4947916666666667,0.4947916666666667,0.4947916666666667,0.4947916666666667,0.5820436507936508,0.5820436507936508,0.5820436507936508,0.5820436507936508,0.4075396825396826,0.4075396825396826,0.4075396825396826,0.4075396825396826,0.630872944301435,0.630872944301435,0.4764794709834554,0.4764794709834554,0.4180496045183374,0.4180496045183374,0.1399482793289157,0.1399482793289157,0.650602215590978,0.650602215590978,0.5441578949577364,0.5441578949577364,0.4521394680734977,0.4521394680734977,0.3322670880444544,0.3322670880444544,0.6333333333333333,0.6333333333333333,0.4666666666666667,0.4666666666666667,0.4333333333333333,0.4333333333333333,0.1,0.1,0.6360125945103037,0.6360125945103037,0.5159991419537339,0.5159991419537339,0.4285545039536355,0.4285545039536355,0.2617319478561334,0.2617319478561334,0.3775711205254523,0.3775711205254523,0.0,0.0,0.4075396825396826,0.4075396825396826,0.3754124738776945,0.3754124738776945,0.3922032780589761,0.3922032780589761,0.375,0.375,0.3826825516026825,0.3826825516026825,0.7351762614107404,0.7351762614107404,0.4947916666666667,0.4947916666666667,0.5820436507936508,0.5820436507936508,0.7669112351183033,0.7669112351183033,0.650602215590978,0.650602215590978,0.8,0.8,0.7012988559370669,0.7012988559370669,current,V4-Flash,Q-9B|base|aime2026
Qwen3.5-9B-Base,Q-9B·Base,Qwen,9.0,True,base,Pretrained,tubitak_math2026,TR-OL,True,cot:deepseek-v4-flash·NT,deepseek-v4-flash,non-think,64,0.6,16384,,0.6,8192.0,,thinking-disabled,0.71875,32.0,2048.0,891.0,1091.0,66.0,,,,,,,0.0,957.0,0.0,/user/home/t.tuna/evalhub/results/base/Qwen3.5-9B-Base/judged_by/deepseek-v4-flash__state-non-think__t0.6__max8192__basemax16384__eb-thinking-disabled,/user/home/t.tuna/evalhub/results/base/Qwen3.5-9B-Base/judged_by/deepseek-v4-flash__state-non-think__t0.6__max8192__basemax16384__eb-thinking-disabled/tubitak_math2026__t0.6__max16384__n64/tubitak_math2026_cot_summary.json,0.43505859375,0.43505859375,0.43505859375,0.43505859375,0.43505859375,0.0,0.5383804563492064,0.5383804563492065,0.5383804563492065,0.3317367311507935,0.3317367311507935,0.3317367311507935,0.6339148492388758,0.6339148492388758,0.4802368990959683,0.3680643921866737,0.258018234478482,0.3130413133325778,0.7127713288789848,0.6073789801491889,0.440308648880615,0.3378976250950143,0.2021574256395926,0.3016827219721689,0.7625757382999234,0.5872718384349158,0.4169147063834286,0.3282131986363539,0.1584831143156059,0.2955326328377802,0.7890135171192778,0.5706369519533773,0.4042555394404592,0.3296177625599517,0.1248656822531145,0.2922216566188288,0.8125,0.5625,0.40625,0.34375,0.09375,0.2900390625,0.71875,0.71875,0.5872718384349158,0.5872718384349158,0.4169147063834286,0.4169147063834286,0.3282131986363539,0.3282131986363539,0.1584831143156059,0.1584831143156059,0.43505859375,0.43505859375,0.43505859375,0.43505859375,0.43505859375,0.43505859375,0.43505859375,0.43505859375,0.5383804563492065,0.5383804563492065,0.5383804563492065,0.5383804563492065,0.3317367311507935,0.3317367311507935,0.3317367311507935,0.3317367311507935,0.5706369519533773,0.5706369519533773,0.4042555394404592,0.4042555394404592,0.3296177625599517,0.3296177625599517,0.1248656822531145,0.1248656822531145,0.6339148492388758,0.6339148492388758,0.4802368990959683,0.4802368990959683,0.3680643921866737,0.3680643921866737,0.258018234478482,0.258018234478482,0.5625,0.5625,0.40625,0.40625,0.34375,0.34375,0.09375,0.09375,0.6073789801491889,0.6073789801491889,0.440308648880615,0.440308648880615,0.3378976250950143,0.3378976250950143,0.2021574256395926,0.2021574256395926,0.2955326328377802,0.2955326328377802,0.0,0.0,0.3317367311507935,0.3317367311507935,0.2922216566188288,0.2922216566188288,0.3130413133325778,0.3130413133325778,0.2900390625,0.2900390625,0.3016827219721689,0.3016827219721689,0.7625757382999234,0.7625757382999234,0.43505859375,0.43505859375,0.5383804563492064,0.5383804563492064,0.7890135171192778,0.7890135171192778,0.6339148492388758,0.6339148492388758,0.8125,0.8125,0.7127713288789848,0.7127713288789848,current,V4-Flash,Q-9B|base|tubitak_math2026
Qwen3.5-9B-Base,Q-9B·Base,Qwen,9.0,True,base,Pretrained,aime2026,EN,True,cot:deepseek-v4-flash·TH,deepseek-v4-flash,think,64,0.6,16384,,0.6,32768.0,high,thinking-enabled,0.7666666666666667,30.0,1920.0,948.0,956.0,16.0,,,,,,,1.0,964.0,0.001037,/user/home/t.tuna/evalhub/results/base/Qwen3.5-9B-Base/judged_by/deepseek-v4-flash__state-think__t0.6__max32768__basemax16384__re-high__eb-thinking-enabled,/user/home/t.tuna/evalhub/results/base/Qwen3.5-9B-Base/judged_by/deepseek-v4-flash__state-think__t0.6__max32768__basemax16384__re-high__eb-thinking-enabled/aime2026__t0.6__max16384__n64/aime2026_cot_summary.json,0.49375,0.49375,0.49375,0.49375,0.49375,0.0,0.5788690476190476,0.5788690476190476,0.5788690476190476,0.4086309523809524,0.4086309523809524,0.4086309523809524,0.6481508587041375,0.6481508587041375,0.5394919963402247,0.4497777169214238,0.3375794280342138,0.3936785724778188,0.7018289079583858,0.6306681214205673,0.5118450043038096,0.4260905974808125,0.2729915799431558,0.3844422021698098,0.7392823990462507,0.624176480458244,0.4916426853503099,0.4166950112435003,0.2109382166084185,0.3795586407279255,0.7711242477658772,0.6208759008223115,0.4763026248064645,0.4117459843153057,0.1609636042963438,0.3774930500217038,0.8,0.6333333333333333,0.4666666666666667,0.4,0.1333333333333333,0.3770833333333333,0.7666666666666667,0.7666666666666667,0.624176480458244,0.624176480458244,0.4916426853503099,0.4916426853503099,0.4166950112435003,0.4166950112435003,0.2109382166084185,0.2109382166084185,0.49375,0.49375,0.49375,0.49375,0.49375,0.49375,0.49375,0.49375,0.5788690476190476,0.5788690476190476,0.5788690476190476,0.5788690476190476,0.4086309523809524,0.4086309523809524,0.4086309523809524,0.4086309523809524,0.6208759008223115,0.6208759008223115,0.4763026248064645,0.4763026248064645,0.4117459843153057,0.4117459843153057,0.1609636042963438,0.1609636042963438,0.6481508587041375,0.6481508587041375,0.5394919963402247,0.5394919963402247,0.4497777169214238,0.4497777169214238,0.3375794280342138,0.3375794280342138,0.6333333333333333,0.6333333333333333,0.4666666666666667,0.4666666666666667,0.4,0.4,0.1333333333333333,0.1333333333333333,0.6306681214205673,0.6306681214205673,0.5118450043038096,0.5118450043038096,0.4260905974808125,0.4260905974808125,0.2729915799431558,0.2729915799431558,0.3795586407279255,0.3795586407279255,0.0,0.0,0.4086309523809524,0.4086309523809524,0.3774930500217038,0.3774930500217038,0.3936785724778188,0.3936785724778188,0.3770833333333333,0.3770833333333333,0.3844422021698098,0.3844422021698098,0.7392823990462507,0.7392823990462507,0.49375,0.49375,0.5788690476190476,0.5788690476190476,0.7711242477658772,0.7711242477658772,0.6481508587041375,0.6481508587041375,0.8,0.8,0.7018289079583858,0.7018289079583858,current,V4-Flash,Q-9B|base|aime2026
Qwen3.5-9B-Base,Q-9B·Base,Qwen,9.0,True,base,Pretrained,tubitak_math2026,TR-OL,True,cot:deepseek-v4-flash·TH,deepseek-v4-flash,think,64,0.6,16384,,0.6,32768.0,high,thinking-enabled,0.71875,32.0,2048.0,904.0,1091.0,53.0,,,,,,,0.0,957.0,0.0,/user/home/t.tuna/evalhub/results/base/Qwen3.5-9B-Base/judged_by/deepseek-v4-flash__state-think__t0.6__max32768__basemax16384__re-high__eb-thinking-enabled,/user/home/t.tuna/evalhub/results/base/Qwen3.5-9B-Base/judged_by/deepseek-v4-flash__state-think__t0.6__max32768__basemax16384__re-high__eb-thinking-enabled/tubitak_math2026__t0.6__max16384__n64/tubitak_math2026_cot_summary.json,0.44140625,0.44140625,0.44140625,0.44140625,0.44140625,0.0,0.5400235615079365,0.5400235615079365,0.5400235615079365,0.3427889384920634,0.3427889384920634,0.3427889384920634,0.625869121197527,0.625869121197527,0.4897271458160208,0.3830797138229961,0.266949019163456,0.325014366493226,0.6964158314252236,0.59851623494798,0.4585001126942192,0.3522152791434068,0.2061913184218945,0.3137183738536381,0.7490181728474338,0.5807786545651497,0.4379521839542968,0.3404299957641039,0.1545942605568625,0.3070615155713729,0.7770780146432353,0.5749563018871899,0.421184490257749,0.3373405681603044,0.1095977258984966,0.3031213899277636,0.78125,0.5625,0.40625,0.34375,0.0625,0.30078125,0.71875,0.71875,0.5807786545651497,0.5807786545651497,0.4379521839542968,0.4379521839542968,0.3404299957641039,0.3404299957641039,0.1545942605568625,0.1545942605568625,0.44140625,0.44140625,0.44140625,0.44140625,0.44140625,0.44140625,0.44140625,0.44140625,0.5400235615079365,0.5400235615079365,0.5400235615079365,0.5400235615079365,0.3427889384920634,0.3427889384920634,0.3427889384920634,0.3427889384920634,0.5749563018871899,0.5749563018871899,0.421184490257749,0.421184490257749,0.3373405681603044,0.3373405681603044,0.1095977258984966,0.1095977258984966,0.625869121197527,0.625869121197527,0.4897271458160208,0.4897271458160208,0.3830797138229961,0.3830797138229961,0.266949019163456,0.266949019163456,0.5625,0.5625,0.40625,0.40625,0.34375,0.34375,0.0625,0.0625,0.59851623494798,0.59851623494798,0.4585001126942192,0.4585001126942192,0.3522152791434068,0.3522152791434068,0.2061913184218945,0.2061913184218945,0.3070615155713729,0.3070615155713729,0.0,0.0,0.3427889384920634,0.3427889384920634,0.3031213899277636,0.3031213899277636,0.325014366493226,0.325014366493226,0.30078125,0.30078125,0.3137183738536381,0.3137183738536381,0.7490181728474338,0.7490181728474338,0.44140625,0.44140625,0.5400235615079365,0.5400235615079365,0.7770780146432353,0.7770780146432353,0.625869121197527,0.625869121197527,0.78125,0.78125,0.6964158314252236,0.6964158314252236,current,V4-Flash,Q-9B|base|tubitak_math2026
Qwen3.5-9B-Base,Q-9B·Base,Qwen,9.0,True,base,Pretrained,aime2026,EN,True,cot:G4-26B·TH,gemma-4-26B-A4B-it,think,64,0.6,16384,,0.6,16384.0,,,0.7666666666666667,30.0,1920.0,959.0,956.0,5.0,,,,,,,178.0,2892.0,0.061549,/user/home/t.tuna/evalhub/results/base/Qwen3.5-9B-Base/judged_by/gemma-4-26B-A4B-it__state-think__t0.6__max16384__basemax16384,/user/home/t.tuna/evalhub/results/base/Qwen3.5-9B-Base/judged_by/gemma-4-26B-A4B-it__state-think__t0.6__max16384__basemax16384/aime2026__t0.6__max16384__n64/aime2026_cot_summary.json,0.4994791666666666,0.4994791666666666,0.4994791666666666,0.4994791666666666,0.4994791666666666,0.0,0.5857142857142856,0.5857142857142856,0.5857142857142856,0.4132440476190477,0.4132440476190477,0.4132440476190477,0.6545874673684032,0.6545874673684035,0.5479247458722604,0.4546738204359832,0.3407306329900195,0.3977022267130013,0.7052332677553045,0.6396085979677747,0.5205273072541619,0.4291855740939863,0.276367012518423,0.3878186850108517,0.7400123512721221,0.6356352029640304,0.4985632384500952,0.4201230816544435,0.2161833266024251,0.3822957578558482,0.7711440403207575,0.6332464027815231,0.4801540460591987,0.4160470399063546,0.1679475188099329,0.379799700823132,0.8,0.6333333333333333,0.4666666666666667,0.4,0.1333333333333333,0.3791666666666666,0.7666666666666667,0.7666666666666667,0.6004546800988109,0.6356352029640304,0.4172287849254584,0.4985632384500952,0.3185038857434807,0.4201230816544435,0.1331474562888673,0.2161833266024251,0.428125,0.4994791666666666,0.428125,0.4994791666666666,0.428125,0.4994791666666666,0.428125,0.4994791666666666,0.5328538359788358,0.5857142857142856,0.5328538359788358,0.5857142857142856,0.3233961640211641,0.4132440476190477,0.3233961640211641,0.4132440476190477,0.6072474357274046,0.6332464027815231,0.4014541559260306,0.4801540460591987,0.3109234855668046,0.4160470399063546,0.1011566970206331,0.1679475188099329,0.6225704674607372,0.6545874673684035,0.4823942043766209,0.5479247458722604,0.3646232047375622,0.4546738204359832,0.2429121234250794,0.3407306329900195,0.6333333333333333,0.6333333333333333,0.4,0.4666666666666667,0.3,0.4,0.0666666666666666,0.1333333333333333,0.6035941621344924,0.6396085979677747,0.4450932567446118,0.5205273072541619,0.3314597491107566,0.4291855740939863,0.1810614025240218,0.276367012518423,0.2847570519747811,0.3822957578558482,0.0,0.0,0.3233961640211641,0.4132440476190477,0.2820007520315907,0.379799700823132,0.3037676640813209,0.3977022267130013,0.28125,0.3791666666666666,0.2913325236025538,0.3878186850108517,0.7332859503385944,0.7400123512721221,0.428125,0.4994791666666666,0.5328538359788358,0.5857142857142856,0.7702693891196338,0.7711440403207575,0.622570467460737,0.6545874673684032,0.8,0.8,0.6893411382891951,0.7052332677553045,current,Gemma4,Q-9B|base|aime2026
Qwen3.5-9B-Base,Q-9B·Base,Qwen,9.0,True,base,Pretrained,aime2026_pt,PT,True,cot:G4-26B·TH,gemma-4-26B-A4B-it,think,64,0.6,16384,,0.6,16384.0,,,0.7666666666666667,30.0,1920.0,989.0,920.0,11.0,,,,,,,172.0,3000.0,0.057333,/user/home/t.tuna/evalhub/results/base/Qwen3.5-9B-Base/judged_by/gemma-4-26B-A4B-it__state-think__t0.6__max16384__basemax16384,/user/home/t.tuna/evalhub/results/base/Qwen3.5-9B-Base/judged_by/gemma-4-26B-A4B-it__state-think__t0.6__max16384__basemax16384/aime2026_pt__t0.6__max16384__n64/aime2026_pt_cot_summary.json,0.5151041666666667,0.5151041666666667,0.5151041666666667,0.5151041666666667,0.5151041666666667,0.0,0.6246197089947091,0.6246197089947091,0.6246197089947091,0.4055886243386243,0.4055886243386243,0.4055886243386243,0.7063007311156437,0.7063007311156437,0.5840643965148195,0.4606872675916831,0.30936427144452,0.3850257695181016,0.7650332619625402,0.6854532866909671,0.5612392482952224,0.4222190470358404,0.2340425014142851,0.371924222501922,0.8073978620147934,0.6722132683828197,0.5485089007808432,0.3987670923358209,0.1835140566150941,0.3646610352656317,0.830127267457398,0.6678685796165709,0.5401129197934647,0.3864288002725545,0.1531768602531032,0.3612395850778406,0.8333333333333334,0.6666666666666666,0.5333333333333333,0.4,0.1333333333333333,0.3604166666666666,0.7666666666666667,0.7666666666666667,0.6377899567721707,0.6749250607496157,0.4806630664579935,0.5538466697464617,0.2744734906402502,0.3988827372551923,0.1304846926016809,0.1835140597017944,0.4473958333333333,0.5171875,0.4473958333333333,0.5171875,0.4473958333333333,0.5171875,0.4473958333333333,0.5171875,0.573263888888889,0.6272156084656086,0.573263888888889,0.6272156084656086,0.3215277777777778,0.4071593915343915,0.3215277777777778,0.4071593915343915,0.6339173082175492,0.669796924240522,0.4806472200858719,0.5449264122098142,0.252904912519819,0.386428844171013,0.0997400358139005,0.1531768602531032,0.6753114691143511,0.7083014362099501,0.5223502828771205,0.5877429007915522,0.3689483602360387,0.4629035405806955,0.2229732211058229,0.309802122417802,0.6333333333333333,0.6666666666666666,0.5,0.5333333333333333,0.2333333333333333,0.4,0.0666666666666666,0.1333333333333333,0.6515140254997662,0.6879986310383452,0.4940309644873017,0.5660048682497998,0.3127602872699536,0.4232267415816082,0.1633215823625323,0.2340578317648312,0.2675545870925452,0.3653146445646895,0.0,0.0,0.3215277777777778,0.4071593915343915,0.2616534468240278,0.3615287053969497,0.2959607906709307,0.3863528314992486,0.259375,0.3604166666666666,0.2783362214386352,0.3729412104476376,0.7977636766258709,0.8074157946477274,0.4473958333333333,0.5171875,0.5732638888888889,0.6272156084656086,0.8282604714380106,0.8301272678142928,0.6753114691143511,0.7083014362099501,0.8333333333333334,0.8333333333333334,0.7463176622701068,0.7656072910800172,current,Gemma4,Q-9B|base|aime2026_pt
Qwen3.5-9B-Base,Q-9B·Base,Qwen,9.0,True,base,Pretrained,aime2026_tr,TR,True,cot:G4-26B·TH,gemma-4-26B-A4B-it,think,64,0.6,16384,,0.6,16384.0,,,0.8,30.0,1920.0,1022.0,892.0,6.0,,,,,,,225.0,3084.0,0.072957,/user/home/t.tuna/evalhub/results/base/Qwen3.5-9B-Base/judged_by/gemma-4-26B-A4B-it__state-think__t0.6__max16384__basemax16384,/user/home/t.tuna/evalhub/results/base/Qwen3.5-9B-Base/judged_by/gemma-4-26B-A4B-it__state-think__t0.6__max16384__basemax16384/aime2026_tr__t0.6__max16384__n64/aime2026_tr_cot_summary.json,0.5322916666666667,0.5322916666666667,0.5322916666666667,0.5322916666666667,0.5322916666666667,0.0,0.6384424603174604,0.6384424603174604,0.6384424603174604,0.426140873015873,0.426140873015873,0.426140873015873,0.7195406079759595,0.7195406079759595,0.5960568755088851,0.4799191869591128,0.3336499962227091,0.4067845915909111,0.7786022254120774,0.7015641610870182,0.5684501139798654,0.4469103701594911,0.2559921884509218,0.3949134408937579,0.8148445669627938,0.6895772619838473,0.5535909013763844,0.4290701869201506,0.1958769879707658,0.3887005842970435,0.8310089468794408,0.6848713151076996,0.5487402415125346,0.4230725338351456,0.1555394542460667,0.3857910535970684,0.8333333333333334,0.6666666666666666,0.5333333333333333,0.4333333333333333,0.1333333333333333,0.384375,0.8,0.8,0.6301292505480357,0.6895772619838473,0.4580505642284679,0.5535909013763844,0.2872155931207177,0.4290892832242812,0.1055165079219323,0.2058582693957278,0.4432291666666667,0.5338541666666666,0.4432291666666667,0.5338541666666666,0.4432291666666667,0.5338541666666666,0.4432291666666667,0.5338541666666666,0.5690806878306879,0.6386078042328044,0.5690806878306879,0.6386078042328044,0.3173776455026455,0.4291005291005291,0.3173776455026455,0.4291005291005291,0.6169198959933556,0.6848713151076996,0.4470076998693976,0.5487402415125346,0.266460834815629,0.4230725338351456,0.0642367030031668,0.1607090266287538,0.6748206836057181,0.7195409227502035,0.511911477088632,0.5960943336439107,0.3661991219897089,0.4808353898583934,0.2199853839826077,0.338946020414159,0.6,0.6666666666666666,0.4333333333333333,0.5333333333333333,0.2666666666666666,0.4333333333333333,0.0333333333333333,0.1333333333333333,0.6489943769388177,0.7015641610870182,0.4766901751993765,0.5684503588042774,0.3180534817966161,0.4473833709233432,0.1528423774503071,0.2643784038572324,0.2682435999512304,0.3918255842970435,0.0,0.0,0.3173776455026455,0.4291005291005291,0.2638226493578267,0.3889160535970684,0.2930922529861583,0.4098907051362763,0.2625,0.3875,0.2772329232461851,0.398038379687655,0.8051299194665543,0.8148445669627938,0.4432291666666667,0.5338541666666666,0.5690806878306878,0.6386078042328044,0.8293934090260755,0.8310089468794408,0.6748206836057181,0.7195409227502035,0.8333333333333334,0.8333333333333334,0.7536240292291462,0.7786022254120774,current,Gemma4,Q-9B|base|aime2026_tr
Qwen3.5-9B-Base,Q-9B·Base,Qwen,9.0,True,base,Pretrained,pt_exams_math,PT,True,cot:G4-26B·TH,gemma-4-26B-A4B-it,think,16,0.6,16384,,0.6,16384.0,,,0.963855421686747,166.0,2656.0,2537.0,114.0,5.0,,,,,,,63.0,7626.0,0.008261,/user/home/t.tuna/evalhub/results/base/Qwen3.5-9B-Base/judged_by/gemma-4-26B-A4B-it__state-think__t0.6__max16384__basemax16384,/user/home/t.tuna/evalhub/results/base/Qwen3.5-9B-Base/judged_by/gemma-4-26B-A4B-it__state-think__t0.6__max16384__basemax16384/pt_exams_math__t0.6__max16384__n16/pt_exams_math_cot_summary.json,0.9551957831325302,0.9551957831325302,0.9551957831325302,0.9551957831325302,0.9551957831325302,0.0,0.9680220883534134,0.9680220883534134,0.9680220883534134,0.9423694779116468,0.9423694779116468,0.9423694779116468,0.972775718257646,0.972775718257646,0.9664404872236196,0.9569244009003044,0.9246425261485504,0.9407834635244272,0.9752801415452018,0.9725334906057798,0.9652526188670768,0.9554680259499538,0.9000982952790181,0.939967913612492,0.9759036144578314,0.9698795180722892,0.963855421686747,0.9518072289156626,0.8674698795180723,0.9397590361445785,,,,,,,,,,,,,0.963855421686747,0.963855421686747,0.963855421686747,0.9698795180722892,0.9518072289156626,0.963855421686747,0.9457831325301204,0.9518072289156626,0.7951807228915663,0.8734939759036144,0.9367469879518072,0.9559487951807228,0.9367469879518072,0.9559487951807228,0.9367469879518072,0.9559487951807228,0.9367469879518072,0.9559487951807228,0.9575803212851404,0.9680722891566262,0.9575803212851404,0.9680722891566262,0.9159136546184742,0.9438253012048196,0.9159136546184742,0.9438253012048196,,,,,,,,,0.965622931285582,0.972775718257646,0.9539917913411886,0.9664404872236196,0.9406295511717202,0.9572256057195816,0.8867436780087384,0.9273533695220444,,,,,,,,,0.9634341562052404,0.9725334906057798,0.9513227736119304,0.9652526188670768,0.941401971522454,0.9554680259499538,0.8452158283483581,0.9047167691746004,0.9126506024096386,0.941265060240964,0.0,0.0,0.9159136546184742,0.9438253012048196,,,0.9136866145902292,0.9422894876208128,,,0.9129191591540988,0.9414739377088776,0.9759036144578314,0.9759036144578314,0.9367469879518072,0.9559487951807228,0.9575803212851404,0.9680722891566262,,,0.965622931285582,0.972775718257646,,,0.9718257645968488,0.9752801415452018,current,Gemma4,Q-9B|base|pt_exams_math
Qwen3.5-9B-Base,Q-9B·Base,Qwen,9.0,True,base,Pretrained,tubitak_math2026,TR-OL,True,cot:G4-26B·TH,gemma-4-26B-A4B-it,think,64,0.6,16384,,0.6,16384.0,,,0.71875,32.0,2048.0,942.0,1091.0,15.0,,,,,,,147.0,2871.0,0.051202,/user/home/t.tuna/evalhub/results/base/Qwen3.5-9B-Base/judged_by/gemma-4-26B-A4B-it__state-think__t0.6__max16384__basemax16384,/user/home/t.tuna/evalhub/results/base/Qwen3.5-9B-Base/judged_by/gemma-4-26B-A4B-it__state-think__t0.6__max16384__basemax16384/tubitak_math2026__t0.6__max16384__n64/tubitak_math2026_cot_summary.json,0.4599609375,0.4599609375,0.4599609375,0.4599609375,0.4599609375,0.0,0.5629805307539683,0.5629805307539683,0.5629805307539683,0.3569413442460317,0.3569413442460317,0.3569413442460317,0.6528617995486137,0.6528617995486138,0.5112206689424844,0.3968564479929993,0.2789048335159023,0.3378806407544508,0.7234389081376276,0.6285964595313333,0.4770687189208856,0.3626756342407291,0.2186525571526612,0.3255427618873253,0.7726467964645678,0.614299955471425,0.4547532095002384,0.347927611820883,0.1672489000560331,0.3182407273977362,0.8021058834095965,0.6079258160945739,0.4413234128373076,0.3432290432206933,0.1256821850259434,0.3139706101256599,0.8125,0.59375,0.4375,0.34375,0.09375,0.3115234375,0.71875,0.71875,0.575381947224783,0.6145341516970202,0.3886826533162397,0.4564721583244093,0.2895243594586322,0.3481402914852484,0.0897982543390123,0.1736073542329601,0.4052734375,0.4619140625,0.4052734375,0.4619140625,0.4052734375,0.4619140625,0.4052734375,0.4619140625,0.5170200892857142,0.5637555803571428,0.5170200892857142,0.5637555803571428,0.2935267857142857,0.3600725446428571,0.2935267857142857,0.3600725446428571,0.5735572287538767,0.6079447699154075,0.3676090144694754,0.4434896887599718,0.2889231713987123,0.3432290522765084,0.038616395784735,0.127520768935936,0.6168134596679761,0.6532141499678931,0.4579463577472238,0.5121317436447079,0.3357874412159098,0.398627544949762,0.2105464913688902,0.2836828114376368,0.5625,0.59375,0.34375,0.4375,0.28125,0.34375,0.0,0.09375,0.5901761959922213,0.6289677627618636,0.4171004376900294,0.478287594203202,0.3016471554720841,0.3638938200294893,0.1456040834331633,0.2253131310747606,0.2536660158925696,0.3214242659046366,0.0,0.0,0.2935267857142857,0.3600725446428571,0.2503971705785911,0.3170269585436178,0.2731669662924,0.3411551781936994,0.2490234375,0.314453125,0.2604808582551671,0.3288031654590791,0.7499221163580092,0.7726471526311204,0.4052734375,0.4619140625,0.5170200892857142,0.5637555803571428,0.7770909996521099,0.802105883409603,0.6168134596679761,0.653214149967893,0.78125,0.8125,0.6967934259296749,0.7234978451583466,current,Gemma4,Q-9B|base|tubitak_math2026
Qwen3.5-9B-Base,Q-9B·Base,Qwen,9.0,True,base,Pretrained,pt_exams_math,PT,False,No-Judge,,,16,0.6,16384,,,,,,0.963855421686747,166.0,2656.0,2542.0,114.0,0.0,19.0,2656.0,0.007154,7.0,2.0,2.0,,,,/user/home/t.tuna/evalhub/results/base/Qwen3.5-9B-Base,/user/home/t.tuna/evalhub/results/base/Qwen3.5-9B-Base/pt_exams_math__t0.6__max16384__n16/pt_exams_math_summary.json,0.957078313253012,0.957078313253012,0.957078313253012,0.957078313253012,0.957078313253012,0.0,0.9683734939759036,0.9683734939759034,0.9683734939759034,0.9457831325301208,0.9457831325301208,0.9457831325301208,0.9727889580299218,0.972788958029922,0.9667019727260692,0.9584701443135176,0.9303521779425394,0.9444111611280284,0.9752801415452018,0.9725334906057798,0.9653298508720196,0.9573679332715478,0.9086864942286628,0.94371366585222,0.9759036144578314,0.9698795180722892,0.963855421686747,0.9578313253012049,0.8795180722891566,0.943524096385542,,,,,,,,,,,,,,,,,,,,,,,,,,,,,,,,,,,,,,,,,,,,,,,,,,,,,,,,,,,,,,,,,,,,,,,,,,,,,,,,,,,,,,,,,,,,,,,,,,,current,No-Judge,Q-9B|base|pt_exams_math
Qwen3.5-9B-Base,Q-9B·Base,Qwen,9.0,True,base,Pretrained,tubitak_math2026,TR-OL,False,No-Judge,,,64,0.6,16384,,,,,,0.71875,32.0,2048.0,957.0,1091.0,0.0,987.0,2048.0,0.481934,16.0,24.0,25.0,,,,/user/home/t.tuna/evalhub/results/base/Qwen3.5-9B-Base,/user/home/t.tuna/evalhub/results/base/Qwen3.5-9B-Base/tubitak_math2026__t0.6__max16384__n64/tubitak_math2026_summary.json,0.46728515625,0.46728515625,0.46728515625,0.46728515625,0.46728515625,0.0,0.5711650545634921,0.571165054563492,0.571165054563492,0.3634052579365079,0.3634052579365079,0.3634052579365079,0.6644718048840371,0.6644718048840372,0.5165122207165519,0.4005504712957367,0.287606128103674,0.3440782996997054,0.7389640387895015,0.6384135039379646,0.4808910328412633,0.3649617406675032,0.2315512712278309,0.3315266593755687,0.7906446963623212,0.6214722921490733,0.4589946580201688,0.3485795294828914,0.1829625634951262,0.3240813083234014,0.8225111923624122,0.6096604100820229,0.4459372115990188,0.3432499917357151,0.1374088771847001,0.3197019343210212,0.84375,0.59375,0.4375,0.34375,0.09375,0.3173828125,,,,,,,,,,,,,,,,,,,,,,,,,,,,,,,,,,,,,,,,,,,,,,,,,,,,,,,,,,,,,,,,,,,,,,,,,,,,,,,,,,,,,,,current,No-Judge,Q-9B|base|tubitak_math2026
gemma-4-E2B,G4-E2B·Base,gemma,2.0,True,base,Pretrained,aime2026,EN,False,No-Judge,,,64,0.6,16384,,,,,,0.0,30.0,1920.0,0.0,1920.0,0.0,1763.0,1920.0,0.918229,1677.0,974.0,711.0,,,,/user/home/t.tuna/evalhub/results/base/gemma-4-E2B,/user/home/t.tuna/evalhub/results/base/gemma-4-E2B/aime2026__t0.6__max16384__n64/aime2026_summary.json,0.0,0.0,0.0,0.0,0.0,0.0,0.0,0.0,0.0,0.0,0.0,0.0,0.0,0.0,0.0,0.0,0.0,0.0,0.0,0.0,0.0,0.0,0.0,0.0,0.0,0.0,0.0,0.0,0.0,0.0,0.0,0.0,0.0,0.0,0.0,0.0,0.0,0.0,0.0,0.0,0.0,0.0,,,,,,,,,,,,,,,,,,,,,,,,,,,,,,,,,,,,,,,,,,,,,,,,,,,,,,,,,,,,,,,,,,,,,,,,,,,,,,,,,,,,,,,current,No-Judge,G4-E2B|base|aime2026
gemma-4-E2B,G4-E2B·Base,gemma,2.0,True,base,Pretrained,aime2026_pt,PT,False,No-Judge,,,64,0.6,16384,,,,,,0.0,30.0,1920.0,0.0,1920.0,0.0,1029.0,1920.0,0.535937,948.0,592.0,515.0,,,,/user/home/t.tuna/evalhub/results/base/gemma-4-E2B,/user/home/t.tuna/evalhub/results/base/gemma-4-E2B/aime2026_pt__t0.6__max16384__n64/aime2026_pt_summary.json,0.0,0.0,0.0,0.0,0.0,0.0,0.0,0.0,0.0,0.0,0.0,0.0,0.0,0.0,0.0,0.0,0.0,0.0,0.0,0.0,0.0,0.0,0.0,0.0,0.0,0.0,0.0,0.0,0.0,0.0,0.0,0.0,0.0,0.0,0.0,0.0,0.0,0.0,0.0,0.0,0.0,0.0,,,,,,,,,,,,,,,,,,,,,,,,,,,,,,,,,,,,,,,,,,,,,,,,,,,,,,,,,,,,,,,,,,,,,,,,,,,,,,,,,,,,,,,current,No-Judge,G4-E2B|base|aime2026_pt
gemma-4-E2B,G4-E2B·Base,gemma,2.0,True,base,Pretrained,aime2026_tr,TR,False,No-Judge,,,64,0.6,16384,,,,,,0.0,30.0,1920.0,0.0,1920.0,0.0,1136.0,1920.0,0.591667,1072.0,771.0,629.0,,,,/user/home/t.tuna/evalhub/results/base/gemma-4-E2B,/user/home/t.tuna/evalhub/results/base/gemma-4-E2B/aime2026_tr__t0.6__max16384__n64/aime2026_tr_summary.json,0.0,0.0,0.0,0.0,0.0,0.0,0.0,0.0,0.0,0.0,0.0,0.0,0.0,0.0,0.0,0.0,0.0,0.0,0.0,0.0,0.0,0.0,0.0,0.0,0.0,0.0,0.0,0.0,0.0,0.0,0.0,0.0,0.0,0.0,0.0,0.0,0.0,0.0,0.0,0.0,0.0,0.0,,,,,,,,,,,,,,,,,,,,,,,,,,,,,,,,,,,,,,,,,,,,,,,,,,,,,,,,,,,,,,,,,,,,,,,,,,,,,,,,,,,,,,,current,No-Judge,G4-E2B|base|aime2026_tr
gemma-4-E2B,G4-E2B·Base,gemma,2.0,True,base,Pretrained,aime2026,EN,True,cot:Qwen3.6-35B·TH,Qwen3.6-35B-A3B,think,64,0.6,16384,,0.6,16384.0,,,0.0,,,,,,,,,,,,,,,/user/home/t.tuna/evalhub/results/base/gemma-4-E2B/judged_by/Qwen3.6-35B-A3B__state-think__t0.6__max16384__basemax16384,/user/home/t.tuna/evalhub/results/base/gemma-4-E2B/judged_by/Qwen3.6-35B-A3B__state-think__t0.6__max16384__basemax16384/aime2026__t0.6__max16384__n64/aime2026_cot_summary.json,,,,,,,,,,,,,,,,,,,,,,,,,,,,,,,,,,,,,,,,,,,,,,,,,,,,,,,,,,,,,,,,,,,,,,,,,,,,,,,,,,,,,,,,,,,,,,,,,,,,,,,,,,,,,,,,,,,,,,,,,,,,,,,,,current,Qwen3.6,G4-E2B|base|aime2026
gemma-4-E2B,G4-E2B·Base,gemma,2.0,True,base,Pretrained,aime2026_pt,PT,True,cot:Qwen3.6-35B·TH,Qwen3.6-35B-A3B,think,64,0.6,16384,,0.6,16384.0,,,0.0,,,,,,,,,,,,,,,/user/home/t.tuna/evalhub/results/base/gemma-4-E2B/judged_by/Qwen3.6-35B-A3B__state-think__t0.6__max16384__basemax16384,/user/home/t.tuna/evalhub/results/base/gemma-4-E2B/judged_by/Qwen3.6-35B-A3B__state-think__t0.6__max16384__basemax16384/aime2026_pt__t0.6__max16384__n64/aime2026_pt_cot_summary.json,,,,,,,,,,,,,,,,,,,,,,,,,,,,,,,,,,,,,,,,,,,,,,,,,,,,,,,,,,,,,,,,,,,,,,,,,,,,,,,,,,,,,,,,,,,,,,,,,,,,,,,,,,,,,,,,,,,,,,,,,,,,,,,,,current,Qwen3.6,G4-E2B|base|aime2026_pt
gemma-4-E2B,G4-E2B·Base,gemma,2.0,True,base,Pretrained,aime2026_tr,TR,True,cot:Qwen3.6-35B·TH,Qwen3.6-35B-A3B,think,64,0.6,16384,,0.6,16384.0,,,0.0,,,,,,,,,,,,,,,/user/home/t.tuna/evalhub/results/base/gemma-4-E2B/judged_by/Qwen3.6-35B-A3B__state-think__t0.6__max16384__basemax16384,/user/home/t.tuna/evalhub/results/base/gemma-4-E2B/judged_by/Qwen3.6-35B-A3B__state-think__t0.6__max16384__basemax16384/aime2026_tr__t0.6__max16384__n64/aime2026_tr_cot_summary.json,,,,,,,,,,,,,,,,,,,,,,,,,,,,,,,,,,,,,,,,,,,,,,,,,,,,,,,,,,,,,,,,,,,,,,,,,,,,,,,,,,,,,,,,,,,,,,,,,,,,,,,,,,,,,,,,,,,,,,,,,,,,,,,,,current,Qwen3.6,G4-E2B|base|aime2026_tr
gemma-4-E2B,G4-E2B·Base,gemma,2.0,True,base,Pretrained,pt_exams_math,PT,True,cot:Qwen3.6-35B·TH,Qwen3.6-35B-A3B,think,16,0.6,16384,,0.6,16384.0,,,0.0060240963855421,166.0,2656.0,16.0,2596.0,44.0,,,,,,,4.0,180.0,0.022222,/user/home/t.tuna/evalhub/results/base/gemma-4-E2B/judged_by/Qwen3.6-35B-A3B__state-think__t0.6__max16384__basemax16384,/user/home/t.tuna/evalhub/results/base/gemma-4-E2B/judged_by/Qwen3.6-35B-A3B__state-think__t0.6__max16384__basemax16384/pt_exams_math__t0.6__max16384__n16/pt_exams_math_cot_summary.json,0.0060240963855421,0.0060240963855421,0.0060240963855421,0.0060240963855421,0.0060240963855421,0.0,0.0113453815261044,0.0113453815261044,0.0113453815261044,0.0007028112449799,0.0007028112449799,0.0007028112449799,0.0203362902158082,0.0203362902158082,0.0033198728981861,0.0004236727128293,1.6549715344896068e-05,0.0002201112140871,0.0340593141797961,0.0095922150139017,0.0008495520543713,0.0,0.0,1.930800123571208e-05,0.0542168674698795,0.0060240963855421,0.0,0.0,0.0,0.0,,,,,,,,,,,,,0.0060240963855421,0.0060240963855421,0.0060240963855421,0.0060240963855421,0.0,0.0,0.0,0.0,0.0,0.0,0.0056475903614457,0.0064006024096385,0.0056475903614457,0.0064006024096385,0.0056475903614457,0.0064006024096385,0.0056475903614457,0.0064006024096385,0.0105923694779116,0.0120983935742971,0.0105923694779116,0.0120983935742971,0.0007028112449799,0.0007028112449799,0.0007028112449799,0.0007028112449799,,,,,,,,,0.0188302661194227,0.0218423143121938,0.0033198728981861,0.0033198728981861,0.0004236727128293,0.0004236727128293,1.6549715344896068e-05,1.6549715344896068e-05,,,,,,,,,0.0095922150139017,0.0095922150139017,0.0008495520543713,0.0008495520543713,0.0,0.0,0.0,0.0,0.0,0.0,0.0,0.0,0.0007028112449799,0.0007028112449799,,,0.0002201112140871,0.0002201112140871,,,1.930800123571208e-05,1.930800123571208e-05,0.0481927710843373,0.0602409638554216,0.0056475903614457,0.0064006024096385,0.0105923694779116,0.0120983935742971,,,0.0188302661194227,0.0218423143121938,,,0.031047265987025,0.0370713623725671,current,Qwen3.6,G4-E2B|base|pt_exams_math
gemma-4-E2B,G4-E2B·Base,gemma,2.0,True,base,Pretrained,tubitak_math2026,TR-OL,True,cot:Qwen3.6-35B·TH,Qwen3.6-35B-A3B,think,64,0.6,16384,,0.6,16384.0,,,0.0,32.0,2048.0,0.0,2041.0,7.0,,,,,,,0.0,21.0,0.0,/user/home/t.tuna/evalhub/results/base/gemma-4-E2B/judged_by/Qwen3.6-35B-A3B__state-think__t0.6__max16384__basemax16384,/user/home/t.tuna/evalhub/results/base/gemma-4-E2B/judged_by/Qwen3.6-35B-A3B__state-think__t0.6__max16384__basemax16384/tubitak_math2026__t0.6__max16384__n64/tubitak_math2026_cot_summary.json,0.0,0.0,0.0,0.0,0.0,0.0,0.0,0.0,0.0,0.0,0.0,0.0,0.0,0.0,0.0,0.0,0.0,0.0,0.0,0.0,0.0,0.0,0.0,0.0,0.0,0.0,0.0,0.0,0.0,0.0,0.0,0.0,0.0,0.0,0.0,0.0,0.0,0.0,0.0,0.0,0.0,0.0,0.0,0.0,0.0,0.0,0.0,0.0,0.0,0.0,0.0,0.0,0.0,0.0,0.0,0.0,0.0,0.0,0.0,0.0,0.0,0.0,0.0,0.0,0.0,0.0,0.0,0.0,0.0,0.0,0.0,0.0,0.0,0.0,0.0,0.0,0.0,0.0,0.0,0.0,0.0,0.0,0.0,0.0,0.0,0.0,0.0,0.0,0.0,0.0,0.0,0.0,0.0,0.0,0.0,0.0,0.0,0.0,0.0,0.0,0.0,0.0,0.0,0.0,0.0,0.0,0.0,0.0,0.0,0.0,0.0,0.0,0.0,0.0,0.0,0.0,0.0,0.0,0.0,0.0,0.0,0.0,0.0,0.0,0.0,0.0,0.0,0.0,current,Qwen3.6,G4-E2B|base|tubitak_math2026
gemma-4-E2B,G4-E2B·Base,gemma,2.0,True,base,Pretrained,aime2026,EN,True,cot:G4-26B·TH,gemma-4-26B-A4B-it,think,64,0.6,16384,,0.6,16384.0,,,0.0,,,,,,,,,,,,,,,/user/home/t.tuna/evalhub/results/base/gemma-4-E2B/judged_by/gemma-4-26B-A4B-it__state-think__t0.6__max16384__basemax16384,/user/home/t.tuna/evalhub/results/base/gemma-4-E2B/judged_by/gemma-4-26B-A4B-it__state-think__t0.6__max16384__basemax16384/aime2026__t0.6__max16384__n64/aime2026_cot_summary.json,,,,,,,,,,,,,,,,,,,,,,,,,,,,,,,,,,,,,,,,,,,,,,,,,,,,,,,,,,,,,,,,,,,,,,,,,,,,,,,,,,,,,,,,,,,,,,,,,,,,,,,,,,,,,,,,,,,,,,,,,,,,,,,,,current,Gemma4,G4-E2B|base|aime2026
gemma-4-E2B,G4-E2B·Base,gemma,2.0,True,base,Pretrained,aime2026_pt,PT,True,cot:G4-26B·TH,gemma-4-26B-A4B-it,think,64,0.6,16384,,0.6,16384.0,,,0.0,,,,,,,,,,,,,,,/user/home/t.tuna/evalhub/results/base/gemma-4-E2B/judged_by/gemma-4-26B-A4B-it__state-think__t0.6__max16384__basemax16384,/user/home/t.tuna/evalhub/results/base/gemma-4-E2B/judged_by/gemma-4-26B-A4B-it__state-think__t0.6__max16384__basemax16384/aime2026_pt__t0.6__max16384__n64/aime2026_pt_cot_summary.json,,,,,,,,,,,,,,,,,,,,,,,,,,,,,,,,,,,,,,,,,,,,,,,,,,,,,,,,,,,,,,,,,,,,,,,,,,,,,,,,,,,,,,,,,,,,,,,,,,,,,,,,,,,,,,,,,,,,,,,,,,,,,,,,,current,Gemma4,G4-E2B|base|aime2026_pt
gemma-4-E2B,G4-E2B·Base,gemma,2.0,True,base,Pretrained,aime2026_tr,TR,True,cot:G4-26B·TH,gemma-4-26B-A4B-it,think,64,0.6,16384,,0.6,16384.0,,,0.0,,,,,,,,,,,,,,,/user/home/t.tuna/evalhub/results/base/gemma-4-E2B/judged_by/gemma-4-26B-A4B-it__state-think__t0.6__max16384__basemax16384,/user/home/t.tuna/evalhub/results/base/gemma-4-E2B/judged_by/gemma-4-26B-A4B-it__state-think__t0.6__max16384__basemax16384/aime2026_tr__t0.6__max16384__n64/aime2026_tr_cot_summary.json,,,,,,,,,,,,,,,,,,,,,,,,,,,,,,,,,,,,,,,,,,,,,,,,,,,,,,,,,,,,,,,,,,,,,,,,,,,,,,,,,,,,,,,,,,,,,,,,,,,,,,,,,,,,,,,,,,,,,,,,,,,,,,,,,current,Gemma4,G4-E2B|base|aime2026_tr
gemma-4-E2B,G4-E2B·Base,gemma,2.0,True,base,Pretrained,pt_exams_math,PT,True,cot:G4-26B·TH,gemma-4-26B-A4B-it,think,16,0.6,16384,,0.6,16384.0,,,0.0060240963855421,166.0,2656.0,14.0,2596.0,46.0,,,,,,,7.0,180.0,0.038889,/user/home/t.tuna/evalhub/results/base/gemma-4-E2B/judged_by/gemma-4-26B-A4B-it__state-think__t0.6__max16384__basemax16384,/user/home/t.tuna/evalhub/results/base/gemma-4-E2B/judged_by/gemma-4-26B-A4B-it__state-think__t0.6__max16384__basemax16384/pt_exams_math__t0.6__max16384__n16/pt_exams_math_cot_summary.json,0.0052710843373493,0.0052710843373493,0.0052710843373493,0.0052710843373493,0.0052710843373493,0.0,0.0098895582329317,0.0098895582329317,0.0098895582329317,0.000652610441767,0.000652610441767,0.000652610441767,0.0176254468423143,0.0176254468423143,0.003018668078909,0.0004236727128293,1.6549715344896068e-05,0.0002201112140871,0.0294408402842137,0.0081865925239419,0.0008495520543713,0.0,0.0,1.930800123571208e-05,0.0481927710843373,0.0060240963855421,0.0,0.0,0.0,0.0,,,,,,,,,,,,,0.0060240963855421,0.0060240963855421,0.0060240963855421,0.0060240963855421,0.0,0.0,0.0,0.0,0.0,0.0,0.0045180722891566,0.0056475903614457,0.0045180722891566,0.0056475903614457,0.0045180722891566,0.0056475903614457,0.0045180722891566,0.0056475903614457,0.0083835341365461,0.0105923694779116,0.0083835341365461,0.0105923694779116,0.000652610441767,0.0007028112449799,0.000652610441767,0.0007028112449799,,,,,,,,,0.0146133986495432,0.0188302661194227,0.003018668078909,0.0033198728981861,0.0004236727128293,0.0004236727128293,1.6549715344896068e-05,1.6549715344896068e-05,,,,,,,,,0.0081865925239419,0.0095922150139017,0.0008495520543713,0.0008495520543713,0.0,0.0,0.0,0.0,0.0,0.0,0.0,0.0,0.000652610441767,0.0007028112449799,,,0.0002201112140871,0.0002201112140871,,,1.930800123571208e-05,1.930800123571208e-05,0.036144578313253,0.0481927710843373,0.0045180722891566,0.0056475903614457,0.0083835341365461,0.0105923694779116,,,0.0146133986495432,0.0188302661194227,,,0.0234167438986716,0.031047265987025,current,Gemma4,G4-E2B|base|pt_exams_math
gemma-4-E2B,G4-E2B·Base,gemma,2.0,True,base,Pretrained,tubitak_math2026,TR-OL,True,cot:G4-26B·TH,gemma-4-26B-A4B-it,think,64,0.6,16384,,0.6,16384.0,,,0.0,32.0,2048.0,0.0,2041.0,7.0,,,,,,,8.0,21.0,0.380952,/user/home/t.tuna/evalhub/results/base/gemma-4-E2B/judged_by/gemma-4-26B-A4B-it__state-think__t0.6__max16384__basemax16384,/user/home/t.tuna/evalhub/results/base/gemma-4-E2B/judged_by/gemma-4-26B-A4B-it__state-think__t0.6__max16384__basemax16384/tubitak_math2026__t0.6__max16384__n64/tubitak_math2026_cot_summary.json,0.0,0.0,0.0,0.0,0.0,0.0,0.0,0.0,0.0,0.0,0.0,0.0,0.0,0.0,0.0,0.0,0.0,0.0,0.0,0.0,0.0,0.0,0.0,0.0,0.0,0.0,0.0,0.0,0.0,0.0,0.0,0.0,0.0,0.0,0.0,0.0,0.0,0.0,0.0,0.0,0.0,0.0,0.0,0.0,0.0,0.0,0.0,0.0,0.0,0.0,0.0,0.0,0.0,0.0,0.0,0.0,0.0,0.0,0.0,0.0,0.0,0.0,0.0,0.0,0.0,0.0,0.0,0.0,0.0,0.0,0.0,0.0,0.0,0.0,0.0,0.0,0.0,0.0,0.0,0.0,0.0,0.0,0.0,0.0,0.0,0.0,0.0,0.0,0.0,0.0,0.0,0.0,0.0,0.0,0.0,0.0,0.0,0.0,0.0,0.0,0.0,0.0,0.0,0.0,0.0,0.0,0.0,0.0,0.0,0.0,0.0,0.0,0.0,0.0,0.0,0.0,0.0,0.0,0.0,0.0,0.0,0.0,0.0,0.0,0.0,0.0,0.0,0.0,current,Gemma4,G4-E2B|base|tubitak_math2026
gemma-4-E2B,G4-E2B·Base,gemma,2.0,True,base,Pretrained,pt_exams_math,PT,False,No-Judge,,,16,0.6,16384,,,,,,0.0060240963855421,166.0,2656.0,60.0,2596.0,0.0,1613.0,2656.0,0.607304,1572.0,1054.0,841.0,,,,/user/home/t.tuna/evalhub/results/base/gemma-4-E2B,/user/home/t.tuna/evalhub/results/base/gemma-4-E2B/pt_exams_math__t0.6__max16384__n16/pt_exams_math_summary.json,0.0225903614457831,0.0225903614457831,0.0225903614457831,0.0225903614457831,0.0225903614457831,0.0,0.0426706827309236,0.0426706827309236,0.0426706827309236,0.0025100401606425,0.0025100401606425,0.0025100401606425,0.0770753343042499,0.0770753343042499,0.0116311399443929,0.0015358135840063,0.0001191579504832,0.0008274857672448,0.1300853764709186,0.0365166961552503,0.0032437442075996,0.0001221669896368,0.0,0.0002685567444603,0.1987951807228915,0.0120481927710843,0.0,0.0,0.0,0.0,,,,,,,,,,,,,,,,,,,,,,,,,,,,,,,,,,,,,,,,,,,,,,,,,,,,,,,,,,,,,,,,,,,,,,,,,,,,,,,,,,,,,,,,,,,,,,,,,,,current,No-Judge,G4-E2B|base|pt_exams_math
gemma-4-E2B,G4-E2B·Base,gemma,2.0,True,base,Pretrained,tubitak_math2026,TR-OL,False,No-Judge,,,64,0.6,16384,,,,,,0.0,32.0,2048.0,7.0,2041.0,0.0,1536.0,2048.0,0.75,1460.0,1173.0,811.0,,,,/user/home/t.tuna/evalhub/results/base/gemma-4-E2B,/user/home/t.tuna/evalhub/results/base/gemma-4-E2B/tubitak_math2026__t0.6__max16384__n64/tubitak_math2026_summary.json,0.00341796875,0.00341796875,0.00341796875,0.00341796875,0.00341796875,0.0,0.006804935515873,0.006804935515873,0.006804935515873,3.100198412698413e-05,3.100198412698413e-05,3.100198412698413e-05,0.013485863095238,0.013485863095238,0.0001860119047619,0.0,0.0,0.0,0.0264756944444444,0.0008680555555555,0.0,0.0,0.0,0.0,0.0509672619047619,0.0,0.0,0.0,0.0,0.0,0.0939980158730158,0.0,0.0,0.0,0.0,0.0,0.15625,0.0,0.0,0.0,0.0,0.0,,,,,,,,,,,,,,,,,,,,,,,,,,,,,,,,,,,,,,,,,,,,,,,,,,,,,,,,,,,,,,,,,,,,,,,,,,,,,,,,,,,,,,,current,No-Judge,G4-E2B|base|tubitak_math2026
gemma-4-E4B,G4-E4B·Base,gemma,4.0,True,base,Pretrained,aime2026,EN,False,No-Judge,,,64,0.6,16384,,,,,,0.0,30.0,1920.0,0.0,1920.0,0.0,1053.0,1920.0,0.548438,1030.0,668.0,578.0,,,,/user/home/t.tuna/evalhub/results/base/gemma-4-E4B,/user/home/t.tuna/evalhub/results/base/gemma-4-E4B/aime2026__t0.6__max16384__n64/aime2026_summary.json,0.0,0.0,0.0,0.0,0.0,0.0,0.0,0.0,0.0,0.0,0.0,0.0,0.0,0.0,0.0,0.0,0.0,0.0,0.0,0.0,0.0,0.0,0.0,0.0,0.0,0.0,0.0,0.0,0.0,0.0,0.0,0.0,0.0,0.0,0.0,0.0,0.0,0.0,0.0,0.0,0.0,0.0,,,,,,,,,,,,,,,,,,,,,,,,,,,,,,,,,,,,,,,,,,,,,,,,,,,,,,,,,,,,,,,,,,,,,,,,,,,,,,,,,,,,,,,current,No-Judge,G4-E4B|base|aime2026
gemma-4-E4B,G4-E4B·Base,gemma,4.0,True,base,Pretrained,aime2026_pt,PT,False,No-Judge,,,64,0.6,16384,,,,,,0.0,30.0,1920.0,1.0,1919.0,0.0,1070.0,1920.0,0.557292,1025.0,594.0,498.0,,,,/user/home/t.tuna/evalhub/results/base/gemma-4-E4B,/user/home/t.tuna/evalhub/results/base/gemma-4-E4B/aime2026_pt__t0.6__max16384__n64/aime2026_pt_summary.json,0.0005208333333333,0.0005208333333333,0.0005208333333333,0.0005208333333333,0.0005208333333333,0.0,0.0010416666666666,0.0010416666666666,0.0010416666666666,0.0,0.0,0.0,0.0020833333333333,0.0020833333333333,0.0,0.0,0.0,0.0,0.0041666666666666,0.0,0.0,0.0,0.0,0.0,0.0083333333333333,0.0,0.0,0.0,0.0,0.0,0.0166666666666666,0.0,0.0,0.0,0.0,0.0,0.0333333333333333,0.0,0.0,0.0,0.0,0.0,,,,,,,,,,,,,,,,,,,,,,,,,,,,,,,,,,,,,,,,,,,,,,,,,,,,,,,,,,,,,,,,,,,,,,,,,,,,,,,,,,,,,,,current,No-Judge,G4-E4B|base|aime2026_pt
gemma-4-E4B,G4-E4B·Base,gemma,4.0,True,base,Pretrained,aime2026_tr,TR,False,No-Judge,,,64,0.6,16384,,,,,,0.0,30.0,1920.0,2.0,1918.0,0.0,1336.0,1920.0,0.695833,1304.0,921.0,732.0,,,,/user/home/t.tuna/evalhub/results/base/gemma-4-E4B,/user/home/t.tuna/evalhub/results/base/gemma-4-E4B/aime2026_tr__t0.6__max16384__n64/aime2026_tr_summary.json,0.0010416666666666,0.0010416666666666,0.0010416666666666,0.0010416666666666,0.0010416666666666,0.0,0.0020833333333333,0.0020833333333333,0.0020833333333333,0.0,0.0,0.0,0.0041666666666666,0.0041666666666666,0.0,0.0,0.0,0.0,0.0083333333333333,0.0,0.0,0.0,0.0,0.0,0.0166666666666666,0.0,0.0,0.0,0.0,0.0,0.0333333333333333,0.0,0.0,0.0,0.0,0.0,0.0666666666666666,0.0,0.0,0.0,0.0,0.0,,,,,,,,,,,,,,,,,,,,,,,,,,,,,,,,,,,,,,,,,,,,,,,,,,,,,,,,,,,,,,,,,,,,,,,,,,,,,,,,,,,,,,,current,No-Judge,G4-E4B|base|aime2026_tr
gemma-4-E4B,G4-E4B·Base,gemma,4.0,True,base,Pretrained,aime2026,EN,True,cot:Qwen3.6-35B·TH,Qwen3.6-35B-A3B,think,64,0.6,16384,,0.6,16384.0,,,0.0,,,,,,,,,,,,,,,/user/home/t.tuna/evalhub/results/base/gemma-4-E4B/judged_by/Qwen3.6-35B-A3B__state-think__t0.6__max16384__basemax16384,/user/home/t.tuna/evalhub/results/base/gemma-4-E4B/judged_by/Qwen3.6-35B-A3B__state-think__t0.6__max16384__basemax16384/aime2026__t0.6__max16384__n64/aime2026_cot_summary.json,,,,,,,,,,,,,,,,,,,,,,,,,,,,,,,,,,,,,,,,,,,,,,,,,,,,,,,,,,,,,,,,,,,,,,,,,,,,,,,,,,,,,,,,,,,,,,,,,,,,,,,,,,,,,,,,,,,,,,,,,,,,,,,,,current,Qwen3.6,G4-E4B|base|aime2026
gemma-4-E4B,G4-E4B·Base,gemma,4.0,True,base,Pretrained,aime2026_pt,PT,True,cot:Qwen3.6-35B·TH,Qwen3.6-35B-A3B,think,64,0.6,16384,,0.6,16384.0,,,0.0,30.0,1920.0,0.0,1919.0,1.0,,,,,,,0.0,3.0,0.0,/user/home/t.tuna/evalhub/results/base/gemma-4-E4B/judged_by/Qwen3.6-35B-A3B__state-think__t0.6__max16384__basemax16384,/user/home/t.tuna/evalhub/results/base/gemma-4-E4B/judged_by/Qwen3.6-35B-A3B__state-think__t0.6__max16384__basemax16384/aime2026_pt__t0.6__max16384__n64/aime2026_pt_cot_summary.json,0.0,0.0,0.0,0.0,0.0,0.0,0.0,0.0,0.0,0.0,0.0,0.0,0.0,0.0,0.0,0.0,0.0,0.0,0.0,0.0,0.0,0.0,0.0,0.0,0.0,0.0,0.0,0.0,0.0,0.0,0.0,0.0,0.0,0.0,0.0,0.0,0.0,0.0,0.0,0.0,0.0,0.0,0.0,0.0,0.0,0.0,0.0,0.0,0.0,0.0,0.0,0.0,0.0,0.0005208333333333,0.0,0.0005208333333333,0.0,0.0005208333333333,0.0,0.0005208333333333,0.0,0.0010416666666666,0.0,0.0010416666666666,0.0,0.0,0.0,0.0,0.0,0.0,0.0,0.0,0.0,0.0,0.0,0.0,0.0,0.0020833333333333,0.0,0.0,0.0,0.0,0.0,0.0,0.0,0.0,0.0,0.0,0.0,0.0,0.0,0.0,0.0,0.0,0.0,0.0,0.0,0.0,0.0,0.0,0.0,0.0,0.0,0.0,0.0,0.0,0.0,0.0,0.0,0.0,0.0,0.0,0.0,0.0,0.0,0.0083333333333333,0.0,0.0005208333333333,0.0,0.0010416666666666,0.0,0.0166666666666666,0.0,0.0020833333333333,0.0,0.0333333333333333,0.0,0.0041666666666666,current,Qwen3.6,G4-E4B|base|aime2026_pt
gemma-4-E4B,G4-E4B·Base,gemma,4.0,True,base,Pretrained,aime2026_tr,TR,True,cot:Qwen3.6-35B·TH,Qwen3.6-35B-A3B,think,64,0.6,16384,,0.6,16384.0,,,0.0,30.0,1920.0,0.0,1918.0,2.0,,,,,,,3.0,6.0,0.5,/user/home/t.tuna/evalhub/results/base/gemma-4-E4B/judged_by/Qwen3.6-35B-A3B__state-think__t0.6__max16384__basemax16384,/user/home/t.tuna/evalhub/results/base/gemma-4-E4B/judged_by/Qwen3.6-35B-A3B__state-think__t0.6__max16384__basemax16384/aime2026_tr__t0.6__max16384__n64/aime2026_tr_cot_summary.json,0.0,0.0,0.0,0.0,0.0,0.0,0.0,0.0,0.0,0.0,0.0,0.0,0.0,0.0,0.0,0.0,0.0,0.0,0.0,0.0,0.0,0.0,0.0,0.0,0.0,0.0,0.0,0.0,0.0,0.0,0.0,0.0,0.0,0.0,0.0,0.0,0.0,0.0,0.0,0.0,0.0,0.0,0.0,0.0,0.0,0.0,0.0,0.0,0.0,0.0,0.0,0.0,0.0,0.0,0.0,0.0,0.0,0.0,0.0,0.0,0.0,0.0,0.0,0.0,0.0,0.0,0.0,0.0,0.0,0.0,0.0,0.0,0.0,0.0,0.0,0.0,0.0,0.0,0.0,0.0,0.0,0.0,0.0,0.0,0.0,0.0,0.0,0.0,0.0,0.0,0.0,0.0,0.0,0.0,0.0,0.0,0.0,0.0,0.0,0.0,0.0,0.0,0.0,0.0,0.0,0.0,0.0,0.0,0.0,0.0,0.0,0.0,0.0,0.0,0.0,0.0,0.0,0.0,0.0,0.0,0.0,0.0,0.0,0.0,0.0,0.0,0.0,0.0,current,Qwen3.6,G4-E4B|base|aime2026_tr
gemma-4-E4B,G4-E4B·Base,gemma,4.0,True,base,Pretrained,pt_exams_math,PT,True,cot:Qwen3.6-35B·TH,Qwen3.6-35B-A3B,think,16,0.6,16384,,0.6,16384.0,,,0.2710843373493976,166.0,2656.0,284.0,2290.0,82.0,,,,,,,5.0,1098.0,0.004554,/user/home/t.tuna/evalhub/results/base/gemma-4-E4B/judged_by/Qwen3.6-35B-A3B__state-think__t0.6__max16384__basemax16384,/user/home/t.tuna/evalhub/results/base/gemma-4-E4B/judged_by/Qwen3.6-35B-A3B__state-think__t0.6__max16384__basemax16384/pt_exams_math__t0.6__max16384__n16/pt_exams_math_cot_summary.json,0.1069277108433734,0.1069277108433734,0.1069277108433734,0.1069277108433734,0.1069277108433734,0.0,0.180421686746988,0.180421686746988,0.180421686746988,0.033433734939759,0.033433734939759,0.033433734939759,0.2795577916059844,0.2795577916059844,0.1042698265589832,0.0353170925460081,0.0085661326625182,0.0219416126042631,0.392627854073637,0.2174698795180722,0.0638287415395848,0.0181776055270031,0.0017089336366444,0.0156956497317943,0.5,0.1867469879518072,0.0421686746987951,0.0120481927710843,0.0,0.0135542168674698,,,,,,,,,,,,,0.2590361445783132,0.2710843373493976,0.1626506024096385,0.1987951807228915,0.0421686746987951,0.0421686746987951,0.0060240963855421,0.0120481927710843,0.0,0.0,0.0982680722891566,0.1103162650602409,0.0982680722891566,0.1103162650602409,0.0982680722891566,0.1103162650602409,0.0982680722891566,0.1103162650602409,0.1676204819277108,0.1858935742971888,0.1676204819277108,0.1858935742971888,0.0289156626506024,0.0347389558232931,0.0289156626506024,0.0347389558232931,,,,,,,,,0.2624288362240171,0.2877730703031909,0.0943830266119423,0.1078511849596187,0.0296703296703296,0.0363398649543227,0.0065900966503376,0.0093009400238315,,,,,,,,,0.2000121698916879,0.2276953969725053,0.0571142378371294,0.064292133569242,0.012729238632853,0.0192897463981801,0.001457110493255,0.0020796472603701,0.0090361445783132,0.0143072289156626,0.0,0.0,0.0289156626506024,0.0347389558232931,,,0.0181302131603336,0.0228204024890771,,,0.0120171829509178,0.016448661779987,0.4819277108433735,0.5060240963855421,0.0982680722891566,0.1103162650602409,0.1676204819277108,0.1858935742971888,,,0.2624288362240171,0.2877730703031909,,,0.3721435859990074,0.4020038194736987,current,Qwen3.6,G4-E4B|base|pt_exams_math
gemma-4-E4B,G4-E4B·Base,gemma,4.0,True,base,Pretrained,tubitak_math2026,TR-OL,True,cot:Qwen3.6-35B·TH,Qwen3.6-35B-A3B,think,64,0.6,16384,,0.6,16384.0,,,0.0,32.0,2048.0,1.0,2007.0,40.0,,,,,,,13.0,123.0,0.105691,/user/home/t.tuna/evalhub/results/base/gemma-4-E4B/judged_by/Qwen3.6-35B-A3B__state-think__t0.6__max16384__basemax16384,/user/home/t.tuna/evalhub/results/base/gemma-4-E4B/judged_by/Qwen3.6-35B-A3B__state-think__t0.6__max16384__basemax16384/tubitak_math2026__t0.6__max16384__n64/tubitak_math2026_cot_summary.json,0.00048828125,0.00048828125,0.00048828125,0.00048828125,0.00048828125,0.0,0.0009765625,0.0009765625,0.0009765625,0.0,0.0,0.0,0.001953125,0.001953125,0.0,0.0,0.0,0.0,0.00390625,0.0,0.0,0.0,0.0,0.0,0.0078125,0.0,0.0,0.0,0.0,0.0,0.015625,0.0,0.0,0.0,0.0,0.0,0.03125,0.0,0.0,0.0,0.0,0.0,0.0,0.0,0.0,0.0,0.0,0.0,0.0,0.0,0.0,0.0,0.0,0.00048828125,0.0,0.00048828125,0.0,0.00048828125,0.0,0.00048828125,0.0,0.0009765625,0.0,0.0009765625,0.0,0.0,0.0,0.0,0.0,0.0,0.0,0.0,0.0,0.0,0.0,0.0,0.0,0.001953125,0.0,0.0,0.0,0.0,0.0,0.0,0.0,0.0,0.0,0.0,0.0,0.0,0.0,0.0,0.0,0.0,0.0,0.0,0.0,0.0,0.0,0.0,0.0,0.0,0.0,0.0,0.0,0.0,0.0,0.0,0.0,0.0,0.0,0.0,0.0,0.0,0.0,0.0078125,0.0,0.00048828125,0.0,0.0009765625,0.0,0.015625,0.0,0.001953125,0.0,0.03125,0.0,0.00390625,current,Qwen3.6,G4-E4B|base|tubitak_math2026
gemma-4-E4B,G4-E4B·Base,gemma,4.0,True,base,Pretrained,aime2026,EN,True,cot:G4-26B·TH,gemma-4-26B-A4B-it,think,64,0.6,16384,,0.6,16384.0,,,0.0,,,,,,,,,,,,,,,/user/home/t.tuna/evalhub/results/base/gemma-4-E4B/judged_by/gemma-4-26B-A4B-it__state-think__t0.6__max16384__basemax16384,/user/home/t.tuna/evalhub/results/base/gemma-4-E4B/judged_by/gemma-4-26B-A4B-it__state-think__t0.6__max16384__basemax16384/aime2026__t0.6__max16384__n64/aime2026_cot_summary.json,,,,,,,,,,,,,,,,,,,,,,,,,,,,,,,,,,,,,,,,,,,,,,,,,,,,,,,,,,,,,,,,,,,,,,,,,,,,,,,,,,,,,,,,,,,,,,,,,,,,,,,,,,,,,,,,,,,,,,,,,,,,,,,,,current,Gemma4,G4-E4B|base|aime2026
gemma-4-E4B,G4-E4B·Base,gemma,4.0,True,base,Pretrained,aime2026_pt,PT,True,cot:G4-26B·TH,gemma-4-26B-A4B-it,think,64,0.6,16384,,0.6,16384.0,,,0.0,30.0,1920.0,0.0,1919.0,1.0,,,,,,,3.0,3.0,1.0,/user/home/t.tuna/evalhub/results/base/gemma-4-E4B/judged_by/gemma-4-26B-A4B-it__state-think__t0.6__max16384__basemax16384,/user/home/t.tuna/evalhub/results/base/gemma-4-E4B/judged_by/gemma-4-26B-A4B-it__state-think__t0.6__max16384__basemax16384/aime2026_pt__t0.6__max16384__n64/aime2026_pt_cot_summary.json,0.0,0.0,0.0,0.0,0.0,0.0,0.0,0.0,0.0,0.0,0.0,0.0,0.0,0.0,0.0,0.0,0.0,0.0,0.0,0.0,0.0,0.0,0.0,0.0,0.0,0.0,0.0,0.0,0.0,0.0,0.0,0.0,0.0,0.0,0.0,0.0,0.0,0.0,0.0,0.0,0.0,0.0,0.0,0.0,0.0,0.0,0.0,0.0,0.0,0.0,0.0,0.0,0.0,0.0,0.0,0.0,0.0,0.0,0.0,0.0,0.0,0.0,0.0,0.0,0.0,0.0,0.0,0.0,0.0,0.0,0.0,0.0,0.0,0.0,0.0,0.0,0.0,0.0,0.0,0.0,0.0,0.0,0.0,0.0,0.0,0.0,0.0,0.0,0.0,0.0,0.0,0.0,0.0,0.0,0.0,0.0,0.0,0.0,0.0,0.0,0.0,0.0,0.0,0.0,0.0,0.0,0.0,0.0,0.0,0.0,0.0,0.0,0.0,0.0,0.0,0.0,0.0,0.0,0.0,0.0,0.0,0.0,0.0,0.0,0.0,0.0,0.0,0.0,current,Gemma4,G4-E4B|base|aime2026_pt
gemma-4-E4B,G4-E4B·Base,gemma,4.0,True,base,Pretrained,aime2026_tr,TR,True,cot:G4-26B·TH,gemma-4-26B-A4B-it,think,64,0.6,16384,,0.6,16384.0,,,0.0,30.0,1920.0,0.0,1918.0,2.0,,,,,,,4.0,6.0,0.666667,/user/home/t.tuna/evalhub/results/base/gemma-4-E4B/judged_by/gemma-4-26B-A4B-it__state-think__t0.6__max16384__basemax16384,/user/home/t.tuna/evalhub/results/base/gemma-4-E4B/judged_by/gemma-4-26B-A4B-it__state-think__t0.6__max16384__basemax16384/aime2026_tr__t0.6__max16384__n64/aime2026_tr_cot_summary.json,0.0,0.0,0.0,0.0,0.0,0.0,0.0,0.0,0.0,0.0,0.0,0.0,0.0,0.0,0.0,0.0,0.0,0.0,0.0,0.0,0.0,0.0,0.0,0.0,0.0,0.0,0.0,0.0,0.0,0.0,0.0,0.0,0.0,0.0,0.0,0.0,0.0,0.0,0.0,0.0,0.0,0.0,0.0,0.0,0.0,0.0,0.0,0.0,0.0,0.0,0.0,0.0,0.0,0.0,0.0,0.0,0.0,0.0,0.0,0.0,0.0,0.0,0.0,0.0,0.0,0.0,0.0,0.0,0.0,0.0,0.0,0.0,0.0,0.0,0.0,0.0,0.0,0.0,0.0,0.0,0.0,0.0,0.0,0.0,0.0,0.0,0.0,0.0,0.0,0.0,0.0,0.0,0.0,0.0,0.0,0.0,0.0,0.0,0.0,0.0,0.0,0.0,0.0,0.0,0.0,0.0,0.0,0.0,0.0,0.0,0.0,0.0,0.0,0.0,0.0,0.0,0.0,0.0,0.0,0.0,0.0,0.0,0.0,0.0,0.0,0.0,0.0,0.0,current,Gemma4,G4-E4B|base|aime2026_tr
gemma-4-E4B,G4-E4B·Base,gemma,4.0,True,base,Pretrained,pt_exams_math,PT,True,cot:G4-26B·TH,gemma-4-26B-A4B-it,think,16,0.6,16384,,0.6,16384.0,,,0.2590361445783132,166.0,2656.0,236.0,2290.0,130.0,,,,,,,4.0,1098.0,0.003643,/user/home/t.tuna/evalhub/results/base/gemma-4-E4B/judged_by/gemma-4-26B-A4B-it__state-think__t0.6__max16384__basemax16384,/user/home/t.tuna/evalhub/results/base/gemma-4-E4B/judged_by/gemma-4-26B-A4B-it__state-think__t0.6__max16384__basemax16384/pt_exams_math__t0.6__max16384__n16/pt_exams_math_cot_summary.json,0.0888554216867469,0.0888554216867469,0.0888554216867469,0.0888554216867469,0.0888554216867469,0.0,0.1508032128514056,0.1508032128514056,0.1508032128514056,0.0269076305220883,0.0269076305220883,0.0269076305220883,0.2370713623725671,0.2370713623725671,0.0825896994571694,0.0284257910763934,0.0073348338408579,0.0178803124586257,0.3420020407972213,0.1734766572115969,0.0509286563503431,0.0150630494003987,0.0016677432340082,0.0130264648336937,0.4518072289156626,0.1385542168674698,0.0421686746987951,0.0120481927710843,0.0,0.0105421686746987,,,,,,,,,,,,,0.2409638554216867,0.2650602409638554,0.1385542168674698,0.1506024096385542,0.0421686746987951,0.0421686746987951,0.0060240963855421,0.0120481927710843,0.0,0.0,0.0839608433734939,0.0945030120481927,0.0839608433734939,0.0945030120481927,0.0839608433734939,0.0945030120481927,0.0839608433734939,0.0945030120481927,0.1430220883534136,0.1595381526104418,0.1430220883534136,0.1595381526104418,0.0248995983935742,0.0294678714859437,0.0248995983935742,0.0294678714859437,,,,,,,,,0.2250562690321726,0.2489672977624785,0.0784886799947041,0.0893717728055078,0.0259863630345557,0.0315834767641996,0.0063120614325433,0.0080895008605851,,,,,,,,,0.1649507119386637,0.1858918190243491,0.0487263740275788,0.0559791614008481,0.0123304406436936,0.0171707810262027,0.0014926840228045,0.0016920830173842,0.0082831325301204,0.0128012048192771,0.0,0.0,0.0248995983935742,0.0294678714859437,,,0.0161492122335495,0.0198364888123924,,,0.0112460330833824,0.014751312944084,0.4277108433734939,0.463855421686747,0.0839608433734939,0.0945030120481927,0.1430220883534136,0.1595381526104418,,,0.2250562690321726,0.2489672977624785,,,0.3241764259836547,0.3560704355885076,current,Gemma4,G4-E4B|base|pt_exams_math
gemma-4-E4B,G4-E4B·Base,gemma,4.0,True,base,Pretrained,tubitak_math2026,TR-OL,True,cot:G4-26B·TH,gemma-4-26B-A4B-it,think,64,0.6,16384,,0.6,16384.0,,,0.0,32.0,2048.0,0.0,2007.0,41.0,,,,,,,29.0,123.0,0.235772,/user/home/t.tuna/evalhub/results/base/gemma-4-E4B/judged_by/gemma-4-26B-A4B-it__state-think__t0.6__max16384__basemax16384,/user/home/t.tuna/evalhub/results/base/gemma-4-E4B/judged_by/gemma-4-26B-A4B-it__state-think__t0.6__max16384__basemax16384/tubitak_math2026__t0.6__max16384__n64/tubitak_math2026_cot_summary.json,0.0,0.0,0.0,0.0,0.0,0.0,0.0,0.0,0.0,0.0,0.0,0.0,0.0,0.0,0.0,0.0,0.0,0.0,0.0,0.0,0.0,0.0,0.0,0.0,0.0,0.0,0.0,0.0,0.0,0.0,0.0,0.0,0.0,0.0,0.0,0.0,0.0,0.0,0.0,0.0,0.0,0.0,0.0,0.0,0.0,0.0,0.0,0.0,0.0,0.0,0.0,0.0,0.0,0.0,0.0,0.0,0.0,0.0,0.0,0.0,0.0,0.0,0.0,0.0,0.0,0.0,0.0,0.0,0.0,0.0,0.0,0.0,0.0,0.0,0.0,0.0,0.0,0.0,0.0,0.0,0.0,0.0,0.0,0.0,0.0,0.0,0.0,0.0,0.0,0.0,0.0,0.0,0.0,0.0,0.0,0.0,0.0,0.0,0.0,0.0,0.0,0.0,0.0,0.0,0.0,0.0,0.0,0.0,0.0,0.0,0.0,0.0,0.0,0.0,0.0,0.0,0.0,0.0,0.0,0.0,0.0,0.0,0.0,0.0,0.0,0.0,0.0,0.0,current,Gemma4,G4-E4B|base|tubitak_math2026
gemma-4-E4B,G4-E4B·Base,gemma,4.0,True,base,Pretrained,pt_exams_math,PT,False,No-Judge,,,16,0.6,16384,,,,,,0.2831325301204819,166.0,2656.0,366.0,2290.0,0.0,1058.0,2656.0,0.398343,1029.0,674.0,574.0,,,,/user/home/t.tuna/evalhub/results/base/gemma-4-E4B,/user/home/t.tuna/evalhub/results/base/gemma-4-E4B/pt_exams_math__t0.6__max16384__n16/pt_exams_math_summary.json,0.1378012048192771,0.1378012048192771,0.1378012048192771,0.1378012048192771,0.1378012048192771,0.0,0.2292168674698795,0.2292168674698795,0.2292168674698795,0.0463855421686747,0.0463855421686747,0.0463855421686747,0.3475440222428174,0.3475440222428174,0.1417052826691381,0.0492585727525486,0.0126969416126042,0.0309777571825764,0.4738197545426461,0.2833333333333332,0.0912109978375038,0.0240331957199427,0.0038040272980032,0.0218935181284578,0.5903614457831325,0.2590361445783132,0.0662650602409638,0.0120481927710843,0.0,0.0173192771084337,,,,,,,,,,,,,,,,,,,,,,,,,,,,,,,,,,,,,,,,,,,,,,,,,,,,,,,,,,,,,,,,,,,,,,,,,,,,,,,,,,,,,,,,,,,,,,,,,,,current,No-Judge,G4-E4B|base|pt_exams_math
gemma-4-E4B,G4-E4B·Base,gemma,4.0,True,base,Pretrained,tubitak_math2026,TR-OL,False,No-Judge,,,64,0.6,16384,,,,,,0.0,32.0,2048.0,41.0,2007.0,0.0,1343.0,2048.0,0.655762,1299.0,981.0,785.0,,,,/user/home/t.tuna/evalhub/results/base/gemma-4-E4B,/user/home/t.tuna/evalhub/results/base/gemma-4-E4B/tubitak_math2026__t0.6__max16384__n64/tubitak_math2026_summary.json,0.0200195312499999,0.02001953125,0.02001953125,0.02001953125,0.02001953125,0.0,0.039000496031746,0.039000496031746,0.039000496031746,0.0010385664682539,0.0010385664682539,0.0010385664682539,0.0740692322341416,0.0740692322341416,0.005788895079449,0.0002174893291531,2.5083572561758707e-06,0.0001099988432046,0.1340553314167316,0.0232889442295799,0.000158491388239,3.5011965689394e-08,0.0,1.055221743694236e-06,0.2229514692274565,0.0033047327588009,0.0,0.0,0.0,0.0,0.3288621563750071,0.0,0.0,0.0,0.0,0.0,0.4375,0.0,0.0,0.0,0.0,0.0,,,,,,,,,,,,,,,,,,,,,,,,,,,,,,,,,,,,,,,,,,,,,,,,,,,,,,,,,,,,,,,,,,,,,,,,,,,,,,,,,,,,,,,current,No-Judge,G4-E4B|base|tubitak_math2026
Qwen3.5-0.8B,Q-0.8B,Qwen,0.8,False,non-think,Instruct · Non-Think,aime2026,EN,False,No-Judge,,,64,0.6,16384,,,,,,0.0,30.0,1920.0,10.0,1910.0,0.0,1342.0,1920.0,0.698958,566.0,281.0,301.0,,,,/user/home/t.tuna/evalhub/results/non-think/Qwen3.5-0.8B,/user/home/t.tuna/evalhub/results/non-think/Qwen3.5-0.8B/aime2026__t0.6__max16384__n64/aime2026_summary.json,0.0052083333333333,0.0052083333333333,0.0052083333333333,0.0052083333333333,0.0052083333333333,0.0,0.0101521164021164,0.0101521164021164,0.0101521164021164,0.0002645502645502,0.0002645502645502,0.0002645502645502,0.0193092489066841,0.0193092489066841,0.0014616542016066,6.16432894328188e-05,7.869356097806654e-07,3.121511252129973e-05,0.0351016876120175,0.005774735647729,4.933419378740212e-05,1.2448698911784536e-08,0.0,3.547879189858592e-07,0.0592266697510985,0.0010095147895522,0.0,0.0,0.0,0.0,0.0913960521073608,0.0,0.0,0.0,0.0,0.0,0.1333333333333333,0.0,0.0,0.0,0.0,0.0,,,,,,,,,,,,,,,,,,,,,,,,,,,,,,,,,,,,,,,,,,,,,,,,,,,,,,,,,,,,,,,,,,,,,,,,,,,,,,,,,,,,,,,current,No-Judge,Q-0.8B|non-think|aime2026
Qwen3.5-0.8B,Q-0.8B,Qwen,0.8,False,non-think,Instruct · Non-Think,aime2026_pt,PT,False,No-Judge,,,64,0.6,16384,,,,,,0.0,30.0,1920.0,3.0,1917.0,0.0,1224.0,1920.0,0.6375,1089.0,376.0,307.0,,,,/user/home/t.tuna/evalhub/results/non-think/Qwen3.5-0.8B,/user/home/t.tuna/evalhub/results/non-think/Qwen3.5-0.8B/aime2026_pt__t0.6__max16384__n64/aime2026_pt_summary.json,0.0015625,0.0015625,0.0015625,0.0015625,0.0015625,0.0,0.0031084656084656,0.0031084656084656,0.0031084656084656,1.6534391534391536e-05,1.6534391534391536e-05,1.6534391534391536e-05,0.0061507936507936,0.0061507936507936,9.920634920634922e-05,0.0,0.0,0.0,0.012037037037037,0.0004629629629629,0.0,0.0,0.0,0.0,0.023015873015873,0.0,0.0,0.0,0.0,0.0,0.0417989417989418,0.0,0.0,0.0,0.0,0.0,0.0666666666666666,0.0,0.0,0.0,0.0,0.0,,,,,,,,,,,,,,,,,,,,,,,,,,,,,,,,,,,,,,,,,,,,,,,,,,,,,,,,,,,,,,,,,,,,,,,,,,,,,,,,,,,,,,,current,No-Judge,Q-0.8B|non-think|aime2026_pt
Qwen3.5-0.8B,Q-0.8B,Qwen,0.8,False,non-think,Instruct · Non-Think,aime2026_tr,TR,False,No-Judge,,,64,0.6,16384,,,,,,0.0333333333333333,30.0,1920.0,3.0,1917.0,0.0,1460.0,1920.0,0.760417,1434.0,974.0,716.0,,,,/user/home/t.tuna/evalhub/results/non-think/Qwen3.5-0.8B,/user/home/t.tuna/evalhub/results/non-think/Qwen3.5-0.8B/aime2026_tr__t0.6__max16384__n64/aime2026_tr_summary.json,0.0015625,0.0015625,0.0015625,0.0015625,0.0015625,0.0,0.0031084656084656,0.0031084656084656,0.0031084656084656,1.6534391534391536e-05,1.6534391534391536e-05,1.6534391534391536e-05,0.0061507936507936,0.0061507936507936,9.920634920634922e-05,0.0,0.0,0.0,0.012037037037037,0.0004629629629629,0.0,0.0,0.0,0.0,0.023015873015873,0.0,0.0,0.0,0.0,0.0,0.0417989417989418,0.0,0.0,0.0,0.0,0.0,0.0666666666666666,0.0,0.0,0.0,0.0,0.0,,,,,,,,,,,,,,,,,,,,,,,,,,,,,,,,,,,,,,,,,,,,,,,,,,,,,,,,,,,,,,,,,,,,,,,,,,,,,,,,,,,,,,,current,No-Judge,Q-0.8B|non-think|aime2026_tr
Qwen3.5-0.8B,Q-0.8B,Qwen,0.8,False,non-think,Instruct · Non-Think,aime2026,EN,True,cot:Qwen3.6-35B·TH,Qwen3.6-35B-A3B,think,64,0.6,16384,,0.6,16384.0,,,0.0,30.0,1920.0,6.0,1910.0,4.0,,,,,,,3.0,30.0,0.1,/user/home/t.tuna/evalhub/results/non-think/Qwen3.5-0.8B/judged_by/Qwen3.6-35B-A3B__state-think__t0.6__max16384__basemax16384,/user/home/t.tuna/evalhub/results/non-think/Qwen3.5-0.8B/judged_by/Qwen3.6-35B-A3B__state-think__t0.6__max16384__basemax16384/aime2026__t0.6__max16384__n64/aime2026_cot_summary.json,0.003125,0.003125,0.003125,0.003125,0.003125,0.0,0.0062169312169312,0.0062169312169312,0.0062169312169312,3.306878306878307e-05,3.306878306878307e-05,3.306878306878307e-05,0.0123015873015873,0.0123015873015873,0.0001984126984126,0.0,0.0,0.0,0.024074074074074,0.0009259259259259,0.0,0.0,0.0,0.0,0.046031746031746,0.0,0.0,0.0,0.0,0.0,0.0835978835978836,0.0,0.0,0.0,0.0,0.0,0.1333333333333333,0.0,0.0,0.0,0.0,0.0,0.0,0.0,0.0,0.0,0.0,0.0,0.0,0.0,0.0,0.0,0.0010416666666666,0.003125,0.0010416666666666,0.003125,0.0010416666666666,0.003125,0.0010416666666666,0.003125,0.0020833333333333,0.0062169312169312,0.0020833333333333,0.0062169312169312,0.0,3.306878306878307e-05,0.0,3.306878306878307e-05,0.0,0.0,0.0,0.0,0.0,0.0,0.0,0.0,0.0041666666666666,0.0123015873015873,0.0,0.0001984126984126,0.0,0.0,0.0,0.0,0.0,0.0,0.0,0.0,0.0,0.0,0.0,0.0,0.0,0.0009259259259259,0.0,0.0,0.0,0.0,0.0,0.0,0.0,0.0,0.0,0.0,0.0,3.306878306878307e-05,0.0,0.0,0.0,0.0,0.0,0.0,0.0,0.0,0.0166666666666666,0.046031746031746,0.0010416666666666,0.003125,0.0020833333333333,0.0062169312169312,0.0333333333333333,0.0835978835978836,0.0041666666666666,0.0123015873015873,0.0666666666666666,0.1333333333333333,0.0083333333333333,0.024074074074074,current,Qwen3.6,Q-0.8B|non-think|aime2026
Qwen3.5-0.8B,Q-0.8B,Qwen,0.8,False,non-think,Instruct · Non-Think,aime2026_pt,PT,True,cot:Qwen3.6-35B·TH,Qwen3.6-35B-A3B,think,64,0.6,16384,,0.6,16384.0,,,0.0,30.0,1920.0,0.0,1917.0,3.0,,,,,,,1.0,9.0,0.111111,/user/home/t.tuna/evalhub/results/non-think/Qwen3.5-0.8B/judged_by/Qwen3.6-35B-A3B__state-think__t0.6__max16384__basemax16384,/user/home/t.tuna/evalhub/results/non-think/Qwen3.5-0.8B/judged_by/Qwen3.6-35B-A3B__state-think__t0.6__max16384__basemax16384/aime2026_pt__t0.6__max16384__n64/aime2026_pt_cot_summary.json,0.0,0.0,0.0,0.0,0.0,0.0,0.0,0.0,0.0,0.0,0.0,0.0,0.0,0.0,0.0,0.0,0.0,0.0,0.0,0.0,0.0,0.0,0.0,0.0,0.0,0.0,0.0,0.0,0.0,0.0,0.0,0.0,0.0,0.0,0.0,0.0,0.0,0.0,0.0,0.0,0.0,0.0,0.0,0.0,0.0,0.0,0.0,0.0,0.0,0.0,0.0,0.0,0.0,0.0,0.0,0.0,0.0,0.0,0.0,0.0,0.0,0.0,0.0,0.0,0.0,0.0,0.0,0.0,0.0,0.0,0.0,0.0,0.0,0.0,0.0,0.0,0.0,0.0,0.0,0.0,0.0,0.0,0.0,0.0,0.0,0.0,0.0,0.0,0.0,0.0,0.0,0.0,0.0,0.0,0.0,0.0,0.0,0.0,0.0,0.0,0.0,0.0,0.0,0.0,0.0,0.0,0.0,0.0,0.0,0.0,0.0,0.0,0.0,0.0,0.0,0.0,0.0,0.0,0.0,0.0,0.0,0.0,0.0,0.0,0.0,0.0,0.0,0.0,current,Qwen3.6,Q-0.8B|non-think|aime2026_pt
Qwen3.5-0.8B,Q-0.8B,Qwen,0.8,False,non-think,Instruct · Non-Think,aime2026_tr,TR,True,cot:Qwen3.6-35B·TH,Qwen3.6-35B-A3B,think,64,0.6,16384,,0.6,16384.0,,,0.0,30.0,1920.0,0.0,1917.0,3.0,,,,,,,0.0,9.0,0.0,/user/home/t.tuna/evalhub/results/non-think/Qwen3.5-0.8B/judged_by/Qwen3.6-35B-A3B__state-think__t0.6__max16384__basemax16384,/user/home/t.tuna/evalhub/results/non-think/Qwen3.5-0.8B/judged_by/Qwen3.6-35B-A3B__state-think__t0.6__max16384__basemax16384/aime2026_tr__t0.6__max16384__n64/aime2026_tr_cot_summary.json,0.0,0.0,0.0,0.0,0.0,0.0,0.0,0.0,0.0,0.0,0.0,0.0,0.0,0.0,0.0,0.0,0.0,0.0,0.0,0.0,0.0,0.0,0.0,0.0,0.0,0.0,0.0,0.0,0.0,0.0,0.0,0.0,0.0,0.0,0.0,0.0,0.0,0.0,0.0,0.0,0.0,0.0,0.0,0.0,0.0,0.0,0.0,0.0,0.0,0.0,0.0,0.0,0.0,0.0,0.0,0.0,0.0,0.0,0.0,0.0,0.0,0.0,0.0,0.0,0.0,0.0,0.0,0.0,0.0,0.0,0.0,0.0,0.0,0.0,0.0,0.0,0.0,0.0,0.0,0.0,0.0,0.0,0.0,0.0,0.0,0.0,0.0,0.0,0.0,0.0,0.0,0.0,0.0,0.0,0.0,0.0,0.0,0.0,0.0,0.0,0.0,0.0,0.0,0.0,0.0,0.0,0.0,0.0,0.0,0.0,0.0,0.0,0.0,0.0,0.0,0.0,0.0,0.0,0.0,0.0,0.0,0.0,0.0,0.0,0.0,0.0,0.0,0.0,current,Qwen3.6,Q-0.8B|non-think|aime2026_tr
Qwen3.5-0.8B,Q-0.8B,Qwen,0.8,False,non-think,Instruct · Non-Think,tubitak_math2026,TR-OL,True,cot:Qwen3.6-35B·TH,Qwen3.6-35B-A3B,think,64,0.6,16384,,0.6,16384.0,,,0.0,32.0,2048.0,0.0,2028.0,20.0,,,,,,,0.0,60.0,0.0,/user/home/t.tuna/evalhub/results/non-think/Qwen3.5-0.8B/judged_by/Qwen3.6-35B-A3B__state-think__t0.6__max16384__basemax16384,/user/home/t.tuna/evalhub/results/non-think/Qwen3.5-0.8B/judged_by/Qwen3.6-35B-A3B__state-think__t0.6__max16384__basemax16384/tubitak_math2026__t0.6__max16384__n64/tubitak_math2026_cot_summary.json,0.0,0.0,0.0,0.0,0.0,0.0,0.0,0.0,0.0,0.0,0.0,0.0,0.0,0.0,0.0,0.0,0.0,0.0,0.0,0.0,0.0,0.0,0.0,0.0,0.0,0.0,0.0,0.0,0.0,0.0,0.0,0.0,0.0,0.0,0.0,0.0,0.0,0.0,0.0,0.0,0.0,0.0,0.0,0.0,0.0,0.0,0.0,0.0,0.0,0.0,0.0,0.0,0.0,0.0,0.0,0.0,0.0,0.0,0.0,0.0,0.0,0.0,0.0,0.0,0.0,0.0,0.0,0.0,0.0,0.0,0.0,0.0,0.0,0.0,0.0,0.0,0.0,0.0,0.0,0.0,0.0,0.0,0.0,0.0,0.0,0.0,0.0,0.0,0.0,0.0,0.0,0.0,0.0,0.0,0.0,0.0,0.0,0.0,0.0,0.0,0.0,0.0,0.0,0.0,0.0,0.0,0.0,0.0,0.0,0.0,0.0,0.0,0.0,0.0,0.0,0.0,0.0,0.0,0.0,0.0,0.0,0.0,0.0,0.0,0.0,0.0,0.0,0.0,current,Qwen3.6,Q-0.8B|non-think|tubitak_math2026
Qwen3.5-0.8B,Q-0.8B,Qwen,0.8,False,non-think,Instruct · Non-Think,aime2026,EN,True,cot:G4-26B·TH,gemma-4-26B-A4B-it,think,64,0.6,16384,,0.6,16384.0,,,0.0,30.0,1920.0,2.0,1910.0,8.0,,,,,,,5.0,30.0,0.166667,/user/home/t.tuna/evalhub/results/non-think/Qwen3.5-0.8B/judged_by/gemma-4-26B-A4B-it__state-think__t0.6__max16384__basemax16384,/user/home/t.tuna/evalhub/results/non-think/Qwen3.5-0.8B/judged_by/gemma-4-26B-A4B-it__state-think__t0.6__max16384__basemax16384/aime2026__t0.6__max16384__n64/aime2026_cot_summary.json,0.0010416666666666,0.0010416666666666,0.0010416666666666,0.0010416666666666,0.0010416666666666,0.0,0.0020833333333333,0.0020833333333333,0.0020833333333333,0.0,0.0,0.0,0.0041666666666666,0.0041666666666666,0.0,0.0,0.0,0.0,0.0083333333333333,0.0,0.0,0.0,0.0,0.0,0.0166666666666666,0.0,0.0,0.0,0.0,0.0,0.0333333333333333,0.0,0.0,0.0,0.0,0.0,0.0666666666666666,0.0,0.0,0.0,0.0,0.0,0.0,0.0,0.0,0.0,0.0,0.0,0.0,0.0,0.0,0.0,0.0010416666666666,0.0015625,0.0010416666666666,0.0015625,0.0010416666666666,0.0015625,0.0010416666666666,0.0015625,0.0020833333333333,0.003125,0.0020833333333333,0.003125,0.0,0.0,0.0,0.0,0.0,0.0,0.0,0.0,0.0,0.0,0.0,0.0,0.0041666666666666,0.00625,0.0,0.0,0.0,0.0,0.0,0.0,0.0,0.0,0.0,0.0,0.0,0.0,0.0,0.0,0.0,0.0,0.0,0.0,0.0,0.0,0.0,0.0,0.0,0.0,0.0,0.0,0.0,0.0,0.0,0.0,0.0,0.0,0.0,0.0,0.0,0.0,0.0166666666666666,0.025,0.0010416666666666,0.0015625,0.0020833333333333,0.003125,0.0333333333333333,0.05,0.0041666666666666,0.00625,0.0666666666666666,0.1,0.0083333333333333,0.0125,current,Gemma4,Q-0.8B|non-think|aime2026
Qwen3.5-0.8B,Q-0.8B,Qwen,0.8,False,non-think,Instruct · Non-Think,aime2026_pt,PT,True,cot:G4-26B·TH,gemma-4-26B-A4B-it,think,64,0.6,16384,,0.6,16384.0,,,0.0,30.0,1920.0,0.0,1917.0,3.0,,,,,,,1.0,9.0,0.111111,/user/home/t.tuna/evalhub/results/non-think/Qwen3.5-0.8B/judged_by/gemma-4-26B-A4B-it__state-think__t0.6__max16384__basemax16384,/user/home/t.tuna/evalhub/results/non-think/Qwen3.5-0.8B/judged_by/gemma-4-26B-A4B-it__state-think__t0.6__max16384__basemax16384/aime2026_pt__t0.6__max16384__n64/aime2026_pt_cot_summary.json,0.0,0.0,0.0,0.0,0.0,0.0,0.0,0.0,0.0,0.0,0.0,0.0,0.0,0.0,0.0,0.0,0.0,0.0,0.0,0.0,0.0,0.0,0.0,0.0,0.0,0.0,0.0,0.0,0.0,0.0,0.0,0.0,0.0,0.0,0.0,0.0,0.0,0.0,0.0,0.0,0.0,0.0,0.0,0.0,0.0,0.0,0.0,0.0,0.0,0.0,0.0,0.0,0.0,0.0,0.0,0.0,0.0,0.0,0.0,0.0,0.0,0.0,0.0,0.0,0.0,0.0,0.0,0.0,0.0,0.0,0.0,0.0,0.0,0.0,0.0,0.0,0.0,0.0,0.0,0.0,0.0,0.0,0.0,0.0,0.0,0.0,0.0,0.0,0.0,0.0,0.0,0.0,0.0,0.0,0.0,0.0,0.0,0.0,0.0,0.0,0.0,0.0,0.0,0.0,0.0,0.0,0.0,0.0,0.0,0.0,0.0,0.0,0.0,0.0,0.0,0.0,0.0,0.0,0.0,0.0,0.0,0.0,0.0,0.0,0.0,0.0,0.0,0.0,current,Gemma4,Q-0.8B|non-think|aime2026_pt
Qwen3.5-0.8B,Q-0.8B,Qwen,0.8,False,non-think,Instruct · Non-Think,aime2026_tr,TR,True,cot:G4-26B·TH,gemma-4-26B-A4B-it,think,64,0.6,16384,,0.6,16384.0,,,0.0,30.0,1920.0,0.0,1917.0,3.0,,,,,,,1.0,9.0,0.111111,/user/home/t.tuna/evalhub/results/non-think/Qwen3.5-0.8B/judged_by/gemma-4-26B-A4B-it__state-think__t0.6__max16384__basemax16384,/user/home/t.tuna/evalhub/results/non-think/Qwen3.5-0.8B/judged_by/gemma-4-26B-A4B-it__state-think__t0.6__max16384__basemax16384/aime2026_tr__t0.6__max16384__n64/aime2026_tr_cot_summary.json,0.0,0.0,0.0,0.0,0.0,0.0,0.0,0.0,0.0,0.0,0.0,0.0,0.0,0.0,0.0,0.0,0.0,0.0,0.0,0.0,0.0,0.0,0.0,0.0,0.0,0.0,0.0,0.0,0.0,0.0,0.0,0.0,0.0,0.0,0.0,0.0,0.0,0.0,0.0,0.0,0.0,0.0,0.0,0.0,0.0,0.0,0.0,0.0,0.0,0.0,0.0,0.0,0.0,0.0,0.0,0.0,0.0,0.0,0.0,0.0,0.0,0.0,0.0,0.0,0.0,0.0,0.0,0.0,0.0,0.0,0.0,0.0,0.0,0.0,0.0,0.0,0.0,0.0,0.0,0.0,0.0,0.0,0.0,0.0,0.0,0.0,0.0,0.0,0.0,0.0,0.0,0.0,0.0,0.0,0.0,0.0,0.0,0.0,0.0,0.0,0.0,0.0,0.0,0.0,0.0,0.0,0.0,0.0,0.0,0.0,0.0,0.0,0.0,0.0,0.0,0.0,0.0,0.0,0.0,0.0,0.0,0.0,0.0,0.0,0.0,0.0,0.0,0.0,current,Gemma4,Q-0.8B|non-think|aime2026_tr
Qwen3.5-0.8B,Q-0.8B,Qwen,0.8,False,non-think,Instruct · Non-Think,tubitak_math2026,TR-OL,True,cot:G4-26B·TH,gemma-4-26B-A4B-it,think,64,0.6,16384,,0.6,16384.0,,,0.0,32.0,2048.0,0.0,2028.0,20.0,,,,,,,8.0,60.0,0.133333,/user/home/t.tuna/evalhub/results/non-think/Qwen3.5-0.8B/judged_by/gemma-4-26B-A4B-it__state-think__t0.6__max16384__basemax16384,/user/home/t.tuna/evalhub/results/non-think/Qwen3.5-0.8B/judged_by/gemma-4-26B-A4B-it__state-think__t0.6__max16384__basemax16384/tubitak_math2026__t0.6__max16384__n64/tubitak_math2026_cot_summary.json,0.0,0.0,0.0,0.0,0.0,0.0,0.0,0.0,0.0,0.0,0.0,0.0,0.0,0.0,0.0,0.0,0.0,0.0,0.0,0.0,0.0,0.0,0.0,0.0,0.0,0.0,0.0,0.0,0.0,0.0,0.0,0.0,0.0,0.0,0.0,0.0,0.0,0.0,0.0,0.0,0.0,0.0,0.0,0.0,0.0,0.0,0.0,0.0,0.0,0.0,0.0,0.0,0.0,0.0,0.0,0.0,0.0,0.0,0.0,0.0,0.0,0.0,0.0,0.0,0.0,0.0,0.0,0.0,0.0,0.0,0.0,0.0,0.0,0.0,0.0,0.0,0.0,0.0,0.0,0.0,0.0,0.0,0.0,0.0,0.0,0.0,0.0,0.0,0.0,0.0,0.0,0.0,0.0,0.0,0.0,0.0,0.0,0.0,0.0,0.0,0.0,0.0,0.0,0.0,0.0,0.0,0.0,0.0,0.0,0.0,0.0,0.0,0.0,0.0,0.0,0.0,0.0,0.0,0.0,0.0,0.0,0.0,0.0,0.0,0.0,0.0,0.0,0.0,current,Gemma4,Q-0.8B|non-think|tubitak_math2026
Qwen3.5-0.8B,Q-0.8B,Qwen,0.8,False,non-think,Instruct · Non-Think,tubitak_math2026,TR-OL,False,No-Judge,,,64,0.6,16384,,,,,,0.0625,32.0,2048.0,20.0,2028.0,0.0,1575.0,2048.0,0.769043,1522.0,951.0,690.0,,,,/user/home/t.tuna/evalhub/results/non-think/Qwen3.5-0.8B,/user/home/t.tuna/evalhub/results/non-think/Qwen3.5-0.8B/tubitak_math2026__t0.6__max16384__n64/tubitak_math2026_summary.json,0.009765625,0.009765625,0.009765625,0.009765625,0.009765625,0.0,0.0192212301587301,0.0192212301587301,0.0192212301587301,0.0003100198412698,0.0003100198412698,0.0003100198412698,0.0372616470404925,0.0372616470404925,0.00174232462353,5.779058384326762e-05,7.377521341693738e-07,2.92641679887185e-05,0.0702342210251553,0.007149925780857,4.625080667568949e-05,1.1670655229798002e-08,0.0,3.32613674049243e-07,0.1262095267011787,0.0009464201152052,0.0,0.0,0.0,0.0,0.2111798305966825,0.0,0.0,0.0,0.0,0.0,0.3125,0.0,0.0,0.0,0.0,0.0,,,,,,,,,,,,,,,,,,,,,,,,,,,,,,,,,,,,,,,,,,,,,,,,,,,,,,,,,,,,,,,,,,,,,,,,,,,,,,,,,,,,,,,current,No-Judge,Q-0.8B|non-think|tubitak_math2026
Qwen3.5-2B,Q-2B,Qwen,2.0,False,non-think,Instruct · Non-Think,aime2026,EN,False,No-Judge,,,64,0.6,16384,,,,,,0.2666666666666666,30.0,1920.0,261.0,1659.0,0.0,1147.0,1920.0,0.597396,206.0,675.0,709.0,,,,/user/home/t.tuna/evalhub/results/non-think/Qwen3.5-2B,/user/home/t.tuna/evalhub/results/non-think/Qwen3.5-2B/aime2026__t0.6__max16384__n64/aime2026_summary.json,0.1359375,0.1359375,0.1359375,0.1359375,0.1359375,0.0,0.2139219576719576,0.2139219576719577,0.2139219576719577,0.0579530423280423,0.0579530423280423,0.0579530423280423,0.3022141744940528,0.3022141744940529,0.1535565292572167,0.0697761640351539,0.0182031322135764,0.0439896481243652,0.3912086464471805,0.2568986162275113,0.1226491164093051,0.0427486904732385,0.0027038897039842,0.0353474069087997,0.4707536797909395,0.2280702306724834,0.1130591410574859,0.0247392398400353,7.008898248516095e-05,0.0306066154900879,0.5408231277110757,0.2110012542690773,0.1165855370994172,0.0135597211357888,4.3631558198402115e-09,0.0279803473017256,0.6333333333333333,0.2333333333333333,0.1333333333333333,0.0,0.0,0.0260416666666666,,,,,,,,,,,,,,,,,,,,,,,,,,,,,,,,,,,,,,,,,,,,,,,,,,,,,,,,,,,,,,,,,,,,,,,,,,,,,,,,,,,,,,,current,No-Judge,Q-2B|non-think|aime2026
Qwen3.5-2B,Q-2B,Qwen,2.0,False,non-think,Instruct · Non-Think,aime2026_pt,PT,False,No-Judge,,,64,0.6,16384,,,,,,0.1,30.0,1920.0,97.0,1823.0,0.0,856.0,1920.0,0.445833,445.0,239.0,276.0,,,,/user/home/t.tuna/evalhub/results/non-think/Qwen3.5-2B,/user/home/t.tuna/evalhub/results/non-think/Qwen3.5-2B/aime2026_pt__t0.6__max16384__n64/aime2026_pt_summary.json,0.0505208333333333,0.0505208333333333,0.0505208333333333,0.0505208333333333,0.0505208333333333,0.0,0.086193783068783,0.086193783068783,0.086193783068783,0.0148478835978836,0.0148478835978836,0.0148478835978836,0.1333048462642592,0.1333048462642592,0.0507351027842831,0.0157779540513543,0.0022654302334365,0.0090216921423954,0.1880116018295139,0.0990258615434542,0.0349482075654792,0.0045073587725021,5.584864386687628e-05,0.0051627173862971,0.2517228167394931,0.0859446174523709,0.0258872233447649,0.0003836407632833,1.0284960668432612e-08,0.0026210444811566,0.3258484601855989,0.0752673933344371,0.0167550738681955,2.1101907037680706e-07,0.0,0.0009084544911833,0.4,0.0666666666666666,0.0,0.0,0.0,0.0,,,,,,,,,,,,,,,,,,,,,,,,,,,,,,,,,,,,,,,,,,,,,,,,,,,,,,,,,,,,,,,,,,,,,,,,,,,,,,,,,,,,,,,current,No-Judge,Q-2B|non-think|aime2026_pt
Qwen3.5-2B,Q-2B,Qwen,2.0,False,non-think,Instruct · Non-Think,aime2026_tr,TR,False,No-Judge,,,64,0.6,16384,,,,,,0.0333333333333333,30.0,1920.0,10.0,1910.0,0.0,1340.0,1920.0,0.697917,1243.0,599.0,427.0,,,,/user/home/t.tuna/evalhub/results/non-think/Qwen3.5-2B,/user/home/t.tuna/evalhub/results/non-think/Qwen3.5-2B/aime2026_tr__t0.6__max16384__n64/aime2026_tr_summary.json,0.0052083333333333,0.0052083333333333,0.0052083333333333,0.0052083333333333,0.0052083333333333,0.0,0.0102347883597883,0.0102347883597883,0.0102347883597883,0.0001818783068783,0.0001818783068783,0.0001818783068783,0.0197738032283246,0.0197738032283246,0.0010280526806174,3.121511252129973e-05,2.623118699268885e-07,1.573871219561331e-05,0.0370039857414262,0.0042506414399592,1.738253324715514e-05,0.0,0.0,6.120610298294064e-08,0.0655299119471515,0.0004010223867442,0.0,0.0,0.0,0.0,0.1075852198803018,0.0,0.0,0.0,0.0,0.0,0.1666666666666666,0.0,0.0,0.0,0.0,0.0,,,,,,,,,,,,,,,,,,,,,,,,,,,,,,,,,,,,,,,,,,,,,,,,,,,,,,,,,,,,,,,,,,,,,,,,,,,,,,,,,,,,,,,current,No-Judge,Q-2B|non-think|aime2026_tr
Qwen3.5-2B,Q-2B,Qwen,2.0,False,non-think,Instruct · Non-Think,aime2026,EN,True,cot:Qwen3.6-35B·TH,Qwen3.6-35B-A3B,think,64,0.6,16384,,0.6,16384.0,,,0.2666666666666666,30.0,1920.0,240.0,1659.0,21.0,,,,,,,66.0,783.0,0.084291,/user/home/t.tuna/evalhub/results/non-think/Qwen3.5-2B/judged_by/Qwen3.6-35B-A3B__state-think__t0.6__max16384__basemax16384,/user/home/t.tuna/evalhub/results/non-think/Qwen3.5-2B/judged_by/Qwen3.6-35B-A3B__state-think__t0.6__max16384__basemax16384/aime2026__t0.6__max16384__n64/aime2026_cot_summary.json,0.125,0.125,0.125,0.125,0.125,0.0,0.1992228835978836,0.1992228835978836,0.1992228835978836,0.0507771164021164,0.0507771164021164,0.0507771164021164,0.2854810904619207,0.2854810904619207,0.1392556533454207,0.0603827235106981,0.0148805326819604,0.0376316280963293,0.3747181400912658,0.2378006937735062,0.1095546093703925,0.0346654356408131,0.0020375906343678,0.0293413036573196,0.4594856872993508,0.2099912316470958,0.0992113306151471,0.018982384174842,4.505031013260496e-05,0.0244968993673053,0.5384281199992809,0.1913547111593964,0.0978562632742849,0.0099309336501027,1.327907221707589e-09,0.0213876278884733,0.6333333333333333,0.2,0.1,0.0,0.0,0.01875,0.2666666666666666,0.2666666666666666,0.1726664356886152,0.2168091004539686,0.065340083553606,0.1100331979408739,0.0069598079444736,0.0231475098421635,4.329748315438552e-06,6.907013028414318e-05,0.1026041666666666,0.13125,0.1026041666666666,0.13125,0.1026041666666666,0.13125,0.1026041666666666,0.13125,0.1697751322751322,0.2069940476190476,0.1697751322751322,0.2069940476190476,0.035433201058201,0.0555059523809523,0.035433201058201,0.0555059523809523,0.1493379787949145,0.1987366624254992,0.0561847505836693,0.1143595080932884,0.0011635443655865,0.0132928710868358,1.3988081222234854e-12,4.3631066776304215e-09,0.2537711528291909,0.2934785072146257,0.1086814211847263,0.1473358557242745,0.0399744927937683,0.0668570526218596,0.0079895998589811,0.0173285844392401,0.1333333333333333,0.2,0.0666666666666666,0.1333333333333333,0.0,0.0,0.0,0.0,0.2025979326898027,0.2461759407916154,0.0787993251950273,0.1182065331123736,0.0182701435840252,0.0405857004798651,0.0006720768172919,0.0025632669417846,0.012473338913612,0.0289971990877163,0.0,0.0,0.035433201058201,0.0555059523809523,0.0100795522605834,0.0261183186343832,0.0239820463263747,0.0420928185305499,0.0083333333333333,0.0239583333333333,0.0167767507879068,0.0337413269218066,0.4355281117062011,0.4655058816429755,0.1026041666666666,0.13125,0.1697751322751322,0.2069940476190476,0.5174108383239401,0.5400134074640685,0.2537711528291909,0.2934785072146257,0.6,0.6333333333333333,0.3452187430336426,0.3825323754675704,current,Qwen3.6,Q-2B|non-think|aime2026
Qwen3.5-2B,Q-2B,Qwen,2.0,False,non-think,Instruct · Non-Think,aime2026_pt,PT,True,cot:Qwen3.6-35B·TH,Qwen3.6-35B-A3B,think,64,0.6,16384,,0.6,16384.0,,,0.1,30.0,1920.0,81.0,1823.0,16.0,,,,,,,11.0,291.0,0.037801,/user/home/t.tuna/evalhub/results/non-think/Qwen3.5-2B/judged_by/Qwen3.6-35B-A3B__state-think__t0.6__max16384__basemax16384,/user/home/t.tuna/evalhub/results/non-think/Qwen3.5-2B/judged_by/Qwen3.6-35B-A3B__state-think__t0.6__max16384__basemax16384/aime2026_pt__t0.6__max16384__n64/aime2026_pt_cot_summary.json,0.0421875,0.0421875,0.0421875,0.0421875,0.0421875,0.0,0.0724867724867725,0.0724867724867725,0.0724867724867725,0.0118882275132275,0.0118882275132275,0.0118882275132275,0.1127826148086592,0.1127826148086592,0.0422749154306531,0.0120229596333509,0.0016695101273366,0.0068462348803438,0.1572285743015043,0.0885709567249649,0.0262502070618523,0.0033011490500641,4.46490095984141e-05,0.0037558519209849,0.2001031083913546,0.0753755836395873,0.0180950136947881,0.0003290680730326,9.92259470681012e-09,0.001957891360636,0.2380058661028083,0.0665232214812121,0.0133871651797343,2.107239649071051e-07,0.0,0.0008037449111304,0.2666666666666666,0.0666666666666666,0.0,0.0,0.0,0.0,0.1,0.1,0.0651535200116137,0.0843045192619731,0.0113568743260765,0.021543877331048,8.995403328116064e-05,0.0003387507289352,8.896060797207144e-10,9.939256224082142e-09,0.0364583333333333,0.0458333333333333,0.0364583333333333,0.0458333333333333,0.0364583333333333,0.0458333333333333,0.0364583333333333,0.0458333333333333,0.0636739417989418,0.0780753968253968,0.0636739417989418,0.0780753968253968,0.0092427248677248,0.0135912698412698,0.0092427248677248,0.0135912698412698,0.0555404705553503,0.0747443158483815,0.0051899107151464,0.0139754162657171,2.120918152862945e-09,2.107239649071051e-07,0.0,0.0,0.1011614644976622,0.119758116978503,0.0349212644691227,0.0475484857260372,0.0087167283624184,0.0140810585647973,0.0010338760041298,0.0019456720639957,0.0666666666666666,0.0666666666666666,0.0,0.0,0.0,0.0,0.0,0.0,0.0780319215206812,0.0954892976485524,0.0194127744121827,0.0311970130770465,0.0018243679186457,0.0037912228994694,1.6816655911261922e-05,4.777573416683063e-05,0.0009471413375633,0.002182523560563,0.0,0.0,0.0092427248677248,0.0135912698412698,0.0001909854732902,0.0008142461807188,0.0048753021832741,0.0080133653143965,0.0,0.0,0.0023247270819096,0.0044030402928979,0.1841837953875279,0.2092057802727256,0.0364583333333333,0.0458333333333333,0.0636739417989418,0.0780753968253968,0.2231975420841367,0.2546844390152556,0.1011614644976622,0.1197581169785029,0.2666666666666666,0.3,0.1434637240301742,0.1644673704232312,current,Qwen3.6,Q-2B|non-think|aime2026_pt
Qwen3.5-2B,Q-2B,Qwen,2.0,False,non-think,Instruct · Non-Think,aime2026_tr,TR,True,cot:Qwen3.6-35B·TH,Qwen3.6-35B-A3B,think,64,0.6,16384,,0.6,16384.0,,,0.0333333333333333,30.0,1920.0,6.0,1910.0,4.0,,,,,,,2.0,30.0,0.066667,/user/home/t.tuna/evalhub/results/non-think/Qwen3.5-2B/judged_by/Qwen3.6-35B-A3B__state-think__t0.6__max16384__basemax16384,/user/home/t.tuna/evalhub/results/non-think/Qwen3.5-2B/judged_by/Qwen3.6-35B-A3B__state-think__t0.6__max16384__basemax16384/aime2026_tr__t0.6__max16384__n64/aime2026_tr_cot_summary.json,0.0031249999999999,0.003125,0.003125,0.003125,0.003125,0.0,0.0061838624338624,0.0061838624338624,0.0061838624338624,6.613756613756614e-05,6.613756613756614e-05,6.613756613756614e-05,0.0121063748079877,0.0121063748079877,0.0003904249871991,3.20020481310804e-06,0.0,1.60010240655402e-06,0.0231929510155316,0.0017622461170848,0.0,0.0,0.0,0.0,0.0425115207373271,0.0,0.0,0.0,0.0,0.0,0.0711640211640211,0.0,0.0,0.0,0.0,0.0,0.1,0.0,0.0,0.0,0.0,0.0,0.0333333333333333,0.0333333333333333,0.0,9.548152065338736e-05,0.0,0.0,0.0,0.0,0.0,0.0,0.0026041666666666,0.0041666666666666,0.0026041666666666,0.0041666666666666,0.0026041666666666,0.0041666666666666,0.0026041666666666,0.0041666666666666,0.0051421957671957,0.0082175925925925,0.0051421957671957,0.0082175925925925,6.613756613756614e-05,0.0001157407407407,6.613756613756614e-05,0.0001157407407407,0.0,0.0,0.0,0.0,0.0,0.0,0.0,0.0,0.0100230414746543,0.0159849705791006,0.0003904249871991,0.0006690001930615,3.20020481310804e-06,1.2643432130476024e-05,0.0,5.24623739853777e-08,0.0,0.0,0.0,0.0,0.0,0.0,0.0,0.0,0.0017622461170848,0.0028933349002095,0.0,3.672366178976438e-06,0.0,0.0,0.0,0.0,0.0,0.0,0.0,0.0,6.613756613756614e-05,0.0001157407407407,0.0,0.0,1.60010240655402e-06,6.347947252230701e-06,0.0,0.0,0.0,0.0,0.0341781874039938,0.0544744109524648,0.0026041666666666,0.0041666666666666,0.0051421957671957,0.0082175925925925,0.0544973544973544,0.0899123948304276,0.0100230414746543,0.0159849705791006,0.0666666666666666,0.1333333333333333,0.0190262843488649,0.0302681316959476,current,Qwen3.6,Q-2B|non-think|aime2026_tr
Qwen3.5-2B,Q-2B,Qwen,2.0,False,non-think,Instruct · Non-Think,tubitak_math2026,TR-OL,True,cot:Qwen3.6-35B·TH,Qwen3.6-35B-A3B,think,64,0.6,16384,,0.6,16384.0,,,0.09375,32.0,2048.0,43.0,1948.0,57.0,,,,,,,2.0,300.0,0.006667,/user/home/t.tuna/evalhub/results/non-think/Qwen3.5-2B/judged_by/Qwen3.6-35B-A3B__state-think__t0.6__max16384__basemax16384,/user/home/t.tuna/evalhub/results/non-think/Qwen3.5-2B/judged_by/Qwen3.6-35B-A3B__state-think__t0.6__max16384__basemax16384/tubitak_math2026__t0.6__max16384__n64/tubitak_math2026_cot_summary.json,0.02099609375,0.0209960937499999,0.0209960937499999,0.0209960937499999,0.0209960937499999,0.0,0.0327380952380952,0.0327380952380952,0.0327380952380952,0.0092540922619047,0.0092540922619047,0.0092540922619047,0.0455208313659943,0.0455208313659943,0.02397778047959,0.0119105163714084,0.0025752467830072,0.0072428815772078,0.0616016406667727,0.0317020673347896,0.0233508951387647,0.0061957543030958,0.0001661696556385,0.0056189082128076,0.0900297575636556,0.0312184575219294,0.0239384936128243,0.0016793954198907,2.5970477788992976e-07,0.0043645690879616,0.1408730158730158,0.0312499971731378,0.0263243228231634,3.604499746769535e-05,1.1160567266935682e-16,0.0034222325483105,0.21875,0.03125,0.03125,0.0,0.0,0.0029296875,0.09375,0.09375,0.0311236309881882,0.031231194177997,0.0191635278455477,0.0252754538094017,0.0006457563468619,0.0022258532796128,3.8449798285002584e-08,4.674686002018735e-07,0.0185546875,0.0229492187499999,0.0185546875,0.0229492187499999,0.0185546875,0.0229492187499999,0.0185546875,0.0229492187499999,0.0294053819444444,0.0360243055555555,0.0294053819444444,0.0360243055555555,0.0077039930555555,0.0098741319444444,0.0077039930555555,0.0098741319444444,0.0312497921007002,0.0312499995209417,0.0187054328200987,0.0280092040963466,2.094446717195553e-06,8.02705794128738e-05,1.705205082801479e-20,1.0044510540242114e-15,0.041107106264637,0.0510823020542167,0.0217679669203747,0.025081506855783,0.0095750390320062,0.0127359134591171,0.001768637782982,0.0028971526308831,0.03125,0.03125,0.03125,0.03125,0.0,0.0,0.0,0.0,0.0308493204029221,0.0337972917158751,0.0201899051312174,0.0242970363231918,0.0040081034936605,0.0070621285076667,7.426222196224099e-05,0.0002136467001067,0.0026538958841608,0.0050395320026121,0.0,0.0,0.0077039930555555,0.0098741319444444,0.0015402164100493,0.0042119597991675,0.0056718384074941,0.0078165330450001,0.0,0.00390625,0.0039942919898152,0.0062303560378406,0.0762648425025826,0.1050067184840943,0.0185546875,0.0229492187499999,0.0294053819444444,0.0360243055555555,0.1173115079365079,0.1567460317460317,0.041107106264637,0.0510823020542167,0.1875,0.21875,0.0541792100002599,0.0712426168170339,current,Qwen3.6,Q-2B|non-think|tubitak_math2026
Qwen3.5-2B,Q-2B,Qwen,2.0,False,non-think,Instruct · Non-Think,aime2026,EN,True,cot:G4-26B·TH,gemma-4-26B-A4B-it,think,64,0.6,16384,,0.6,16384.0,,,0.2666666666666666,30.0,1920.0,158.0,1659.0,103.0,,,,,,,78.0,783.0,0.099617,/user/home/t.tuna/evalhub/results/non-think/Qwen3.5-2B/judged_by/gemma-4-26B-A4B-it__state-think__t0.6__max16384__basemax16384,/user/home/t.tuna/evalhub/results/non-think/Qwen3.5-2B/judged_by/gemma-4-26B-A4B-it__state-think__t0.6__max16384__basemax16384/aime2026__t0.6__max16384__n64/aime2026_cot_summary.json,0.0822916666666667,0.0822916666666666,0.0822916666666666,0.0822916666666666,0.0822916666666666,0.0,0.1347883597883598,0.1347883597883598,0.1347883597883598,0.0297949735449735,0.0297949735449735,0.0297949735449735,0.1980295132331092,0.1980295132331092,0.0899552391025156,0.0347311408257997,0.006450773505242,0.0205909571655208,0.2671413797403935,0.1560427845346002,0.0712023916635552,0.0147402599034569,0.0003259846646862,0.0142953245562062,0.3440149206434852,0.1361177348674113,0.0648152027959922,0.0030857220444852,3.665546583855272e-07,0.0099523529822234,0.4257168859446506,0.1231584586574186,0.0644989300681588,4.491743225275476e-05,1.1964628303646006e-16,0.006669123182861,0.5,0.1333333333333333,0.0666666666666666,0.0,0.0,0.0041666666666666,0.2666666666666666,0.2666666666666666,0.1182218559960835,0.162256360359018,0.0296468280195843,0.0868058011184091,0.0003889882696923,0.0092823223586468,1.0290051687599064e-08,2.63563281934289e-06,0.0671875,0.1010416666666666,0.0671875,0.1010416666666666,0.0671875,0.1010416666666666,0.0671875,0.1010416666666666,0.1151951058201058,0.1620535714285714,0.1151951058201058,0.1620535714285714,0.0191798941798941,0.0400297619047619,0.0191798941798941,0.0400297619047619,0.1053517507982121,0.144686125456239,0.0170361071456005,0.0936325501865834,2.1101907037680706e-07,0.0005367992079719,0.0,2.378540095929333e-14,0.1786287699461945,0.2336280144880092,0.067809926720556,0.1116191567407855,0.0196644716409391,0.0481990716258299,0.0026468316923102,0.010720423812042,0.1,0.1333333333333333,0.0,0.1,0.0,0.0,0.0,0.0,0.1381570816477757,0.1872267787653372,0.0439174735551814,0.0906428497755426,0.005044579301403,0.0259152689660645,5.8255716155007736e-05,0.0008732252816271,0.0028113729786718,0.0185222445975629,0.0,0.0,0.0191798941798941,0.0400297619047619,0.000912433733652,0.0161983076713654,0.0111556516666246,0.0294597477189359,0.0,0.015625,0.0060083994188894,0.0226465823083243,0.3227721579220067,0.3941491431860193,0.0671875,0.1010416666666667,0.1151951058201058,0.1620535714285714,0.3963100522236503,0.4776778791467179,0.1786287699461945,0.2336280144880091,0.4666666666666667,0.5666666666666667,0.249327007785369,0.3116584977235009,current,Gemma4,Q-2B|non-think|aime2026
Qwen3.5-2B,Q-2B,Qwen,2.0,False,non-think,Instruct · Non-Think,aime2026_pt,PT,True,cot:G4-26B·TH,gemma-4-26B-A4B-it,think,64,0.6,16384,,0.6,16384.0,,,0.1,30.0,1920.0,70.0,1823.0,27.0,,,,,,,11.0,291.0,0.037801,/user/home/t.tuna/evalhub/results/non-think/Qwen3.5-2B/judged_by/gemma-4-26B-A4B-it__state-think__t0.6__max16384__basemax16384,/user/home/t.tuna/evalhub/results/non-think/Qwen3.5-2B/judged_by/gemma-4-26B-A4B-it__state-think__t0.6__max16384__basemax16384/aime2026_pt__t0.6__max16384__n64/aime2026_pt_cot_summary.json,0.0364583333333333,0.0364583333333333,0.0364583333333333,0.0364583333333333,0.0364583333333333,0.0,0.0639219576719576,0.0639219576719576,0.0639219576719576,0.0089947089947089,0.0089947089947089,0.0089947089947089,0.1020170733549898,0.1020170733549898,0.0345881808566895,0.0083041642533974,0.0009239148682564,0.0046140395608269,0.1451541606672899,0.078423265891256,0.0187279703553995,0.0015293734276039,1.194887574295439e-05,0.0020678314159183,0.1862514776906232,0.065145022572695,0.0098688156549503,5.518999059085248e-05,3.6243323870421006e-10,0.0007312619363186,0.2191840508654851,0.0584907788427157,0.0033809156011516,2.9510546970195236e-10,0.0,0.0001047849320144,0.2333333333333333,0.0666666666666666,0.0,0.0,0.0,0.0,0.1,0.1,0.0510247038484679,0.0751433859688046,0.002193302551154,0.0161614567143874,1.240860627850945e-06,0.0002195903895957,3.305856601591899e-13,4.630579458981804e-09,0.0291666666666666,0.0411458333333333,0.0291666666666666,0.0411458333333333,0.0291666666666666,0.0411458333333333,0.0291666666666666,0.0411458333333333,0.0526951058201058,0.0709325396825397,0.0526951058201058,0.0709325396825397,0.0056382275132275,0.0113591269841269,0.0056382275132275,0.0113591269841269,0.0444665222492092,0.0665194989106865,4.190681968832797e-05,0.010278025817226,0.0,5.385309994723664e-08,0.0,0.0,0.0877516620080078,0.1106734175249511,0.0243186186866779,0.0411428298624226,0.0042784115232555,0.0112893257955394,0.0003179744487253,0.0014777601504201,0.0333333333333333,0.0666666666666666,0.0,0.0,0.0,0.0,0.0,0.0,0.0631588204817385,0.0871461432933971,0.0094299357486937,0.024970351740369,0.0003341050270492,0.002799423896265,9.716311168787763e-07,3.289481704697122e-05,8.445208520442199e-05,0.0015818578647831,0.0,0.0,0.0056382275132275,0.0113591269841269,3.512514947122155e-07,0.0005254558823861,0.0022981929859904,0.0063835429729797,0.0,0.0,0.0006465953152942,0.0033294877506257,0.1729043552001489,0.1964734248725538,0.0291666666666666,0.0411458333333333,0.0526951058201058,0.0709325396825397,0.2120680489988635,0.2359241591030684,0.0877516620080078,0.110673417524951,0.2333333333333333,0.2666666666666666,0.1303165969961563,0.1542795465431421,current,Gemma4,Q-2B|non-think|aime2026_pt
Qwen3.5-2B,Q-2B,Qwen,2.0,False,non-think,Instruct · Non-Think,aime2026_tr,TR,True,cot:G4-26B·TH,gemma-4-26B-A4B-it,think,64,0.6,16384,,0.6,16384.0,,,0.0333333333333333,30.0,1920.0,6.0,1910.0,4.0,,,,,,,1.0,30.0,0.033333,/user/home/t.tuna/evalhub/results/non-think/Qwen3.5-2B/judged_by/gemma-4-26B-A4B-it__state-think__t0.6__max16384__basemax16384,/user/home/t.tuna/evalhub/results/non-think/Qwen3.5-2B/judged_by/gemma-4-26B-A4B-it__state-think__t0.6__max16384__basemax16384/aime2026_tr__t0.6__max16384__n64/aime2026_tr_cot_summary.json,0.0031249999999999,0.003125,0.003125,0.003125,0.003125,0.0,0.0061838624338624,0.0061838624338624,0.0061838624338624,6.613756613756614e-05,6.613756613756614e-05,6.613756613756614e-05,0.0121063748079877,0.0121063748079877,0.0003904249871991,3.20020481310804e-06,0.0,1.60010240655402e-06,0.0231929510155316,0.0017622461170848,0.0,0.0,0.0,0.0,0.0425115207373271,0.0,0.0,0.0,0.0,0.0,0.0711640211640211,0.0,0.0,0.0,0.0,0.0,0.1,0.0,0.0,0.0,0.0,0.0,0.0333333333333333,0.0333333333333333,0.0,0.0,0.0,0.0,0.0,0.0,0.0,0.0,0.0026041666666666,0.003125,0.0026041666666666,0.003125,0.0026041666666666,0.003125,0.0026041666666666,0.003125,0.0051587301587301,0.0061838624338624,0.0051587301587301,0.0061838624338624,4.960317460317461e-05,6.613756613756614e-05,4.960317460317461e-05,6.613756613756614e-05,0.0,0.0,0.0,0.0,0.0,0.0,0.0,0.0,0.0101222478238607,0.0121063748079877,0.0002912186379928,0.0003904249871991,3.20020481310804e-06,3.20020481310804e-06,0.0,0.0,0.0,0.0,0.0,0.0,0.0,0.0,0.0,0.0,0.0012992831541218,0.0017622461170848,0.0,0.0,0.0,0.0,0.0,0.0,0.0,0.0,0.0,0.0,4.960317460317461e-05,6.613756613756614e-05,0.0,0.0,1.60010240655402e-06,1.60010240655402e-06,0.0,0.0,0.0,0.0,0.0361623143881208,0.0425115207373271,0.0026041666666666,0.0031249999999999,0.0051587301587301,0.0061838624338624,0.0626984126984127,0.0711640211640211,0.0101222478238607,0.0121063748079877,0.1,0.1,0.0194892473118279,0.0231929510155316,current,Gemma4,Q-2B|non-think|aime2026_tr
Qwen3.5-2B,Q-2B,Qwen,2.0,False,non-think,Instruct · Non-Think,tubitak_math2026,TR-OL,True,cot:G4-26B·TH,gemma-4-26B-A4B-it,think,64,0.6,16384,,0.6,16384.0,,,0.09375,32.0,2048.0,32.0,1948.0,68.0,,,,,,,17.0,300.0,0.056667,/user/home/t.tuna/evalhub/results/non-think/Qwen3.5-2B/judged_by/gemma-4-26B-A4B-it__state-think__t0.6__max16384__basemax16384,/user/home/t.tuna/evalhub/results/non-think/Qwen3.5-2B/judged_by/gemma-4-26B-A4B-it__state-think__t0.6__max16384__basemax16384/tubitak_math2026__t0.6__max16384__n64/tubitak_math2026_cot_summary.json,0.015625,0.015625,0.015625,0.015625,0.015625,0.0,0.0265531994047619,0.0265531994047619,0.0265531994047619,0.004696800595238,0.004696800595238,0.004696800595238,0.0405974670903528,0.0405974670903528,0.0162464332143486,0.0050339287288156,0.0006221709664828,0.0028280498476492,0.0568572913179957,0.0294028620554694,0.0118407389323168,0.0010665268525389,7.636230447773004e-06,0.0014272114706887,0.080354730550233,0.0297228860180538,0.0071436194019416,3.06206167128548e-05,1.306846437816798e-10,0.0004991148151329,0.1175595238092615,0.0310978937809525,0.0019295244889271,2.648992847015583e-11,0.0,5.004324598397081e-05,0.15625,0.03125,0.0,0.0,0.0,0.0,0.0625,0.125,0.026864740427065,0.0311236309881882,0.0026551855498548,0.0191635278455477,2.48786984523182e-06,0.0006457563468619,1.3016810368768102e-12,3.8449798285002584e-08,0.01171875,0.0205078125,0.01171875,0.0205078125,0.01171875,0.0205078125,0.01171875,0.0205078125,0.0201822916666666,0.0332341269841269,0.0201822916666666,0.0332341269841269,0.0032552083333333,0.007781498015873,0.0032552083333333,0.007781498015873,0.0295446275343016,0.0312497921007002,0.0001093951731065,0.0187054328200987,0.0,2.094446717195553e-06,0.0,1.705205082801479e-20,0.0310396422748105,0.0484575766947445,0.0124338285519125,0.0222269962982548,0.0031071660717433,0.0095780392240185,0.0002943631015335,0.001768637782982,0.03125,0.03125,0.0,0.03125,0.0,0.0,0.0,0.0,0.0254484565173729,0.0329354539154669,0.0073705149816828,0.0201899051312174,0.000382695272695,0.0040081034936605,1.4366979024268575e-06,7.426222196224099e-05,0.0001195329523191,0.0026538958841608,0.0,0.0,0.0032552083333333,0.007781498015873,1.2147152122362194e-06,0.0015402164100493,0.0017007645866384,0.0056733385035002,0.0,0.0,0.000644148635617,0.0039942919898152,0.0546705368777357,0.0986342741462078,0.01171875,0.0205078125,0.0201822916666666,0.0332341269841269,0.0781249999019165,0.1450892857142857,0.0310396422748105,0.0484575766947445,0.125,0.1875,0.0419449482089481,0.0676760737995431,current,Gemma4,Q-2B|non-think|tubitak_math2026
Qwen3.5-2B,Q-2B,Qwen,2.0,False,non-think,Instruct · Non-Think,tubitak_math2026,TR-OL,False,No-Judge,,,64,0.6,16384,,,,,,0.15625,32.0,2048.0,100.0,1948.0,0.0,1476.0,2048.0,0.720703,1318.0,688.0,477.0,,,,/user/home/t.tuna/evalhub/results/non-think/Qwen3.5-2B,/user/home/t.tuna/evalhub/results/non-think/Qwen3.5-2B/tubitak_math2026__t0.6__max16384__n64/tubitak_math2026_summary.json,0.048828125,0.048828125,0.048828125,0.048828125,0.048828125,0.0,0.0806981646825396,0.0806981646825396,0.0806981646825396,0.0169580853174603,0.0169580853174603,0.0169580853174603,0.1254368476303795,0.1254368476303795,0.0437013378692301,0.0204757694656392,0.005698545034751,0.0130871572501951,0.189328193117456,0.0760946413536711,0.0342291322095266,0.0137855401393014,0.0008338606698777,0.010966316631897,0.2782736022601133,0.0590412046774058,0.0314960525022177,0.0086193360895633,1.0651262879074611e-05,0.009992150307536,0.3899316017797441,0.0582233850479198,0.0312101277982334,0.0029326738247594,2.50911203661212e-11,0.0097694253812409,0.53125,0.0625,0.03125,0.0,0.0,0.009765625,,,,,,,,,,,,,,,,,,,,,,,,,,,,,,,,,,,,,,,,,,,,,,,,,,,,,,,,,,,,,,,,,,,,,,,,,,,,,,,,,,,,,,,current,No-Judge,Q-2B|non-think|tubitak_math2026
Qwen3.5-4B,Q-4B,Qwen,4.0,False,non-think,Instruct · Non-Think,aime2026,EN,False,No-Judge,,,64,0.6,16384,,,,,,0.7666666666666667,30.0,1920.0,986.0,934.0,0.0,537.0,1920.0,0.279687,100.0,510.0,512.0,,,,/user/home/t.tuna/evalhub/results/non-think/Qwen3.5-4B,/user/home/t.tuna/evalhub/results/non-think/Qwen3.5-4B/aime2026__t0.6__max16384__n64/aime2026_summary.json,0.5135416666666667,0.5135416666666667,0.5135416666666667,0.5135416666666667,0.5135416666666667,0.0,0.6615575396825396,0.6615575396825396,0.6615575396825396,0.3655257936507938,0.3655257936507938,0.3655257936507938,0.7699263113495002,0.7699263113495001,0.6125744965710592,0.4344173109046191,0.237248547841488,0.3358329293730536,0.8350148642104086,0.7572646198443319,0.5795881516417847,0.3746826968756852,0.1454750217397059,0.3159842412207405,0.8706326173716202,0.7516016612820404,0.5590113755160965,0.3399265393527877,0.0871302571635941,0.3043102897946895,0.8908788108998003,0.7514639126305153,0.5493953230953301,0.3258172300368027,0.0438394736977095,0.297644333521802,0.9,0.7666666666666667,0.5666666666666667,0.3333333333333333,0.0,0.29375,,,,,,,,,,,,,,,,,,,,,,,,,,,,,,,,,,,,,,,,,,,,,,,,,,,,,,,,,,,,,,,,,,,,,,,,,,,,,,,,,,,,,,,current,No-Judge,Q-4B|non-think|aime2026
Qwen3.5-4B,Q-4B,Qwen,4.0,False,non-think,Instruct · Non-Think,aime2026_pt,PT,False,No-Judge,,,64,0.6,16384,,,,,,0.7333333333333333,30.0,1920.0,929.0,991.0,0.0,50.0,1920.0,0.026042,7.0,7.0,8.0,,,,/user/home/t.tuna/evalhub/results/non-think/Qwen3.5-4B,/user/home/t.tuna/evalhub/results/non-think/Qwen3.5-4B/aime2026_pt__t0.6__max16384__n64/aime2026_pt_summary.json,0.4838541666666667,0.4838541666666666,0.4838541666666666,0.4838541666666666,0.4838541666666666,0.0,0.6249503968253969,0.6249503968253969,0.6249503968253969,0.3427579365079367,0.3427579365079367,0.3427579365079367,0.7321456901110523,0.7321456901110522,0.5731545835326902,0.4069561435538432,0.2231602494690807,0.315058196511462,0.806700799096759,0.7068427949888564,0.545684599758045,0.3492513718479756,0.1405681289267184,0.2968930018240112,0.8593509821768063,0.6909057118716707,0.537411819115063,0.3044842318953114,0.0924486798620087,0.2867629172068223,0.8993499286135287,0.6786260828268007,0.5385023837138093,0.2649022329906556,0.0595186162919858,0.2817839727857795,0.9333333333333332,0.7,0.5333333333333333,0.2333333333333333,0.0333333333333333,0.2791666666666667,,,,,,,,,,,,,,,,,,,,,,,,,,,,,,,,,,,,,,,,,,,,,,,,,,,,,,,,,,,,,,,,,,,,,,,,,,,,,,,,,,,,,,,current,No-Judge,Q-4B|non-think|aime2026_pt
Qwen3.5-4B,Q-4B,Qwen,4.0,False,non-think,Instruct · Non-Think,aime2026_tr,TR,False,No-Judge,,,64,0.6,16384,,,,,,0.5333333333333333,30.0,1920.0,538.0,1382.0,0.0,416.0,1920.0,0.216667,240.0,116.0,125.0,,,,/user/home/t.tuna/evalhub/results/non-think/Qwen3.5-4B,/user/home/t.tuna/evalhub/results/non-think/Qwen3.5-4B/aime2026_tr__t0.6__max16384__n64/aime2026_tr_summary.json,0.2802083333333334,0.2802083333333333,0.2802083333333333,0.2802083333333333,0.2802083333333333,0.0,0.4007936507936507,0.4007936507936507,0.4007936507936507,0.1596230158730159,0.1596230158730159,0.1596230158730159,0.5204808911048996,0.5204808911048996,0.3286270911502271,0.1860650491467519,0.0856603019314547,0.1358626755391033,0.6206911533917787,0.4789778652556962,0.2844911387037298,0.1368351527438909,0.0504192144318454,0.119653653221044,0.7091156552170755,0.4713995283870673,0.2558310559342114,0.1080273816840036,0.0326119505254546,0.1102989962858642,0.8053469321591475,0.4798065268762896,0.2457149210073688,0.0894679065928581,0.0175470690290417,0.1057290251956298,0.9,0.4666666666666667,0.2666666666666666,0.0666666666666666,0.0,0.103125,,,,,,,,,,,,,,,,,,,,,,,,,,,,,,,,,,,,,,,,,,,,,,,,,,,,,,,,,,,,,,,,,,,,,,,,,,,,,,,,,,,,,,,current,No-Judge,Q-4B|non-think|aime2026_tr
Qwen3.5-4B,Q-4B,Qwen,4.0,False,non-think,Instruct · Non-Think,aime2026,EN,True,cot:Qwen3.6-35B·TH,Qwen3.6-35B-A3B,think,64,0.6,16384,,0.6,16384.0,,,0.7666666666666667,30.0,1920.0,939.0,934.0,47.0,,,,,,,333.0,2958.0,0.112576,/user/home/t.tuna/evalhub/results/non-think/Qwen3.5-4B/judged_by/Qwen3.6-35B-A3B__state-think__t0.6__max16384__basemax16384,/user/home/t.tuna/evalhub/results/non-think/Qwen3.5-4B/judged_by/Qwen3.6-35B-A3B__state-think__t0.6__max16384__basemax16384/aime2026__t0.6__max16384__n64/aime2026_cot_summary.json,0.4890625,0.4890625,0.4890625,0.4890625,0.4890625,0.0,0.6415839947089947,0.6415839947089947,0.6415839947089947,0.3365410052910054,0.3365410052910054,0.3365410052910054,0.7517839830273727,0.7517839830273727,0.5929999454391311,0.4081521282935877,0.2033139432399083,0.305733035766748,0.8188801381072425,0.7353662638767156,0.5636694877400553,0.3445326050230846,0.1116931712962002,0.2851108761243343,0.8610549337091263,0.7279101968607853,0.5468555041497057,0.3050278260053563,0.0619612075560136,0.2730065847158356,0.8889976840248016,0.7257357012916373,0.5376894402192959,0.2857160691488832,0.0289171427193432,0.26593186010417,0.9,0.7333333333333333,0.5333333333333333,0.2666666666666666,0.0,0.2614583333333333,0.7666666666666667,0.7666666666666667,0.689014335738939,0.743098915902505,0.4339422146721711,0.5545393908574162,0.1393126293891332,0.3356435341717588,0.0193071021223027,0.0866287349680619,0.3989583333333333,0.5088541666666667,0.3989583333333333,0.5088541666666667,0.3989583333333333,0.5088541666666667,0.3989583333333333,0.5088541666666667,0.5698247354497354,0.6560846560846562,0.5698247354497354,0.6560846560846562,0.2280919312169312,0.3616236772486774,0.2280919312169312,0.3616236772486774,0.6824314830092689,0.7452211082558856,0.4098236546584056,0.5450093692039005,0.1004888575284923,0.3215803571362344,0.0082019455520198,0.0438309836833998,0.7091566253682858,0.7642674573795672,0.5049738002904316,0.6068776073799872,0.2815309360126917,0.4299503496092601,0.100171971661924,0.2343212522978519,0.6666666666666666,0.7666666666666667,0.3666666666666666,0.5666666666666667,0.0666666666666666,0.3333333333333333,0.0,0.0,0.6939764445933071,0.7498647197253416,0.461620400969468,0.5746848708869419,0.1960311001421219,0.3703666788981121,0.0384822593912627,0.1436632048433065,0.1474519039201414,0.3007534139943141,0.0,0.0,0.2280919312169312,0.3616236772486774,0.1379369445623053,0.2939758994513796,0.1908514538373078,0.332135800953556,0.1322916666666666,0.2895833333333333,0.1642083323515956,0.3124015922933013,0.8391511758357296,0.8687644351971069,0.3989583333333334,0.5088541666666667,0.5698247354497354,0.6560846560846562,0.8753279151924751,0.8908053723437405,0.7091566253682858,0.7642674573795672,0.9,0.9,0.7918956048669109,0.8303975614285423,current,Qwen3.6,Q-4B|non-think|aime2026
Qwen3.5-4B,Q-4B,Qwen,4.0,False,non-think,Instruct · Non-Think,aime2026_pt,PT,True,cot:Qwen3.6-35B·TH,Qwen3.6-35B-A3B,think,64,0.6,16384,,0.6,16384.0,,,0.7333333333333333,30.0,1920.0,889.0,991.0,40.0,,,,,,,231.0,2787.0,0.082885,/user/home/t.tuna/evalhub/results/non-think/Qwen3.5-4B/judged_by/Qwen3.6-35B-A3B__state-think__t0.6__max16384__basemax16384,/user/home/t.tuna/evalhub/results/non-think/Qwen3.5-4B/judged_by/Qwen3.6-35B-A3B__state-think__t0.6__max16384__basemax16384/aime2026_pt__t0.6__max16384__n64/aime2026_pt_cot_summary.json,0.4630208333333333,0.4630208333333333,0.4630208333333333,0.4630208333333333,0.4630208333333333,0.0,0.6089781746031746,0.6089781746031746,0.6089781746031746,0.3170634920634922,0.3170634920634922,0.3170634920634922,0.7214875391369311,0.7214875391369311,0.5550906339972972,0.3792251622136603,0.1962799979854449,0.2877525800995526,0.7963979166672657,0.699581020963788,0.524420074702761,0.3171265751270954,0.1167187520982233,0.2680585025515627,0.8441392995904756,0.6835283438417988,0.5148501135467781,0.2717188426363484,0.0729302951810878,0.2563051626817682,0.8742091604256598,0.6705271932376312,0.5185411555013683,0.2385009751278053,0.0507699265032227,0.2497389557934279,0.9,0.6666666666666666,0.5,0.2333333333333333,0.0333333333333333,0.2458333333333333,0.7333333333333333,0.7333333333333333,0.6378289001317794,0.688163438986944,0.4387677376659759,0.5280572280166308,0.1506070638123696,0.2835225408087544,0.0142798635297164,0.0854328082699272,0.390625,0.4739583333333333,0.390625,0.4739583333333333,0.390625,0.4739583333333333,0.390625,0.4739583333333333,0.5546626984126984,0.6171792328042329,0.5546626984126984,0.6171792328042329,0.2265873015873016,0.330737433862434,0.2265873015873016,0.330737433862434,0.6141599760485033,0.6767669638967585,0.4410063732995339,0.5342663172918427,0.1093288312074332,0.2471495442781835,0.003968317795459,0.0548081009089783,0.6900212892313632,0.7271555740223115,0.4872710017375537,0.5645042200733634,0.2833703193069929,0.3926002346117364,0.1018373897240898,0.2115733046259222,0.6,0.7,0.4666666666666667,0.5333333333333333,0.0666666666666666,0.2333333333333333,0.0,0.0333333333333333,0.6616841409512682,0.7041192838911573,0.4495211311921019,0.5357810705202434,0.2077152384424873,0.3309838040375722,0.0355542793251852,0.1322664483947797,0.155844424216089,0.2714137725535214,0.0,0.0,0.2265873015873016,0.330737433862434,0.1480323311936815,0.2653826293034954,0.1926038545155414,0.3020867696188294,0.14375,0.2625,0.169549481857121,0.2828014886334751,0.8417782014897758,0.8505894563575903,0.390625,0.4739583333333333,0.5546626984126983,0.6171792328042328,0.8741668172501214,0.8826748491326039,0.6900212892313632,0.7271555740223115,0.9,0.9,0.7831976354134872,0.8012312469704366,current,Qwen3.6,Q-4B|non-think|aime2026_pt
Qwen3.5-4B,Q-4B,Qwen,4.0,False,non-think,Instruct · Non-Think,aime2026_tr,TR,True,cot:Qwen3.6-35B·TH,Qwen3.6-35B-A3B,think,64,0.6,16384,,0.6,16384.0,,,0.5333333333333333,30.0,1920.0,489.0,1382.0,49.0,,,,,,,64.0,1614.0,0.039653,/user/home/t.tuna/evalhub/results/non-think/Qwen3.5-4B/judged_by/Qwen3.6-35B-A3B__state-think__t0.6__max16384__basemax16384,/user/home/t.tuna/evalhub/results/non-think/Qwen3.5-4B/judged_by/Qwen3.6-35B-A3B__state-think__t0.6__max16384__basemax16384/aime2026_tr__t0.6__max16384__n64/aime2026_tr_cot_summary.json,0.2546875,0.2546875,0.2546875,0.2546875,0.2546875,0.0,0.3695436507936508,0.3695436507936508,0.3695436507936508,0.1398313492063492,0.1398313492063492,0.1398313492063492,0.4842258757019465,0.4842258757019465,0.3001257523104428,0.1643327730351791,0.0700655989524313,0.1171991859938053,0.5796353650005183,0.4458061223677864,0.2569757783994903,0.1174043865276567,0.0360761195807178,0.1016070568690811,0.6611741808591038,0.4371479593315816,0.2294955515448462,0.0906170509165282,0.0156907148563493,0.0922242414483831,0.7419069073689675,0.4432726517850021,0.216729748122531,0.0737567685996164,0.0022894367711401,0.0870990082636676,0.8,0.4333333333333333,0.2,0.0666666666666666,0.0,0.0833333333333333,0.5333333333333333,0.5333333333333333,0.4221518937821055,0.4438236569325757,0.1788930835821089,0.2456547032667347,0.0746093456593198,0.1027854446445167,0.00679568824594,0.0262254328968374,0.2302083333333333,0.2666666666666666,0.2302083333333333,0.2666666666666666,0.2302083333333333,0.2666666666666666,0.2302083333333333,0.2666666666666666,0.3443452380952381,0.381630291005291,0.3443452380952381,0.381630291005291,0.1160714285714285,0.1517030423280423,0.1160714285714285,0.1517030423280423,0.4306942476581644,0.4486725292990715,0.1627765883961459,0.2358695630697626,0.0673738985983172,0.0851743099023999,0.0002598187606723,0.0090814512543647,0.4649885527099963,0.4955692902050649,0.2682479875433339,0.3128152988676521,0.1346097953547715,0.177443277681247,0.0529869977252314,0.0808387999127026,0.4333333333333333,0.4333333333333333,0.1666666666666666,0.2666666666666666,0.0666666666666666,0.0666666666666666,0.0,0.0,0.4280336417757328,0.4561920268798536,0.215434415147229,0.2713100034509751,0.0924106499176783,0.1304687021806728,0.0240020208240293,0.0460305553063255,0.0702484536549496,0.10459492360444,0.0,0.0,0.1160714285714285,0.1517030423280423,0.0659511306780232,0.099736123859821,0.0937983965400015,0.1291410387969748,0.0635416666666666,0.0958333333333333,0.0788534051841598,0.1137309579806312,0.6462249554319033,0.672332234867088,0.2302083333333334,0.2666666666666667,0.344345238095238,0.3816302910052909,0.7271267415036079,0.7464784343077149,0.4649885527099963,0.4955692902050649,0.8,0.8,0.5663311801352772,0.59112569719665,current,Qwen3.6,Q-4B|non-think|aime2026_tr
Qwen3.5-4B,Q-4B,Qwen,4.0,False,non-think,Instruct · Non-Think,tubitak_math2026,TR-OL,True,cot:Qwen3.6-35B·TH,Qwen3.6-35B-A3B,think,64,0.6,16384,,0.6,16384.0,,,0.5625,32.0,2048.0,691.0,1259.0,98.0,,,,,,,16.0,2367.0,0.00676,/user/home/t.tuna/evalhub/results/non-think/Qwen3.5-4B/judged_by/Qwen3.6-35B-A3B__state-think__t0.6__max16384__basemax16384,/user/home/t.tuna/evalhub/results/non-think/Qwen3.5-4B/judged_by/Qwen3.6-35B-A3B__state-think__t0.6__max16384__basemax16384/tubitak_math2026__t0.6__max16384__n64/tubitak_math2026_cot_summary.json,0.33740234375,0.33740234375,0.33740234375,0.33740234375,0.33740234375,0.0,0.4549076140873015,0.4549076140873015,0.4549076140873015,0.2198970734126983,0.2198970734126983,0.2198970734126983,0.557155477622699,0.5571554776226991,0.3961548948968799,0.2656694618619525,0.1306295406184684,0.1981495012402105,0.646333973652778,0.5133616806793582,0.3685536068605153,0.2231944996872403,0.0713696280213179,0.1843111827871271,0.7280955036734007,0.4893876664746157,0.3555909268371789,0.1943198648426485,0.0422235268988941,0.1767519927936341,0.7906544627837708,0.4833027205944197,0.3477510576788521,0.1711927610686621,0.0320062886560822,0.1732351971839163,0.8125,0.5,0.34375,0.15625,0.03125,0.171875,0.5625,0.5625,0.4497048260358184,0.504351617278576,0.3397821202471261,0.3940671516890903,0.171463576877094,0.2084610237407448,0.0236495017861245,0.042670643364823,0.3154296875,0.3564453125,0.3154296875,0.3564453125,0.3154296875,0.3564453125,0.3154296875,0.3564453125,0.4313151041666667,0.4771515376984127,0.4313151041666667,0.4771515376984127,0.1995442708333333,0.2357390873015872,0.1995442708333333,0.2357390873015872,0.4343819371051151,0.4959849440191826,0.3387699324185087,0.3931342194632301,0.145519236192758,0.1897289489437873,0.0078904646440821,0.0320077927465716,0.5340177509065499,0.5774451368166252,0.370545993632117,0.4217964539894486,0.2447453850161163,0.2869809077617032,0.1124096204452167,0.1395587514322228,0.4375,0.5,0.34375,0.375,0.125,0.1875,0.0,0.03125,0.4830369635011116,0.5310670338074455,0.3459965407239163,0.4005309306656253,0.2027012633537577,0.2406584816865003,0.0540953988453646,0.0746333877077929,0.1576882102250838,0.1896693549712239,0.0,0.0,0.1995442708333333,0.2357390873015872,0.1539206896597235,0.1845495053095311,0.1785775027306665,0.213269829596963,0.15234375,0.181640625,0.1652556310894962,0.1985296084097021,0.7197160644312653,0.7509786684261588,0.3154296875,0.3564453125,0.4313151041666667,0.4771515376984127,0.7865986757103276,0.8195751918548354,0.5340177509065499,0.5774451368166252,0.8125,0.84375,0.6289026167901757,0.6645026088740004,current,Qwen3.6,Q-4B|non-think|tubitak_math2026
Qwen3.5-4B,Q-4B,Qwen,4.0,False,non-think,Instruct · Non-Think,aime2026,EN,True,cot:G4-26B·TH,gemma-4-26B-A4B-it,think,64,0.6,16384,,0.6,16384.0,,,0.7666666666666667,30.0,1920.0,812.0,934.0,174.0,,,,,,,359.0,2958.0,0.121366,/user/home/t.tuna/evalhub/results/non-think/Qwen3.5-4B/judged_by/gemma-4-26B-A4B-it__state-think__t0.6__max16384__basemax16384,/user/home/t.tuna/evalhub/results/non-think/Qwen3.5-4B/judged_by/gemma-4-26B-A4B-it__state-think__t0.6__max16384__basemax16384/aime2026__t0.6__max16384__n64/aime2026_cot_summary.json,0.4229166666666666,0.4229166666666666,0.4229166666666666,0.4229166666666666,0.4229166666666666,0.0,0.5630952380952381,0.5630952380952381,0.5630952380952381,0.2827380952380952,0.2827380952380952,0.2827380952380952,0.6798024581769956,0.6798024581769957,0.5022048886538574,0.3347542767327273,0.1749050431030864,0.2548296599179068,0.762790749213598,0.6537577626946,0.4654255128589672,0.2759768816437046,0.105053619316105,0.235766751118143,0.8182340644241672,0.6356969702255952,0.449480822034232,0.2392122206742059,0.0583831318212026,0.2237256185161661,0.8525510493634285,0.6197483390266425,0.4485371795965552,0.2263687170407816,0.0234088498008354,0.2162727527606501,0.8666666666666667,0.6333333333333333,0.4666666666666667,0.2333333333333333,0.0,0.2125,0.7666666666666667,0.7666666666666667,0.57080109231029,0.6994626223149526,0.3664681606313062,0.5061196922626098,0.2116640276909814,0.2718729462512333,0.042454439170631,0.0763929408831572,0.3708333333333333,0.465625,0.3708333333333333,0.465625,0.3708333333333333,0.465625,0.3708333333333333,0.465625,0.501306216931217,0.6111772486772488,0.501306216931217,0.6111772486772488,0.2403604497354497,0.3200727513227513,0.2403604497354497,0.3200727513227513,0.5712556315040872,0.6972169248698392,0.3529753614651056,0.498276797766656,0.2059450882280655,0.2429328703923401,0.0130663209600894,0.0350363061673643,0.6180336787456038,0.7244356097806656,0.4347366493750682,0.5572711276472513,0.2842629666003542,0.3792144074269934,0.1463000386123072,0.2015788551450899,0.5666666666666667,0.7,0.3666666666666666,0.5,0.2,0.2333333333333333,0.0,0.0,0.5835942409069673,0.7060204903457343,0.3931173871736521,0.5235789517387955,0.2355906289084678,0.3153539163699859,0.0844960331058888,0.1246971333448832,0.1885890270329199,0.2577980035994375,0.0,0.0,0.2403604497354497,0.3200727513227513,0.182806817590047,0.2511537022699425,0.2152815026063307,0.2903966312860416,0.1791666666666666,0.2479166666666666,0.1985764989290236,0.2700229716767328,0.7825552221268327,0.8432722267726008,0.3708333333333333,0.465625,0.501306216931217,0.6111772486772488,0.841459782749013,0.8776724278434483,0.6180336787456038,0.7244356097806656,0.8666666666666667,0.9,0.7100860866510068,0.7968776776921666,current,Gemma4,Q-4B|non-think|aime2026
Qwen3.5-4B,Q-4B,Qwen,4.0,False,non-think,Instruct · Non-Think,aime2026_pt,PT,True,cot:G4-26B·TH,gemma-4-26B-A4B-it,think,64,0.6,16384,,0.6,16384.0,,,0.7333333333333333,30.0,1920.0,895.0,991.0,34.0,,,,,,,60.0,2787.0,0.021529,/user/home/t.tuna/evalhub/results/non-think/Qwen3.5-4B/judged_by/gemma-4-26B-A4B-it__state-think__t0.6__max16384__basemax16384,/user/home/t.tuna/evalhub/results/non-think/Qwen3.5-4B/judged_by/gemma-4-26B-A4B-it__state-think__t0.6__max16384__basemax16384/aime2026_pt__t0.6__max16384__n64/aime2026_pt_cot_summary.json,0.4661458333333333,0.4661458333333333,0.4661458333333333,0.4661458333333333,0.4661458333333333,0.0,0.6091435185185183,0.6091435185185183,0.6091435185185183,0.3231481481481483,0.3231481481481483,0.3231481481481483,0.7210589215414704,0.7210589215414704,0.5551604089546976,0.3813635285773044,0.2070004742598608,0.2941820014185826,0.7955071590688628,0.6991898645512457,0.5248214065597921,0.3175579105927341,0.1322347634511909,0.2743103428936322,0.8435956353550031,0.6833755534377288,0.5162860194707986,0.2691100449435092,0.0858182347414796,0.2621537269925876,0.8741894614977901,0.6722117474433897,0.5234118847361222,0.2352097122890821,0.0510527179074917,0.2553364303581442,0.9,0.7,0.5333333333333333,0.2333333333333333,0.0333333333333333,0.2520833333333333,0.7333333333333333,0.7333333333333333,0.6580635727110669,0.6854685025202519,0.4740288540751137,0.5261604057215631,0.2402729573021175,0.2858776784312929,0.0341153874289501,0.092279987343172,0.434375,0.4739583333333333,0.434375,0.4739583333333333,0.434375,0.4739583333333333,0.434375,0.4739583333333333,0.5830191798941798,0.6151124338624337,0.5830191798941798,0.6151124338624337,0.2857308201058202,0.332804232804233,0.2857308201058202,0.332804232804233,0.6367297700582981,0.6731316378413799,0.4756713672036557,0.5313415477521198,0.2132418695448505,0.2483472136672122,0.005261920378722,0.0595184040379688,0.7026650885984573,0.7237908472043852,0.5224386819772858,0.5629304537785502,0.345242449615136,0.3934411540043481,0.1671537798091208,0.2156708783460502,0.6333333333333333,0.7,0.4666666666666667,0.5333333333333333,0.2,0.2333333333333333,0.0,0.0333333333333333,0.6784821993648869,0.7016254986280788,0.4862255345283489,0.5340634259600939,0.2832164703476573,0.3328206582497485,0.0872604601850173,0.1380377578789099,0.2235511829125542,0.2745945207954812,0.0,0.0,0.2857308201058202,0.332804232804233,0.2159279058929892,0.2687984056645147,0.2561981147121284,0.3045560161751993,0.2114583333333333,0.265625,0.2361459402680712,0.285628444401357,0.8364255879434684,0.8441862147274644,0.434375,0.4739583333333333,0.5830191798941798,0.6151124338624337,0.8657221312068394,0.8742092133199432,0.7026650885984573,0.7237908472043852,0.9,0.9,0.7852123051238576,0.7969038961281457,current,Gemma4,Q-4B|non-think|aime2026_pt
Qwen3.5-4B,Q-4B,Qwen,4.0,False,non-think,Instruct · Non-Think,aime2026_tr,TR,True,cot:G4-26B·TH,gemma-4-26B-A4B-it,think,64,0.6,16384,,0.6,16384.0,,,0.5333333333333333,30.0,1920.0,476.0,1382.0,62.0,,,,,,,56.0,1614.0,0.034696,/user/home/t.tuna/evalhub/results/non-think/Qwen3.5-4B/judged_by/gemma-4-26B-A4B-it__state-think__t0.6__max16384__basemax16384,/user/home/t.tuna/evalhub/results/non-think/Qwen3.5-4B/judged_by/gemma-4-26B-A4B-it__state-think__t0.6__max16384__basemax16384/aime2026_tr__t0.6__max16384__n64/aime2026_tr_cot_summary.json,0.2479166666666667,0.2479166666666666,0.2479166666666666,0.2479166666666666,0.2479166666666666,0.0,0.3604001322751323,0.3604001322751323,0.3604001322751323,0.135433201058201,0.135433201058201,0.135433201058201,0.4717540479967768,0.4717540479967768,0.2938552395222146,0.1594281706160341,0.0666292085316411,0.1130286895738376,0.5623354995940135,0.4369781083832293,0.2521043984409938,0.1123312198397735,0.0336280524242114,0.0974761480262885,0.6363924199064352,0.4268600514932614,0.2275768101173973,0.085545790911805,0.0141791437979409,0.0877927745229353,0.7083076951706776,0.4267660080390775,0.2199798184396912,0.0718917661187176,0.002067152797,0.0820036763963651,0.7666666666666667,0.4333333333333333,0.2333333333333333,0.0666666666666666,0.0,0.0770833333333333,0.5333333333333333,0.5333333333333333,0.4059848443629038,0.4402483652825844,0.1965192658714973,0.2414843158944565,0.0762393964959846,0.0907870863541656,0.0074896875264532,0.0261609258228914,0.2296875,0.259375,0.2296875,0.259375,0.2296875,0.259375,0.2296875,0.259375,0.3399470899470899,0.3728174603174603,0.3399470899470899,0.3728174603174603,0.11942791005291,0.1459325396825397,0.11942791005291,0.1459325396825397,0.4014537176221945,0.4459300200065078,0.1816756381509184,0.2356717259037297,0.0675541639249835,0.0729868667968487,0.0004368381361953,0.0090814468924362,0.4529255642852947,0.4847617788522072,0.2702171627508751,0.3063457438325233,0.1404715213249057,0.1699279376830937,0.0551357516389245,0.0764645396321758,0.4333333333333333,0.4333333333333333,0.1666666666666666,0.2666666666666666,0.0666666666666666,0.0666666666666666,0.0,0.0,0.416823195311456,0.4488586206991139,0.2247789715961044,0.2655843826800282,0.0974292732525849,0.1209143528321963,0.0246571949440397,0.0445334727117076,0.0741567087364812,0.0976508989840179,0.0,0.0,0.11942791005291,0.1459325396825397,0.0691967921719685,0.0923283968156394,0.0978036364819152,0.1231962386576348,0.0677083333333333,0.0885416666666666,0.0830991498252278,0.107330255763729,0.6233695008648305,0.6527620929066245,0.2296875,0.259375,0.3399470899470899,0.3728174603174602,0.6999050896698287,0.7302146561093522,0.4529255642852946,0.4847617788522072,0.7666666666666667,0.8,0.5473459609413612,0.5758623294920086,current,Gemma4,Q-4B|non-think|aime2026_tr
Qwen3.5-4B,Q-4B,Qwen,4.0,False,non-think,Instruct · Non-Think,tubitak_math2026,TR-OL,True,cot:G4-26B·TH,gemma-4-26B-A4B-it,think,64,0.6,16384,,0.6,16384.0,,,0.5625,32.0,2048.0,670.0,1259.0,119.0,,,,,,,101.0,2367.0,0.04267,/user/home/t.tuna/evalhub/results/non-think/Qwen3.5-4B/judged_by/gemma-4-26B-A4B-it__state-think__t0.6__max16384__basemax16384,/user/home/t.tuna/evalhub/results/non-think/Qwen3.5-4B/judged_by/gemma-4-26B-A4B-it__state-think__t0.6__max16384__basemax16384/tubitak_math2026__t0.6__max16384__n64/tubitak_math2026_cot_summary.json,0.3271484375,0.3271484375,0.3271484375,0.3271484375,0.3271484375,0.0,0.4468625992063492,0.4468625992063491,0.4468625992063491,0.2074342757936507,0.2074342757936507,0.2074342757936507,0.551198670157513,0.551198670157513,0.3883616748193196,0.2508562351269168,0.1181771698962503,0.1845167025115836,0.638597463371764,0.5098759222833221,0.3605683592409216,0.2032918927844044,0.0633305448623378,0.1693165456465865,0.7181808609061453,0.4883795378979953,0.3483285050939277,0.1700140685501398,0.0383671084595919,0.1604133439303513,0.7815662901434369,0.4833735139262268,0.3420068825580638,0.1439403931142266,0.031495730172647,0.1560273750543735,0.8125,0.5,0.34375,0.125,0.03125,0.154296875,0.5625,0.5625,0.4393498477624986,0.5018665762291121,0.3000234434926516,0.3812974150466487,0.1355441150826184,0.1858780562699605,0.0216734927999612,0.0409060965399022,0.2880859375,0.3447265625,0.2880859375,0.3447265625,0.2880859375,0.3447265625,0.2880859375,0.3447265625,0.4024522569444444,0.465758308531746,0.4024522569444444,0.465758308531746,0.1737196180555555,0.2236948164682539,0.1737196180555555,0.2236948164682539,0.4327017391888221,0.495527353040752,0.3060905848041849,0.376965847129932,0.1201389675532861,0.1579878130799451,0.0077761024284494,0.0317991896096459,0.508084681354033,0.5665971310688475,0.3400382706460426,0.4113147175845483,0.2103829563124827,0.2721290228148372,0.0938378416874417,0.128865378531767,0.4375,0.5,0.34375,0.375,0.125,0.125,0.0,0.03125,0.4630695022235216,0.5237699210129241,0.309960225859381,0.3892771821788156,0.1653582576899327,0.2223338319670979,0.0463543159903351,0.0687823213141299,0.1288922417683376,0.175458128914229,0.0,0.0,0.1737196180555555,0.2236948164682539,0.1234164373807648,0.1703426611793757,0.1521103989999621,0.2004972006733021,0.119140625,0.16796875,0.1377194569746445,0.1848927554433614,0.686110589909048,0.7335021447758402,0.2880859375,0.3447265625,0.4024522569444444,0.465758308531746,0.7600315232973401,0.8053362277495734,0.508084681354033,0.5665971310688475,0.8125,0.84375,0.6007743921959019,0.6506726369687349,current,Gemma4,Q-4B|non-think|tubitak_math2026
Qwen3.5-4B,Q-4B,Qwen,4.0,False,non-think,Instruct · Non-Think,tubitak_math2026,TR-OL,False,No-Judge,,,64,0.6,16384,,,,,,0.5625,32.0,2048.0,789.0,1259.0,0.0,358.0,2048.0,0.174805,211.0,127.0,129.0,,,,/user/home/t.tuna/evalhub/results/non-think/Qwen3.5-4B,/user/home/t.tuna/evalhub/results/non-think/Qwen3.5-4B/tubitak_math2026__t0.6__max16384__n64/tubitak_math2026_summary.json,0.38525390625,0.38525390625,0.38525390625,0.38525390625,0.38525390625,0.0,0.5031156994047619,0.5031156994047619,0.5031156994047619,0.2673921130952381,0.2673921130952381,0.2673921130952381,0.6023651251385006,0.6023651251385007,0.4442517107980155,0.3230953994170381,0.1713033896464455,0.2471993945317418,0.6966463240560175,0.5502587190191265,0.4213100504941413,0.2873738747163547,0.0963952492228708,0.2352365757666631,0.7863714976236944,0.5129323998180598,0.415459005675505,0.2633663564667725,0.0525329510799357,0.228974441299228,0.846763844433536,0.4962084130480855,0.4136888439155658,0.2491003232522486,0.0337766756146163,0.2259253743542745,0.875,0.5,0.40625,0.25,0.03125,0.224609375,,,,,,,,,,,,,,,,,,,,,,,,,,,,,,,,,,,,,,,,,,,,,,,,,,,,,,,,,,,,,,,,,,,,,,,,,,,,,,,,,,,,,,,current,No-Judge,Q-4B|non-think|tubitak_math2026
Qwen3.5-9B,Q-9B,Qwen,9.0,False,non-think,Instruct · Non-Think,aime2026,EN,False,No-Judge,,,64,0.6,16384,,,,,,0.8,30.0,1920.0,1156.0,764.0,0.0,534.0,1920.0,0.278125,76.0,512.0,512.0,,,,/user/home/t.tuna/evalhub/results/non-think/Qwen3.5-9B,/user/home/t.tuna/evalhub/results/non-think/Qwen3.5-9B/aime2026__t0.6__max16384__n64/aime2026_summary.json,0.6020833333333333,0.6020833333333333,0.6020833333333333,0.6020833333333333,0.6020833333333333,0.0,0.7371858465608465,0.7371858465608466,0.7371858465608466,0.4669808201058202,0.4669808201058202,0.4669808201058202,0.8239175438375597,0.8239175438375598,0.7024089148262864,0.5465446181998271,0.3354622564696599,0.4410034373347435,0.8728612482032928,0.8146232862425972,0.680309451992742,0.4980246003994307,0.2277033646821786,0.4244406986121143,0.8998504617730044,0.8114065547134874,0.6654591431990933,0.4668143197775513,0.155071758059529,0.4156363739427116,0.9161845458914364,0.8158925717445054,0.6551491663561104,0.4391134766596105,0.109123776861361,0.4115698629259932,0.9333333333333332,0.8333333333333334,0.6666666666666666,0.4,0.0666666666666666,0.409375,,,,,,,,,,,,,,,,,,,,,,,,,,,,,,,,,,,,,,,,,,,,,,,,,,,,,,,,,,,,,,,,,,,,,,,,,,,,,,,,,,,,,,,current,No-Judge,Q-9B|non-think|aime2026
Qwen3.5-9B,Q-9B,Qwen,9.0,False,non-think,Instruct · Non-Think,aime2026_pt,PT,False,No-Judge,,,64,0.6,16384,,,,,,0.7666666666666667,30.0,1920.0,1172.0,748.0,0.0,42.0,1920.0,0.021875,2.0,5.0,5.0,,,,/user/home/t.tuna/evalhub/results/non-think/Qwen3.5-9B,/user/home/t.tuna/evalhub/results/non-think/Qwen3.5-9B/aime2026_pt__t0.6__max16384__n64/aime2026_pt_summary.json,0.6104166666666667,0.6104166666666667,0.6104166666666667,0.6104166666666667,0.6104166666666667,0.0,0.7354993386243386,0.7354993386243388,0.7354993386243388,0.4853339947089949,0.4853339947089949,0.4853339947089949,0.8159924726985806,0.8159924726985806,0.6978687160568441,0.5692811815366021,0.35852429637464,0.4639027389556211,0.8720681912548611,0.7980795338267022,0.6756133277320122,0.5371573844685145,0.2360458759901143,0.4514837736420364,0.9075345741819582,0.7851920805909967,0.6697170236046512,0.519897910630003,0.1371170534020431,0.4450851394278037,0.9324507216451476,0.7710378891361144,0.6744647785410405,0.5103520482951261,0.0773744148004341,0.4416678707468583,0.9666666666666668,0.7333333333333333,0.6666666666666666,0.5,0.0333333333333333,0.4395833333333333,,,,,,,,,,,,,,,,,,,,,,,,,,,,,,,,,,,,,,,,,,,,,,,,,,,,,,,,,,,,,,,,,,,,,,,,,,,,,,,,,,,,,,,current,No-Judge,Q-9B|non-think|aime2026_pt
Qwen3.5-9B,Q-9B,Qwen,9.0,False,non-think,Instruct · Non-Think,aime2026_tr,TR,False,No-Judge,,,64,0.6,16384,,,,,,0.6333333333333333,30.0,1920.0,833.0,1087.0,0.0,220.0,1920.0,0.114583,79.0,33.0,36.0,,,,/user/home/t.tuna/evalhub/results/non-think/Qwen3.5-9B,/user/home/t.tuna/evalhub/results/non-think/Qwen3.5-9B/aime2026_tr__t0.6__max16384__n64/aime2026_tr_summary.json,0.4338541666666667,0.4338541666666666,0.4338541666666666,0.4338541666666666,0.4338541666666666,0.0,0.5683862433862433,0.5683862433862433,0.5683862433862433,0.2993220899470901,0.2993220899470901,0.2993220899470901,0.6727532988340762,0.6727532988340761,0.5178064117414991,0.3564447403322337,0.1884122157588577,0.2724284780455457,0.7429316725806225,0.6491374980712953,0.4899318349869661,0.2978248530726834,0.1109662574405647,0.2532824522621858,0.7973785317511924,0.636129340268687,0.4757760728618624,0.2614297040732894,0.0540851043064597,0.240161529641925,0.8389255631361163,0.6292968150072334,0.4662352263609863,0.2437317153251926,0.0191938371626921,0.2311112438242355,0.8666666666666667,0.6,0.4333333333333333,0.2333333333333333,0.0,0.225,,,,,,,,,,,,,,,,,,,,,,,,,,,,,,,,,,,,,,,,,,,,,,,,,,,,,,,,,,,,,,,,,,,,,,,,,,,,,,,,,,,,,,,current,No-Judge,Q-9B|non-think|aime2026_tr
Qwen3.5-9B,Q-9B,Qwen,9.0,False,non-think,Instruct · Non-Think,aime2026,EN,True,cot:Qwen3.6-35B·TH,Qwen3.6-35B-A3B,think,64,0.6,16384,,0.6,16384.0,,,0.8,30.0,1920.0,1130.0,764.0,26.0,,,,,,,355.0,3468.0,0.102364,/user/home/t.tuna/evalhub/results/non-think/Qwen3.5-9B/judged_by/Qwen3.6-35B-A3B__state-think__t0.6__max16384__basemax16384,/user/home/t.tuna/evalhub/results/non-think/Qwen3.5-9B/judged_by/Qwen3.6-35B-A3B__state-think__t0.6__max16384__basemax16384/aime2026__t0.6__max16384__n64/aime2026_cot_summary.json,0.5885416666666666,0.5885416666666666,0.5885416666666666,0.5885416666666666,0.5885416666666666,0.0,0.7283399470899471,0.7283399470899471,0.7283399470899471,0.4487433862433863,0.4487433862433863,0.4487433862433863,0.8154481755684821,0.8154481755684823,0.6940772602889208,0.5355406352563942,0.3091005955528694,0.4223206154046318,0.8647865733786565,0.8051494061574792,0.6729596720902876,0.4873453334787376,0.1903334864810982,0.4056843740329344,0.8938516152859523,0.8028050267985082,0.6590643500624078,0.4564328284672781,0.1067712334195369,0.3970154406214065,0.914599391285916,0.8074229261952063,0.650075126327059,0.42943003799181,0.053818022350458,0.39309680861769,0.9333333333333332,0.8,0.6666666666666666,0.4,0.0333333333333333,0.390625,0.8,0.8,0.7766640880374054,0.8096394510463814,0.5971915093439982,0.662614432410608,0.2476128843412919,0.4667746281186963,0.0354275058580145,0.1487225511715121,0.4921875,0.6,0.4921875,0.6,0.4921875,0.6,0.4921875,0.6,0.6681878306878306,0.7349206349206351,0.6681878306878306,0.7349206349206351,0.3161871693121693,0.4650793650793653,0.3161871693121693,0.4650793650793653,0.7758519288307438,0.8153797330961086,0.6036329145430235,0.6530199875339655,0.207214613085512,0.4391134748337978,0.0333369596083878,0.1006581683957525,0.7861063894974525,0.8213318832733165,0.6260094285378526,0.7001204536106704,0.3987889585589214,0.5452872524825197,0.1578452234057734,0.3332604106334936,0.7666666666666667,0.8333333333333334,0.6,0.6666666666666666,0.2333333333333333,0.4,0.0333333333333333,0.0666666666666666,0.7792011221725021,0.8118990190728306,0.6032646458048017,0.6778098052149717,0.3129181112647484,0.4975320369909866,0.0632416134043247,0.2239934227419042,0.2368087632656626,0.4142855701930828,0.0,0.0,0.3161871693121693,0.4650793650793653,0.2286621925659549,0.4104353983389694,0.2783170909823474,0.4392738315580065,0.225,0.4083333333333333,0.2522127124690837,0.422886728673547,0.8727890516724768,0.8978154035623223,0.4921875,0.6,0.6681878306878307,0.7349206349206351,0.8909161292404063,0.9157070469772768,0.7861063894974525,0.8213318832733164,0.9,0.9333333333333332,0.8438648989341905,0.8703500338504903,current,Qwen3.6,Q-9B|non-think|aime2026
Qwen3.5-9B,Q-9B,Qwen,9.0,False,non-think,Instruct · Non-Think,aime2026_pt,PT,True,cot:Qwen3.6-35B·TH,Qwen3.6-35B-A3B,think,64,0.6,16384,,0.6,16384.0,,,0.7666666666666667,30.0,1920.0,1152.0,748.0,20.0,,,,,,,258.0,3516.0,0.073379,/user/home/t.tuna/evalhub/results/non-think/Qwen3.5-9B/judged_by/Qwen3.6-35B-A3B__state-think__t0.6__max16384__basemax16384,/user/home/t.tuna/evalhub/results/non-think/Qwen3.5-9B/judged_by/Qwen3.6-35B-A3B__state-think__t0.6__max16384__basemax16384/aime2026_pt__t0.6__max16384__n64/aime2026_pt_cot_summary.json,0.6,0.6,0.6,0.6,0.6,0.0,0.7292824074074076,0.7292824074074076,0.7292824074074076,0.4707175925925926,0.4707175925925926,0.4707175925925926,0.8108008486313615,0.8108008486313615,0.6925878534914761,0.5581161915674079,0.3384951063097545,0.4483056489385814,0.8661138921775593,0.7937403675650466,0.6715835802680747,0.5239655171871562,0.2133425139498012,0.4353793753295211,0.8989217808239628,0.7786576058695922,0.6673592720221979,0.5055907057303979,0.1180168289764896,0.4287708879980523,0.9157833973859671,0.7601146250471217,0.6733144933938641,0.4999877346213278,0.0637939656983784,0.4251040124561349,0.9333333333333332,0.7,0.6666666666666666,0.5,0.0333333333333333,0.4229166666666666,0.7666666666666667,0.7666666666666667,0.7592593896759108,0.7810326396927513,0.6349323544048878,0.6693044606269823,0.343161328214867,0.5165435769635115,0.0190752355092149,0.1338075348112245,0.5239583333333333,0.6067708333333334,0.5239583333333333,0.6067708333333334,0.5239583333333333,0.6067708333333334,0.5239583333333333,0.6067708333333334,0.6911541005291008,0.7323082010582013,0.6911541005291008,0.7323082010582013,0.3567625661375661,0.4812334656084657,0.3567625661375661,0.4812334656084657,0.7321471175695162,0.76390841081027,0.6388576400783513,0.6744643000546618,0.3168210612278189,0.508821282078263,0.0040083294959871,0.0768716774672906,0.7968300659766816,0.8121316616722485,0.6509684554237702,0.6956678670057835,0.4544974943970184,0.5661184873208936,0.1935373175358633,0.3531653173344076,0.7,0.7,0.6333333333333333,0.6666666666666666,0.3333333333333333,0.5,0.0,0.0333333333333333,0.7785259128393235,0.7953992059099527,0.6340000554252524,0.6740820476954218,0.389872136132985,0.5338336810645795,0.0723286080500249,0.2302988305640127,0.2925306386772681,0.4409059821890866,0.0,0.0,0.3567625661375661,0.4812334656084657,0.2865855127764834,0.4375012032257517,0.3240174059664409,0.4596419023276507,0.2833333333333333,0.4354166666666667,0.3035042834264178,0.4472307376462668,0.897440760408472,0.8990753606262758,0.5239583333333333,0.6067708333333334,0.6911541005291008,0.7323082010582013,0.915774148031936,0.9157839504352387,0.7968300659766815,0.8121316616722485,0.9333333333333332,0.9333333333333332,0.8594316740630195,0.86687338909807,current,Qwen3.6,Q-9B|non-think|aime2026_pt
Qwen3.5-9B,Q-9B,Qwen,9.0,False,non-think,Instruct · Non-Think,aime2026_tr,TR,True,cot:Qwen3.6-35B·TH,Qwen3.6-35B-A3B,think,64,0.6,16384,,0.6,16384.0,,,0.6333333333333333,30.0,1920.0,806.0,1087.0,27.0,,,,,,,111.0,2499.0,0.044418,/user/home/t.tuna/evalhub/results/non-think/Qwen3.5-9B/judged_by/Qwen3.6-35B-A3B__state-think__t0.6__max16384__basemax16384,/user/home/t.tuna/evalhub/results/non-think/Qwen3.5-9B/judged_by/Qwen3.6-35B-A3B__state-think__t0.6__max16384__basemax16384/aime2026_tr__t0.6__max16384__n64/aime2026_tr_cot_summary.json,0.4197916666666667,0.4197916666666667,0.4197916666666667,0.4197916666666667,0.4197916666666667,0.0,0.5553902116402115,0.5553902116402115,0.5553902116402115,0.2841931216931217,0.2841931216931217,0.2841931216931217,0.6603468917092662,0.6603468917092662,0.505198444175837,0.3409037063617972,0.1727176244197661,0.2568106653907817,0.7283125325681084,0.6403247465982764,0.4746584185464622,0.2828257012154182,0.0961308830986873,0.2374155533302704,0.7790488624957052,0.6327657959181614,0.4547902501848143,0.2507499083097214,0.0444512473407565,0.224340378007056,0.8234456605761894,0.6291331432927928,0.4367861177528838,0.2379407193512567,0.0177403404283975,0.2156963987799237,0.8666666666666667,0.6,0.4,0.2333333333333333,0.0,0.2104166666666666,0.6333333333333333,0.6333333333333333,0.6211945796179786,0.6339564700880206,0.4089737007664309,0.4630041846768161,0.1774217286118821,0.2568626321121735,0.0126841205854843,0.0511468990377494,0.378125,0.4265625,0.378125,0.4265625,0.378125,0.4265625,0.378125,0.4265625,0.5274801587301587,0.5612599206349206,0.5274801587301587,0.5612599206349206,0.2287698412698412,0.2918650793650795,0.2287698412698412,0.2918650793650795,0.6198848938944386,0.6292895144212439,0.3852158384982532,0.4451294161606156,0.1590204539556411,0.2429708368170699,0.0018982752479101,0.0190190152479131,0.6462469466898341,0.666001601151654,0.4711989960800113,0.5106421499500557,0.2837421201514274,0.3482704204544501,0.1113119370787271,0.18133582844384,0.6,0.6,0.3333333333333333,0.4,0.1666666666666666,0.2333333333333333,0.0,0.0,0.6277274129778214,0.6433900853445625,0.4349545922267644,0.4813874598701317,0.2163652838467557,0.2900539765146885,0.0428715381200822,0.1050366082255243,0.1619121843738802,0.2324370368456988,0.0,0.0,0.2287698412698412,0.2918650793650795,0.1539261285892337,0.2234498428534567,0.1975270286150772,0.264803124449145,0.15,0.2177083333333333,0.1756581265590285,0.2455474231692405,0.7703218734543867,0.7902134730091638,0.378125,0.4265625,0.5274801587301587,0.5612599206349206,0.8067770304785868,0.8361440732748819,0.646246946689834,0.666001601151654,0.8333333333333334,0.8666666666666667,0.7209046167823466,0.7355906098249815,current,Qwen3.6,Q-9B|non-think|aime2026_tr
Qwen3.5-9B,Q-9B,Qwen,9.0,False,non-think,Instruct · Non-Think,tubitak_math2026,TR-OL,True,cot:Qwen3.6-35B·TH,Qwen3.6-35B-A3B,think,64,0.6,16384,,0.6,16384.0,,,0.71875,32.0,2048.0,1016.0,930.0,102.0,,,,,,,21.0,3354.0,0.006261,/user/home/t.tuna/evalhub/results/non-think/Qwen3.5-9B/judged_by/Qwen3.6-35B-A3B__state-think__t0.6__max16384__basemax16384,/user/home/t.tuna/evalhub/results/non-think/Qwen3.5-9B/judged_by/Qwen3.6-35B-A3B__state-think__t0.6__max16384__basemax16384/tubitak_math2026__t0.6__max16384__n64/tubitak_math2026_cot_summary.json,0.49609375,0.49609375,0.49609375,0.49609375,0.49609375,0.0,0.6241784474206349,0.6241784474206349,0.6241784474206349,0.368009052579365,0.368009052579365,0.368009052579365,0.7234913854158797,0.7234913854158797,0.5741735012024376,0.4262495258712951,0.2604605875103876,0.3433550566908412,0.7898423149810341,0.7080918826068249,0.5390795034668823,0.3809187079228102,0.1780035754557691,0.3273881216807996,0.8255028283323959,0.6959566647972222,0.5164165022406155,0.3600286883227306,0.1182808099490882,0.318015729220437,0.8399454725474211,0.6799783219150277,0.4990119236519736,0.3546741529736743,0.0741871670703139,0.3125656082926036,0.84375,0.65625,0.5,0.34375,0.03125,0.3095703125,0.71875,0.71875,0.639484845431499,0.7024791666237264,0.4899993417318591,0.5675006933784683,0.3288905163481463,0.3853766627833305,0.0830162419378528,0.1194860786654539,0.46240234375,0.51904296875,0.46240234375,0.51904296875,0.46240234375,0.51904296875,0.46240234375,0.51904296875,0.5903552827380953,0.647367931547619,0.5903552827380953,0.647367931547619,0.3344494047619048,0.3907180059523809,0.3344494047619048,0.3907180059523809,0.6179970347967731,0.6837376832894436,0.4842186449781333,0.5651268595997755,0.3169492306712861,0.3752152718777626,0.0409667850445068,0.0742311039690574,0.6919521865792851,0.7406456964065373,0.5357595836953237,0.6022876611644129,0.3947559693000679,0.4576951777372768,0.227141635425323,0.2755433396917731,0.59375,0.65625,0.46875,0.5625,0.3125,0.375,0.0,0.03125,0.6645255770200248,0.7187461292115013,0.5036379456041485,0.5771559675490189,0.352805148837697,0.4122644717066973,0.1425212785763001,0.1836000696280356,0.2884526809826531,0.3422376638100896,0.0,0.0,0.3344494047619048,0.3907180059523809,0.284159401666984,0.3368701759663574,0.3109488023626955,0.3666192587145249,0.2822265625,0.333984375,0.2964435221438952,0.351221097911301,0.8201890625348663,0.8506954017070613,0.46240234375,0.51904296875,0.5903552827380953,0.647367931547619,0.8398221763051498,0.8810849029356275,0.6919521865792851,0.7406456964065372,0.84375,0.90625,0.7698287016701905,0.8057977712500936,current,Qwen3.6,Q-9B|non-think|tubitak_math2026
Qwen3.5-9B,Q-9B,Qwen,9.0,False,non-think,Instruct · Non-Think,aime2026,EN,True,cot:G4-26B·TH,gemma-4-26B-A4B-it,think,64,0.6,16384,,0.6,16384.0,,,0.8,30.0,1920.0,1040.0,764.0,116.0,,,,,,,255.0,3468.0,0.073529,/user/home/t.tuna/evalhub/results/non-think/Qwen3.5-9B/judged_by/gemma-4-26B-A4B-it__state-think__t0.6__max16384__basemax16384,/user/home/t.tuna/evalhub/results/non-think/Qwen3.5-9B/judged_by/gemma-4-26B-A4B-it__state-think__t0.6__max16384__basemax16384/aime2026__t0.6__max16384__n64/aime2026_cot_summary.json,0.5416666666666666,0.5416666666666666,0.5416666666666666,0.5416666666666666,0.5416666666666666,0.0,0.678472222222222,0.678472222222222,0.678472222222222,0.4048611111111111,0.4048611111111111,0.4048611111111111,0.771170771322807,0.7711707713228072,0.6381325913055157,0.4810558367538802,0.2763074672844636,0.3786816520191718,0.8333538838307589,0.7482909960719751,0.6205143142014361,0.4289174856695054,0.1784565117646247,0.3621204868148823,0.878836722631784,0.7303046811982422,0.6175221522704238,0.3915668854189007,0.1222602087679567,0.3531967318986169,0.908120750518225,0.7190833432697946,0.6188644540422767,0.3682131270707923,0.0748804799844705,0.3486900436883816,0.9333333333333332,0.7333333333333333,0.6333333333333333,0.3666666666666666,0.0,0.3458333333333333,0.8,0.8,0.6955952519513303,0.7639887240409438,0.5451299196681473,0.637820457041031,0.3248186605369097,0.4373629151395725,0.1029019308356216,0.1449568699822777,0.4932291666666666,0.5723958333333333,0.4932291666666666,0.5723958333333333,0.4932291666666666,0.5723958333333333,0.4932291666666666,0.5723958333333333,0.6305555555555556,0.7070601851851852,0.6305555555555556,0.7070601851851852,0.3559027777777778,0.4377314814814815,0.3559027777777778,0.4377314814814815,0.6921314721600724,0.7514105670374533,0.5400779888541577,0.6337407796380369,0.3002434557067909,0.4078822953108906,0.0537072237460929,0.1083427969112223,0.7328007353126337,0.797929624873041,0.5823453619064406,0.6667045969630581,0.4202404035825505,0.5151630425658718,0.2375301658650416,0.3097860689313624,0.7,0.7333333333333333,0.5333333333333333,0.6333333333333333,0.2666666666666666,0.4,0.0,0.0666666666666666,0.7086326823536492,0.7791458837859971,0.5570473874275422,0.6451299287966414,0.3636934619836373,0.4690804312036268,0.1543420725169796,0.2068979115769298,0.3006618437125073,0.3892275176218865,0.0,0.0,0.3559027777777778,0.4377314814814815,0.2952029013889652,0.3858041472075754,0.3288852847237959,0.412474555748617,0.2927083333333333,0.3833333333333333,0.3109430362641916,0.3970303697936755,0.8548920648963634,0.895982256176566,0.4932291666666666,0.5723958333333333,0.6305555555555556,0.7070601851851852,0.8951444478324864,0.9156988669538964,0.7328007353126337,0.797929624873041,0.9333333333333332,0.9333333333333332,0.802546945741078,0.8581197064227418,current,Gemma4,Q-9B|non-think|aime2026
Qwen3.5-9B,Q-9B,Qwen,9.0,False,non-think,Instruct · Non-Think,aime2026_pt,PT,True,cot:G4-26B·TH,gemma-4-26B-A4B-it,think,64,0.6,16384,,0.6,16384.0,,,0.7666666666666667,30.0,1920.0,1145.0,748.0,27.0,,,,,,,61.0,3516.0,0.017349,/user/home/t.tuna/evalhub/results/non-think/Qwen3.5-9B/judged_by/gemma-4-26B-A4B-it__state-think__t0.6__max16384__basemax16384,/user/home/t.tuna/evalhub/results/non-think/Qwen3.5-9B/judged_by/gemma-4-26B-A4B-it__state-think__t0.6__max16384__basemax16384/aime2026_pt__t0.6__max16384__n64/aime2026_pt_cot_summary.json,0.5963541666666666,0.5963541666666666,0.5963541666666666,0.5963541666666666,0.5963541666666666,0.0,0.7214451058201059,0.7214451058201059,0.7214451058201059,0.4712632275132276,0.4712632275132276,0.4712632275132276,0.8013111921130166,0.8013111921130166,0.6843920765027321,0.5559529055761209,0.3437604924747972,0.449856699025459,0.85856939617324,0.7803580964246822,0.6653021013154335,0.5233816587939105,0.2223003787086098,0.4374707268901571,0.8966852154448307,0.760328127568331,0.6627255596319573,0.5068335932503368,0.1295231624141429,0.4307784303766756,0.9157467466046386,0.7372744355872306,0.6683326682711666,0.502589105437086,0.0764618390008532,0.4267376642465162,0.9333333333333332,0.7,0.6666666666666666,0.5,0.0333333333333333,0.4239583333333333,0.7666666666666667,0.7666666666666667,0.753270019795318,0.7740000374063454,0.6467578978869174,0.6681427229305861,0.46255470775251,0.5176893231525697,0.1121914377204482,0.1346594308049177,0.5729166666666666,0.6057291666666667,0.5729166666666666,0.6057291666666667,0.5729166666666666,0.6057291666666667,0.5729166666666666,0.6057291666666667,0.7043650793650794,0.729761904761905,0.7043650793650794,0.729761904761905,0.441468253968254,0.4816964285714286,0.441468253968254,0.4816964285714286,0.7342702714567177,0.7523753021194516,0.6494236355486419,0.673889396724263,0.4589846499104796,0.5095374323028234,0.0693450970995273,0.0768885030933396,0.7879183874325335,0.8090004973433054,0.6682852882912375,0.692785374329531,0.5258647373104011,0.5659991878824507,0.3095982536324947,0.3551316071113796,0.7,0.7,0.6333333333333333,0.6666666666666666,0.4666666666666667,0.5,0.0333333333333333,0.0333333333333333,0.7688657122190621,0.7907628437859728,0.6502956747864553,0.6717795961105023,0.4852078444304523,0.5346032075772185,0.1929326210238724,0.2325254309085423,0.3951248792137345,0.4421244034370452,0.0,0.0,0.441468253968254,0.4816964285714286,0.3901803581737285,0.4385942745076099,0.417731495471448,0.4605653974969154,0.3875,0.4364583333333333,0.4032671304216394,0.4484388704931159,0.8817883894759861,0.8986606961413849,0.5729166666666666,0.6057291666666667,0.7043650793650794,0.729761904761905,0.9080536436305172,0.9157826341779726,0.7879183874325334,0.8090004973433054,0.9333333333333332,0.9333333333333332,0.8433859891502665,0.8647184022549906,current,Gemma4,Q-9B|non-think|aime2026_pt
Qwen3.5-9B,Q-9B,Qwen,9.0,False,non-think,Instruct · Non-Think,aime2026_tr,TR,True,cot:G4-26B·TH,gemma-4-26B-A4B-it,think,64,0.6,16384,,0.6,16384.0,,,0.6333333333333333,30.0,1920.0,797.0,1087.0,36.0,,,,,,,59.0,2499.0,0.023609,/user/home/t.tuna/evalhub/results/non-think/Qwen3.5-9B/judged_by/gemma-4-26B-A4B-it__state-think__t0.6__max16384__basemax16384,/user/home/t.tuna/evalhub/results/non-think/Qwen3.5-9B/judged_by/gemma-4-26B-A4B-it__state-think__t0.6__max16384__basemax16384/aime2026_tr__t0.6__max16384__n64/aime2026_tr_cot_summary.json,0.4151041666666666,0.4151041666666666,0.4151041666666666,0.4151041666666666,0.4151041666666666,0.0,0.548313492063492,0.548313492063492,0.548313492063492,0.2818948412698414,0.2818948412698414,0.2818948412698414,0.6518595288459116,0.6518595288459116,0.4984792731652857,0.3373438195126456,0.1727340451428235,0.2550389323277345,0.7182206702178509,0.6337926261818786,0.4666248880724903,0.2808297603579278,0.0963765218799509,0.2360041999998013,0.7658065853214936,0.6281138054281179,0.4441652337973988,0.2500081398796078,0.0409249185288173,0.2232613692539441,0.8052947835819694,0.6250876260529853,0.4223133239982469,0.2366684697277953,0.0096054111551072,0.2150600076252679,0.8333333333333334,0.6,0.4,0.2333333333333333,0.0,0.2104166666666666,0.6333333333333333,0.6333333333333333,0.6207733416196308,0.6316590829125149,0.4066147613609497,0.4556198527165288,0.2273786009630828,0.2562074231800448,0.0246925821212052,0.0480932834010101,0.3932291666666667,0.4229166666666666,0.3932291666666667,0.4229166666666666,0.3932291666666667,0.4229166666666666,0.3932291666666667,0.4229166666666666,0.5295138888888888,0.5568617724867725,0.5295138888888888,0.5568617724867725,0.2569444444444444,0.288971560846561,0.2569444444444444,0.288971560846561,0.6210838920630606,0.6253819349997206,0.3734615126900971,0.4359747987356043,0.2157376276812785,0.2414480538414967,0.0024632076840649,0.0180921818167612,0.6383020447734886,0.6612124684176508,0.4759412799140455,0.506313951633888,0.3102946391847766,0.344905326399906,0.1483787027943559,0.1792349202152216,0.6,0.6,0.3333333333333333,0.4,0.2,0.2333333333333333,0.0,0.0,0.6217938856353489,0.6407566822373035,0.4380916559931538,0.4755649164138204,0.2544354000512346,0.2879223736450326,0.0745315913902232,0.1027083687804951,0.1976569277178373,0.2300561846654935,0.0,0.0,0.2569444444444444,0.288971560846561,0.1906584654054602,0.2213513877422013,0.2293366709895662,0.2620701233075638,0.1885416666666666,0.215625,0.2100255519380615,0.242998266837086,0.7551073052312177,0.7804009790792745,0.3932291666666667,0.4229166666666666,0.5295138888888887,0.5568617724867724,0.7985013631736328,0.8236673914947291,0.6383020447734886,0.6612124684176508,0.8333333333333334,0.8666666666666667,0.7078096021031148,0.7296157531108917,current,Gemma4,Q-9B|non-think|aime2026_tr
Qwen3.5-9B,Q-9B,Qwen,9.0,False,non-think,Instruct · Non-Think,tubitak_math2026,TR-OL,True,cot:G4-26B·TH,gemma-4-26B-A4B-it,think,64,0.6,16384,,0.6,16384.0,,,0.71875,32.0,2048.0,988.0,930.0,130.0,,,,,,,174.0,3354.0,0.051878,/user/home/t.tuna/evalhub/results/non-think/Qwen3.5-9B/judged_by/gemma-4-26B-A4B-it__state-think__t0.6__max16384__basemax16384,/user/home/t.tuna/evalhub/results/non-think/Qwen3.5-9B/judged_by/gemma-4-26B-A4B-it__state-think__t0.6__max16384__basemax16384/tubitak_math2026__t0.6__max16384__n64/tubitak_math2026_cot_summary.json,0.482421875,0.482421875,0.482421875,0.482421875,0.482421875,0.0,0.6117156498015872,0.6117156498015872,0.6117156498015872,0.3531281001984127,0.3531281001984127,0.3531281001984127,0.7122601420261386,0.7122601420261387,0.5599631655114452,0.4135871417082167,0.243877050754199,0.3287320962312079,0.782336393470749,0.6934956558498945,0.5244344380537388,0.370687069497445,0.1578036958751515,0.3132678979111801,0.8230076113032524,0.6795418750874196,0.500566569951425,0.3517987102667998,0.0967289037625821,0.3045267540472886,0.8398861161168978,0.6688063439964974,0.4840037074059867,0.345153210267702,0.0586173591159213,0.2997740398757853,0.84375,0.65625,0.46875,0.3125,0.03125,0.296875,0.71875,0.71875,0.6389939704163734,0.6868946711657965,0.4535905538813721,0.5431377948212851,0.2496364651416079,0.3677526569759148,0.0756208600495758,0.1126330809126392,0.42626953125,0.50244140625,0.42626953125,0.50244140625,0.42626953125,0.50244140625,0.42626953125,0.50244140625,0.5619729662698413,0.6302083333333333,0.5619729662698413,0.6302083333333333,0.2905660962301588,0.3746744791666667,0.2905660962301588,0.3746744791666667,0.6308128466601121,0.6707880815527238,0.4487760053639353,0.5367449645575546,0.2278762192186724,0.363205427401774,0.0508521702529325,0.0712936965095027,0.6721694122850091,0.7251850183985545,0.5064762341511169,0.5837965433066404,0.3423770924617864,0.4381018581910553,0.1840553861020875,0.2626822051037496,0.625,0.65625,0.4375,0.53125,0.21875,0.34375,0.03125,0.03125,0.6521314732921996,0.7043508069878558,0.4711164083646139,0.5566408140709689,0.2855474013719679,0.3918409171913027,0.1158358417213118,0.1748032223544341,0.2334374384857649,0.3246276260327596,0.0,0.0,0.2905660962301588,0.3746744791666667,0.2268178729145675,0.3181622619266798,0.2632162392819369,0.3503920316474024,0.2236328125,0.3134765625,0.2446986201244407,0.3344974147004833,0.7922155567509974,0.8342443353625447,0.42626953125,0.50244140625,0.5619729662698413,0.6302083333333334,0.8199515616194599,0.857462716465931,0.6721694122850091,0.7251850183985545,0.84375,0.875,0.7466320137795743,0.7906740906279894,current,Gemma4,Q-9B|non-think|tubitak_math2026
Qwen3.5-9B,Q-9B,Qwen,9.0,False,non-think,Instruct · Non-Think,tubitak_math2026,TR-OL,False,No-Judge,,,64,0.6,16384,,,,,,0.71875,32.0,2048.0,1118.0,930.0,0.0,134.0,2048.0,0.06543,58.0,36.0,45.0,,,,/user/home/t.tuna/evalhub/results/non-think/Qwen3.5-9B,/user/home/t.tuna/evalhub/results/non-think/Qwen3.5-9B/tubitak_math2026__t0.6__max16384__n64/tubitak_math2026_summary.json,0.5458984375,0.5458984375,0.5458984375,0.5458984375,0.5458984375,0.0,0.6676897321428571,0.6676897321428571,0.6676897321428571,0.4241071428571429,0.4241071428571429,0.4241071428571429,0.7573417649549243,0.7573417649549244,0.6219239178848428,0.4902652622226838,0.3140628049375488,0.4021640335801162,0.8228438340611385,0.7350589902315643,0.5939497959057616,0.4532565623644474,0.2185573765767623,0.3885899346077172,0.8685715392358272,0.721532457601346,0.5806724373472352,0.4377425498211952,0.1444033979796732,0.3807747869775904,0.9026936080054008,0.7096418349642705,0.5800114937352078,0.4419574961952194,0.0898637608563931,0.3756992126288571,0.9375,0.71875,0.5625,0.4375,0.03125,0.3720703125,,,,,,,,,,,,,,,,,,,,,,,,,,,,,,,,,,,,,,,,,,,,,,,,,,,,,,,,,,,,,,,,,,,,,,,,,,,,,,,,,,,,,,,current,No-Judge,Q-9B|non-think|tubitak_math2026
gemma-4-E2B-it,G4-E2B,gemma,2.0,False,non-think,Instruct · Non-Think,aime2026,EN,False,No-Judge,,,64,0.6,16384,,,,,,0.2,30.0,1920.0,34.0,1886.0,0.0,38.0,1920.0,0.019792,37.0,36.0,36.0,,,,/user/home/t.tuna/evalhub/results/non-think/gemma-4-E2B-it,/user/home/t.tuna/evalhub/results/non-think/gemma-4-E2B-it/aime2026__t0.6__max16384__n64/aime2026_summary.json,0.0177083333333333,0.0177083333333333,0.0177083333333333,0.0177083333333333,0.0177083333333333,0.0,0.0346891534391534,0.0346891534391534,0.0346891534391534,0.0007275132275132,0.0007275132275132,0.0007275132275132,0.0666013510110548,0.0666013510110548,0.0041001968388271,0.0001304739241016,1.3115593496344422e-06,6.58927417256344e-05,0.1230881537185259,0.0168745848358912,8.409926028171241e-05,1.2448698911784536e-08,0.0,4.772001249517405e-07,0.2126111224216432,0.0018115595630407,0.0,0.0,0.0,0.0,0.3319633172647899,0.0,0.0,0.0,0.0,0.0,0.4666666666666667,0.0,0.0,0.0,0.0,0.0,,,,,,,,,,,,,,,,,,,,,,,,,,,,,,,,,,,,,,,,,,,,,,,,,,,,,,,,,,,,,,,,,,,,,,,,,,,,,,,,,,,,,,,current,No-Judge,G4-E2B|non-think|aime2026
gemma-4-E2B-it,G4-E2B,gemma,2.0,False,non-think,Instruct · Non-Think,aime2026_pt,PT,False,No-Judge,,,64,0.6,16384,,,,,,0.4,30.0,1920.0,468.0,1452.0,0.0,76.0,1920.0,0.039583,76.0,76.0,76.0,,,,/user/home/t.tuna/evalhub/results/non-think/gemma-4-E2B-it,/user/home/t.tuna/evalhub/results/non-think/gemma-4-E2B-it/aime2026_pt__t0.6__max16384__n64/aime2026_pt_summary.json,0.24375,0.24375,0.24375,0.24375,0.24375,0.0,0.3419642857142857,0.3419642857142857,0.3419642857142857,0.1455357142857142,0.1455357142857142,0.1455357142857142,0.4272830051287216,0.4272830051287216,0.2971928432927903,0.1755510123139685,0.0749731392645194,0.125262075789244,0.4887003696258342,0.4056718502238602,0.2711832030673464,0.130423830495255,0.0377058321122055,0.1108598272835702,0.5367454990443321,0.395196068205928,0.2551395382166672,0.1035683088065885,0.020222618360928,0.1014292858517108,0.5748075051587211,0.3898320982642236,0.2420938306542963,0.0903752514098036,0.0082152688778944,0.0955566877772195,0.6,0.4,0.2333333333333333,0.0666666666666666,0.0,0.0927083333333333,,,,,,,,,,,,,,,,,,,,,,,,,,,,,,,,,,,,,,,,,,,,,,,,,,,,,,,,,,,,,,,,,,,,,,,,,,,,,,,,,,,,,,,current,No-Judge,G4-E2B|non-think|aime2026_pt
gemma-4-E2B-it,G4-E2B,gemma,2.0,False,non-think,Instruct · Non-Think,aime2026_tr,TR,False,No-Judge,,,64,0.6,16384,,,,,,0.2,30.0,1920.0,283.0,1637.0,0.0,66.0,1920.0,0.034375,66.0,63.0,63.0,,,,/user/home/t.tuna/evalhub/results/non-think/gemma-4-E2B-it,/user/home/t.tuna/evalhub/results/non-think/gemma-4-E2B-it/aime2026_tr__t0.6__max16384__n64/aime2026_tr_summary.json,0.1473958333333333,0.1473958333333333,0.1473958333333333,0.1473958333333333,0.1473958333333333,0.0,0.2070932539682539,0.2070932539682539,0.2070932539682539,0.0876984126984126,0.0876984126984126,0.0876984126984126,0.265775435857403,0.2657754358574031,0.1710844707176013,0.1030642748021119,0.049659151956217,0.0763617133791644,0.3174530048647744,0.2423837069794722,0.1506507597722152,0.0804624907317742,0.0292397371328098,0.0689406819703202,0.3639867622469764,0.2330676095687933,0.1378299012655216,0.0670251962413372,0.0187628435839285,0.0648862116568124,0.415738131659919,0.2293394857877913,0.130429695294787,0.0561474191288434,0.0082010638920552,0.063082900101581,0.5,0.2333333333333333,0.1333333333333333,0.0333333333333333,0.0,0.0625,,,,,,,,,,,,,,,,,,,,,,,,,,,,,,,,,,,,,,,,,,,,,,,,,,,,,,,,,,,,,,,,,,,,,,,,,,,,,,,,,,,,,,,current,No-Judge,G4-E2B|non-think|aime2026_tr
gemma-4-E2B-it,G4-E2B,gemma,2.0,False,non-think,Instruct · Non-Think,aime2026,EN,True,cot:Qwen3.6-35B·TH,Qwen3.6-35B-A3B,think,64,0.6,16384,,0.6,16384.0,,,0.1666666666666666,30.0,1920.0,25.0,1886.0,9.0,,,,,,,17.0,102.0,0.166667,/user/home/t.tuna/evalhub/results/non-think/gemma-4-E2B-it/judged_by/Qwen3.6-35B-A3B__state-think__t0.6__max16384__basemax16384,/user/home/t.tuna/evalhub/results/non-think/gemma-4-E2B-it/judged_by/Qwen3.6-35B-A3B__state-think__t0.6__max16384__basemax16384/aime2026__t0.6__max16384__n64/aime2026_cot_summary.json,0.0130208333333333,0.0130208333333333,0.0130208333333333,0.0130208333333333,0.0130208333333333,0.0,0.0255787037037037,0.0255787037037037,0.0255787037037037,0.0004629629629629,0.0004629629629629,0.0004629629629629,0.0493879214827125,0.0493879214827126,0.0026138853214474,8.06871311895109e-05,8.393979837660431e-07,4.076326458663848e-05,0.0923112768945841,0.0108036738932193,5.300655996637856e-05,1.2448698911784536e-08,0.0,3.547879189858592e-07,0.1630098364639321,0.0011049963102056,0.0,0.0,0.0,0.0,0.2649063305356721,0.0,0.0,0.0,0.0,0.0,0.4,0.0,0.0,0.0,0.0,0.0,0.1666666666666666,0.1666666666666666,0.0004010223867442,0.0018115595630407,0.0,0.0,0.0,0.0,0.0,0.0,0.0088541666666666,0.015625,0.0088541666666666,0.015625,0.0088541666666666,0.015625,0.0088541666666666,0.015625,0.0174768518518518,0.0305720899470899,0.0174768518518518,0.0305720899470899,0.0002314814814814,0.00067791005291,0.0002314814814814,0.00067791005291,0.0,0.0,0.0,0.0,0.0,0.0,0.0,0.0,0.034062717718852,0.0585624365205274,0.0013192713186102,0.0038089782008343,3.441531733440777e-05,0.0001272737192885,2.623118699268885e-07,1.3115593496344422e-06,0.0,0.0,0.0,0.0,0.0,0.0,0.0,0.0,0.0055499245940811,0.0155753016817694,1.738253324715514e-05,8.409926028171241e-05,0.0,1.2448698911784536e-08,0.0,0.0,0.0,0.0,0.0,0.0,0.0002314814814814,0.00067791005291,0.0,0.0,1.733881460216733e-05,6.429263931908038e-05,0.0,0.0,6.120610298294064e-08,4.772001249517405e-07,0.118358893001939,0.1847821413668557,0.0088541666666666,0.0156249999999999,0.0174768518518518,0.0305720899470899,0.2036169659120478,0.2859315712330438,0.034062717718852,0.0585624365205274,0.3333333333333333,0.4,0.0648265663865875,0.1077655730733646,current,Qwen3.6,G4-E2B|non-think|aime2026
gemma-4-E2B-it,G4-E2B,gemma,2.0,False,non-think,Instruct · Non-Think,aime2026_pt,PT,True,cot:Qwen3.6-35B·TH,Qwen3.6-35B-A3B,think,64,0.6,16384,,0.6,16384.0,,,0.4,30.0,1920.0,407.0,1452.0,61.0,,,,,,,224.0,1404.0,0.159544,/user/home/t.tuna/evalhub/results/non-think/gemma-4-E2B-it/judged_by/Qwen3.6-35B-A3B__state-think__t0.6__max16384__basemax16384,/user/home/t.tuna/evalhub/results/non-think/gemma-4-E2B-it/judged_by/Qwen3.6-35B-A3B__state-think__t0.6__max16384__basemax16384/aime2026_pt__t0.6__max16384__n64/aime2026_pt_cot_summary.json,0.2119791666666667,0.2119791666666666,0.2119791666666666,0.2119791666666666,0.2119791666666666,0.0,0.3097056878306878,0.3097056878306878,0.3097056878306878,0.1142526455026455,0.1142526455026455,0.1142526455026455,0.3983488517035581,0.3983488517035584,0.2635907976799039,0.1360059765136444,0.04997104076956,0.0929885086416022,0.4576989990658057,0.3821590769056567,0.233439651984854,0.085896649670772,0.024331851082343,0.0772123979172724,0.4999322318739357,0.376593940587356,0.2122543769476866,0.0553226960398461,0.0138570896463659,0.066571629579804,0.5415983556405667,0.3701191399520074,0.1938116905281448,0.0386018031713017,0.0039682540013981,0.0602322140038318,0.6,0.3666666666666666,0.2,0.0333333333333333,0.0,0.05625,0.4,0.4,0.2831555139326316,0.3911023406433157,0.0608195662077702,0.2441261679540613,0.0334111823366525,0.0890401204187247,0.0074859615771634,0.0193947854907542,0.1421875,0.2328125,0.1421875,0.2328125,0.1421875,0.2328125,0.1421875,0.2328125,0.2251653439153439,0.3290509259259259,0.2251653439153439,0.3290509259259259,0.059209656084656,0.136574074074074,0.059209656084656,0.136574074074074,0.2839085130481914,0.3859991017290242,0.0391951867040159,0.2287088906859996,0.0333333336566947,0.0740878283702917,0.0008803885853066,0.0082033502889737,0.3279155439718634,0.4115812264443941,0.153138928760293,0.2874977441179185,0.0609675740558871,0.164566387986536,0.0267279532119563,0.0676046414511512,0.2666666666666666,0.3666666666666666,0.0333333333333333,0.2333333333333333,0.0333333333333333,0.0666666666666666,0.0,0.0,0.2951783744636026,0.3955745097908868,0.0990927910732021,0.2614804329049039,0.0370948912770039,0.1177606164849465,0.0167249915322187,0.0338322509703994,0.0298181707893581,0.0916147893233168,0.0,0.0,0.059209656084656,0.136574074074074,0.0282885883281356,0.0859929636530727,0.0438477636339217,0.1160855147188436,0.028125,0.0833333333333333,0.0343881822081829,0.1012769875776739,0.48645504225333,0.5074993336358743,0.1421875,0.2328125,0.2251653439153438,0.3290509259259259,0.5394277475170504,0.5500780425168477,0.3279155439718634,0.4115812264443941,0.6,0.6,0.4217477432186774,0.466593133806292,current,Qwen3.6,G4-E2B|non-think|aime2026_pt
gemma-4-E2B-it,G4-E2B,gemma,2.0,False,non-think,Instruct · Non-Think,aime2026_tr,TR,True,cot:Qwen3.6-35B·TH,Qwen3.6-35B-A3B,think,64,0.6,16384,,0.6,16384.0,,,0.2,30.0,1920.0,230.0,1637.0,53.0,,,,,,,109.0,849.0,0.128386,/user/home/t.tuna/evalhub/results/non-think/gemma-4-E2B-it/judged_by/Qwen3.6-35B-A3B__state-think__t0.6__max16384__basemax16384,/user/home/t.tuna/evalhub/results/non-think/gemma-4-E2B-it/judged_by/Qwen3.6-35B-A3B__state-think__t0.6__max16384__basemax16384/aime2026_tr__t0.6__max16384__n64/aime2026_tr_cot_summary.json,0.1197916666666667,0.1197916666666666,0.1197916666666666,0.1197916666666666,0.1197916666666666,0.0,0.1707175925925925,0.1707175925925925,0.1707175925925925,0.0688657407407407,0.0688657407407407,0.0688657407407407,0.2244227564990388,0.2244227564990389,0.1366427648090789,0.077751756440281,0.0403493889182678,0.0590505726792744,0.2711953572524842,0.2052233324434313,0.1147572181642596,0.0584686216134164,0.0271978993382547,0.052483234768587,0.3111664744410972,0.1994591275549417,0.0992937173841339,0.0491872588010313,0.0186949941169656,0.0487724917381951,0.3584174629823587,0.1971815543574089,0.0906342292638539,0.0430891478246378,0.0082010595289574,0.0470217188096494,0.4333333333333333,0.2,0.1,0.0333333333333333,0.0,0.0458333333333333,0.2,0.2,0.1321791699309002,0.2060548786716703,0.0661783743325877,0.1320503532476597,0.0366597443684689,0.0550244758662596,0.0028433226950677,0.0186977646821905,0.0864583333333333,0.1317708333333333,0.0864583333333333,0.1317708333333333,0.0864583333333333,0.1317708333333333,0.0864583333333333,0.1317708333333333,0.1281746031746031,0.1840443121693121,0.1281746031746031,0.1840443121693121,0.0447420634920635,0.0794973544973545,0.0447420634920635,0.0794973544973545,0.1267065401888245,0.2004096075646559,0.0654893659952594,0.1288636569920932,0.03368580533366,0.043778169699355,7.921303680993734e-05,0.0082010595292373,0.1768886979258476,0.2336920710466453,0.0930506240924009,0.1549017694509498,0.0522802770852744,0.0933861209740374,0.0236137342298103,0.0451033718617007,0.1333333333333333,0.2,0.0666666666666666,0.1333333333333333,0.0333333333333333,0.0333333333333333,0.0,0.0,0.1493530462687403,0.2139509311257165,0.074468362859415,0.1399091425225755,0.0416377367489266,0.0707221898357233,0.0110675119041327,0.0277348170617801,0.0320977871103373,0.057900820378647,0.0,0.0,0.0447420634920635,0.0794973544973545,0.0313552098265908,0.0558161189009783,0.0379470056575424,0.0692447464178691,0.03125,0.0552083333333333,0.0340444307027979,0.0621676494939309,0.2766226504594742,0.3160107763098414,0.0864583333333333,0.1317708333333333,0.1281746031746032,0.1840443121693121,0.3157929886833388,0.3626502676037519,0.1768886979258476,0.2336920710466453,0.3666666666666666,0.4333333333333333,0.2289872233937736,0.2759749796361427,current,Qwen3.6,G4-E2B|non-think|aime2026_tr
gemma-4-E2B-it,G4-E2B,gemma,2.0,False,non-think,Instruct · Non-Think,tubitak_math2026,TR-OL,True,cot:Qwen3.6-35B·TH,Qwen3.6-35B-A3B,think,64,0.6,16384,,0.6,16384.0,,,0.21875,32.0,2048.0,401.0,1514.0,133.0,,,,,,,36.0,1602.0,0.022472,/user/home/t.tuna/evalhub/results/non-think/gemma-4-E2B-it/judged_by/Qwen3.6-35B-A3B__state-think__t0.6__max16384__basemax16384,/user/home/t.tuna/evalhub/results/non-think/gemma-4-E2B-it/judged_by/Qwen3.6-35B-A3B__state-think__t0.6__max16384__basemax16384/tubitak_math2026__t0.6__max16384__n64/tubitak_math2026_cot_summary.json,0.19580078125,0.19580078125,0.19580078125,0.19580078125,0.19580078125,0.0,0.2469308035714286,0.2469308035714286,0.2469308035714286,0.1446707589285714,0.1446707589285714,0.1446707589285714,0.2843146715488152,0.2843146715488152,0.2253879986024023,0.1778648095773211,0.0956356452714613,0.1367502274243912,0.3222577904354861,0.2610943946279708,0.2189011902531564,0.1677898171237622,0.0509485444159189,0.1329768016641888,0.3604731812826467,0.2451131960016043,0.2186023938405424,0.1620489743299571,0.0265413690074875,0.1319196490724455,0.3878298149358656,0.2383272745107659,0.2187497033093579,0.1576455189496399,0.0156593039804538,0.131835958957578,0.40625,0.25,0.21875,0.125,0.0,0.1318359375,0.21875,0.28125,0.2368587747644372,0.2678250071719876,0.2110001081161961,0.2196338322547051,0.1014528046392329,0.1805214175225323,0.0238895201434012,0.0285353142157664,0.173828125,0.2119140625,0.173828125,0.2119140625,0.173828125,0.2119140625,0.173828125,0.2119140625,0.2292751736111111,0.268461681547619,0.2292751736111111,0.268461681547619,0.1183810763888889,0.1553664434523809,0.1183810763888889,0.1553664434523809,0.227533131414885,0.2569506799433789,0.2176497970622777,0.2187527351168567,0.0828388191961015,0.1852043897195252,0.0156252216844172,0.0157138293808139,0.2701484042519705,0.3156033789441212,0.2092480476127521,0.2378486813319986,0.1467097336852509,0.188262589789353,0.0692063144500264,0.1059415999345269,0.21875,0.25,0.21875,0.21875,0.09375,0.1875,0.0,0.0,0.2500917650276775,0.2869838609614507,0.2055593621561565,0.2242314194642174,0.1237405041160902,0.1806680774119124,0.0361970984033509,0.0584096075706089,0.0979884461593581,0.1426313914046119,0.0,0.0,0.1183810763888889,0.1553664434523809,0.0967667863615958,0.1425781361293077,0.1079580240676387,0.14710209486194,0.0966796875,0.142578125,0.101381983550699,0.1434853669638835,0.3404248577449963,0.4131625635534675,0.173828125,0.2119140625,0.2292751736111111,0.268461681547619,0.3723733449183535,0.4518340431200727,0.2701484042519705,0.3156033789441212,0.40625,0.5,0.3047311778190434,0.3657715141710901,current,Qwen3.6,G4-E2B|non-think|tubitak_math2026
gemma-4-E2B-it,G4-E2B,gemma,2.0,False,non-think,Instruct · Non-Think,aime2026,EN,True,cot:deepseek-v4-flash·NT,deepseek-v4-flash,non-think,64,0.6,16384,,0.6,5000.0,,thinking-disabled,0.1666666666666666,30.0,1920.0,23.0,1886.0,11.0,,,,,,,0.0,102.0,0.0,/user/home/t.tuna/evalhub/results/non-think/gemma-4-E2B-it/judged_by/deepseek-v4-flash__state-non-think__t0.6__max5000__basemax16384__eb-thinking-disabled,/user/home/t.tuna/evalhub/results/non-think/gemma-4-E2B-it/judged_by/deepseek-v4-flash__state-non-think__t0.6__max5000__basemax16384__eb-thinking-disabled/aime2026__t0.6__max16384__n64/aime2026_cot_summary.json,0.0119791666666666,0.0119791666666666,0.0119791666666666,0.0119791666666666,0.0119791666666666,0.0,0.0234292328042328,0.0234292328042328,0.0234292328042328,0.0005291005291005,0.0005291005291005,0.0005291005291005,0.0448497687458554,0.0448497687458554,0.0029602943768729,0.0001055018340845,1.1017098536929314e-06,5.3301771969143744e-05,0.082466397641984,0.0119927860619719,7.038909321353371e-05,1.2448698911784536e-08,0.0,4.1599402196879995e-07,0.1415325799523022,0.0015060186969498,0.0,0.0,0.0,0.0,0.2219624498868733,0.0,0.0,0.0,0.0,0.0,0.3333333333333333,0.0,0.0,0.0,0.0,0.0,0.1333333333333333,0.1666666666666666,0.0008020447734884,0.0018115595630407,0.0,0.0,0.0,0.0,0.0,0.0,0.0098958333333333,0.0130208333333333,0.0098958333333333,0.0130208333333333,0.0098958333333333,0.0130208333333333,0.0098958333333333,0.0130208333333333,0.0193948412698412,0.0254298941798941,0.0193948412698412,0.0254298941798941,0.0003968253968253,0.0006117724867724,0.0003968253968253,0.0006117724867724,0.0,0.0,0.0,0.0,0.0,0.0,0.0,0.0,0.0372690606297163,0.0485393950458731,0.0022481176500214,0.0034185532136351,6.56304298557075e-05,0.0001240735144754,5.246237398537769e-07,1.3115593496344422e-06,0.0,0.0,0.0,0.0,0.0,0.0,0.0,0.0,0.0093376030710774,0.0138130555646846,3.476506649431028e-05,8.409926028171241e-05,0.0,1.2448698911784536e-08,0.0,0.0,0.0,0.0,0.0,0.0,0.0003968253968253,0.0006117724867724,0.0,0.0,3.307752679778063e-05,6.269253691252636e-05,0.0,0.0,1.2241220596588128e-07,4.772001249517405e-07,0.1192062652665508,0.1506039539628619,0.0098958333333333,0.0130208333333333,0.0193948412698412,0.0254298941798941,0.1860699106600746,0.2314342167356893,0.0372690606297163,0.048539395045873,0.2666666666666666,0.3333333333333333,0.0689601817576434,0.0887392887244996,current,V4-Flash,G4-E2B|non-think|aime2026
gemma-4-E2B-it,G4-E2B,gemma,2.0,False,non-think,Instruct · Non-Think,aime2026_pt,PT,True,cot:deepseek-v4-flash·NT,deepseek-v4-flash,non-think,64,0.6,16384,,0.6,5000.0,,thinking-disabled,0.4,30.0,1920.0,364.0,1452.0,104.0,,,,,,,0.0,1404.0,0.0,/user/home/t.tuna/evalhub/results/non-think/gemma-4-E2B-it/judged_by/deepseek-v4-flash__state-non-think__t0.6__max5000__basemax16384__eb-thinking-disabled,/user/home/t.tuna/evalhub/results/non-think/gemma-4-E2B-it/judged_by/deepseek-v4-flash__state-non-think__t0.6__max5000__basemax16384__eb-thinking-disabled/aime2026_pt__t0.6__max16384__n64/aime2026_pt_cot_summary.json,0.1895833333333333,0.1895833333333333,0.1895833333333333,0.1895833333333333,0.1895833333333333,0.0,0.2720403439153439,0.2720403439153439,0.2720403439153439,0.1071263227513227,0.1071263227513227,0.1071263227513227,0.348378178170616,0.3483781781706161,0.2289726083452947,0.1291623122896258,0.0518202345277966,0.0904912734087113,0.4075488109507976,0.3264479037422173,0.2028095480397635,0.0936061164581413,0.0237114607282336,0.0790349702861952,0.454417289061468,0.3185341228975391,0.1867690773339821,0.071161420715628,0.0103761468266276,0.0722130246425058,0.494714516621598,0.3229793683930272,0.1823616191219759,0.0575818189871368,0.0018865880086759,0.0687158045074701,0.5333333333333333,0.3333333333333333,0.2,0.0666666666666666,0.0,0.0666666666666666,0.4,0.4,0.2874496142698433,0.3476717436742554,0.1420199587499111,0.2129496287320601,0.0375732016931096,0.0856226011518808,0.0074863891445221,0.0145709160495218,0.1583333333333333,0.2109375,0.1583333333333333,0.2109375,0.1583333333333333,0.2109375,0.1583333333333333,0.2109375,0.236656746031746,0.2987268518518519,0.236656746031746,0.2987268518518519,0.0800099206349206,0.1231481481481481,0.0800099206349206,0.1231481481481481,0.2882297661839342,0.3385590464151748,0.1345834984697912,0.2010398898626164,0.0333812096806487,0.0717913820828263,0.0008803885853067,0.0039705457771696,0.3150099048962084,0.377267476266022,0.1910237927358498,0.2561648011046478,0.0928631760301511,0.1482290801037495,0.0344364596711238,0.0620886425255806,0.3,0.3333333333333333,0.1333333333333333,0.2,0.0333333333333333,0.0666666666666666,0.0,0.0,0.2948146162667278,0.3593367455944544,0.1611056190960946,0.2293331209159045,0.0563047436731017,0.1095058601298965,0.0171666594028922,0.0301436636020419,0.0434477117607459,0.085019139196945,0.0,0.0,0.0800099206349206,0.1231481481481481,0.0376118066152043,0.0811238889027752,0.0636498178506375,0.1051588613146651,0.0322916666666666,0.0802083333333333,0.0516854286546997,0.0927028992597428,0.420433864496113,0.4730941437017997,0.1583333333333333,0.2109375,0.236656746031746,0.2987268518518518,0.4606170575882944,0.499526921712671,0.3150099048962084,0.377267476266022,0.5,0.5333333333333333,0.3748476544945937,0.4343376820483947,current,V4-Flash,G4-E2B|non-think|aime2026_pt
gemma-4-E2B-it,G4-E2B,gemma,2.0,False,non-think,Instruct · Non-Think,aime2026_tr,TR,True,cot:deepseek-v4-flash·NT,deepseek-v4-flash,non-think,64,0.6,16384,,0.6,5000.0,,thinking-disabled,0.2,30.0,1920.0,179.0,1637.0,104.0,,,,,,,0.0,849.0,0.0,/user/home/t.tuna/evalhub/results/non-think/gemma-4-E2B-it/judged_by/deepseek-v4-flash__state-non-think__t0.6__max5000__basemax16384__eb-thinking-disabled,/user/home/t.tuna/evalhub/results/non-think/gemma-4-E2B-it/judged_by/deepseek-v4-flash__state-non-think__t0.6__max5000__basemax16384__eb-thinking-disabled/aime2026_tr__t0.6__max16384__n64/aime2026_tr_cot_summary.json,0.0932291666666666,0.0932291666666666,0.0932291666666666,0.0932291666666666,0.0932291666666666,0.0,0.1342592592592592,0.1342592592592592,0.1342592592592592,0.052199074074074,0.052199074074074,0.052199074074074,0.1837305259667766,0.1837305259667766,0.0977043514391478,0.05895527477693,0.0325265144838122,0.0457408946303711,0.2376951015747348,0.1556450287527229,0.0778200443564327,0.0495178849585178,0.0203626775187703,0.0422801617256098,0.2853366470836658,0.1374888398418026,0.0693336902813054,0.0442775393055092,0.0102262227285462,0.0408972109970714,0.3241781920736223,0.1259203814399859,0.0667652956945535,0.0381151458407239,0.0018865470731365,0.0406275922468927,0.3666666666666666,0.1333333333333333,0.0666666666666666,0.0333333333333333,0.0,0.040625,0.2,0.2,0.0974531481603714,0.187800884146938,0.0669292195926589,0.0938090802763577,0.0424305156435273,0.0468732237368571,0.0054672312785121,0.0102366031736593,0.075,0.1135416666666666,0.075,0.1135416666666666,0.075,0.1135416666666666,0.075,0.1135416666666666,0.1046296296296296,0.1634424603174603,0.1046296296296296,0.1634424603174603,0.0453703703703703,0.063640873015873,0.0453703703703703,0.063640873015873,0.0955174904212075,0.1880138611491429,0.0666241363181156,0.0870121444619017,0.03646151874641,0.0403182788356067,0.0004028897183448,0.0018865473521295,0.1383058745267894,0.2164118044538457,0.0795044194303845,0.129086399234469,0.0538513153366405,0.0732465500742867,0.0283383907061855,0.0354219129040652,0.1,0.2,0.0666666666666666,0.1,0.0333333333333333,0.0333333333333333,0.0,0.0,0.1121881595726226,0.1957765094284204,0.0699324680466088,0.1077170338717147,0.0472986629721422,0.0557049196766477,0.0153248008137533,0.020686976367546,0.037741626994705,0.0449149606327019,0.0,0.0,0.0453703703703703,0.063640873015873,0.0375040537399903,0.0433151912153491,0.041094853021413,0.0543342314891759,0.0375,0.0416666666666666,0.0387829807940274,0.048265697860689,0.2231635383980332,0.3050495857325913,0.075,0.1135416666666666,0.1046296296296296,0.1634424603174603,0.257367666088612,0.3458171780611826,0.1383058745267893,0.2164118044538457,0.2666666666666666,0.4,0.1788533240360395,0.264279584051908,current,V4-Flash,G4-E2B|non-think|aime2026_tr
gemma-4-E2B-it,G4-E2B,gemma,2.0,False,non-think,Instruct · Non-Think,tubitak_math2026,TR-OL,True,cot:deepseek-v4-flash·NT,deepseek-v4-flash,non-think,64,0.6,16384,,0.6,5000.0,,thinking-disabled,0.21875,32.0,2048.0,277.0,1514.0,257.0,,,,,,,0.0,1602.0,0.0,/user/home/t.tuna/evalhub/results/non-think/gemma-4-E2B-it/judged_by/deepseek-v4-flash__state-non-think__t0.6__max5000__basemax16384__eb-thinking-disabled,/user/home/t.tuna/evalhub/results/non-think/gemma-4-E2B-it/judged_by/deepseek-v4-flash__state-non-think__t0.6__max5000__basemax16384__eb-thinking-disabled/tubitak_math2026__t0.6__max16384__n64/tubitak_math2026_cot_summary.json,0.13525390625,0.13525390625,0.13525390625,0.13525390625,0.13525390625,0.0,0.1793309771825396,0.1793309771825396,0.1793309771825396,0.0911768353174603,0.0911768353174603,0.0911768353174603,0.2152371686214146,0.2152371686214147,0.1597800455950492,0.1107142660408954,0.0552841447426405,0.082999205391768,0.2473357747859455,0.1959676091230037,0.1538970267058829,0.093026052247863,0.0308964373797883,0.07748495872723,0.2844931294136201,0.187948536454408,0.1516435234460673,0.0810306263786747,0.0179468678867522,0.0740850754352673,0.3206981684724617,0.187347880060018,0.1504903060179321,0.0765925348173336,0.0076888383632447,0.0721425900047262,0.34375,0.1875,0.15625,0.09375,0.0,0.0712890625,0.21875,0.25,0.1712370128645575,0.2002764344043495,0.1065621108101349,0.1782914663355457,0.0561349835900613,0.1057450008442735,0.0053298738722046,0.0256833263138275,0.10595703125,0.15625,0.10595703125,0.15625,0.10595703125,0.15625,0.10595703125,0.15625,0.1459728422619047,0.201993427579365,0.1459728422619047,0.201993427579365,0.0659412202380952,0.1105065724206349,0.0659412202380952,0.1105065724206349,0.1716900076909248,0.188923324279266,0.0985421033867333,0.182505326181287,0.0539782663446155,0.0954679622380651,0.0003778199117537,0.0156571346394221,0.1802971783636776,0.2388614182783108,0.1275032421747123,0.1808031779607665,0.0799390341309712,0.133769954719725,0.0360886703306388,0.0715654490411976,0.15625,0.1875,0.09375,0.1875,0.0625,0.09375,0.0,0.0,0.1708024664243069,0.2169152251130938,0.1158148379873185,0.1753800850293377,0.0639508988023083,0.1186005996681053,0.0170131146379933,0.041753934912515,0.0491413265781042,0.095484804857186,0.0,0.0,0.0659412202380952,0.1105065724206349,0.0472831410084032,0.0942474903033371,0.058013852230805,0.1026677018804613,0.046875,0.09375,0.0525284077393004,0.0979913241242289,0.2289972617511595,0.3118770940585366,0.10595703125,0.15625,0.1459728422619047,0.2019934275793651,0.261904651078603,0.3418195284398067,0.1802971783636776,0.2388614182783108,0.3125,0.375,0.205770705684578,0.2748097011171138,current,V4-Flash,G4-E2B|non-think|tubitak_math2026
gemma-4-E2B-it,G4-E2B,gemma,2.0,False,non-think,Instruct · Non-Think,aime2026,EN,True,cot:G4-26B·TH,gemma-4-26B-A4B-it,think,64,0.6,16384,,0.6,16384.0,,,0.1666666666666666,30.0,1920.0,28.0,1886.0,6.0,,,,,,,2.0,102.0,0.019608,/user/home/t.tuna/evalhub/results/non-think/gemma-4-E2B-it/judged_by/gemma-4-26B-A4B-it__state-think__t0.6__max16384__basemax16384,/user/home/t.tuna/evalhub/results/non-think/gemma-4-E2B-it/judged_by/gemma-4-26B-A4B-it__state-think__t0.6__max16384__basemax16384/aime2026__t0.6__max16384__n64/aime2026_cot_summary.json,0.0145833333333333,0.0145833333333333,0.0145833333333333,0.0145833333333333,0.0145833333333333,0.0,0.0285218253968253,0.0285218253968254,0.0285218253968254,0.0006448412698412,0.0006448412698412,0.0006448412698412,0.0545941825522734,0.0545941825522735,0.0036105655024216,0.0001272737192885,1.3115593496344422e-06,6.429263931908038e-05,0.1003581656659572,0.0146493757558435,8.409926028171241e-05,1.2448698911784536e-08,0.0,4.772001249517405e-07,0.172083728668443,0.0018115595630407,0.0,0.0,0.0,0.0,0.2690003543018269,0.0,0.0,0.0,0.0,0.0,0.4,0.0,0.0,0.0,0.0,0.0,0.1333333333333333,0.1666666666666666,0.0018115595630407,0.0018115595630407,0.0,0.0,0.0,0.0,0.0,0.0,0.0125,0.015625,0.0125,0.015625,0.0125,0.015625,0.0125,0.015625,0.0243551587301587,0.0305720899470899,0.0243551587301587,0.0305720899470899,0.0006448412698412,0.00067791005291,0.0006448412698412,0.00067791005291,0.0,0.0,0.0,0.0,0.0,0.0,0.0,0.0,0.0462608492189401,0.0585624365205274,0.0036105655024216,0.0038089782008343,0.0001272737192885,0.0001272737192885,1.3115593496344422e-06,1.3115593496344422e-06,0.0,0.0,0.0,0.0,0.0,0.0,0.0,0.0,0.0146493757558435,0.0155753016817694,8.409926028171241e-05,8.409926028171241e-05,1.2448698911784536e-08,1.2448698911784536e-08,0.0,0.0,0.0,0.0,0.0,0.0,0.0006448412698412,0.00067791005291,0.0,0.0,6.429263931908038e-05,6.429263931908038e-05,0.0,0.0,4.772001249517405e-07,4.772001249517405e-07,0.1387503953351097,0.1847821413668557,0.0124999999999999,0.0156249999999999,0.0243551587301587,0.0305720899470899,0.2023336876351602,0.2859315712330438,0.0462608492189401,0.0585624365205274,0.2666666666666666,0.4,0.0836914989992905,0.1077655730733646,current,Gemma4,G4-E2B|non-think|aime2026
gemma-4-E2B-it,G4-E2B,gemma,2.0,False,non-think,Instruct · Non-Think,aime2026_pt,PT,True,cot:G4-26B·TH,gemma-4-26B-A4B-it,think,64,0.6,16384,,0.6,16384.0,,,0.4,30.0,1920.0,406.0,1452.0,62.0,,,,,,,27.0,1404.0,0.019231,/user/home/t.tuna/evalhub/results/non-think/gemma-4-E2B-it/judged_by/gemma-4-26B-A4B-it__state-think__t0.6__max16384__basemax16384,/user/home/t.tuna/evalhub/results/non-think/gemma-4-E2B-it/judged_by/gemma-4-26B-A4B-it__state-think__t0.6__max16384__basemax16384/aime2026_pt__t0.6__max16384__n64/aime2026_pt_cot_summary.json,0.2114583333333333,0.2114583333333333,0.2114583333333333,0.2114583333333333,0.2114583333333333,0.0,0.3050595238095238,0.3050595238095238,0.3050595238095238,0.1178571428571428,0.1178571428571428,0.1178571428571428,0.3845013031653698,0.3845013031653698,0.2646924550712229,0.1474683232185876,0.0491712518781529,0.0983197875483703,0.4399582735382334,0.3652368566225697,0.2407478545659255,0.1044100722356924,0.013598570002638,0.0844522457300109,0.4859190189827141,0.3606593951880537,0.2213435299745712,0.0788888824896258,0.0016943101411868,0.0757929508266799,0.5279011953568883,0.365416900041895,0.2030804342140058,0.0641851827979732,1.4314947458024424e-05,0.071586374339047,0.5666666666666667,0.3666666666666666,0.2,0.0666666666666666,0.0,0.0708333333333333,0.4,0.4,0.3388438071634527,0.3681268136874622,0.1945119270787822,0.2385360359641684,0.0487886284624511,0.0908088790206909,0.0005037300229319,0.0054270117447285,0.1890625,0.2239583333333333,0.1890625,0.2239583333333333,0.1890625,0.2239583333333333,0.1890625,0.2239583333333333,0.2810019841269841,0.3177248677248677,0.2810019841269841,0.3177248677248677,0.0971230158730158,0.1301917989417989,0.0971230158730158,0.1301917989417989,0.3428715639255635,0.3662473882142009,0.1871679147412783,0.2209658438438553,0.0335835352227368,0.0756549738452098,8.814303274130751e-07,0.0001948027359813,0.3632919195353093,0.3969914402390605,0.2375371958231556,0.2773276506089832,0.1210617545096656,0.1607195844140582,0.0343591301318694,0.0607946580712313,0.3333333333333333,0.3666666666666666,0.2,0.2,0.0333333333333333,0.0666666666666666,0.0,0.0,0.3427091544974858,0.376448137368072,0.2114618017664028,0.2546994894309757,0.0770440004265109,0.1170550230557947,0.0068480709327171,0.0229420221171155,0.0551812652032205,0.0873715283318491,0.0,0.0,0.0971230158730158,0.1301917989417989,0.0507304270632806,0.0819472374345515,0.0777104423207675,0.1107571212426448,0.0489583333333333,0.0802083333333333,0.0638403961213377,0.0967290893837054,0.4708656479566077,0.5004106280491457,0.1890625,0.2239583333333333,0.2810019841269841,0.3177248677248677,0.5198804143964818,0.5455913215465225,0.3632919195353093,0.3969914402390605,0.5666666666666667,0.6,0.4224145905130282,0.4529470798419868,current,Gemma4,G4-E2B|non-think|aime2026_pt
gemma-4-E2B-it,G4-E2B,gemma,2.0,False,non-think,Instruct · Non-Think,aime2026_tr,TR,True,cot:G4-26B·TH,gemma-4-26B-A4B-it,think,64,0.6,16384,,0.6,16384.0,,,0.2,30.0,1920.0,216.0,1637.0,67.0,,,,,,,19.0,849.0,0.022379,/user/home/t.tuna/evalhub/results/non-think/gemma-4-E2B-it/judged_by/gemma-4-26B-A4B-it__state-think__t0.6__max16384__basemax16384,/user/home/t.tuna/evalhub/results/non-think/gemma-4-E2B-it/judged_by/gemma-4-26B-A4B-it__state-think__t0.6__max16384__basemax16384/aime2026_tr__t0.6__max16384__n64/aime2026_tr_cot_summary.json,0.1125,0.1125,0.1125,0.1125,0.1125,0.0,0.1611607142857143,0.1611607142857142,0.1611607142857142,0.0638392857142857,0.0638392857142857,0.0638392857142857,0.2143615224161231,0.2143615224161231,0.1262190681842982,0.0714415820973198,0.0379778273022588,0.0547097046997893,0.2629509773511321,0.193668213181561,0.1048100134382507,0.0536617304489288,0.0264597733017492,0.0487987143762315,0.3023506401195272,0.1828110213437846,0.0936259517616648,0.0434991529934531,0.0186622346169201,0.0455118686267259,0.3417499148997879,0.1733763442696279,0.0899795226124742,0.036467777457399,0.008201058227822,0.0438900477874864,0.4,0.1666666666666666,0.1,0.0333333333333333,0.0,0.0427083333333333,0.2,0.2,0.1712259955585111,0.2052749746529731,0.0903254089449329,0.120989801146152,0.0416234069486966,0.0484854295974244,0.0074930352983712,0.0186794570917313,0.10625,0.1270833333333333,0.10625,0.1270833333333333,0.10625,0.1270833333333333,0.10625,0.1270833333333333,0.1540178571428571,0.179861111111111,0.1540178571428571,0.179861111111111,0.0584821428571428,0.0743055555555555,0.0584821428571428,0.0743055555555555,0.1637799831879416,0.2001292697974288,0.0866365790461332,0.1163766031365895,0.0352882151946376,0.0403384160442424,0.0008803885916789,0.0082010585846735,0.2052004902084225,0.2319441296702005,0.1203720316788799,0.1487784660841244,0.0677616088741154,0.0857773454878161,0.031665869238582,0.0418333920911922,0.1666666666666666,0.2,0.1,0.1333333333333333,0.0333333333333333,0.0333333333333333,0.0,0.0,0.184098036362989,0.2125918686868185,0.1005671045004661,0.1314055300038366,0.051109661318917,0.0625253065104186,0.0175009838523803,0.0270450933740771,0.0408163788272509,0.0516695069917053,0.0,0.0,0.0584821428571428,0.0743055555555555,0.0391551202188838,0.0488669813924033,0.0497137390563487,0.0638053687895041,0.0375,0.046875,0.0440628324542527,0.0563945926903139,0.2916582826066468,0.3160080059812044,0.10625,0.1270833333333333,0.1540178571428571,0.179861111111111,0.3250049165407796,0.3626502675987783,0.2052004902084225,0.2319441296702005,0.3666666666666666,0.4333333333333333,0.2526577925484626,0.2757711773547093,current,Gemma4,G4-E2B|non-think|aime2026_tr
gemma-4-E2B-it,G4-E2B,gemma,2.0,False,non-think,Instruct · Non-Think,tubitak_math2026,TR-OL,True,cot:G4-26B·TH,gemma-4-26B-A4B-it,think,64,0.6,16384,,0.6,16384.0,,,0.25,32.0,2048.0,404.0,1514.0,130.0,,,,,,,145.0,1602.0,0.090512,/user/home/t.tuna/evalhub/results/non-think/gemma-4-E2B-it/judged_by/gemma-4-26B-A4B-it__state-think__t0.6__max16384__basemax16384,/user/home/t.tuna/evalhub/results/non-think/gemma-4-E2B-it/judged_by/gemma-4-26B-A4B-it__state-think__t0.6__max16384__basemax16384/tubitak_math2026__t0.6__max16384__n64/tubitak_math2026_cot_summary.json,0.197265625,0.197265625,0.197265625,0.197265625,0.197265625,0.0,0.2546968005952381,0.2546968005952381,0.2546968005952381,0.1398344494047618,0.1398344494047618,0.1398344494047618,0.2983928020573644,0.2983928020573644,0.2300406078448037,0.1729211817097277,0.087707908388104,0.1303145450489158,0.339199906596497,0.2760616719912848,0.2200672259273007,0.1589054139540793,0.0433380934218068,0.1252945876151458,0.3788190051864769,0.2639843944168402,0.2174545776370103,0.1509085646630411,0.0193375804579948,0.1234826277340478,0.4179110669004325,0.2593748183890544,0.2184521047664808,0.1484229709935806,0.0076931393882957,0.1230703059506723,0.46875,0.25,0.21875,0.15625,0.0,0.123046875,0.25,0.25,0.2253934796278993,0.2758504390542799,0.2108824703038469,0.2361046881609294,0.0995082995644065,0.1716021802533637,0.0098134744221022,0.0270370548716997,0.17041015625,0.2138671875,0.17041015625,0.2138671875,0.17041015625,0.2138671875,0.17041015625,0.2138671875,0.2270430307539682,0.2720734126984127,0.2270430307539682,0.2720734126984127,0.1137772817460317,0.1556609623015872,0.1137772817460317,0.1556609623015872,0.2191637466025192,0.2693113727533182,0.2165924887588805,0.2343747161259573,0.0755275982380897,0.1712449757430084,0.0017686638798852,0.0156527610304579,0.2688651090063207,0.3156700225535745,0.2053994406461685,0.2473513714713807,0.1448639762125103,0.1907276655869909,0.0625120991350003,0.1017196903880536,0.21875,0.28125,0.21875,0.21875,0.03125,0.15625,0.0,0.0,0.2407841113972698,0.2912848162562144,0.2044056548806854,0.2385741396513046,0.1225767974331026,0.1772806286194094,0.0257272163517705,0.0540622819596829,0.0941401767156267,0.1389801812777033,0.0,0.0,0.1137772817460317,0.1556609623015872,0.0929639467784387,0.137818837579404,0.1036880376737554,0.1462236779875223,0.0927734375,0.13671875,0.0973688564100803,0.1411905245998114,0.3592495087353839,0.399814093653555,0.17041015625,0.2138671875,0.2270430307539682,0.2720734126984127,0.4116306253152563,0.4347574350245702,0.2688651090063207,0.3156700225535745,0.46875,0.46875,0.3090981693383264,0.3575208552143504,current,Gemma4,G4-E2B|non-think|tubitak_math2026
gemma-4-E2B-it,G4-E2B,gemma,2.0,False,non-think,Instruct · Non-Think,tubitak_math2026,TR-OL,False,No-Judge,,,64,0.6,16384,,,,,,0.3125,32.0,2048.0,534.0,1514.0,0.0,117.0,2048.0,0.057129,117.0,116.0,111.0,,,,/user/home/t.tuna/evalhub/results/non-think/gemma-4-E2B-it,/user/home/t.tuna/evalhub/results/non-think/gemma-4-E2B-it/tubitak_math2026__t0.6__max16384__n64/tubitak_math2026_summary.json,0.2607421875,0.2607421875,0.2607421875,0.2607421875,0.2607421875,0.0,0.3267609126984127,0.3267609126984127,0.3267609126984127,0.1947234623015873,0.1947234623015873,0.1947234623015873,0.3857442777977135,0.3857442777977135,0.2881816731352773,0.2269692965267809,0.1420735025402281,0.1845213995335045,0.4449118335703583,0.3557352579692409,0.2668879750947434,0.2162919220839762,0.0937685540189808,0.1795408747275199,0.4974082480567367,0.3389079013823651,0.2548078835764489,0.2164553669640271,0.0614048694934897,0.1779505190266152,0.5422099939508396,0.3332063802986978,0.2501238756896305,0.2213015627423351,0.0470263014267071,0.1777356706859464,0.59375,0.34375,0.25,0.21875,0.03125,0.177734375,,,,,,,,,,,,,,,,,,,,,,,,,,,,,,,,,,,,,,,,,,,,,,,,,,,,,,,,,,,,,,,,,,,,,,,,,,,,,,,,,,,,,,,current,No-Judge,G4-E2B|non-think|tubitak_math2026
gemma-4-E4B-it,G4-E4B,gemma,4.0,False,non-think,Instruct · Non-Think,aime2026,EN,False,No-Judge,,,64,0.6,16384,,,,,,0.3333333333333333,30.0,1920.0,70.0,1850.0,0.0,0.0,1920.0,0.0,0.0,0.0,0.0,,,,/user/home/t.tuna/evalhub/results/non-think/gemma-4-E4B-it,/user/home/t.tuna/evalhub/results/non-think/gemma-4-E4B-it/aime2026__t0.6__max16384__n64/aime2026_summary.json,0.0364583333333333,0.0364583333333333,0.0364583333333333,0.0364583333333333,0.0364583333333333,0.0,0.0692460317460317,0.0692460317460317,0.0692460317460317,0.0036706349206349,0.0036706349206349,0.0036706349206349,0.1260624155355778,0.1260624155355779,0.017626885497721,0.0020351728740147,0.0001088594260196,0.0010720161500172,0.2153724398682852,0.0554452031565697,0.0040013357524723,7.465663221465068e-05,9.726252053581203e-08,0.0001937099205251,0.3407487869502276,0.0303922536584214,0.0003993999822012,2.4833669096170506e-08,6.82323343981816e-17,9.079878025134204e-06,0.4953988768247813,0.0218008858749349,4.101311817066943e-08,0.0,0.0,0.0,0.6333333333333333,0.0333333333333333,0.0,0.0,0.0,0.0,,,,,,,,,,,,,,,,,,,,,,,,,,,,,,,,,,,,,,,,,,,,,,,,,,,,,,,,,,,,,,,,,,,,,,,,,,,,,,,,,,,,,,,current,No-Judge,G4-E4B|non-think|aime2026
gemma-4-E4B-it,G4-E4B,gemma,4.0,False,non-think,Instruct · Non-Think,aime2026_pt,PT,False,No-Judge,,,64,0.6,16384,,,,,,0.5666666666666667,30.0,1920.0,564.0,1356.0,0.0,0.0,1920.0,0.0,0.0,0.0,0.0,,,,/user/home/t.tuna/evalhub/results/non-think/gemma-4-E4B-it,/user/home/t.tuna/evalhub/results/non-think/gemma-4-E4B-it/aime2026_pt__t0.6__max16384__n64/aime2026_pt_summary.json,0.29375,0.29375,0.29375,0.29375,0.29375,0.0,0.4220072751322751,0.4220072751322751,0.4220072751322751,0.1654927248677248,0.1654927248677248,0.1654927248677248,0.5272005867391907,0.5272005867391907,0.372667313003114,0.2051072645698505,0.0700248356878446,0.1375660501288476,0.5946510279067971,0.5050228083193781,0.34689396598252,0.1363451788003778,0.0257898278553427,0.1167252387665421,0.6512093860445914,0.5008634795175152,0.3362436131220654,0.0878608664763133,0.0104700537182078,0.1024344712448387,0.7073031897884827,0.50416087143738,0.3413871733058553,0.0654547468275895,0.0018866655667012,0.0929245822692184,0.7333333333333333,0.5,0.3666666666666666,0.0666666666666666,0.0,0.0875,,,,,,,,,,,,,,,,,,,,,,,,,,,,,,,,,,,,,,,,,,,,,,,,,,,,,,,,,,,,,,,,,,,,,,,,,,,,,,,,,,,,,,,current,No-Judge,G4-E4B|non-think|aime2026_pt
gemma-4-E4B-it,G4-E4B,gemma,4.0,False,non-think,Instruct · Non-Think,aime2026_tr,TR,False,No-Judge,,,64,0.6,16384,,,,,,0.4,30.0,1920.0,480.0,1440.0,0.0,0.0,1920.0,0.0,0.0,0.0,0.0,,,,/user/home/t.tuna/evalhub/results/non-think/gemma-4-E4B-it,/user/home/t.tuna/evalhub/results/non-think/gemma-4-E4B-it/aime2026_tr__t0.6__max16384__n64/aime2026_tr_summary.json,0.25,0.25,0.25,0.25,0.25,0.0,0.3418154761904762,0.3418154761904761,0.3418154761904761,0.1581845238095238,0.1581845238095238,0.1581845238095238,0.4127120529156489,0.4127120529156489,0.306941926250493,0.1988728458949241,0.0814731749389338,0.1401730104169289,0.4651593068464555,0.3898211546065608,0.2913912374786506,0.1607918718639253,0.0303148003920971,0.1279627173056253,0.5122767636632973,0.3787660746315849,0.2873894336921064,0.136352844544483,0.0059290445056664,0.1201989307268378,0.551549758535564,0.3775697850446803,0.2942058900453534,0.1287609746059754,0.0001887998286636,0.1149830571644652,0.5666666666666667,0.4,0.3,0.1333333333333333,0.0,0.1114583333333333,,,,,,,,,,,,,,,,,,,,,,,,,,,,,,,,,,,,,,,,,,,,,,,,,,,,,,,,,,,,,,,,,,,,,,,,,,,,,,,,,,,,,,,current,No-Judge,G4-E4B|non-think|aime2026_tr
gemma-4-E4B-it,G4-E4B,gemma,4.0,False,non-think,Instruct · Non-Think,aime2026,EN,True,cot:Qwen3.6-35B·TH,Qwen3.6-35B-A3B,think,64,0.6,16384,,0.6,16384.0,,,0.3333333333333333,30.0,1920.0,61.0,1850.0,9.0,,,,,,,20.0,210.0,0.095238,/user/home/t.tuna/evalhub/results/non-think/gemma-4-E4B-it/judged_by/Qwen3.6-35B-A3B__state-think__t0.6__max16384__basemax16384,/user/home/t.tuna/evalhub/results/non-think/gemma-4-E4B-it/judged_by/Qwen3.6-35B-A3B__state-think__t0.6__max16384__basemax16384/aime2026__t0.6__max16384__n64/aime2026_cot_summary.json,0.0317708333333333,0.0317708333333333,0.0317708333333333,0.0317708333333333,0.0317708333333333,0.0,0.0602513227513227,0.0602513227513227,0.0602513227513227,0.0032903439153439,0.0032903439153439,0.0032903439153439,0.1094807903771414,0.1094807903771415,0.0155700456632503,0.0019254740500113,0.0001070232429301,0.0010162486464707,0.1870311630058674,0.0476573951329752,0.0038925053631962,7.45720669151465e-05,9.726252053581203e-08,0.0001925106600912,0.2982198146087935,0.0284175440230358,0.0003993999822012,2.4833669096170506e-08,6.82323343981816e-17,9.079878025134204e-06,0.4413466783157892,0.0218008858749349,4.101311817066943e-08,0.0,0.0,0.0,0.5666666666666667,0.0333333333333333,0.0,0.0,0.0,0.0,0.3,0.3333333333333333,0.0215940729383319,0.0284175440230358,6.524704946987935e-05,0.0003993999822012,2.2308732312321474e-10,2.4833669096170506e-08,0.0,6.82323343981816e-17,0.0239583333333333,0.0338541666666666,0.0239583333333333,0.0338541666666666,0.0239583333333333,0.0338541666666666,0.0239583333333333,0.0338541666666666,0.0455026455026455,0.0643353174603174,0.0455026455026455,0.0643353174603174,0.0024140211640211,0.0033730158730158,0.0024140211640211,0.0033730158730158,0.0102871332396084,0.0218008858749349,0.0,4.101311817066943e-08,0.0,0.0,0.0,0.0,0.082663441279914,0.1173244923740693,0.0119047094423879,0.0160532765900296,0.001216130291355,0.0019318744596375,4.9052319676328144e-05,0.0001070232429301,0.0,0.0333333333333333,0.0,0.0,0.0,0.0,0.0,0.0,0.0383276614395126,0.0497929984782559,0.0021489151087979,0.0038925053631962,1.9458061965478737e-05,7.45720669151465e-05,1.0031256473379918e-08,9.726252053581203e-08,8.1423390118548e-07,9.079878025134204e-06,0.0,0.0,0.0024140211640211,0.0033730158730158,0.0,0.0,0.0006325913055156,0.0010194488512838,0.0,0.0,7.22625828621473e-05,0.0001925106600912,0.2188134734935892,0.3225285703691621,0.0239583333333333,0.0338541666666666,0.0455026455026455,0.0643353174603174,0.3236209701817631,0.4749445619136728,0.082663441279914,0.1173244923740692,0.4666666666666667,0.6,0.1400805095269545,0.2014726205924863,current,Qwen3.6,G4-E4B|non-think|aime2026
gemma-4-E4B-it,G4-E4B,gemma,4.0,False,non-think,Instruct · Non-Think,aime2026_pt,PT,True,cot:Qwen3.6-35B·TH,Qwen3.6-35B-A3B,think,64,0.6,16384,,0.6,16384.0,,,0.5666666666666667,30.0,1920.0,516.0,1356.0,48.0,,,,,,,247.0,1692.0,0.145981,/user/home/t.tuna/evalhub/results/non-think/gemma-4-E4B-it/judged_by/Qwen3.6-35B-A3B__state-think__t0.6__max16384__basemax16384,/user/home/t.tuna/evalhub/results/non-think/gemma-4-E4B-it/judged_by/Qwen3.6-35B-A3B__state-think__t0.6__max16384__basemax16384/aime2026_pt__t0.6__max16384__n64/aime2026_pt_cot_summary.json,0.26875,0.26875,0.26875,0.26875,0.26875,0.0,0.396494708994709,0.396494708994709,0.396494708994709,0.141005291005291,0.141005291005291,0.141005291005291,0.5097979254278832,0.5097979254278832,0.3396698437880351,0.1702347901085341,0.0552974406755474,0.1127661153920408,0.5824064613364139,0.4910392480241678,0.3026250914280496,0.1022264388653994,0.0219789747584505,0.091504291855309,0.6362820769008617,0.4916488988173043,0.2781239901161026,0.0599593516175955,0.0102398853542334,0.0769299667786347,0.692522965544241,0.4963303757153298,0.2666994275961674,0.0409809484253514,0.0018865473521888,0.0675543806159899,0.7333333333333333,0.4666666666666667,0.2666666666666666,0.0333333333333333,0.0,0.0614583333333333,0.5666666666666667,0.5666666666666667,0.4166834509183315,0.4948653066014207,0.1090110562717523,0.3147393937596729,0.0341235432412384,0.0832111128989246,0.0074859786271386,0.0104590932664035,0.2005208333333333,0.2848958333333333,0.2005208333333333,0.2848958333333333,0.2005208333333333,0.2848958333333333,0.2005208333333333,0.2848958333333333,0.3173445767195766,0.4115906084656084,0.3173445767195766,0.4115906084656084,0.0836970899470899,0.1582010582010581,0.0836970899470899,0.1582010582010581,0.4247400083836857,0.4968526405304528,0.0712816543964641,0.3120625163412974,0.0333336118117705,0.0631460377742624,0.0008803885853066,0.0018866652877071,0.4509626845626318,0.5182060701065196,0.2309893144636667,0.3601699361218133,0.0892007777022319,0.1945855682304652,0.030930556604803,0.0666217588745351,0.4666666666666667,0.4666666666666667,0.0333333333333333,0.3333333333333333,0.0333333333333333,0.0666666666666666,0.0,0.0,0.4207711385792338,0.4971240574383649,0.1627807143196643,0.3306425810658957,0.0455068274123281,0.1277793452519734,0.0168289982652993,0.0252918225128546,0.0347085637977724,0.0960217074386978,0.0,0.0,0.0836970899470899,0.1582010582010581,0.029997650728289,0.0868242879477812,0.0600656671535174,0.1306036635525002,0.028125,0.08125,0.0440093703249995,0.1100436090733065,0.6286952708332387,0.6426380112828344,0.2005208333333334,0.2848958333333333,0.3173445767195767,0.4115906084656085,0.6882540657597481,0.7009885740124097,0.4509626845626318,0.5182060701065196,0.7333333333333333,0.7333333333333333,0.5589133634391282,0.5869542204521326,current,Qwen3.6,G4-E4B|non-think|aime2026_pt
gemma-4-E4B-it,G4-E4B,gemma,4.0,False,non-think,Instruct · Non-Think,aime2026_tr,TR,True,cot:Qwen3.6-35B·TH,Qwen3.6-35B-A3B,think,64,0.6,16384,,0.6,16384.0,,,0.4,30.0,1920.0,435.0,1440.0,45.0,,,,,,,209.0,1440.0,0.145139,/user/home/t.tuna/evalhub/results/non-think/gemma-4-E4B-it/judged_by/Qwen3.6-35B-A3B__state-think__t0.6__max16384__basemax16384,/user/home/t.tuna/evalhub/results/non-think/gemma-4-E4B-it/judged_by/Qwen3.6-35B-A3B__state-think__t0.6__max16384__basemax16384/aime2026_tr__t0.6__max16384__n64/aime2026_tr_cot_summary.json,0.2265625,0.2265625,0.2265625,0.2265625,0.2265625,0.0,0.3186507936507937,0.3186507936507937,0.3186507936507937,0.1344742063492063,0.1344742063492063,0.1344742063492063,0.3972304063525639,0.3972304063525639,0.2767835633283809,0.1666464161903083,0.0655896141287468,0.1161180151595276,0.4549887394763059,0.3775256471167617,0.2509968034856004,0.1296581588769957,0.0239658471492217,0.1038008589511726,0.4975258399602875,0.368892041329362,0.2349564028181894,0.1093391645895522,0.0049263156532357,0.0964157013372332,0.5264174790401908,0.3708068601216778,0.2231946997497097,0.0990773956188884,0.000183016046392,0.0919674902667608,0.5333333333333333,0.4,0.2,0.1,0.0,0.0895833333333333,0.4,0.4,0.3227808719700559,0.3741085239639241,0.145071716840115,0.2632611475485896,0.0608406672052036,0.1339812547740642,0.0005825782522263,0.0059285458738814,0.1776041666666666,0.2411458333333333,0.1776041666666666,0.2411458333333333,0.1776041666666666,0.2411458333333333,0.1776041666666666,0.2411458333333333,0.2676421957671958,0.3310681216931217,0.2676421957671958,0.3310681216931217,0.0875661375661375,0.1512235449735449,0.0875661375661375,0.1512235449735449,0.3186525145964244,0.3757507215922642,0.1287884521335388,0.264446093860564,0.056103949337995,0.1286753526546017,4.466919091164464e-07,0.0001887998286625,0.3591963393853928,0.4032443781320037,0.2112166654075696,0.2940335066690169,0.1058308256318568,0.188608582424685,0.0341728362418473,0.0786968661076276,0.3,0.4,0.1333333333333333,0.2666666666666666,0.0666666666666666,0.1333333333333333,0.0,0.0,0.334185873147431,0.3835142967030688,0.1716372233684996,0.273336281381041,0.0740208092920942,0.1536671430799555,0.008659662050536,0.0300884430564125,0.0529747660648118,0.1149509317398586,0.0,0.0,0.0875661375661375,0.1512235449735449,0.0502955286356415,0.1104915957415796,0.0700018309368521,0.1336527242661563,0.0489583333333333,0.1072916666666666,0.0588350149091552,0.1220040960765868,0.4849621638131193,0.4975761320594231,0.1776041666666667,0.2411458333333333,0.2676421957671958,0.3310681216931217,0.5190906239936264,0.5264174832986666,0.3591963393853928,0.4032443781320037,0.5333333333333333,0.5333333333333333,0.4343809583573606,0.4562202882881532,current,Qwen3.6,G4-E4B|non-think|aime2026_tr
gemma-4-E4B-it,G4-E4B,gemma,4.0,False,non-think,Instruct · Non-Think,tubitak_math2026,TR-OL,True,cot:Qwen3.6-35B·TH,Qwen3.6-35B-A3B,think,64,0.6,16384,,0.6,16384.0,,,0.4375,32.0,2048.0,581.0,1365.0,102.0,,,,,,,50.0,2049.0,0.024402,/user/home/t.tuna/evalhub/results/non-think/gemma-4-E4B-it/judged_by/Qwen3.6-35B-A3B__state-think__t0.6__max16384__basemax16384,/user/home/t.tuna/evalhub/results/non-think/gemma-4-E4B-it/judged_by/Qwen3.6-35B-A3B__state-think__t0.6__max16384__basemax16384/tubitak_math2026__t0.6__max16384__n64/tubitak_math2026_cot_summary.json,0.28369140625,0.28369140625,0.28369140625,0.28369140625,0.28369140625,0.0,0.3623201884920635,0.3623201884920635,0.3623201884920635,0.2050626240079365,0.2050626240079365,0.2050626240079365,0.4209190699680188,0.420919069968019,0.3333899435137619,0.2443840340208002,0.1360725774974188,0.1902283057591095,0.4638295382115737,0.4028424254202538,0.3196190875817837,0.2141149497546292,0.0816762515291204,0.1801381169964118,0.5014768518029604,0.3921911145732984,0.3135696839823746,0.1955461545235368,0.0400064975922905,0.1734908673315808,0.535073102955327,0.3815350830364896,0.3063433567590588,0.1850952664585222,0.0117793034873799,0.1689364613908595,0.5625,0.375,0.28125,0.1875,0.0,0.1650390625,0.4375,0.4375,0.3859978777853619,0.4194101318704993,0.289590419592051,0.3320269090057728,0.1574103524724068,0.2005168326892574,0.024669035684878,0.0407724324661222,0.2607421875,0.29833984375,0.2607421875,0.29833984375,0.2607421875,0.29833984375,0.2607421875,0.29833984375,0.3430989583333332,0.3821769593253967,0.3430989583333332,0.3821769593253967,0.1783854166666666,0.2145027281746032,0.1783854166666666,0.2145027281746032,0.3775070721932618,0.411783248602748,0.2767228875914623,0.329776902779183,0.1446211557366567,0.1863431832280276,0.0046517041254824,0.011821739061905,0.4045731385825086,0.4438172731579412,0.3147434058730579,0.3526699643203394,0.2153875225063584,0.2562700078378787,0.1082646830380751,0.1406021296838407,0.375,0.40625,0.25,0.3125,0.125,0.1875,0.0,0.0,0.3915630227222229,0.4266920184027454,0.2992304402150503,0.3381402168840068,0.1794168043200752,0.222899181508846,0.058888793589693,0.0835341970369756,0.1421336851231572,0.1805054127952623,0.0,0.0,0.1783854166666666,0.2145027281746032,0.136933467378213,0.176227667613493,0.1618261027722167,0.1984360687608597,0.1337890625,0.173828125,0.1500628148984525,0.1874726773387045,0.4765143811336947,0.5248584214959146,0.2607421875,0.29833984375,0.3430989583333333,0.3821769593253968,0.5118781432381854,0.5629805739208549,0.4045731385825086,0.4438172731579412,0.5625,0.59375,0.4441831592310944,0.4871394271087817,current,Qwen3.6,G4-E4B|non-think|tubitak_math2026
gemma-4-E4B-it,G4-E4B,gemma,4.0,False,non-think,Instruct · Non-Think,aime2026,EN,True,cot:G4-26B·TH,gemma-4-26B-A4B-it,think,64,0.6,16384,,0.6,16384.0,,,0.3333333333333333,30.0,1920.0,61.0,1850.0,9.0,,,,,,,4.0,210.0,0.019048,/user/home/t.tuna/evalhub/results/non-think/gemma-4-E4B-it/judged_by/gemma-4-26B-A4B-it__state-think__t0.6__max16384__basemax16384,/user/home/t.tuna/evalhub/results/non-think/gemma-4-E4B-it/judged_by/gemma-4-26B-A4B-it__state-think__t0.6__max16384__basemax16384/aime2026__t0.6__max16384__n64/aime2026_cot_summary.json,0.0317708333333333,0.0317708333333333,0.0317708333333333,0.0317708333333333,0.0317708333333333,0.0,0.0602678571428571,0.0602678571428571,0.0602678571428571,0.0032738095238095,0.0032738095238095,0.0032738095238095,0.1095799967263478,0.1095799967263479,0.0154708393140439,0.0019254740500113,0.0001070232429301,0.0010162486464707,0.1874941259688304,0.0471944321700122,0.0038925053631962,7.45720669151465e-05,9.726252053581203e-08,0.0001925106600912,0.3002039415929205,0.0284175440230358,0.0003993999822012,2.4833669096170506e-08,6.82323343981816e-17,9.079878025134204e-06,0.4495477365168474,0.0218008858749349,4.101311817066943e-08,0.0,0.0,0.0,0.6,0.0333333333333333,0.0,0.0,0.0,0.0,0.3333333333333333,0.3333333333333333,0.0281120031569449,0.0284175440230358,0.0003993999822012,0.0003993999822012,2.4833669096170506e-08,2.4833669096170506e-08,6.82323343981816e-17,6.82323343981816e-17,0.0307291666666666,0.0322916666666666,0.0307291666666666,0.0322916666666666,0.0307291666666666,0.0322916666666666,0.0307291666666666,0.0322916666666666,0.0582671957671957,0.061276455026455,0.0582671957671957,0.061276455026455,0.0031911375661375,0.0033068783068783,0.0031911375661375,0.0033068783068783,0.0218008858749349,0.0218008858749349,4.101311817066943e-08,4.101311817066943e-08,0.0,0.0,0.0,0.0,0.1058903704263302,0.1114681175660816,0.0150125804772816,0.0156628516028304,0.0019069023696205,0.0019286742548244,0.0001068133934342,0.0001070232429301,0.0333333333333333,0.0333333333333333,0.0,0.0,0.0,0.0,0.0,0.0,0.0453741626672995,0.0480307523611711,0.003878795196128,0.0038925053631962,7.45720669151465e-05,7.45720669151465e-05,9.726252053581203e-08,9.726252053581203e-08,9.079878025134204e-06,9.079878025134204e-06,0.0,0.0,0.0031911375661375,0.0033068783068783,0.0,0.0,0.0010068578815273,0.0010178487488773,0.0,0.0,0.0001924494539882,0.0001925106600912,0.2911325675823609,0.305017049631835,0.0307291666666666,0.0322916666666666,0.0582671957671957,0.061276455026455,0.4400759696680313,0.4537805407496516,0.1058903704263301,0.1114681175660815,0.6,0.6,0.1812212348863147,0.1907796695769546,current,Gemma4,G4-E4B|non-think|aime2026
gemma-4-E4B-it,G4-E4B,gemma,4.0,False,non-think,Instruct · Non-Think,aime2026_pt,PT,True,cot:G4-26B·TH,gemma-4-26B-A4B-it,think,64,0.6,16384,,0.6,16384.0,,,0.5666666666666667,30.0,1920.0,530.0,1356.0,34.0,,,,,,,43.0,1692.0,0.025414,/user/home/t.tuna/evalhub/results/non-think/gemma-4-E4B-it/judged_by/gemma-4-26B-A4B-it__state-think__t0.6__max16384__basemax16384,/user/home/t.tuna/evalhub/results/non-think/gemma-4-E4B-it/judged_by/gemma-4-26B-A4B-it__state-think__t0.6__max16384__basemax16384/aime2026_pt__t0.6__max16384__n64/aime2026_pt_cot_summary.json,0.2760416666666667,0.2760416666666667,0.2760416666666667,0.2760416666666667,0.2760416666666667,0.0,0.4011078042328042,0.4011078042328042,0.4011078042328042,0.150975529100529,0.150975529100529,0.150975529100529,0.509094982078853,0.5090949820788532,0.3471870199692779,0.1849878392217102,0.0628968253968253,0.1239423323092678,0.5808114256761918,0.4874637477244238,0.3149314782748834,0.1206939333903351,0.0239541390236341,0.1041014783017177,0.6361141517162904,0.4841978019054638,0.2980568211480773,0.0771890257077702,0.0103075882310308,0.0909580398274368,0.6925227510249872,0.4861832047609657,0.2968948571967124,0.0540123650742579,0.0018865517152865,0.0826004761124635,0.7333333333333333,0.4666666666666667,0.3333333333333333,0.0333333333333333,0.0,0.0770833333333333,0.5666666666666667,0.5666666666666667,0.4627900035290453,0.4909752296228929,0.267962193848081,0.3069301199549629,0.0591951252507583,0.084280176115246,0.0075026493760095,0.0104684950021014,0.2578125,0.2817708333333333,0.2578125,0.2817708333333333,0.2578125,0.2817708333333333,0.2578125,0.2817708333333333,0.3808697089947089,0.4071263227513226,0.3808697089947089,0.4071263227513226,0.134755291005291,0.1564153439153438,0.134755291005291,0.1564153439153438,0.4568505589853683,0.4926089711678782,0.2647002854570697,0.3038892794430163,0.0376608434005132,0.0650647104660888,0.0008803886124025,0.0018866655664706,0.4918756767646244,0.5133992575524834,0.3229232769257887,0.3552707373271888,0.163744669822803,0.1920186891961085,0.0527063764867836,0.0663946492575524,0.4333333333333333,0.4666666666666667,0.3,0.3333333333333333,0.0333333333333333,0.0666666666666666,0.0,0.0,0.4687662823446501,0.493069566359079,0.2870560357774082,0.3243852691196301,0.1010545943750197,0.1270652215721733,0.0192098956389466,0.0254480948635597,0.0758084006807365,0.0955736659905229,0.0,0.0,0.134755291005291,0.1564153439153438,0.0679798771818385,0.086994531302117,0.1082255231547934,0.1292066692268305,0.0635416666666666,0.0822916666666666,0.0887519422922443,0.1090903089668143,0.6252267959155161,0.6361775462011013,0.2578125,0.2817708333333333,0.3808697089947089,0.4071263227513227,0.6819723850140265,0.6925227553866862,0.4918756767646244,0.5133992575524834,0.7333333333333333,0.7333333333333333,0.568203519367467,0.5822327525080998,current,Gemma4,G4-E4B|non-think|aime2026_pt
gemma-4-E4B-it,G4-E4B,gemma,4.0,False,non-think,Instruct · Non-Think,aime2026_tr,TR,True,cot:G4-26B·TH,gemma-4-26B-A4B-it,think,64,0.6,16384,,0.6,16384.0,,,0.4,30.0,1920.0,460.0,1440.0,20.0,,,,,,,11.0,1440.0,0.007639,/user/home/t.tuna/evalhub/results/non-think/gemma-4-E4B-it/judged_by/gemma-4-26B-A4B-it__state-think__t0.6__max16384__basemax16384,/user/home/t.tuna/evalhub/results/non-think/gemma-4-E4B-it/judged_by/gemma-4-26B-A4B-it__state-think__t0.6__max16384__basemax16384/aime2026_tr__t0.6__max16384__n64/aime2026_tr_cot_summary.json,0.2395833333333333,0.2395833333333333,0.2395833333333333,0.2395833333333333,0.2395833333333333,0.0,0.3288855820105819,0.3288855820105821,0.3288855820105821,0.1502810846560846,0.1502810846560846,0.1502810846560846,0.3997608764993746,0.3997608764993746,0.2931904887814459,0.1876498850024762,0.0777320830500365,0.1326909840262563,0.4507489530156207,0.3810723556996572,0.2732579263179486,0.152166508863254,0.0295154749777678,0.1209392166569407,0.4912244155455298,0.3737261145923989,0.2635088076707505,0.1316558098220104,0.0058537993395529,0.1138026795997493,0.5233296179157192,0.3757507652264298,0.2653922454302053,0.125014580049842,0.000188722627498,0.1092794857032199,0.5333333333333333,0.4,0.2666666666666666,0.1333333333333333,0.0,0.10625,0.4,0.4,0.3704157364375163,0.3740664309909808,0.2508364196611503,0.2665427181100976,0.1295540280251374,0.1348067965399347,0.0058534228753355,0.0059287432786111,0.234375,0.2416666666666666,0.234375,0.2416666666666666,0.234375,0.2416666666666666,0.234375,0.2416666666666666,0.3225859788359788,0.3310515873015873,0.3225859788359788,0.3310515873015873,0.1461640211640211,0.152281746031746,0.1461640211640211,0.152281746031746,0.3723933595592794,0.3757507793508179,0.2448512958224847,0.2694803969150279,0.1249624642788613,0.1287075419409115,0.0001887226274978,0.0001887998286627,0.3938512523817918,0.4018538104471472,0.2861593764951776,0.2952322194522087,0.1816433628801424,0.1902836535636641,0.0758460082428882,0.0792969832036463,0.4,0.4,0.2333333333333333,0.2666666666666666,0.1333333333333333,0.1333333333333333,0.0,0.0,0.3760690614651552,0.3826524044819646,0.2643046372203838,0.2755289997937254,0.1471133436648406,0.1552954381391744,0.0293246985615111,0.0301611294805708,0.1098865653001911,0.1162253287585333,0.0,0.0,0.1461640211640211,0.152281746031746,0.1051886676346347,0.1119269057420564,0.1287446855615152,0.1347903183836552,0.1010416666666666,0.109375,0.1170569325660887,0.1231971662763986,0.4848547785627806,0.4939465910536645,0.234375,0.2416666666666666,0.3225859788359788,0.3310515873015873,0.5188745023730673,0.5243357762989267,0.3938512523817918,0.4018538104471472,0.5333333333333333,0.5333333333333333,0.44485914785339,0.4533388600224571,current,Gemma4,G4-E4B|non-think|aime2026_tr
gemma-4-E4B-it,G4-E4B,gemma,4.0,False,non-think,Instruct · Non-Think,tubitak_math2026,TR-OL,True,cot:G4-26B·TH,gemma-4-26B-A4B-it,think,64,0.6,16384,,0.6,16384.0,,,0.4375,32.0,2048.0,599.0,1365.0,84.0,,,,,,,154.0,2049.0,0.075159,/user/home/t.tuna/evalhub/results/non-think/gemma-4-E4B-it/judged_by/gemma-4-26B-A4B-it__state-think__t0.6__max16384__basemax16384,/user/home/t.tuna/evalhub/results/non-think/gemma-4-E4B-it/judged_by/gemma-4-26B-A4B-it__state-think__t0.6__max16384__basemax16384/tubitak_math2026__t0.6__max16384__n64/tubitak_math2026_cot_summary.json,0.29248046875,0.29248046875,0.29248046875,0.29248046875,0.29248046875,0.0,0.3764105902777777,0.3764105902777777,0.3764105902777777,0.2085503472222222,0.2085503472222222,0.2085503472222222,0.4409703368556572,0.4409703368556572,0.3433656311380977,0.2488212688234997,0.1367646381827453,0.1927929535031225,0.489220876579492,0.42098435399556,0.3260229684850875,0.2174891411911318,0.0802605709517403,0.1821738936897138,0.5323530797877027,0.413297544825027,0.3165581831761337,0.1984199074492856,0.036259678152342,0.1754919366772333,0.5786022988468696,0.4060974156592573,0.308547754153252,0.1862629236927905,0.0078534850936501,0.1713411944151051,0.625,0.40625,0.28125,0.1875,0.0,0.1689453125,0.4375,0.4375,0.3850133792100139,0.422511495264655,0.2659428198901366,0.3405293101872394,0.1647683860244022,0.2004088813042588,0.0273926606340198,0.0407725673729223,0.2578125,0.30224609375,0.2578125,0.30224609375,0.2578125,0.30224609375,0.2578125,0.30224609375,0.3393787202380953,0.3878038194444444,0.3393787202380953,0.3878038194444444,0.1762462797619048,0.2166883680555555,0.1762462797619048,0.2166883680555555,0.3787100753720004,0.412785950177039,0.2418842700356258,0.3356769832142605,0.1555595874602966,0.1863959764759465,0.0056636557850577,0.0118217390619114,0.4045205122636045,0.4504224663821108,0.3060267168574198,0.3581070008152652,0.2106573509229181,0.2593415158898038,0.1100454199560575,0.1411133919128201,0.375,0.40625,0.21875,0.28125,0.15625,0.1875,0.0,0.0,0.3905174013527165,0.4305749536813285,0.2842263651487117,0.3453498247930238,0.1797759863996116,0.2239574625245339,0.061875296400471,0.0835361000668671,0.1430862069118717,0.1810715723489304,0.0,0.0,0.1762462797619048,0.2166883680555555,0.1395877892276434,0.1758517399531371,0.1603513854394878,0.2002274539013119,0.138671875,0.171875,0.1496209838844215,0.1887461167485405,0.4829633761176027,0.5386338098885389,0.2578125,0.30224609375,0.3393787202380952,0.3878038194444444,0.5101173924661566,0.5865420818824539,0.4045205122636045,0.4504224663821108,0.53125,0.625,0.4498556374952979,0.495191747629028,current,Gemma4,G4-E4B|non-think|tubitak_math2026
gemma-4-E4B-it,G4-E4B,gemma,4.0,False,non-think,Instruct · Non-Think,tubitak_math2026,TR-OL,False,No-Judge,,,64,0.6,16384,,,,,,0.4375,32.0,2048.0,683.0,1365.0,0.0,0.0,2048.0,0.0,0.0,0.0,0.0,,,,/user/home/t.tuna/evalhub/results/non-think/gemma-4-E4B-it,/user/home/t.tuna/evalhub/results/non-think/gemma-4-E4B-it/tubitak_math2026__t0.6__max16384__n64/tubitak_math2026_summary.json,0.33349609375,0.33349609375,0.33349609375,0.33349609375,0.33349609375,0.0,0.4210224454365079,0.4210224454365079,0.4210224454365079,0.2459697420634921,0.2459697420634921,0.2459697420634921,0.488959834413009,0.4889598344130091,0.384382977559744,0.2904892142605323,0.1701523487667145,0.2303207815136234,0.5468445526443219,0.4577063519014909,0.3699172796657357,0.2591862700471407,0.1080674175993643,0.2199770810732166,0.6096971457442771,0.4473222474615417,0.365261515213876,0.2373419678139761,0.0582828717621211,0.2136738115067305,0.6845083504788182,0.439760694234568,0.3649521227979835,0.2224696264744966,0.019510232272233,0.2099623924562606,0.75,0.4375,0.34375,0.21875,0.0,0.2080078125,,,,,,,,,,,,,,,,,,,,,,,,,,,,,,,,,,,,,,,,,,,,,,,,,,,,,,,,,,,,,,,,,,,,,,,,,,,,,,,,,,,,,,,current,No-Judge,G4-E4B|non-think|tubitak_math2026
Qwen3.5-0.8B,Q-0.8B,Qwen,0.8,False,think,Reasoning · Think,aime2026,EN,False,No-Judge,,,64,0.6,16384,,,,,,0.0,30.0,1920.0,0.0,1920.0,0.0,1920.0,1920.0,1.0,1903.0,1607.0,1380.0,,,,/user/home/t.tuna/evalhub/results/think/Qwen3.5-0.8B,/user/home/t.tuna/evalhub/results/think/Qwen3.5-0.8B/aime2026__t0.6__max16384__n64/aime2026_summary.json,0.0,0.0,0.0,0.0,0.0,0.0,0.0,0.0,0.0,0.0,0.0,0.0,0.0,0.0,0.0,0.0,0.0,0.0,0.0,0.0,0.0,0.0,0.0,0.0,0.0,0.0,0.0,0.0,0.0,0.0,0.0,0.0,0.0,0.0,0.0,0.0,0.0,0.0,0.0,0.0,0.0,0.0,,,,,,,,,,,,,,,,,,,,,,,,,,,,,,,,,,,,,,,,,,,,,,,,,,,,,,,,,,,,,,,,,,,,,,,,,,,,,,,,,,,,,,,current,No-Judge,Q-0.8B|think|aime2026
Qwen3.5-0.8B,Q-0.8B,Qwen,0.8,False,think,Reasoning · Think,aime2026,EN,False,No-Judge,,,64,0.6,32768,,,,,,0.0,30.0,1920.0,0.0,1920.0,0.0,1920.0,1920.0,1.0,1908.0,1676.0,1401.0,,,,/user/home/t.tuna/evalhub/results/think/Qwen3.5-0.8B,/user/home/t.tuna/evalhub/results/think/Qwen3.5-0.8B/aime2026__t0.6__max32768__n64/aime2026_summary.json,0.0,0.0,0.0,0.0,0.0,0.0,0.0,0.0,0.0,0.0,0.0,0.0,0.0,0.0,0.0,0.0,0.0,0.0,0.0,0.0,0.0,0.0,0.0,0.0,0.0,0.0,0.0,0.0,0.0,0.0,0.0,0.0,0.0,0.0,0.0,0.0,0.0,0.0,0.0,0.0,0.0,0.0,,,,,,,,,,,,,,,,,,,,,,,,,,,,,,,,,,,,,,,,,,,,,,,,,,,,,,,,,,,,,,,,,,,,,,,,,,,,,,,,,,,,,,,current,No-Judge,Q-0.8B|think|aime2026
Qwen3.5-0.8B,Q-0.8B,Qwen,0.8,False,think,Reasoning · Think,aime2026_pt,PT,False,No-Judge,,,64,0.6,16384,,,,,,0.0,30.0,1920.0,0.0,1920.0,0.0,1920.0,1920.0,1.0,1897.0,1321.0,1026.0,,,,/user/home/t.tuna/evalhub/results/think/Qwen3.5-0.8B,/user/home/t.tuna/evalhub/results/think/Qwen3.5-0.8B/aime2026_pt__t0.6__max16384__n64/aime2026_pt_summary.json,0.0,0.0,0.0,0.0,0.0,0.0,0.0,0.0,0.0,0.0,0.0,0.0,0.0,0.0,0.0,0.0,0.0,0.0,0.0,0.0,0.0,0.0,0.0,0.0,0.0,0.0,0.0,0.0,0.0,0.0,0.0,0.0,0.0,0.0,0.0,0.0,0.0,0.0,0.0,0.0,0.0,0.0,,,,,,,,,,,,,,,,,,,,,,,,,,,,,,,,,,,,,,,,,,,,,,,,,,,,,,,,,,,,,,,,,,,,,,,,,,,,,,,,,,,,,,,current,No-Judge,Q-0.8B|think|aime2026_pt
Qwen3.5-0.8B,Q-0.8B,Qwen,0.8,False,think,Reasoning · Think,aime2026_pt,PT,False,No-Judge,,,64,0.6,32768,,,,,,0.0,30.0,1920.0,0.0,1920.0,0.0,1920.0,1920.0,1.0,1909.0,1445.0,1081.0,,,,/user/home/t.tuna/evalhub/results/think/Qwen3.5-0.8B,/user/home/t.tuna/evalhub/results/think/Qwen3.5-0.8B/aime2026_pt__t0.6__max32768__n64/aime2026_pt_summary.json,0.0,0.0,0.0,0.0,0.0,0.0,0.0,0.0,0.0,0.0,0.0,0.0,0.0,0.0,0.0,0.0,0.0,0.0,0.0,0.0,0.0,0.0,0.0,0.0,0.0,0.0,0.0,0.0,0.0,0.0,0.0,0.0,0.0,0.0,0.0,0.0,0.0,0.0,0.0,0.0,0.0,0.0,,,,,,,,,,,,,,,,,,,,,,,,,,,,,,,,,,,,,,,,,,,,,,,,,,,,,,,,,,,,,,,,,,,,,,,,,,,,,,,,,,,,,,,current,No-Judge,Q-0.8B|think|aime2026_pt
Qwen3.5-0.8B,Q-0.8B,Qwen,0.8,False,think,Reasoning · Think,aime2026_tr,TR,False,No-Judge,,,64,0.6,16384,,,,,,0.0,30.0,1920.0,0.0,1920.0,0.0,1916.0,1920.0,0.997917,1901.0,1224.0,894.0,,,,/user/home/t.tuna/evalhub/results/think/Qwen3.5-0.8B,/user/home/t.tuna/evalhub/results/think/Qwen3.5-0.8B/aime2026_tr__t0.6__max16384__n64/aime2026_tr_summary.json,0.0,0.0,0.0,0.0,0.0,0.0,0.0,0.0,0.0,0.0,0.0,0.0,0.0,0.0,0.0,0.0,0.0,0.0,0.0,0.0,0.0,0.0,0.0,0.0,0.0,0.0,0.0,0.0,0.0,0.0,0.0,0.0,0.0,0.0,0.0,0.0,0.0,0.0,0.0,0.0,0.0,0.0,,,,,,,,,,,,,,,,,,,,,,,,,,,,,,,,,,,,,,,,,,,,,,,,,,,,,,,,,,,,,,,,,,,,,,,,,,,,,,,,,,,,,,,current,No-Judge,Q-0.8B|think|aime2026_tr
Qwen3.5-0.8B,Q-0.8B,Qwen,0.8,False,think,Reasoning · Think,aime2026_tr,TR,False,No-Judge,,,64,0.6,32768,,,,,,0.0,30.0,1920.0,0.0,1920.0,0.0,1918.0,1920.0,0.998958,1910.0,1308.0,911.0,,,,/user/home/t.tuna/evalhub/results/think/Qwen3.5-0.8B,/user/home/t.tuna/evalhub/results/think/Qwen3.5-0.8B/aime2026_tr__t0.6__max32768__n64/aime2026_tr_summary.json,0.0,0.0,0.0,0.0,0.0,0.0,0.0,0.0,0.0,0.0,0.0,0.0,0.0,0.0,0.0,0.0,0.0,0.0,0.0,0.0,0.0,0.0,0.0,0.0,0.0,0.0,0.0,0.0,0.0,0.0,0.0,0.0,0.0,0.0,0.0,0.0,0.0,0.0,0.0,0.0,0.0,0.0,,,,,,,,,,,,,,,,,,,,,,,,,,,,,,,,,,,,,,,,,,,,,,,,,,,,,,,,,,,,,,,,,,,,,,,,,,,,,,,,,,,,,,,current,No-Judge,Q-0.8B|think|aime2026_tr
Qwen3.5-0.8B,Q-0.8B,Qwen,0.8,False,think,Reasoning · Think,aime2026,EN,True,cot:Qwen3.6-35B·TH,Qwen3.6-35B-A3B,think,64,0.6,16384,,0.6,16384.0,,,0.0,,,,,,,,,,,,,,,/user/home/t.tuna/evalhub/results/think/Qwen3.5-0.8B/judged_by/Qwen3.6-35B-A3B__state-think__t0.6__max16384__basemax16384,/user/home/t.tuna/evalhub/results/think/Qwen3.5-0.8B/judged_by/Qwen3.6-35B-A3B__state-think__t0.6__max16384__basemax16384/aime2026__t0.6__max16384__n64/aime2026_cot_summary.json,,,,,,,,,,,,,,,,,,,,,,,,,,,,,,,,,,,,,,,,,,,,,,,,,,,,,,,,,,,,,,,,,,,,,,,,,,,,,,,,,,,,,,,,,,,,,,,,,,,,,,,,,,,,,,,,,,,,,,,,,,,,,,,,,current,Qwen3.6,Q-0.8B|think|aime2026
Qwen3.5-0.8B,Q-0.8B,Qwen,0.8,False,think,Reasoning · Think,aime2026_pt,PT,True,cot:Qwen3.6-35B·TH,Qwen3.6-35B-A3B,think,64,0.6,16384,,0.6,16384.0,,,0.0,,,,,,,,,,,,,,,/user/home/t.tuna/evalhub/results/think/Qwen3.5-0.8B/judged_by/Qwen3.6-35B-A3B__state-think__t0.6__max16384__basemax16384,/user/home/t.tuna/evalhub/results/think/Qwen3.5-0.8B/judged_by/Qwen3.6-35B-A3B__state-think__t0.6__max16384__basemax16384/aime2026_pt__t0.6__max16384__n64/aime2026_pt_cot_summary.json,,,,,,,,,,,,,,,,,,,,,,,,,,,,,,,,,,,,,,,,,,,,,,,,,,,,,,,,,,,,,,,,,,,,,,,,,,,,,,,,,,,,,,,,,,,,,,,,,,,,,,,,,,,,,,,,,,,,,,,,,,,,,,,,,current,Qwen3.6,Q-0.8B|think|aime2026_pt
Qwen3.5-0.8B,Q-0.8B,Qwen,0.8,False,think,Reasoning · Think,aime2026_tr,TR,True,cot:Qwen3.6-35B·TH,Qwen3.6-35B-A3B,think,64,0.6,16384,,0.6,16384.0,,,0.0,,,,,,,,,,,,,,,/user/home/t.tuna/evalhub/results/think/Qwen3.5-0.8B/judged_by/Qwen3.6-35B-A3B__state-think__t0.6__max16384__basemax16384,/user/home/t.tuna/evalhub/results/think/Qwen3.5-0.8B/judged_by/Qwen3.6-35B-A3B__state-think__t0.6__max16384__basemax16384/aime2026_tr__t0.6__max16384__n64/aime2026_tr_cot_summary.json,,,,,,,,,,,,,,,,,,,,,,,,,,,,,,,,,,,,,,,,,,,,,,,,,,,,,,,,,,,,,,,,,,,,,,,,,,,,,,,,,,,,,,,,,,,,,,,,,,,,,,,,,,,,,,,,,,,,,,,,,,,,,,,,,current,Qwen3.6,Q-0.8B|think|aime2026_tr
Qwen3.5-0.8B,Q-0.8B,Qwen,0.8,False,think,Reasoning · Think,pt_exams_math,PT,True,cot:Qwen3.6-35B·TH,Qwen3.6-35B-A3B,think,16,0.6,16384,,0.6,16384.0,,,0.108433734939759,166.0,2656.0,419.0,2223.0,14.0,,,,,,,19.0,1299.0,0.014627,/user/home/t.tuna/evalhub/results/think/Qwen3.5-0.8B/judged_by/Qwen3.6-35B-A3B__state-think__t0.6__max16384__basemax16384,/user/home/t.tuna/evalhub/results/think/Qwen3.5-0.8B/judged_by/Qwen3.6-35B-A3B__state-think__t0.6__max16384__basemax16384/pt_exams_math__t0.6__max16384__n16/pt_exams_math_cot_summary.json,0.1577560240963855,0.1577560240963855,0.1577560240963855,0.1577560240963855,0.1577560240963855,0.0,0.2544176706827311,0.2544176706827311,0.2544176706827311,0.0610943775100402,0.0610943775100402,0.0610943775100402,0.3699721964782206,0.3699721964782206,0.1743777307030319,0.0678339732556601,0.0188401959486296,0.0433370846021448,0.4811947089055521,0.3214845395568287,0.1253615862049597,0.0347333389502064,0.0064102564102564,0.0321337798747437,0.5662650602409639,0.2831325301204819,0.0903614457831325,0.0120481927710843,0.0,0.0263554216867469,,,,,,,,,,,,,0.108433734939759,0.108433734939759,0.253012048192771,0.2831325301204819,0.0783132530120482,0.1024096385542168,0.0120481927710843,0.0120481927710843,0.0,0.0,0.1457078313253012,0.1603915662650602,0.1457078313253012,0.1603915662650602,0.1457078313253012,0.1603915662650602,0.1457078313253012,0.1603915662650602,0.2371485943775102,0.2576807228915664,0.2371485943775102,0.2576807228915664,0.0542670682730924,0.0631024096385542,0.0542670682730924,0.0631024096385542,,,,,,,,,0.3504501522573812,0.372616840990335,0.1562226929696809,0.1787071362372567,0.0590957235535549,0.0708195419038793,0.0170627565205878,0.01942274592877,,,,,,,,,0.2980003931811161,0.3240631523764054,0.1078860898138006,0.1319146048061711,0.0304490690032858,0.0360575167804083,0.0063288117504984,0.0064149371378287,0.0233433734939759,0.0271084337349397,0.0,0.0,0.0542670682730924,0.0631024096385542,,,0.0380792400370713,0.0451211439163246,,,0.0281984581683376,0.0336146450604281,0.5542168674698795,0.5662650602409639,0.1457078313253012,0.1603915662650602,0.2371485943775102,0.2576807228915664,,,0.3504501522573812,0.372616840990335,,,0.4644058752492486,0.4828989618146244,current,Qwen3.6,Q-0.8B|think|pt_exams_math
Qwen3.5-0.8B,Q-0.8B,Qwen,0.8,False,think,Reasoning · Think,tubitak_math2026,TR-OL,True,cot:Qwen3.6-35B·TH,Qwen3.6-35B-A3B,think,64,0.6,16384,,0.6,16384.0,,,0.0,32.0,2048.0,4.0,2022.0,22.0,,,,,,,0.0,78.0,0.0,/user/home/t.tuna/evalhub/results/think/Qwen3.5-0.8B/judged_by/Qwen3.6-35B-A3B__state-think__t0.6__max16384__basemax16384,/user/home/t.tuna/evalhub/results/think/Qwen3.5-0.8B/judged_by/Qwen3.6-35B-A3B__state-think__t0.6__max16384__basemax16384/tubitak_math2026__t0.6__max16384__n64/tubitak_math2026_cot_summary.json,0.0019531249999999,0.001953125,0.001953125,0.001953125,0.001953125,0.0,0.0038597470238095,0.0038597470238095,0.0038597470238095,4.65029761904762e-05,4.65029761904762e-05,4.65029761904762e-05,0.0075364823348694,0.0075364823348694,0.0002730174731182,3.0001920122887878e-06,0.0,1.5000960061443937e-06,0.0143649193548387,0.0012180779569892,0.0,0.0,0.0,0.0,0.0260896697388632,0.0,0.0,0.0,0.0,0.0,0.0431547619047619,0.0,0.0,0.0,0.0,0.0,0.0625,0.0,0.0,0.0,0.0,0.0,0.0,0.0,0.0,0.0009464201152052,0.0,0.0,0.0,0.0,0.0,0.0,0.00048828125,0.00341796875,0.00048828125,0.00341796875,0.00048828125,0.00341796875,0.00048828125,0.00341796875,0.0009765625,0.0066034226190476,0.0009765625,0.0066034226190476,0.0,0.0002325148809523,0.0,0.0002325148809523,0.0,0.0,0.0,0.0,0.0,0.0,0.0,0.0,0.001953125,0.0123360518023973,0.0,0.0012772948616252,0.0,5.779058384326762e-05,0.0,7.377521341693738e-07,0.0,0.0,0.0,0.0,0.0,0.0,0.0,0.0,0.0,0.0049797868919682,0.0,4.625080667568949e-05,0.0,1.1670655229798002e-08,0.0,0.0,0.0,0.0,0.0,0.0,0.0,0.0002325148809523,0.0,0.0,0.0,2.92641679887185e-05,0.0,0.0,0.0,3.32613674049243e-07,0.0078125,0.0339476219392739,0.00048828125,0.00341796875,0.0009765625,0.0066034226190476,0.015625,0.0464972909141428,0.001953125,0.0123360518023973,0.03125,0.0625,0.00390625,0.0216231099140442,current,Qwen3.6,Q-0.8B|think|tubitak_math2026
Qwen3.5-0.8B,Q-0.8B,Qwen,0.8,False,think,Reasoning · Think,aime2026,EN,True,cot:Qwen3.6-35B·TH,Qwen3.6-35B-A3B,think,64,0.6,32768,,0.6,16384.0,,,0.0,,,,,,,,,,,,,,,/user/home/t.tuna/evalhub/results/think/Qwen3.5-0.8B/judged_by/Qwen3.6-35B-A3B__state-think__t0.6__max16384__basemax32768,/user/home/t.tuna/evalhub/results/think/Qwen3.5-0.8B/judged_by/Qwen3.6-35B-A3B__state-think__t0.6__max16384__basemax32768/aime2026__t0.6__max32768__n64/aime2026_cot_summary.json,,,,,,,,,,,,,,,,,,,,,,,,,,,,,,,,,,,,,,,,,,,,,,,,,,,,,,,,,,,,,,,,,,,,,,,,,,,,,,,,,,,,,,,,,,,,,,,,,,,,,,,,,,,,,,,,,,,,,,,,,,,,,,,,,current,Qwen3.6,Q-0.8B|think|aime2026
Qwen3.5-0.8B,Q-0.8B,Qwen,0.8,False,think,Reasoning · Think,aime2026,EN,True,cot:G4-26B·TH,gemma-4-26B-A4B-it,think,64,0.6,16384,,0.6,16384.0,,,0.0,,,,,,,,,,,,,,,/user/home/t.tuna/evalhub/results/think/Qwen3.5-0.8B/judged_by/gemma-4-26B-A4B-it__state-think__t0.6__max16384__basemax16384,/user/home/t.tuna/evalhub/results/think/Qwen3.5-0.8B/judged_by/gemma-4-26B-A4B-it__state-think__t0.6__max16384__basemax16384/aime2026__t0.6__max16384__n64/aime2026_cot_summary.json,,,,,,,,,,,,,,,,,,,,,,,,,,,,,,,,,,,,,,,,,,,,,,,,,,,,,,,,,,,,,,,,,,,,,,,,,,,,,,,,,,,,,,,,,,,,,,,,,,,,,,,,,,,,,,,,,,,,,,,,,,,,,,,,,current,Gemma4,Q-0.8B|think|aime2026
Qwen3.5-0.8B,Q-0.8B,Qwen,0.8,False,think,Reasoning · Think,aime2026_pt,PT,True,cot:G4-26B·TH,gemma-4-26B-A4B-it,think,64,0.6,16384,,0.6,16384.0,,,0.0,,,,,,,,,,,,,,,/user/home/t.tuna/evalhub/results/think/Qwen3.5-0.8B/judged_by/gemma-4-26B-A4B-it__state-think__t0.6__max16384__basemax16384,/user/home/t.tuna/evalhub/results/think/Qwen3.5-0.8B/judged_by/gemma-4-26B-A4B-it__state-think__t0.6__max16384__basemax16384/aime2026_pt__t0.6__max16384__n64/aime2026_pt_cot_summary.json,,,,,,,,,,,,,,,,,,,,,,,,,,,,,,,,,,,,,,,,,,,,,,,,,,,,,,,,,,,,,,,,,,,,,,,,,,,,,,,,,,,,,,,,,,,,,,,,,,,,,,,,,,,,,,,,,,,,,,,,,,,,,,,,,current,Gemma4,Q-0.8B|think|aime2026_pt
Qwen3.5-0.8B,Q-0.8B,Qwen,0.8,False,think,Reasoning · Think,aime2026_tr,TR,True,cot:G4-26B·TH,gemma-4-26B-A4B-it,think,64,0.6,16384,,0.6,16384.0,,,0.0,,,,,,,,,,,,,,,/user/home/t.tuna/evalhub/results/think/Qwen3.5-0.8B/judged_by/gemma-4-26B-A4B-it__state-think__t0.6__max16384__basemax16384,/user/home/t.tuna/evalhub/results/think/Qwen3.5-0.8B/judged_by/gemma-4-26B-A4B-it__state-think__t0.6__max16384__basemax16384/aime2026_tr__t0.6__max16384__n64/aime2026_tr_cot_summary.json,,,,,,,,,,,,,,,,,,,,,,,,,,,,,,,,,,,,,,,,,,,,,,,,,,,,,,,,,,,,,,,,,,,,,,,,,,,,,,,,,,,,,,,,,,,,,,,,,,,,,,,,,,,,,,,,,,,,,,,,,,,,,,,,,current,Gemma4,Q-0.8B|think|aime2026_tr
Qwen3.5-0.8B,Q-0.8B,Qwen,0.8,False,think,Reasoning · Think,pt_exams_math,PT,True,cot:G4-26B·TH,gemma-4-26B-A4B-it,think,16,0.6,16384,,0.6,16384.0,,,0.108433734939759,166.0,2656.0,389.0,2223.0,44.0,,,,,,,201.0,1299.0,0.154734,/user/home/t.tuna/evalhub/results/think/Qwen3.5-0.8B/judged_by/gemma-4-26B-A4B-it__state-think__t0.6__max16384__basemax16384,/user/home/t.tuna/evalhub/results/think/Qwen3.5-0.8B/judged_by/gemma-4-26B-A4B-it__state-think__t0.6__max16384__basemax16384/pt_exams_math__t0.6__max16384__n16/pt_exams_math_cot_summary.json,0.1464608433734939,0.1464608433734939,0.1464608433734939,0.1464608433734939,0.1464608433734939,0.0,0.2365963855421688,0.2365963855421688,0.2365963855421688,0.0563253012048193,0.0563253012048193,0.0563253012048193,0.3469250628889184,0.3469250628889184,0.1579769627962399,0.0628491989937773,0.0180921488150403,0.0404706739044088,0.4605817208226844,0.2898170771664747,0.1150499433631964,0.0330538938972673,0.0063896612089383,0.0305113226799973,0.5602409638554217,0.2469879518072289,0.0903614457831325,0.0120481927710843,0.0,0.0248493975903614,,,,,,,,,,,,,0.108433734939759,0.108433734939759,0.180722891566265,0.253012048192771,0.072289156626506,0.0903614457831325,0.0120481927710843,0.0120481927710843,0.0,0.0,0.1163403614457831,0.1502259036144578,0.1163403614457831,0.1502259036144578,0.1163403614457831,0.1502259036144578,0.1163403614457831,0.1502259036144578,0.1902108433734941,0.2427710843373496,0.1902108433734941,0.2427710843373496,0.0424698795180723,0.0576807228915663,0.0424698795180723,0.0576807228915663,,,,,,,,,0.282639348603204,0.3551899907321594,0.1224347941215411,0.1635178074937111,0.0484774261882695,0.064020918840196,0.0118098768701178,0.0181748973917648,,,,,,,,,0.2269815860177306,0.3021994738862208,0.0892146675279205,0.1178654009979311,0.0263403263403263,0.033096020445418,0.0019078645584669,0.0063896612089383,0.0188253012048192,0.0248493975903614,0.0,0.0,0.0424698795180723,0.0576807228915663,,,0.0301436515291937,0.0410979081159804,,,0.0227120603626627,0.0306815841454395,0.4759036144578313,0.5602409638554217,0.1163403614457831,0.1502259036144578,0.1902108433734941,0.2427710843373496,,,0.282639348603204,0.3551899907321594,,,0.3839474447908181,0.4676449387292758,current,Gemma4,Q-0.8B|think|pt_exams_math
Qwen3.5-0.8B,Q-0.8B,Qwen,0.8,False,think,Reasoning · Think,tubitak_math2026,TR-OL,True,cot:G4-26B·TH,gemma-4-26B-A4B-it,think,64,0.6,16384,,0.6,16384.0,,,0.0,32.0,2048.0,6.0,2022.0,20.0,,,,,,,20.0,78.0,0.25641,/user/home/t.tuna/evalhub/results/think/Qwen3.5-0.8B/judged_by/gemma-4-26B-A4B-it__state-think__t0.6__max16384__basemax16384,/user/home/t.tuna/evalhub/results/think/Qwen3.5-0.8B/judged_by/gemma-4-26B-A4B-it__state-think__t0.6__max16384__basemax16384/tubitak_math2026__t0.6__max16384__n64/tubitak_math2026_cot_summary.json,0.0029296875,0.0029296875,0.0029296875,0.0029296875,0.0029296875,0.0,0.005704365079365,0.005704365079365,0.005704365079365,0.0001550099206349,0.0001550099206349,0.0001550099206349,0.0108184464789353,0.0108184464789353,0.0008707934356979,2.9264167988718496e-05,2.459173780564579e-07,1.4755042683387478e-05,0.0195002644103648,0.003550948572184,1.6296124919207944e-05,0.0,0.0,5.738072154650685e-08,0.0320444114980735,0.0003759584875727,0.0,0.0,0.0,0.0,0.046049635701275,0.0,0.0,0.0,0.0,0.0,0.0625,0.0,0.0,0.0,0.0,0.0,0.0,0.0,0.0,0.0009464201152052,0.0,0.0,0.0,0.0,0.0,0.0,0.00146484375,0.00341796875,0.00146484375,0.00341796875,0.00146484375,0.00341796875,0.00146484375,0.00341796875,0.0029141865079365,0.0066034226190476,0.0029141865079365,0.0066034226190476,1.5500992063492066e-05,0.0002325148809523,1.5500992063492066e-05,0.0002325148809523,0.0,0.0,0.0,0.0,0.0,0.0,0.0,0.0,0.005766369047619,0.0123360518023973,9.30059523809524e-05,0.0012772948616252,0.0,5.779058384326762e-05,0.0,7.377521341693738e-07,0.0,0.0,0.0,0.0,0.0,0.0,0.0,0.0,0.0004340277777777,0.0049797868919682,0.0,4.625080667568949e-05,0.0,1.1670655229798002e-08,0.0,0.0,0.0,0.0,0.0,0.0,1.5500992063492066e-05,0.0002325148809523,0.0,0.0,0.0,2.92641679887185e-05,0.0,0.0,0.0,3.32613674049243e-07,0.0215773809523809,0.0339476219392739,0.00146484375,0.00341796875,0.0029141865079365,0.0066034226190476,0.0391865079365079,0.0464972909141428,0.005766369047619,0.0123360518023973,0.0625,0.0625,0.0112847222222222,0.0216231099140442,current,Gemma4,Q-0.8B|think|tubitak_math2026
Qwen3.5-0.8B,Q-0.8B,Qwen,0.8,False,think,Reasoning · Think,pt_exams_math,PT,False,No-Judge,,,16,0.6,16384,,,,,,0.108433734939759,166.0,2656.0,433.0,2223.0,0.0,2252.0,2656.0,0.847892,2231.0,1327.0,1012.0,,,,/user/home/t.tuna/evalhub/results/think/Qwen3.5-0.8B,/user/home/t.tuna/evalhub/results/think/Qwen3.5-0.8B/pt_exams_math__t0.6__max16384__n16/pt_exams_math_summary.json,0.1630271084337349,0.1630271084337349,0.1630271084337349,0.1630271084337349,0.1630271084337349,0.0,0.2623995983935743,0.2623995983935745,0.2623995983935745,0.0636546184738956,0.0636546184738956,0.0636546184738956,0.380259499536608,0.380259499536608,0.181209453197405,0.071200185356812,0.0194392956441149,0.0453197405004634,0.4934643000908061,0.3306433191975361,0.1327641568605425,0.0360575167804083,0.0064149371378287,0.0336339530616639,0.5783132530120482,0.2891566265060241,0.1024096385542168,0.0120481927710843,0.0,0.0271084337349397,,,,,,,,,,,,,,,,,,,,,,,,,,,,,,,,,,,,,,,,,,,,,,,,,,,,,,,,,,,,,,,,,,,,,,,,,,,,,,,,,,,,,,,,,,,,,,,,,,,current,No-Judge,Q-0.8B|think|pt_exams_math
Qwen3.5-0.8B,Q-0.8B,Qwen,0.8,False,think,Reasoning · Think,pt_exams_math,PT,False,No-Judge,,,16,0.6,32768,,,,,,0.1566265060240964,166.0,2656.0,447.0,2209.0,0.0,2256.0,2656.0,0.849398,2243.0,1433.0,977.0,,,,/user/home/t.tuna/evalhub/results/think/Qwen3.5-0.8B,/user/home/t.tuna/evalhub/results/think/Qwen3.5-0.8B/pt_exams_math__t0.6__max32768__n16/pt_exams_math_summary.json,0.1682981927710843,0.1682981927710843,0.1682981927710843,0.1682981927710843,0.1682981927710843,0.0,0.2635542168674699,0.26355421686747,0.26355421686747,0.0730421686746988,0.0730421686746988,0.0730421686746988,0.3730239639878194,0.3730239639878194,0.1895339600158877,0.0831854892095857,0.0274493578710446,0.0553174235403151,0.4774791473586654,0.3247030078355379,0.1464740079197911,0.0490016008088297,0.0117238183503243,0.0436220406099924,0.5662650602409639,0.2891566265060241,0.1204819277108433,0.036144578313253,0.0060240963855421,0.036144578313253,,,,,,,,,,,,,,,,,,,,,,,,,,,,,,,,,,,,,,,,,,,,,,,,,,,,,,,,,,,,,,,,,,,,,,,,,,,,,,,,,,,,,,,,,,,,,,,,,,,current,No-Judge,Q-0.8B|think|pt_exams_math
Qwen3.5-0.8B,Q-0.8B,Qwen,0.8,False,think,Reasoning · Think,tubitak_math2026,TR-OL,False,No-Judge,,,64,0.6,16384,,,,,,0.03125,32.0,2048.0,26.0,2022.0,0.0,1746.0,2048.0,0.852539,1664.0,1093.0,841.0,,,,/user/home/t.tuna/evalhub/results/think/Qwen3.5-0.8B,/user/home/t.tuna/evalhub/results/think/Qwen3.5-0.8B/tubitak_math2026__t0.6__max16384__n64/tubitak_math2026_summary.json,0.0126953124999999,0.0126953125,0.0126953125,0.0126953125,0.0126953125,0.0,0.0248170882936507,0.0248170882936507,0.0248170882936507,0.0005735367063492,0.0005735367063492,0.0005735367063492,0.0475105980553247,0.0475105980553247,0.0031035264945481,0.0001636826068343,3.442843292790411e-06,8.35627250635844e-05,0.0877111588214161,0.0118599145390087,0.0001927895447421,3.0760966588449445e-07,7.060287495340595e-12,2.8945554864772517e-06,0.1533097899511518,0.0031014398573415,9.086590006503345e-08,0.0,0.0,0.0,0.2506697853970854,7.426222196224097e-05,0.0,0.0,0.0,0.0,0.375,0.0,0.0,0.0,0.0,0.0,,,,,,,,,,,,,,,,,,,,,,,,,,,,,,,,,,,,,,,,,,,,,,,,,,,,,,,,,,,,,,,,,,,,,,,,,,,,,,,,,,,,,,,current,No-Judge,Q-0.8B|think|tubitak_math2026
Qwen3.5-0.8B,Q-0.8B,Qwen,0.8,False,think,Reasoning · Think,tubitak_math2026,TR-OL,False,No-Judge,,,64,0.6,32768,,,,,,0.0,32.0,2048.0,23.0,2025.0,0.0,2028.0,2048.0,0.990234,1966.0,1391.0,1025.0,,,,/user/home/t.tuna/evalhub/results/think/Qwen3.5-0.8B,/user/home/t.tuna/evalhub/results/think/Qwen3.5-0.8B/tubitak_math2026__t0.6__max32768__n64/tubitak_math2026_summary.json,0.01123046875,0.01123046875,0.01123046875,0.01123046875,0.01123046875,0.0,0.0208178323412698,0.0208178323412698,0.0208178323412698,0.0016431051587301,0.0016431051587301,0.0016431051587301,0.036361195969001,0.036361195969001,0.0073298625538263,0.0011636810329631,6.713544420941301e-05,0.0006154082385862,0.0588819374221695,0.0194027506918602,0.0024763650702578,4.3827652464701136e-05,4.5432950032516726e-08,0.0001201497080084,0.0916757097407453,0.0173456689857741,0.000215998256265,6.291604767229681e-09,0.0,4.174885773861598e-06,0.1485613971106187,0.015625,0.0,0.0,0.0,0.0,0.25,0.0,0.0,0.0,0.0,0.0,,,,,,,,,,,,,,,,,,,,,,,,,,,,,,,,,,,,,,,,,,,,,,,,,,,,,,,,,,,,,,,,,,,,,,,,,,,,,,,,,,,,,,,current,No-Judge,Q-0.8B|think|tubitak_math2026
Qwen3.5-2B,Q-2B,Qwen,2.0,False,think,Reasoning · Think,aime2026,EN,False,No-Judge,,,64,0.6,16384,,,,,,0.0333333333333333,30.0,1920.0,6.0,1914.0,0.0,1915.0,1920.0,0.997396,734.0,569.0,668.0,,,,/user/home/t.tuna/evalhub/results/think/Qwen3.5-2B,/user/home/t.tuna/evalhub/results/think/Qwen3.5-2B/aime2026__t0.6__max16384__n64/aime2026_summary.json,0.003125,0.003125,0.003125,0.003125,0.003125,0.0,0.0060019841269841,0.0060019841269841,0.0060019841269841,0.0002480158730158,0.0002480158730158,0.0002480158730158,0.0110751219225571,0.0110751219225571,0.0013624478524002,6.16432894328188e-05,7.869356097806654e-07,3.121511252129973e-05,0.0188979839083138,0.005311772684766,4.933419378740212e-05,1.2448698911784536e-08,0.0,3.547879189858592e-07,0.0278774634018922,0.0010095147895522,0.0,0.0,0.0,0.0,0.0329304436417523,0.0,0.0,0.0,0.0,0.0,0.0333333333333333,0.0,0.0,0.0,0.0,0.0,,,,,,,,,,,,,,,,,,,,,,,,,,,,,,,,,,,,,,,,,,,,,,,,,,,,,,,,,,,,,,,,,,,,,,,,,,,,,,,,,,,,,,,current,No-Judge,Q-2B|think|aime2026
Qwen3.5-2B,Q-2B,Qwen,2.0,False,think,Reasoning · Think,aime2026,EN,False,No-Judge,,,64,0.6,32768,,,,,,0.2666666666666666,30.0,1920.0,79.0,1841.0,0.0,1843.0,1920.0,0.959896,1411.0,1068.0,1129.0,,,,/user/home/t.tuna/evalhub/results/think/Qwen3.5-2B,/user/home/t.tuna/evalhub/results/think/Qwen3.5-2B/aime2026__t0.6__max32768__n64/aime2026_summary.json,0.0411458333333333,0.0411458333333333,0.0411458333333333,0.0411458333333333,0.0411458333333333,0.0,0.0710813492063492,0.0710813492063492,0.0710813492063492,0.0112103174603174,0.0112103174603174,0.0112103174603174,0.1124907666221785,0.1124907666221785,0.038705375504688,0.0116050443621834,0.0017821468442832,0.0066935956032333,0.1627394779706296,0.0811581424176016,0.0247602093358267,0.0037488759050811,5.959286306237862e-05,0.0040081017728331,0.2163252271307502,0.062484225218645,0.0191955196907429,0.0004811298293322,2.0506560245284395e-08,0.002356603889804,0.2611553019899138,0.0572079665240397,0.0166671451530453,7.248385643554131e-07,0.0,0.0011734055721609,0.3,0.0666666666666666,0.0,0.0,0.0,0.0,,,,,,,,,,,,,,,,,,,,,,,,,,,,,,,,,,,,,,,,,,,,,,,,,,,,,,,,,,,,,,,,,,,,,,,,,,,,,,,,,,,,,,,current,No-Judge,Q-2B|think|aime2026
Qwen3.5-2B,Q-2B,Qwen,2.0,False,think,Reasoning · Think,aime2026_pt,PT,False,No-Judge,,,64,0.6,16384,,,,,,0.4,30.0,1920.0,307.0,1613.0,0.0,1520.0,1920.0,0.791667,499.0,198.0,278.0,,,,/user/home/t.tuna/evalhub/results/think/Qwen3.5-2B,/user/home/t.tuna/evalhub/results/think/Qwen3.5-2B/aime2026_pt__t0.6__max16384__n64/aime2026_pt_summary.json,0.1598958333333333,0.1598958333333333,0.1598958333333333,0.1598958333333333,0.1598958333333333,0.0,0.2220734126984127,0.2220734126984127,0.2220734126984127,0.0977182539682539,0.0977182539682539,0.0977182539682539,0.2857783422729218,0.2857783422729218,0.1808818190593706,0.1133418112529693,0.0595813607480714,0.0864615860005204,0.3449778272420541,0.2577916787254871,0.1574157282216875,0.0921964125087339,0.0360230640618938,0.0791534200291241,0.3985570421938284,0.2466493648138653,0.1428717388487076,0.080508140296518,0.0178074614072841,0.0750843650322981,0.4422038100941862,0.252376062057913,0.1364255795562078,0.0716274143642994,0.0041488597966964,0.0733003700753115,0.4666666666666667,0.2666666666666666,0.1333333333333333,0.0666666666666666,0.0,0.0729166666666666,,,,,,,,,,,,,,,,,,,,,,,,,,,,,,,,,,,,,,,,,,,,,,,,,,,,,,,,,,,,,,,,,,,,,,,,,,,,,,,,,,,,,,,current,No-Judge,Q-2B|think|aime2026_pt
Qwen3.5-2B,Q-2B,Qwen,2.0,False,think,Reasoning · Think,aime2026_pt,PT,False,No-Judge,,,64,0.6,32768,,,,,,0.5333333333333333,30.0,1920.0,541.0,1379.0,0.0,1113.0,1920.0,0.579688,942.0,418.0,429.0,,,,/user/home/t.tuna/evalhub/results/think/Qwen3.5-2B,/user/home/t.tuna/evalhub/results/think/Qwen3.5-2B/aime2026_pt__t0.6__max32768__n64/aime2026_pt_summary.json,0.2817708333333334,0.2817708333333333,0.2817708333333333,0.2817708333333333,0.2817708333333333,0.0,0.3755291005291005,0.3755291005291006,0.3755291005291006,0.1880125661375661,0.1880125661375661,0.1880125661375661,0.4546090294041113,0.4546090294041113,0.3334015344195142,0.2225444461232404,0.1165283233864672,0.1695363847548538,0.5121239668061133,0.4361309080216906,0.3071317479372887,0.1848270725975279,0.0697262687467366,0.157139661346622,0.5516697872723426,0.4242965903589378,0.2914997645874681,0.1619194258042852,0.0382872652947498,0.1497543071320237,0.5832056468297471,0.4132056914399615,0.2800699856899639,0.147505512083388,0.0125723257664516,0.1456888386990677,0.6333333333333333,0.4,0.3,0.1333333333333333,0.0,0.1427083333333333,,,,,,,,,,,,,,,,,,,,,,,,,,,,,,,,,,,,,,,,,,,,,,,,,,,,,,,,,,,,,,,,,,,,,,,,,,,,,,,,,,,,,,,current,No-Judge,Q-2B|think|aime2026_pt
Qwen3.5-2B,Q-2B,Qwen,2.0,False,think,Reasoning · Think,aime2026_tr,TR,False,No-Judge,,,64,0.6,16384,,,,,,0.3,30.0,1920.0,273.0,1647.0,0.0,1534.0,1920.0,0.798958,483.0,225.0,273.0,,,,/user/home/t.tuna/evalhub/results/think/Qwen3.5-2B,/user/home/t.tuna/evalhub/results/think/Qwen3.5-2B/aime2026_tr__t0.6__max16384__n64/aime2026_tr_summary.json,0.1421875,0.1421875,0.1421875,0.1421875,0.1421875,0.0,0.2000330687830687,0.2000330687830688,0.2000330687830688,0.0843419312169312,0.0843419312169312,0.0843419312169312,0.2584201585622791,0.2584201585622791,0.1617882954345143,0.1013613461425465,0.0471801998606599,0.0742707730016032,0.3128994145615935,0.2332943683409165,0.1366761043634524,0.0870964282281646,0.0204124306003561,0.0682226168596087,0.3659651609121294,0.2327614771132759,0.1152523816230352,0.0868726391030612,0.0036976661018564,0.0654097431552152,0.4341266543711534,0.239030236936779,0.101735905240555,0.0904855522624617,4.826328077990383e-05,0.0646163372961996,0.5,0.2333333333333333,0.1,0.1,0.0,0.0645833333333333,,,,,,,,,,,,,,,,,,,,,,,,,,,,,,,,,,,,,,,,,,,,,,,,,,,,,,,,,,,,,,,,,,,,,,,,,,,,,,,,,,,,,,,current,No-Judge,Q-2B|think|aime2026_tr
Qwen3.5-2B,Q-2B,Qwen,2.0,False,think,Reasoning · Think,aime2026_tr,TR,False,No-Judge,,,64,0.6,32768,,,,,,0.4666666666666667,30.0,1920.0,450.0,1470.0,0.0,1111.0,1920.0,0.578646,932.0,503.0,517.0,,,,/user/home/t.tuna/evalhub/results/think/Qwen3.5-2B,/user/home/t.tuna/evalhub/results/think/Qwen3.5-2B/aime2026_tr__t0.6__max32768__n64/aime2026_tr_summary.json,0.234375,0.234375,0.234375,0.234375,0.234375,0.0,0.3191633597883598,0.3191633597883598,0.3191633597883598,0.1495866402116402,0.1495866402116402,0.1495866402116402,0.3978190341886798,0.3978190341886798,0.2725439214995005,0.176435213165118,0.0907018311467016,0.1335685221559097,0.4655428975076348,0.3664509545124012,0.2484335572615234,0.1431041833139208,0.0538267899242515,0.1227107809452274,0.5265455486872176,0.3502674098100456,0.2383425024605472,0.1224466842308124,0.0282152377499567,0.1157529887176515,0.5832776104374696,0.3382791002225014,0.2339423518202446,0.1108959912055493,0.0091153965599885,0.1111276702532682,0.6333333333333333,0.3,0.2333333333333333,0.1,0.0,0.1072916666666666,,,,,,,,,,,,,,,,,,,,,,,,,,,,,,,,,,,,,,,,,,,,,,,,,,,,,,,,,,,,,,,,,,,,,,,,,,,,,,,,,,,,,,,current,No-Judge,Q-2B|think|aime2026_tr
Qwen3.5-2B,Q-2B,Qwen,2.0,False,think,Reasoning · Think,aime2026,EN,True,cot:Qwen3.6-35B·TH,Qwen3.6-35B-A3B,think,64,0.6,16384,,0.6,16384.0,,,0.0333333333333333,30.0,1920.0,6.0,1914.0,0.0,,,,,,,2.0,18.0,0.111111,/user/home/t.tuna/evalhub/results/think/Qwen3.5-2B/judged_by/Qwen3.6-35B-A3B__state-think__t0.6__max16384__basemax16384,/user/home/t.tuna/evalhub/results/think/Qwen3.5-2B/judged_by/Qwen3.6-35B-A3B__state-think__t0.6__max16384__basemax16384/aime2026__t0.6__max16384__n64/aime2026_cot_summary.json,0.003125,0.003125,0.003125,0.003125,0.003125,0.0,0.0060019841269841,0.0060019841269841,0.0060019841269841,0.0002480158730158,0.0002480158730158,0.0002480158730158,0.0110751219225571,0.0110751219225571,0.0013624478524002,6.16432894328188e-05,7.869356097806654e-07,3.121511252129973e-05,0.0188979839083138,0.005311772684766,4.933419378740212e-05,1.2448698911784536e-08,0.0,3.547879189858592e-07,0.0278774634018922,0.0010095147895522,0.0,0.0,0.0,0.0,0.0329304436417523,0.0,0.0,0.0,0.0,0.0,0.0333333333333333,0.0,0.0,0.0,0.0,0.0,0.0333333333333333,0.0333333333333333,9.548152065338736e-05,0.0010095147895522,0.0,0.0,0.0,0.0,0.0,0.0,0.0020833333333333,0.003125,0.0020833333333333,0.003125,0.0020833333333333,0.003125,0.0020833333333333,0.003125,0.0040674603174603,0.0060019841269841,0.0040674603174603,0.0060019841269841,9.920634920634922e-05,0.0002480158730158,9.920634920634922e-05,0.0002480158730158,0.0,0.0,0.0,0.0,0.0,0.0,0.0,0.0,0.0077508435949736,0.0110751219225571,0.0005697938438551,0.0013624478524002,1.2643432130476024e-05,6.16432894328188e-05,5.24623739853777e-08,7.869356097806654e-07,0.0,0.0,0.0,0.0,0.0,0.0,0.0,0.0,0.0024303719372466,0.005311772684766,3.672366178976438e-06,4.933419378740212e-05,0.0,1.2448698911784536e-08,0.0,0.0,0.0,0.0,0.0,0.0,9.920634920634922e-05,0.0002480158730158,0.0,0.0,6.347947252230701e-06,3.121511252129973e-05,0.0,0.0,0.0,3.547879189858592e-07,0.0231252046032585,0.0278774634018922,0.0020833333333333,0.003125,0.0040674603174603,0.0060019841269841,0.0314467863648191,0.0329304436417523,0.0077508435949736,0.0110751219225571,0.0333333333333333,0.0333333333333333,0.0140644279922439,0.0188979839083138,current,Qwen3.6,Q-2B|think|aime2026
Qwen3.5-2B,Q-2B,Qwen,2.0,False,think,Reasoning · Think,aime2026_pt,PT,True,cot:Qwen3.6-35B·TH,Qwen3.6-35B-A3B,think,64,0.6,16384,,0.6,16384.0,,,0.4,30.0,1920.0,306.0,1613.0,1.0,,,,,,,42.0,921.0,0.045603,/user/home/t.tuna/evalhub/results/think/Qwen3.5-2B/judged_by/Qwen3.6-35B-A3B__state-think__t0.6__max16384__basemax16384,/user/home/t.tuna/evalhub/results/think/Qwen3.5-2B/judged_by/Qwen3.6-35B-A3B__state-think__t0.6__max16384__basemax16384/aime2026_pt__t0.6__max16384__n64/aime2026_pt_cot_summary.json,0.159375,0.159375,0.159375,0.159375,0.159375,0.0,0.2217261904761905,0.2217261904761904,0.2217261904761904,0.0970238095238095,0.0970238095238095,0.0970238095238095,0.2857085673155213,0.2857085673155213,0.1804191009208195,0.1123932390689397,0.0589790926947193,0.0856861658818295,0.3449769515404754,0.257774514974546,0.1568982916124369,0.0908510773246825,0.035819890993282,0.0782786089617396,0.3985570421901258,0.2466491345763804,0.142497155617089,0.0787600852156313,0.0178007287572071,0.0741055982750276,0.4422038100941862,0.252376062057913,0.1363890584244838,0.0699737872699855,0.0041488597188379,0.0722613869548872,0.4666666666666667,0.2666666666666666,0.1333333333333333,0.0666666666666666,0.0,0.071875,0.4,0.4,0.2379885714100179,0.2466493648138653,0.1306702115169315,0.1428717388487076,0.0693579479931406,0.080508140296518,0.0089268763423882,0.0178074614072841,0.1494791666666666,0.1598958333333333,0.1494791666666666,0.1598958333333333,0.1494791666666666,0.1598958333333333,0.1494791666666666,0.1598958333333333,0.2132440476190476,0.2220734126984127,0.2132440476190476,0.2220734126984127,0.0857142857142857,0.0977182539682539,0.0857142857142857,0.0977182539682539,0.2402708963084059,0.252376062057913,0.1239554334081012,0.1364255795562078,0.0668096600207066,0.0716274143642994,0.0008945852075293,0.0041488597966964,0.279498805956368,0.2857783422729218,0.1701857377888578,0.1808818190593706,0.1005963922674657,0.1133418112529693,0.0476357306539749,0.0595813607480714,0.2333333333333333,0.2666666666666666,0.1333333333333333,0.1333333333333333,0.0666666666666666,0.0666666666666666,0.0,0.0,0.2503814985718506,0.2577916787254871,0.1455178587368737,0.1574157282216875,0.0789907971418568,0.0921964125087339,0.0250009880109838,0.0360230640618938,0.0618919884278259,0.0750843650322981,0.0,0.0,0.0857142857142857,0.0977182539682539,0.0592306959899004,0.0733003700753115,0.0741160614607203,0.0864615860005204,0.0572916666666666,0.0729166666666666,0.0664973842903045,0.0791534200291241,0.39686760567989,0.3985570421938283,0.1494791666666667,0.1598958333333333,0.2132440476190476,0.2220734126984127,0.4419814092400349,0.4422038100941862,0.279498805956368,0.2857783422729218,0.4666666666666667,0.4666666666666667,0.3411410391147711,0.344977827242054,current,Qwen3.6,Q-2B|think|aime2026_pt
Qwen3.5-2B,Q-2B,Qwen,2.0,False,think,Reasoning · Think,aime2026_tr,TR,True,cot:Qwen3.6-35B·TH,Qwen3.6-35B-A3B,think,64,0.6,16384,,0.6,16384.0,,,0.3,30.0,1920.0,270.0,1647.0,3.0,,,,,,,72.0,819.0,0.087912,/user/home/t.tuna/evalhub/results/think/Qwen3.5-2B/judged_by/Qwen3.6-35B-A3B__state-think__t0.6__max16384__basemax16384,/user/home/t.tuna/evalhub/results/think/Qwen3.5-2B/judged_by/Qwen3.6-35B-A3B__state-think__t0.6__max16384__basemax16384/aime2026_tr__t0.6__max16384__n64/aime2026_tr_cot_summary.json,0.140625,0.140625,0.140625,0.140625,0.140625,0.0,0.1988756613756614,0.1988756613756614,0.1988756613756614,0.0823743386243386,0.0823743386243386,0.0823743386243386,0.2576455516103849,0.257645551610385,0.1604638828032535,0.0993895478163061,0.0450010177700553,0.0721952827931807,0.3125576124881919,0.2321883511470283,0.1355456418560696,0.0847060214944955,0.018696844933005,0.0661011582392674,0.3659416298026238,0.2311601880247701,0.1147515218725316,0.0836756691439501,0.003196594596637,0.0633102694367234,0.4341266513359549,0.2368458861305628,0.1017263079432632,0.0863518443429998,3.977326647701621e-05,0.0625329404821663,0.5,0.2333333333333333,0.1,0.1,0.0,0.0625,0.3,0.3,0.2153131878637851,0.2327614771132759,0.1067724472673388,0.1152519083336371,0.0589511093017111,0.0857804449354076,0.0008277680253335,0.0032711902840107,0.1265625,0.1416666666666666,0.1265625,0.1416666666666666,0.1265625,0.1416666666666666,0.1265625,0.1416666666666666,0.1854332010582011,0.1998677248677249,0.1854332010582011,0.1998677248677249,0.0676917989417989,0.0834656084656084,0.0676917989417989,0.0834656084656084,0.2174805898842881,0.239030236936779,0.100316958222345,0.101735905240555,0.0530008216048904,0.0899752968568407,2.305473580593554e-06,3.985046764063158e-05,0.2453882425524413,0.2584138630774009,0.146570167375958,0.1616631726725592,0.0832941439399662,0.100638414629028,0.0309974461316343,0.0459512162876784,0.2333333333333333,0.2333333333333333,0.1,0.1,0.0333333333333333,0.1,0.0,0.0,0.2192549335555387,0.2332942845211834,0.1227516048831007,0.1366390560414024,0.0662688163936671,0.0861239097743534,0.0091315977012994,0.0192515831761244,0.0483949757463533,0.0643681376322521,0.0,0.0,0.0676917989417989,0.0834656084656084,0.047922368208818,0.0635746706295329,0.0571457950358003,0.0732948154583533,0.0479166666666666,0.0635416666666666,0.0509274502495271,0.0671908872482356,0.3542650592752416,0.3659651609121293,0.1265625,0.1416666666666666,0.185433201058201,0.1998677248677249,0.4214262369792559,0.4341266543711534,0.2453882425524413,0.2584138630774008,0.5,0.5,0.3015758808027737,0.3128994136578766,current,Qwen3.6,Q-2B|think|aime2026_tr
Qwen3.5-2B,Q-2B,Qwen,2.0,False,think,Reasoning · Think,pt_exams_math,PT,True,cot:Qwen3.6-35B·TH,Qwen3.6-35B-A3B,think,16,0.6,16384,,0.6,16384.0,,,0.9096385542168676,166.0,2656.0,2248.0,400.0,8.0,,,,,,,70.0,6768.0,0.010343,/user/home/t.tuna/evalhub/results/think/Qwen3.5-2B/judged_by/Qwen3.6-35B-A3B__state-think__t0.6__max16384__basemax16384,/user/home/t.tuna/evalhub/results/think/Qwen3.5-2B/judged_by/Qwen3.6-35B-A3B__state-think__t0.6__max16384__basemax16384/pt_exams_math__t0.6__max16384__n16/pt_exams_math_cot_summary.json,0.8463855421686747,0.8463855421686747,0.8463855421686747,0.8463855421686747,0.8463855421686747,0.0,0.8969377510040154,0.8969377510040154,0.8969377510040154,0.7958333333333337,0.7958333333333337,0.7958333333333337,0.9190288627035617,0.9190288627035617,0.8890838077585067,0.8463723023963989,0.7310571958162317,0.7887147491063157,0.9341000365096754,0.911923217344904,0.8872412727834412,0.8388280394304495,0.6524882747774311,0.7849036004156486,0.9457831325301204,0.9036144578313252,0.891566265060241,0.8313253012048193,0.572289156626506,0.7823795180722891,,,,,,,,,,,,,0.9096385542168676,0.9096385542168676,0.9036144578313252,0.9036144578313252,0.8855421686746988,0.891566265060241,0.8192771084337349,0.8313253012048193,0.4578313253012048,0.5843373493975904,0.8317018072289156,0.8475150602409639,0.8317018072289156,0.8475150602409639,0.8317018072289156,0.8475150602409639,0.8317018072289156,0.8475150602409639,0.892118473895582,0.8970381526104413,0.892118473895582,0.8970381526104413,0.7712851405622495,0.7979919678714865,0.7712851405622495,0.7979919678714865,,,,,,,,,0.914835164835165,0.9190288627035617,0.8854858996425259,0.8891268370184036,0.8372335495829477,0.8468886535151596,0.6892526148550244,0.7350158877267309,,,,,,,,,0.9085835182220724,0.911923217344904,0.8844796435157879,0.8872412727834412,0.8278189681804143,0.8394304490690037,0.5837723855796142,0.6593155840143788,0.7567771084337349,0.7846385542168675,0.0,0.0,0.7712851405622495,0.7979919678714865,,,0.763243082218986,0.7909522706209455,,,0.7589366791174018,0.7871626365602269,0.9397590361445785,0.9457831325301204,0.8317018072289156,0.8475150602409639,0.892118473895582,0.8970381526104413,,,0.914835164835165,0.9190288627035617,,,0.9286577545613692,0.9341000365096754,current,Qwen3.6,Q-2B|think|pt_exams_math
Qwen3.5-2B,Q-2B,Qwen,2.0,False,think,Reasoning · Think,tubitak_math2026,TR-OL,True,cot:Qwen3.6-35B·TH,Qwen3.6-35B-A3B,think,64,0.6,16384,,0.6,16384.0,,,0.4375,32.0,2048.0,270.0,1766.0,12.0,,,,,,,26.0,846.0,0.030733,/user/home/t.tuna/evalhub/results/think/Qwen3.5-2B/judged_by/Qwen3.6-35B-A3B__state-think__t0.6__max16384__basemax16384,/user/home/t.tuna/evalhub/results/think/Qwen3.5-2B/judged_by/Qwen3.6-35B-A3B__state-think__t0.6__max16384__basemax16384/tubitak_math2026__t0.6__max16384__n64/tubitak_math2026_cot_summary.json,0.1318359375,0.1318359375,0.1318359375,0.1318359375,0.1318359375,0.0,0.186430431547619,0.186430431547619,0.186430431547619,0.0772414434523809,0.0772414434523809,0.0772414434523809,0.2457501050559039,0.2457501050559039,0.1451841606387399,0.0909639528405227,0.0454455314648334,0.0682047421526781,0.3074882418245991,0.2123679433208199,0.1228101189445889,0.0771091312891836,0.0240887237620715,0.062903823285399,0.370521322331511,0.200849833610176,0.1072337871904568,0.0730911884275099,0.0099812371931902,0.0604630460113066,0.440886550540025,0.2021960750065216,0.0970678682448628,0.0724231211333759,0.0017689584492736,0.0596700923872521,0.53125,0.21875,0.09375,0.0625,0.0,0.0595703125,0.4375,0.4375,0.196546212362342,0.2019683807601482,0.1051903855235832,0.1079528532154389,0.065173324868343,0.0730925143487403,0.0071776710386028,0.0099812371941819,0.126953125,0.1337890625,0.126953125,0.1337890625,0.126953125,0.1337890625,0.126953125,0.1337890625,0.1815011160714285,0.1900111607142857,0.1815011160714285,0.1900111607142857,0.0724051339285714,0.0775669642857143,0.0724051339285714,0.0775669642857143,0.1981117145137505,0.2032541994865141,0.0969425150657125,0.0971379757745116,0.0590869521419486,0.0724231211333759,0.0008253812057284,0.0017689584492736,0.2402681640477449,0.2521234473760419,0.1410516666509279,0.1461654201606607,0.0860988709834806,0.091365781836267,0.0403937983178464,0.0455016006270302,0.21875,0.21875,0.09375,0.09375,0.03125,0.0625,0.0,0.0,0.2081749592729519,0.2136628254574401,0.1191688518423087,0.1238034124355608,0.0715325360641835,0.0772079761048706,0.0197305948451743,0.0240892710755582,0.0555061005142919,0.0605052922106683,0.0,0.0,0.0724051339285714,0.0775669642857143,0.0547858858848868,0.059670977804188,0.0632463346506635,0.0684336912316486,0.0546875,0.0595703125,0.0578853070557597,0.0630371505610988,0.3607665047906965,0.3921083964966144,0.126953125,0.1337890625,0.1815011160714286,0.1900111607142857,0.424813893295069,0.4800730587380889,0.2402681640477449,0.2521234473760419,0.5,0.59375,0.3006902386156508,0.319000475555944,current,Qwen3.6,Q-2B|think|tubitak_math2026
Qwen3.5-2B,Q-2B,Qwen,2.0,False,think,Reasoning · Think,aime2026,EN,True,cot:Qwen3.6-35B·TH,Qwen3.6-35B-A3B,think,64,0.6,32768,,0.6,32768.0,,,0.2666666666666666,30.0,1920.0,78.0,1841.0,1.0,,,,,,,37.0,237.0,0.156118,/user/home/t.tuna/evalhub/results/think/Qwen3.5-2B/judged_by/Qwen3.6-35B-A3B__state-think__t0.6__max32768__basemax32768,/user/home/t.tuna/evalhub/results/think/Qwen3.5-2B/judged_by/Qwen3.6-35B-A3B__state-think__t0.6__max32768__basemax32768/aime2026__t0.6__max32768__n64/aime2026_cot_summary.json,0.040625,0.040625,0.040625,0.040625,0.040625,0.0,0.0703042328042327,0.0703042328042328,0.0703042328042328,0.0109457671957671,0.0109457671957671,0.0109457671957671,0.1116400892280056,0.1116400892280056,0.0377979862842369,0.0113091565729059,0.0017527679148514,0.0065309622438786,0.1622658437690799,0.0798643124036119,0.0240079825835071,0.0037133160949715,5.9506708727502144e-05,0.0039429194590212,0.2162739425957192,0.0604876935874872,0.0189500611179222,0.0004810766696351,2.050655915356704e-08,0.0023485410076335,0.261155274647835,0.0538529179001129,0.0166667076797848,7.248385643554131e-07,0.0,0.0011734047177209,0.3,0.0666666666666666,0.0,0.0,0.0,0.0,0.2666666666666666,0.2666666666666666,0.0387830969717901,0.0604876935874872,0.0109567128010938,0.0189500611179222,8.992919961206447e-05,0.0004810766696351,8.896060114883798e-10,2.050655915356704e-08,0.0307291666666666,0.040625,0.0307291666666666,0.040625,0.0307291666666666,0.040625,0.0307291666666666,0.040625,0.0543981481481481,0.0703042328042328,0.0543981481481481,0.0703042328042328,0.0070601851851851,0.0109457671957671,0.0070601851851851,0.0109457671957671,0.0332982549041826,0.0538529179001129,0.0051898697020282,0.0166667076797848,2.120918152862945e-09,7.248385643554131e-07,0.0,0.0,0.0893608928676353,0.1116400892280056,0.0256769220115333,0.0377979862842369,0.0069523662629162,0.0113091565729059,0.0009264855245817,0.0017527679148514,0.0333333333333333,0.0666666666666666,0.0,0.0,0.0,0.0,0.0,0.0,0.0568905595169348,0.0798643124036119,0.0155457586072429,0.0240079825835071,0.0017490951549101,0.0037133160949715,1.6719325611966152e-05,5.9506708727502144e-05,0.0009380597287592,0.0023485410076335,0.0,0.0,0.0070601851851851,0.0109457671957671,0.0001909854732902,0.0011734047177209,0.003939425893749,0.0065309622438786,0.0,0.0,0.0021292932481625,0.0039429194590212,0.1918230676827954,0.2162739425957192,0.0307291666666666,0.040625,0.0543981481481481,0.0703042328042327,0.2446095402749949,0.261155274647835,0.0893608928676353,0.1116400892280056,0.3,0.3,0.1359993064768835,0.1622658437690799,current,Qwen3.6,Q-2B|think|aime2026
Qwen3.5-2B,Q-2B,Qwen,2.0,False,think,Reasoning · Think,aime2026_pt,PT,True,cot:Qwen3.6-35B·TH,Qwen3.6-35B-A3B,think,64,0.6,32768,,0.6,32768.0,,,0.5333333333333333,30.0,1920.0,532.0,1379.0,9.0,,,,,,,56.0,1623.0,0.034504,/user/home/t.tuna/evalhub/results/think/Qwen3.5-2B/judged_by/Qwen3.6-35B-A3B__state-think__t0.6__max32768__basemax32768,/user/home/t.tuna/evalhub/results/think/Qwen3.5-2B/judged_by/Qwen3.6-35B-A3B__state-think__t0.6__max32768__basemax32768/aime2026_pt__t0.6__max32768__n64/aime2026_pt_cot_summary.json,0.2770833333333334,0.2770833333333333,0.2770833333333333,0.2770833333333333,0.2770833333333333,0.0,0.3683697089947089,0.368369708994709,0.368369708994709,0.1857969576719576,0.1857969576719576,0.1857969576719576,0.4444703083948192,0.4444703083948192,0.3285258387684353,0.2197556512469257,0.1155815349231531,0.1676685930850394,0.4986317065609164,0.4273575910671517,0.3035065310736487,0.1823519627475428,0.0695860744291407,0.1553326108070077,0.5367712972490483,0.4182595215702836,0.2868686104758854,0.1603960298589652,0.0382861505456107,0.1478527021078924,0.5655911473350469,0.4126844845565394,0.2731167744026547,0.1471956176242817,0.0125723257662221,0.1436569099809259,0.6,0.4,0.2666666666666666,0.1333333333333333,0.0,0.140625,0.5333333333333333,0.5333333333333333,0.4037272769070293,0.4219501428790453,0.266436575648949,0.2896879414069209,0.1358872329179493,0.1616424192255918,0.0206095427808361,0.038287226694168,0.2588541666666666,0.2796875,0.2588541666666666,0.2796875,0.2588541666666666,0.2796875,0.2588541666666666,0.2796875,0.3524966931216931,0.3721064814814815,0.3524966931216931,0.3721064814814815,0.1652116402116402,0.1872685185185185,0.1652116402116402,0.1872685185185185,0.3966764162573543,0.4131263174178221,0.2525784544946109,0.2769774727411588,0.1176627233680664,0.1475014874488974,0.002846150049866,0.0125723257664516,0.4325083625024133,0.449300571630027,0.3097041751655712,0.3315529702097655,0.1980467208917764,0.2216312335792769,0.0951574081069057,0.1162652245809305,0.4,0.4,0.2333333333333333,0.3,0.1,0.1333333333333333,0.0,0.0,0.4136275686555716,0.4326021231929715,0.2829319531877011,0.3058001080541642,0.15949104771451,0.1841215577917377,0.0504653151118626,0.0697009205674426,0.1259797398630891,0.1492039860666441,0.0,0.0,0.1652116402116402,0.1872685185185185,0.1213976114888654,0.1451166648187327,0.146602064499341,0.1689482290801037,0.1177083333333333,0.1416666666666666,0.1338574904721002,0.1565970748373087,0.5320770940735109,0.5407223687103079,0.2588541666666667,0.2796875,0.352496693121693,0.3721064814814815,0.5643607280087887,0.5662153035082592,0.4325083625024133,0.449300571630027,0.6,0.6,0.4905832530490909,0.5041998504471603,current,Qwen3.6,Q-2B|think|aime2026_pt
Qwen3.5-2B,Q-2B,Qwen,2.0,False,think,Reasoning · Think,aime2026_tr,TR,True,cot:Qwen3.6-35B·TH,Qwen3.6-35B-A3B,think,64,0.6,32768,,0.6,32768.0,,,0.4666666666666667,30.0,1920.0,442.0,1470.0,8.0,,,,,,,54.0,1350.0,0.04,/user/home/t.tuna/evalhub/results/think/Qwen3.5-2B/judged_by/Qwen3.6-35B-A3B__state-think__t0.6__max32768__basemax32768,/user/home/t.tuna/evalhub/results/think/Qwen3.5-2B/judged_by/Qwen3.6-35B-A3B__state-think__t0.6__max32768__basemax32768/aime2026_tr__t0.6__max32768__n64/aime2026_tr_cot_summary.json,0.2302083333333333,0.2302083333333333,0.2302083333333333,0.2302083333333333,0.2302083333333333,0.0,0.3123511904761903,0.3123511904761905,0.3123511904761905,0.1480654761904761,0.1480654761904761,0.1480654761904761,0.3876493079163624,0.3876493079163624,0.2683116768653521,0.1745358653773513,0.0903364831742674,0.1324361742758094,0.4508642962207552,0.3597354201249536,0.2444846678700354,0.1422556819842705,0.0538156094111243,0.1218534063573349,0.5062943491613685,0.3467916063273425,0.2335527372766772,0.1223754082185766,0.0282152369105336,0.1152028422665448,0.5569680535485836,0.337993664512927,0.2299137923776498,0.1108959890860299,0.0091153965599885,0.1109616557603852,0.6,0.3,0.2333333333333333,0.1,0.0,0.1072916666666666,0.4666666666666667,0.4666666666666667,0.3421561841860565,0.3499387717879956,0.2158699962644904,0.236609649835755,0.1075294269837382,0.122411867028425,0.0076207400874534,0.0282152372227827,0.2145833333333333,0.2333333333333333,0.2145833333333333,0.2333333333333333,0.2145833333333333,0.2333333333333333,0.2145833333333333,0.2333333333333333,0.3003968253968254,0.3175099206349207,0.3003968253968254,0.3175099206349207,0.1287698412698413,0.149156746031746,0.1287698412698413,0.149156746031746,0.3334423018589384,0.338236476625413,0.208812628881164,0.2321329192329893,0.1028215964865421,0.1108959893797366,0.0004193781162947,0.0091153965599885,0.3776980874316941,0.3953280682094801,0.2562586562917076,0.2716354830315697,0.1567693775024552,0.1758043531179438,0.0676072121074765,0.0905654289743396,0.3,0.3,0.2,0.2333333333333333,0.1,0.1,0.0,0.0,0.3530930379297718,0.3659957494686478,0.230149703789076,0.2471403611144969,0.1240097287526379,0.1427742552885114,0.0293828155721993,0.0538218360499961,0.0940328396970661,0.1155290481650152,0.0,0.0,0.1287698412698413,0.149156746031746,0.0894000008977194,0.1110414688575525,0.1121882948049659,0.1331848910461417,0.0864583333333333,0.1072916666666666,0.1010501967441026,0.1223923200128387,0.4902647713234241,0.5182115764126749,0.2145833333333333,0.2333333333333333,0.3003968253968254,0.3175099206349206,0.5350618711912684,0.5666109437707606,0.377698087431694,0.3953280682094801,0.5666666666666667,0.6,0.4396112428154838,0.4612986959159331,current,Qwen3.6,Q-2B|think|aime2026_tr
Qwen3.5-2B,Q-2B,Qwen,2.0,False,think,Reasoning · Think,tubitak_math2026,TR-OL,True,cot:Qwen3.6-35B·TH,Qwen3.6-35B-A3B,think,64,0.6,32768,,0.6,32768.0,,,0.4375,32.0,2048.0,481.0,1520.0,47.0,,,,,,,46.0,1584.0,0.02904,/user/home/t.tuna/evalhub/results/think/Qwen3.5-2B/judged_by/Qwen3.6-35B-A3B__state-think__t0.6__max32768__basemax32768,/user/home/t.tuna/evalhub/results/think/Qwen3.5-2B/judged_by/Qwen3.6-35B-A3B__state-think__t0.6__max32768__basemax32768/tubitak_math2026__t0.6__max32768__n64/tubitak_math2026_cot_summary.json,0.23486328125,0.23486328125,0.23486328125,0.23486328125,0.23486328125,0.0,0.3244977678571428,0.3244977678571428,0.3244977678571428,0.1452287946428571,0.1452287946428571,0.1452287946428571,0.4059069452576113,0.4059069452576113,0.2788649457171814,0.1715358799356601,0.083145354089547,0.1273406170126035,0.467054187040092,0.3861346204818301,0.2485540635136974,0.1356996629206715,0.0474721743665769,0.1152405545907633,0.5108932085785398,0.3793720592902116,0.2294824585124598,0.1176923911526152,0.0278173091819999,0.1079216488741558,0.5465431723151417,0.3766274123282215,0.2212059076834615,0.1136468801950387,0.0157952550256096,0.1036722576457369,0.5625,0.375,0.21875,0.125,0.0,0.1015625,0.4375,0.4375,0.335999344849823,0.3926711946997244,0.2058451191295836,0.2533406237114921,0.1014491872806388,0.1224802956931392,0.0203104960431894,0.0283096840937162,0.212890625,0.24755859375,0.212890625,0.24755859375,0.212890625,0.24755859375,0.212890625,0.24755859375,0.2980530753968254,0.340634300595238,0.2980530753968254,0.340634300595238,0.1277281746031746,0.1544828869047619,0.1277281746031746,0.1544828869047619,0.3215745053734733,0.3888009189773616,0.2011972613365596,0.2426396587446383,0.0906845946272331,0.1167948920097862,0.0077627711925048,0.0157998510142433,0.3793321788987938,0.4225253039145326,0.2493162513220518,0.2962741746619323,0.1516894130404673,0.1836815425039661,0.071224656738687,0.0877533539195689,0.3125,0.375,0.21875,0.21875,0.0625,0.125,0.0,0.0,0.3523804270977817,0.4001262861381752,0.2201111572953887,0.2696952040103373,0.1198910244616622,0.143746508110302,0.0385232346409814,0.049439852761902,0.0948183843726947,0.1139447845582902,0.0,0.0,0.1277281746031746,0.1544828869047619,0.0913577253372704,0.1083398957896911,0.1114570348895772,0.1357174482117675,0.0888671875,0.10546875,0.1009012435746927,0.1225536307941556,0.4991364225186953,0.5336410609432011,0.212890625,0.24755859375,0.2980530753968253,0.340634300595238,0.5385795644394502,0.5816977297980752,0.3793321788987938,0.4225253039145326,0.5625,0.625,0.4474830401815095,0.4835570357298047,current,Qwen3.6,Q-2B|think|tubitak_math2026
Qwen3.5-2B,Q-2B,Qwen,2.0,False,think,Reasoning · Think,aime2026,EN,True,cot:G4-26B·TH,gemma-4-26B-A4B-it,think,64,0.6,16384,,0.6,16384.0,,,0.0333333333333333,30.0,1920.0,2.0,1914.0,4.0,,,,,,,9.0,18.0,0.5,/user/home/t.tuna/evalhub/results/think/Qwen3.5-2B/judged_by/gemma-4-26B-A4B-it__state-think__t0.6__max16384__basemax16384,/user/home/t.tuna/evalhub/results/think/Qwen3.5-2B/judged_by/gemma-4-26B-A4B-it__state-think__t0.6__max16384__basemax16384/aime2026__t0.6__max16384__n64/aime2026_cot_summary.json,0.0010416666666666,0.0010416666666666,0.0010416666666666,0.0010416666666666,0.0010416666666666,0.0,0.0020667989417989,0.0020667989417989,0.0020667989417989,1.6534391534391536e-05,1.6534391534391536e-05,1.6534391534391536e-05,0.0040674603174603,0.0040674603174603,9.920634920634922e-05,0.0,0.0,0.0,0.0078703703703703,0.0004629629629629,0.0,0.0,0.0,0.0,0.0146825396825396,0.0,0.0,0.0,0.0,0.0,0.0251322751322751,0.0,0.0,0.0,0.0,0.0,0.0333333333333333,0.0,0.0,0.0,0.0,0.0,0.0333333333333333,0.0333333333333333,0.0,0.0004010223867442,0.0,0.0,0.0,0.0,0.0,0.0,0.0010416666666666,0.0026041666666666,0.0010416666666666,0.0026041666666666,0.0010416666666666,0.0026041666666666,0.0010416666666666,0.0026041666666666,0.0020667989417989,0.0050429894179894,0.0020667989417989,0.0050429894179894,1.6534391534391536e-05,0.0001653439153439,1.6534391534391536e-05,0.0001653439153439,0.0,0.0,0.0,0.0,0.0,0.0,0.0,0.0,0.0040674603174603,0.0094563429108643,9.920634920634922e-05,0.0009288463314111,0.0,3.121511252129973e-05,0.0,2.623118699268885e-07,0.0,0.0,0.0,0.0,0.0,0.0,0.0,0.0,0.0004629629629629,0.0037876784769962,0.0,1.738253324715514e-05,0.0,0.0,0.0,0.0,0.0,0.0,0.0,0.0,1.6534391534391536e-05,0.0001653439153439,0.0,0.0,0.0,1.573871219561331e-05,0.0,0.0,0.0,6.120610298294064e-08,0.0146825396825396,0.0258473722646118,0.0010416666666666,0.0026041666666666,0.0020667989417989,0.0050429894179894,0.0251322751322751,0.0324529447480267,0.0040674603174603,0.0094563429108643,0.0333333333333333,0.0333333333333333,0.0078703703703703,0.0166336153710558,current,Gemma4,Q-2B|think|aime2026
Qwen3.5-2B,Q-2B,Qwen,2.0,False,think,Reasoning · Think,aime2026_pt,PT,True,cot:G4-26B·TH,gemma-4-26B-A4B-it,think,64,0.6,16384,,0.6,16384.0,,,0.2666666666666666,30.0,1920.0,77.0,1613.0,230.0,,,,,,,648.0,921.0,0.703583,/user/home/t.tuna/evalhub/results/think/Qwen3.5-2B/judged_by/gemma-4-26B-A4B-it__state-think__t0.6__max16384__basemax16384,/user/home/t.tuna/evalhub/results/think/Qwen3.5-2B/judged_by/gemma-4-26B-A4B-it__state-think__t0.6__max16384__basemax16384/aime2026_pt__t0.6__max16384__n64/aime2026_pt_cot_summary.json,0.0401041666666666,0.0401041666666666,0.0401041666666666,0.0401041666666666,0.0401041666666666,0.0,0.0715608465608465,0.0715608465608465,0.0715608465608465,0.0086474867724867,0.0086474867724867,0.0086474867724867,0.1173523498946555,0.1173523498946555,0.034988521232572,0.0073309872159687,0.0007448083234704,0.0040378977697195,0.1720862393228142,0.0861513946489312,0.0161393197784983,0.0011722265140636,8.16867355688912e-06,0.0016436582636361,0.2249628328323448,0.0668006236789068,0.0077520479350068,3.26634399324173e-05,1.3939695336712509e-10,0.0005344192945134,0.2713659013666161,0.0490531249735455,0.0020581594548556,2.825592370149955e-11,0.0,5.33794623829022e-05,0.3,0.0333333333333333,0.0,0.0,0.0,0.0,0.2333333333333333,0.4,0.0004010223867442,0.1613560724659858,0.0,0.0779031526842825,0.0,0.008818867167122,0.0,4.791814461438115e-06,0.0083333333333333,0.0916666666666666,0.0083333333333333,0.0916666666666666,0.0083333333333333,0.0916666666666666,0.0083333333333333,0.0916666666666666,0.0164351851851851,0.1455853174603174,0.0164351851851851,0.1455853174603174,0.0002314814814814,0.0377480158730158,0.0002314814814814,0.0377480158730158,0.0,0.1614694032475493,0.0,0.0734483626586755,0.0,0.0012469860639071,0.0,1.399879518492257e-12,0.0319761841807056,0.2049955197132616,0.0013256717282365,0.1065796210957501,3.121511252129973e-05,0.0453661034306195,2.623118699268885e-07,0.0097254224270353,0.0,0.1666666666666666,0.0,0.0666666666666666,0.0,0.0,0.0,0.0,0.0056395303288481,0.1727675832964947,1.738253324715514e-05,0.0881756332516675,0.0,0.022793369047932,0.0,0.0008423584276709,0.0,0.0158689164997487,0.0,0.0,0.0002314814814814,0.0377480158730158,0.0,0.0133804965577074,1.573871219561331e-05,0.0275457629288274,0.0,0.0125,6.120610298294064e-08,0.0204034216904568,0.1095775309947705,0.3256067539609992,0.0083333333333333,0.0916666666666667,0.0164351851851851,0.1455853174603174,0.1829820452771272,0.3900046558689582,0.0319761841807055,0.2049955197132616,0.2666666666666666,0.4333333333333333,0.0606150968525373,0.2632937865190038,current,Gemma4,Q-2B|think|aime2026_pt
Qwen3.5-2B,Q-2B,Qwen,2.0,False,think,Reasoning · Think,aime2026_tr,TR,True,cot:G4-26B·TH,gemma-4-26B-A4B-it,think,64,0.6,16384,,0.6,16384.0,,,0.2666666666666666,30.0,1920.0,68.0,1647.0,205.0,,,,,,,586.0,819.0,0.715507,/user/home/t.tuna/evalhub/results/think/Qwen3.5-2B/judged_by/gemma-4-26B-A4B-it__state-think__t0.6__max16384__basemax16384,/user/home/t.tuna/evalhub/results/think/Qwen3.5-2B/judged_by/gemma-4-26B-A4B-it__state-think__t0.6__max16384__basemax16384/aime2026_tr__t0.6__max16384__n64/aime2026_tr_cot_summary.json,0.0354166666666666,0.0354166666666666,0.0354166666666666,0.0354166666666666,0.0354166666666666,0.0,0.0622519841269841,0.0622519841269841,0.0622519841269841,0.0085813492063492,0.0085813492063492,0.0085813492063492,0.0993064474159133,0.0993064474159133,0.0339674985100685,0.0076575654940276,0.000735155246657,0.0041963603703423,0.1403741530969387,0.0772748378478569,0.0175185250406426,0.0010372756818334,5.744505959302272e-06,0.0016031074760482,0.1818630977437427,0.0705328458066281,0.0069332799524732,1.8732629514502947e-05,5.0184063161849785e-11,0.0004070378288126,0.2305660557340693,0.069530093672048,0.0011617887458121,1.3988081040346313e-12,0.0,2.4971834847208805e-05,0.3,0.0666666666666666,0.0,0.0,0.0,0.0,0.1333333333333333,0.3,0.0073515654510448,0.1203697509918713,3.3173055311707583e-06,0.0862251569230943,0.0,0.0116876235743994,0.0,5.665722953879044e-06,0.0098958333333333,0.0822916666666666,0.0098958333333333,0.0822916666666666,0.0098958333333333,0.0822916666666666,0.0098958333333333,0.0822916666666666,0.0188326719576719,0.1277777777777778,0.0188326719576719,0.1277777777777778,0.0009589947089947,0.0368055555555555,0.0009589947089947,0.0368055555555555,0.0013597895063506,0.104499642823657,0.0,0.0940861846863429,0.0,0.0014258652801311,0.0,1.4078079854786881e-12,0.0342373124994753,0.1774455860257023,0.0049493528241545,0.0939913269203327,0.0003853885992965,0.0463472547488941,1.1279410406856204e-05,0.0113824989717374,0.0,0.1,0.0,0.1,0.0,0.0,0.0,0.0,0.017247178912905,0.1423673962618802,0.0005669203154514,0.0836663868407006,2.312272395874026e-06,0.0279971107261169,3.388937997763485e-10,0.0010978145029246,1.5545542729740786e-08,0.0202432327106536,0.0,0.0,0.0009589947089947,0.0368055555555555,0.0,0.0182503802394761,0.0001983340048517,0.0288648768603157,0.0,0.0177083333333333,1.2998002458125358e-05,0.0236219583052415,0.0855703307675034,0.2929239210165592,0.0098958333333333,0.0822916666666666,0.0188326719576719,0.1277777777777778,0.1118038274909335,0.350027017369554,0.0342373124994753,0.1774455860257023,0.1333333333333333,0.4,0.057453809235986,0.2321595545802331,current,Gemma4,Q-2B|think|aime2026_tr
Qwen3.5-2B,Q-2B,Qwen,2.0,False,think,Reasoning · Think,pt_exams_math,PT,True,cot:G4-26B·TH,gemma-4-26B-A4B-it,think,16,0.6,16384,,0.6,16384.0,,,0.9096385542168676,166.0,2656.0,2190.0,400.0,66.0,,,,,,,627.0,6768.0,0.092642,/user/home/t.tuna/evalhub/results/think/Qwen3.5-2B/judged_by/gemma-4-26B-A4B-it__state-think__t0.6__max16384__basemax16384,/user/home/t.tuna/evalhub/results/think/Qwen3.5-2B/judged_by/gemma-4-26B-A4B-it__state-think__t0.6__max16384__basemax16384/pt_exams_math__t0.6__max16384__n16/pt_exams_math_cot_summary.json,0.8245481927710844,0.8245481927710844,0.8245481927710844,0.8245481927710844,0.8245481927710844,0.0,0.8844879518072285,0.8844879518072285,0.8844879518072285,0.7646084337349401,0.7646084337349401,0.7646084337349401,0.9122269296968092,0.9122269296968092,0.8742916721832384,0.8216635773864693,0.6900105918178205,0.755837084602145,0.9308389736100582,0.903914024395952,0.8713548834030761,0.8100443732973857,0.6015970642476661,0.7509525280609616,0.9457831325301204,0.8975903614457831,0.8795180722891566,0.8012048192771084,0.5060240963855421,0.7477409638554217,,,,,,,,,,,,,0.8855421686746988,0.9096385542168676,0.8493975903614458,0.8975903614457831,0.7891566265060241,0.8795180722891566,0.6626506024096386,0.8012048192771084,0.2108433734939759,0.5120481927710844,0.7036897590361446,0.8279367469879518,0.7036897590361446,0.8279367469879518,0.7036897590361446,0.8279367469879518,0.7036897590361446,0.8279367469879518,0.8126506024096386,0.8866465863453812,0.8126506024096386,0.8866465863453812,0.5947289156626505,0.7692269076305225,0.5947289156626505,0.7692269076305225,,,,,,,,,0.8635343572090556,0.9135045677214352,0.7973057063418503,0.8769561763537667,0.6906891301469621,0.8254534622004507,0.4632298424467102,0.6958327816761549,,,,,,,,,0.8535807565928051,0.905674446035892,0.7911435953604627,0.8740977897604401,0.6673814137669565,0.8137964445193363,0.3246721150335612,0.6082132726711036,0.5625,0.7530120481927711,0.0,0.0,0.5947289156626505,0.7692269076305225,,,0.5769594862968359,0.760643121938303,,,0.5671690257533626,0.7557836240065153,0.9156626506024096,0.9457831325301204,0.7036897590361446,0.8279367469879518,0.8126506024096386,0.8866465863453812,,,0.8635343572090556,0.9135045677214352,,,0.8921644620439803,0.9311483697025869,current,Gemma4,Q-2B|think|pt_exams_math
Qwen3.5-2B,Q-2B,Qwen,2.0,False,think,Reasoning · Think,tubitak_math2026,TR-OL,True,cot:G4-26B·TH,gemma-4-26B-A4B-it,think,64,0.6,16384,,0.6,16384.0,,,0.40625,32.0,2048.0,190.0,1766.0,92.0,,,,,,,447.0,846.0,0.528369,/user/home/t.tuna/evalhub/results/think/Qwen3.5-2B/judged_by/gemma-4-26B-A4B-it__state-think__t0.6__max16384__basemax16384,/user/home/t.tuna/evalhub/results/think/Qwen3.5-2B/judged_by/gemma-4-26B-A4B-it__state-think__t0.6__max16384__basemax16384/tubitak_math2026__t0.6__max16384__n64/tubitak_math2026_cot_summary.json,0.0927734375,0.0927734375,0.0927734375,0.0927734375,0.0927734375,0.0,0.1369357638888889,0.1369357638888889,0.1369357638888889,0.0486111111111111,0.0486111111111111,0.0486111111111111,0.1882848699038049,0.188284869903805,0.0995649131380474,0.0576301473458235,0.025613819612324,0.0416219834790738,0.247122713722566,0.1517530289550627,0.084197056703542,0.0449214249808051,0.0121989962412764,0.0373974977922978,0.3125659168731989,0.1337743436675369,0.0808753105640575,0.0365794090928352,0.0037063641611414,0.0349277066707127,0.3899578931024448,0.1195312302260662,0.0834889216090813,0.0318716480918726,0.0001693178663361,0.0333766726688474,0.5,0.125,0.09375,0.03125,0.0,0.0322265625,0.1875,0.40625,0.0574616571654776,0.1372503309111042,0.0329904401464773,0.0840138620622023,0.0159299016978908,0.0393674735062595,6.342369389893335e-05,0.0037106118378693,0.03759765625,0.09521484375,0.03759765625,0.09521484375,0.03759765625,0.09521484375,0.03759765625,0.09521484375,0.0559585813492063,0.139710441468254,0.0559585813492063,0.139710441468254,0.0192367311507936,0.050719246031746,0.0192367311507936,0.050719246031746,0.0597365030543091,0.1230161160093499,0.0312891264815373,0.0865446878793922,0.0122119518652872,0.0330957128365166,4.0904040728726155e-09,0.0001693178720479,0.0757107799161441,0.190759044644431,0.0422038977707688,0.1027330667195487,0.024211352805268,0.0605193814371332,0.0082645945078189,0.0268478821988869,0.0625,0.125,0.03125,0.09375,0.0,0.03125,0.0,0.0,0.0616563798947174,0.1548073112106438,0.0365823845968084,0.0873960982011483,0.0190465670316997,0.0479815730432623,0.0018431500752843,0.0124694616852259,0.0137776735838788,0.0372183669021483,0.0,0.0,0.0192367311507936,0.050719246031746,0.0136722146265465,0.0359196065954614,0.0162379736565435,0.0436836318180101,0.013671875,0.03515625,0.0144882108378304,0.039511595665078,0.1240101344786319,0.3133752039862409,0.03759765625,0.09521484375,0.0559585813492063,0.139710441468254,0.1536559975586536,0.3900003542910506,0.0757107799161441,0.1907590446444309,0.1875,0.5,0.0978402934088589,0.2490180216717221,current,Gemma4,Q-2B|think|tubitak_math2026
Qwen3.5-2B,Q-2B,Qwen,2.0,False,think,Reasoning · Think,pt_exams_math,PT,False,No-Judge,,,16,0.6,16384,,,,,,0.9096385542168676,166.0,2656.0,2256.0,400.0,0.0,273.0,2656.0,0.102786,198.0,97.0,111.0,,,,/user/home/t.tuna/evalhub/results/think/Qwen3.5-2B,/user/home/t.tuna/evalhub/results/think/Qwen3.5-2B/pt_exams_math__t0.6__max16384__n16/pt_exams_math_summary.json,0.8493975903614458,0.8493975903614458,0.8493975903614458,0.8493975903614458,0.8493975903614458,0.0,0.8971385542168675,0.8971385542168671,0.8971385542168671,0.8016566265060245,0.8016566265060245,0.8016566265060245,0.9190288627035614,0.9190288627035617,0.8891268370184036,0.8474910631537139,0.7419435985701045,0.7947173308619094,0.9341000365096752,0.911923217344904,0.8872412727834412,0.8394304490690037,0.6715645799983146,0.7909276968011907,0.9457831325301204,0.9036144578313252,0.891566265060241,0.8313253012048193,0.6024096385542169,0.7884036144578314,,,,,,,,,,,,,,,,,,,,,,,,,,,,,,,,,,,,,,,,,,,,,,,,,,,,,,,,,,,,,,,,,,,,,,,,,,,,,,,,,,,,,,,,,,,,,,,,,,,current,No-Judge,Q-2B|think|pt_exams_math
Qwen3.5-2B,Q-2B,Qwen,2.0,False,think,Reasoning · Think,tubitak_math2026,TR-OL,False,No-Judge,,,64,0.6,16384,,,,,,0.46875,32.0,2048.0,282.0,1766.0,0.0,1682.0,2048.0,0.821289,526.0,267.0,319.0,,,,/user/home/t.tuna/evalhub/results/think/Qwen3.5-2B,/user/home/t.tuna/evalhub/results/think/Qwen3.5-2B/tubitak_math2026__t0.6__max16384__n64/tubitak_math2026_summary.json,0.1376953125,0.1376953125,0.1376953125,0.1376953125,0.1376953125,0.0,0.1969091021825396,0.1969091021825396,0.1969091021825396,0.0784815228174603,0.0784815228174603,0.0784815228174603,0.2647568132885095,0.2647568132885094,0.1474598308717987,0.0922645114861121,0.0463000943535796,0.0692823029198459,0.3417845350471664,0.2176388716451252,0.1240675483811928,0.0785076497550215,0.0245333031395111,0.063953396334883,0.4300737368186802,0.2028732528158903,0.1080046296331432,0.0751202417866349,0.0100293164457736,0.0614742957586334,0.535340973767396,0.2032541994865141,0.097137988591111,0.0759616489789236,0.0017689840824724,0.0606475395031505,0.65625,0.21875,0.09375,0.09375,0.0,0.060546875,,,,,,,,,,,,,,,,,,,,,,,,,,,,,,,,,,,,,,,,,,,,,,,,,,,,,,,,,,,,,,,,,,,,,,,,,,,,,,,,,,,,,,,current,No-Judge,Q-2B|think|tubitak_math2026
Qwen3.5-2B,Q-2B,Qwen,2.0,False,think,Reasoning · Think,tubitak_math2026,TR-OL,False,No-Judge,,,64,0.6,32768,,,,,,0.4375,32.0,2048.0,528.0,1520.0,0.0,1139.0,2048.0,0.556152,867.0,569.0,581.0,,,,/user/home/t.tuna/evalhub/results/think/Qwen3.5-2B,/user/home/t.tuna/evalhub/results/think/Qwen3.5-2B/tubitak_math2026__t0.6__max32768__n64/tubitak_math2026_summary.json,0.2578125,0.2578125,0.2578125,0.2578125,0.2578125,0.0,0.3556702628968254,0.3556702628968253,0.3556702628968253,0.1599547371031746,0.1599547371031746,0.1599547371031746,0.4422992743666742,0.4422992743666743,0.3080028105405302,0.1911181331998691,0.0898297818929264,0.1404739575463977,0.5098735568893231,0.4143633942240113,0.281960892320359,0.1491420201779049,0.0496350552375588,0.1268769904727524,0.5686975382127422,0.4034153723227587,0.2685412349468408,0.1245937881326274,0.0283101498253988,0.1180314578949372,0.6214507870405881,0.4033871954777446,0.2648567578286401,0.1168751517951947,0.0157998510142443,0.1122943376164332,0.65625,0.40625,0.25,0.125,0.0,0.109375,,,,,,,,,,,,,,,,,,,,,,,,,,,,,,,,,,,,,,,,,,,,,,,,,,,,,,,,,,,,,,,,,,,,,,,,,,,,,,,,,,,,,,,current,No-Judge,Q-2B|think|tubitak_math2026
Qwen3.5-4B,Q-4B,Qwen,4.0,False,think,Reasoning · Think,aime2026,EN,False,No-Judge,,,64,0.6,16384,,,,,,0.2666666666666666,30.0,1920.0,202.0,1718.0,0.0,1720.0,1920.0,0.895833,11.0,11.0,15.0,,,,/user/home/t.tuna/evalhub/results/think/Qwen3.5-4B,/user/home/t.tuna/evalhub/results/think/Qwen3.5-4B/aime2026__t0.6__max16384__n64/aime2026_summary.json,0.1052083333333333,0.1052083333333333,0.1052083333333333,0.1052083333333333,0.1052083333333333,0.0,0.1536541005291005,0.1536541005291005,0.1536541005291005,0.0567625661375661,0.0567625661375661,0.0567625661375661,0.2107317032224488,0.2107317032224488,0.1149567080489872,0.059816077409282,0.0353288446526151,0.0475724610309486,0.263946279989058,0.1875082795144223,0.0906747166297922,0.0417922602570053,0.0293244042510734,0.041360396484174,0.3088283664369304,0.1765564099142544,0.0747102029043703,0.0347617343102385,0.025000151287833,0.0375484544466426,0.3486371789790681,0.174269413995974,0.0649248438585816,0.0333494480283965,0.0166666666666666,0.0353803061515307,0.4,0.1666666666666666,0.0666666666666666,0.0333333333333333,0.0,0.034375,,,,,,,,,,,,,,,,,,,,,,,,,,,,,,,,,,,,,,,,,,,,,,,,,,,,,,,,,,,,,,,,,,,,,,,,,,,,,,,,,,,,,,,current,No-Judge,Q-4B|think|aime2026
Qwen3.5-4B,Q-4B,Qwen,4.0,False,think,Reasoning · Think,aime2026,EN,False,No-Judge,,,64,0.6,32768,,,,,,0.8,30.0,1920.0,1119.0,801.0,0.0,791.0,1920.0,0.411979,56.0,36.0,51.0,,,,/user/home/t.tuna/evalhub/results/think/Qwen3.5-4B,/user/home/t.tuna/evalhub/results/think/Qwen3.5-4B/aime2026__t0.6__max32768__n64/aime2026_summary.json,0.5828125,0.5828125,0.5828125,0.5828125,0.5828125,0.0,0.6767857142857142,0.6767857142857142,0.6767857142857142,0.4888392857142857,0.4888392857142857,0.4888392857142857,0.7440432646705782,0.7440432646705784,0.64526395918847,0.5380565733256109,0.4038862028153408,0.4709713880704759,0.7841408031488925,0.7366300326550894,0.6218096863177723,0.5023249880075424,0.3280822881356022,0.4584691073178929,0.8108964436389652,0.7411194591947118,0.6026217962427581,0.4832962731539119,0.2451754428598085,0.4505511780591347,0.8460316274274262,0.7463657453108056,0.5866748062593143,0.4722174446898111,0.1496427347498592,0.446006391793199,0.9,0.7333333333333333,0.5666666666666667,0.4666666666666667,0.0333333333333333,0.44375,,,,,,,,,,,,,,,,,,,,,,,,,,,,,,,,,,,,,,,,,,,,,,,,,,,,,,,,,,,,,,,,,,,,,,,,,,,,,,,,,,,,,,,current,No-Judge,Q-4B|think|aime2026
Qwen3.5-4B,Q-4B,Qwen,4.0,False,think,Reasoning · Think,aime2026,EN,False,No-Judge,,,64,0.6,65536,,,,,,0.9333333333333332,30.0,1920.0,1447.0,473.0,0.0,354.0,1920.0,0.184375,171.0,94.0,111.0,,,,/user/home/t.tuna/evalhub/results/think/Qwen3.5-4B,/user/home/t.tuna/evalhub/results/think/Qwen3.5-4B/aime2026__t0.6__max65536__n64/aime2026_summary.json,0.7536458333333335,0.7536458333333333,0.7536458333333333,0.7536458333333333,0.7536458333333333,0.0,0.8560515873015874,0.8560515873015876,0.8560515873015876,0.6512400793650791,0.6512400793650791,0.6512400793650791,0.90791442127706,0.9079144212770603,0.838647929205174,0.7352704015679954,0.5327505812831037,0.6340104914255497,0.9347296817642686,0.902243746970037,0.8292966484120754,0.7072330406657323,0.4058657955381359,0.6232023594548625,0.9513449994610784,0.8990016055268681,0.826617159145439,0.6911400118106659,0.2796657388061542,0.6166202511871505,0.9626842147483398,0.8967832027763016,0.8309924460780398,0.6880576221474964,0.1735275574052061,0.6127104332966041,0.9666666666666668,0.9,0.8333333333333334,0.7,0.1,0.6114583333333333,,,,,,,,,,,,,,,,,,,,,,,,,,,,,,,,,,,,,,,,,,,,,,,,,,,,,,,,,,,,,,,,,,,,,,,,,,,,,,,,,,,,,,,current,No-Judge,Q-4B|think|aime2026
Qwen3.5-4B,Q-4B,Qwen,4.0,False,think,Reasoning · Think,aime2026_pt,PT,False,No-Judge,,,64,0.6,16384,,,,,,0.8,30.0,1920.0,979.0,941.0,0.0,915.0,1920.0,0.476562,8.0,6.0,9.0,,,,/user/home/t.tuna/evalhub/results/think/Qwen3.5-4B,/user/home/t.tuna/evalhub/results/think/Qwen3.5-4B/aime2026_pt__t0.6__max16384__n64/aime2026_pt_summary.json,0.5098958333333334,0.5098958333333333,0.5098958333333333,0.5098958333333333,0.5098958333333333,0.0,0.6023809523809524,0.6023809523809524,0.6023809523809524,0.4174107142857143,0.4174107142857143,0.4174107142857143,0.6788023154793382,0.6788023154793384,0.5580855010786263,0.4617077656904467,0.3409877510849219,0.4013477583876844,0.7398318329619175,0.6583034494521398,0.52844611011229,0.4357443574394711,0.2715755431606217,0.3916321874344995,0.7798374641994036,0.646320352004057,0.5132442492826149,0.4209666088451057,0.2036594128594013,0.3866659657651663,0.8075762487917951,0.6366224152953757,0.507142920297022,0.4062421552377703,0.1435746331069818,0.3847422642445924,0.8333333333333334,0.6333333333333333,0.5,0.4,0.1,0.384375,,,,,,,,,,,,,,,,,,,,,,,,,,,,,,,,,,,,,,,,,,,,,,,,,,,,,,,,,,,,,,,,,,,,,,,,,,,,,,,,,,,,,,,current,No-Judge,Q-4B|think|aime2026_pt
Qwen3.5-4B,Q-4B,Qwen,4.0,False,think,Reasoning · Think,aime2026_pt,PT,False,No-Judge,,,64,0.6,32768,,,,,,0.8666666666666667,30.0,1920.0,1363.0,557.0,0.0,146.0,1920.0,0.076042,53.0,23.0,28.0,,,,/user/home/t.tuna/evalhub/results/think/Qwen3.5-4B,/user/home/t.tuna/evalhub/results/think/Qwen3.5-4B/aime2026_pt__t0.6__max32768__n64/aime2026_pt_summary.json,0.7098958333333333,0.7098958333333333,0.7098958333333333,0.7098958333333333,0.7098958333333333,0.0,0.797337962962963,0.7973379629629631,0.7973379629629631,0.6224537037037037,0.6224537037037037,0.6224537037037037,0.8462019339729546,0.8462019339729546,0.7779456573745309,0.6895306611098521,0.5259050808759957,0.607717870992924,0.8736831843408281,0.8418915649666406,0.7623381937695978,0.6708329245596321,0.4248025975622939,0.5991511614220676,0.8894961616782197,0.8452881177028839,0.7482706195876683,0.6671864662551626,0.3372215484875009,0.5948133654236021,0.908465567068545,0.8505867509606059,0.7375810101825835,0.6689071482402393,0.2885479498026734,0.5929717066998816,0.9333333333333332,0.8666666666666667,0.7333333333333333,0.6666666666666666,0.2666666666666666,0.5927083333333333,,,,,,,,,,,,,,,,,,,,,,,,,,,,,,,,,,,,,,,,,,,,,,,,,,,,,,,,,,,,,,,,,,,,,,,,,,,,,,,,,,,,,,,current,No-Judge,Q-4B|think|aime2026_pt
Qwen3.5-4B,Q-4B,Qwen,4.0,False,think,Reasoning · Think,aime2026_tr,TR,False,No-Judge,,,64,0.6,16384,,,,,,0.8,30.0,1920.0,995.0,925.0,0.0,849.0,1920.0,0.442188,10.0,6.0,6.0,,,,/user/home/t.tuna/evalhub/results/think/Qwen3.5-4B,/user/home/t.tuna/evalhub/results/think/Qwen3.5-4B/aime2026_tr__t0.6__max16384__n64/aime2026_tr_summary.json,0.5182291666666667,0.5182291666666666,0.5182291666666666,0.5182291666666666,0.5182291666666666,0.0,0.6143518518518518,0.6143518518518517,0.6143518518518517,0.4221064814814815,0.4221064814814815,0.4221064814814815,0.6911107228895437,0.6911107228895437,0.5709234636918402,0.4709320150587998,0.339950465026483,0.4054412400426413,0.7528409456993128,0.6697599032484529,0.5432569592747006,0.4457853227005774,0.2679009251829652,0.3959678633291256,0.7899552518578009,0.6496844647588694,0.5294215230986674,0.4342911609516484,0.2112331132110537,0.3915614589286554,0.7997179046362111,0.6342869398337794,0.5237091830388982,0.4302887956366119,0.1677011308241261,0.3897310076045361,0.8,0.6333333333333333,0.5333333333333333,0.4333333333333333,0.1333333333333333,0.3885416666666667,,,,,,,,,,,,,,,,,,,,,,,,,,,,,,,,,,,,,,,,,,,,,,,,,,,,,,,,,,,,,,,,,,,,,,,,,,,,,,,,,,,,,,,current,No-Judge,Q-4B|think|aime2026_tr
Qwen3.5-4B,Q-4B,Qwen,4.0,False,think,Reasoning · Think,aime2026_tr,TR,False,No-Judge,,,64,0.6,32768,,,,,,0.8666666666666667,30.0,1920.0,1316.0,604.0,0.0,102.0,1920.0,0.053125,28.0,21.0,24.0,,,,/user/home/t.tuna/evalhub/results/think/Qwen3.5-4B,/user/home/t.tuna/evalhub/results/think/Qwen3.5-4B/aime2026_tr__t0.6__max32768__n64/aime2026_tr_summary.json,0.6854166666666667,0.6854166666666667,0.6854166666666667,0.6854166666666667,0.6854166666666667,0.0,0.7874173280423281,0.7874173280423282,0.7874173280423282,0.5834160052910052,0.5834160052910052,0.5834160052910052,0.8466832237918964,0.8466832237918964,0.7658387054804293,0.6527768859174201,0.4763678514769208,0.5645723686971703,0.8784783938812233,0.8403824446006706,0.7533619765860797,0.6181588579317626,0.3789403840532994,0.552657234245403,0.8977420938429741,0.8399615680072114,0.7461858396949105,0.5933349005245385,0.2995554835394253,0.5464136790404474,0.9147797899971478,0.8413373361502319,0.7393191940070446,0.5705195335472049,0.2374502916960111,0.5440205235033514,0.9333333333333332,0.8333333333333334,0.7333333333333333,0.5333333333333333,0.2,0.54375,,,,,,,,,,,,,,,,,,,,,,,,,,,,,,,,,,,,,,,,,,,,,,,,,,,,,,,,,,,,,,,,,,,,,,,,,,,,,,,,,,,,,,,current,No-Judge,Q-4B|think|aime2026_tr
Qwen3.5-4B,Q-4B,Qwen,4.0,False,think,Reasoning · Think,pt_exams_math,PT,True,cot:DeepSeek-R1-0528-Qwen3-8B·TH,DeepSeek-R1-0528-Qwen3-8B,think,16,0.6,16384,,0.6,32768.0,,,0.963855421686747,166.0,2656.0,2455.0,160.0,41.0,,,,,,,44.0,7488.0,0.005876,/user/home/t.tuna/evalhub/results/think/Qwen3.5-4B/judged_by/DeepSeek-R1-0528-Qwen3-8B__state-think__t0.6__max32768__basemax16384,/user/home/t.tuna/evalhub/results/think/Qwen3.5-4B/judged_by/DeepSeek-R1-0528-Qwen3-8B__state-think__t0.6__max32768__basemax16384/pt_exams_math__t0.6__max16384__n16/pt_exams_math_cot_summary.json,0.9243222891566264,0.9243222891566264,0.9243222891566264,0.9243222891566264,0.9243222891566264,0.0,0.9582329317269076,0.9582329317269076,0.9582329317269076,0.8904116465863455,0.8904116465863455,0.8904116465863455,0.9678968621739706,0.9678968621739706,0.9551304117569176,0.9354461803256982,0.8388157023699193,0.887130941347809,0.9736592055869164,0.96640595014089,0.9530312391758172,0.9350422669699778,0.7602568783291674,0.8856697185010438,0.9759036144578314,0.963855421686747,0.9518072289156626,0.933734939759036,0.6506024096385542,0.884789156626506,,,,,,,,,,,,,0.963855421686747,0.963855421686747,0.927710843373494,0.963855421686747,0.6987951807228916,0.9518072289156626,0.1506024096385542,0.933734939759036,0.0,0.7168674698795181,0.5387801204819277,0.9307228915662652,0.5387801204819277,0.9307228915662652,0.5387801204819277,0.9307228915662652,0.5387801204819277,0.9307228915662652,0.7676706827309244,0.9588855421686744,0.7676706827309244,0.9588855421686744,0.3098895582329313,0.9025602409638556,0.3098895582329313,0.9025602409638556,,,,,,,,,0.9179101019462464,0.968012710181385,0.7260889712696939,0.9557295114524028,0.400115848007414,0.9378160995630876,0.111005560704356,0.8613332450681848,,,,,,,,,0.9300900571984922,0.9664321622152948,0.7054675578771963,0.9539486617799868,0.25673743926756,0.9361951301710338,0.0187144849795451,0.8006220686943576,0.1837349397590361,0.8975903614457831,0.0,0.0,0.3098895582329313,0.9025602409638556,,,0.2555607043558851,0.8995746723156363,,,0.2136055878525759,0.8981660909371754,0.9759036144578314,0.9759036144578314,0.5387801204819277,0.9307228915662652,0.7676706827309244,0.9588855421686744,,,0.9179101019462464,0.968012710181385,,,0.9657548609355844,0.9736596736596738,current,R1-distill,Q-4B|think|pt_exams_math
Qwen3.5-4B,Q-4B,Qwen,4.0,False,think,Reasoning · Think,aime2026_pt,PT,True,cot:DeepSeek-R1-0528-Qwen3-8B·TH,DeepSeek-R1-0528-Qwen3-8B,think,64,0.6,32768,,0.6,32768.0,,,0.8666666666666667,30.0,1920.0,1266.0,557.0,97.0,,,,,,,0.0,4089.0,0.0,/user/home/t.tuna/evalhub/results/think/Qwen3.5-4B/judged_by/DeepSeek-R1-0528-Qwen3-8B__state-think__t0.6__max32768__basemax32768,/user/home/t.tuna/evalhub/results/think/Qwen3.5-4B/judged_by/DeepSeek-R1-0528-Qwen3-8B__state-think__t0.6__max32768__basemax32768/aime2026_pt__t0.6__max32768__n64/aime2026_pt_cot_summary.json,0.659375,0.659375,0.659375,0.659375,0.659375,0.0,0.7776289682539683,0.7776289682539683,0.7776289682539683,0.5411210317460317,0.5411210317460317,0.5411210317460317,0.8382625406058776,0.8382625406058776,0.7570057729596333,0.6369746417869104,0.4052570446475787,0.5211158432172446,0.8705414081281265,0.832331502154877,0.7431185407606158,0.6099251189794227,0.2655490972383388,0.5097415873011426,0.88911141355019,0.8329600866948319,0.7325281014240114,0.6010967330070908,0.1505918178876109,0.5043118435188982,0.9084647226531908,0.8342813593653706,0.7282849219862075,0.6059051281890745,0.0750749264999802,0.5018154049553747,0.9333333333333332,0.8333333333333334,0.7333333333333333,0.6,0.0333333333333333,0.5010416666666667,0.8666666666666667,0.8666666666666667,0.5387133949358678,0.8421457811956066,0.1262753293391738,0.7413317377579536,0.0025669432653075,0.6446810347214963,1.408665505967583e-07,0.2090403910235581,0.2479166666666666,0.6848958333333334,0.2479166666666666,0.6848958333333334,0.2479166666666666,0.6848958333333334,0.2479166666666666,0.6848958333333334,0.4129794973544972,0.7898313492063492,0.4129794973544972,0.7898313492063492,0.082853835978836,0.5799603174603174,0.082853835978836,0.5799603174603174,0.5190413854617949,0.8465695086412252,0.0853640977759537,0.7329967166037732,8.813366826192686e-06,0.6535154305434022,6.184210433626698e-19,0.1301423394655472,0.6048732823818758,0.8437377762668615,0.2883883453786944,0.7702491647990061,0.0864804462239681,0.6672764368394987,0.0119245926821283,0.4583199554279669,0.5,0.8333333333333334,0.0666666666666666,0.7333333333333333,0.0,0.6666666666666666,0.0,0.0666666666666666,0.5641589737066208,0.8391882136218156,0.1914758492517912,0.754900356651112,0.0231976618954016,0.6468923456182986,0.0003283047316395,0.3264873617648651,0.0135251299279055,0.5483285964021581,0.0,0.0,0.082853835978836,0.5799603174603174,0.0059755992495853,0.5462487012471736,0.0492025194530482,0.5627981961337328,0.0010416666666666,0.5458333333333333,0.0267382635404808,0.5531109575230853,0.844500481567117,0.8894187932006798,0.2479166666666667,0.6848958333333334,0.4129794973544972,0.7898313492063492,0.8800729906570351,0.9084654898660328,0.6048732823818758,0.8437377762668615,0.9,0.9333333333333332,0.760211784846565,0.8729030214429471,current,R1-distill,Q-4B|think|aime2026_pt
Qwen3.5-4B,Q-4B,Qwen,4.0,False,think,Reasoning · Think,aime2026_tr,TR,True,cot:DeepSeek-R1-0528-Qwen3-8B·TH,DeepSeek-R1-0528-Qwen3-8B,think,64,0.6,32768,,0.6,32768.0,,,0.8666666666666667,30.0,1920.0,1171.0,604.0,145.0,,,,,,,6.0,3948.0,0.00152,/user/home/t.tuna/evalhub/results/think/Qwen3.5-4B/judged_by/DeepSeek-R1-0528-Qwen3-8B__state-think__t0.6__max32768__basemax32768,/user/home/t.tuna/evalhub/results/think/Qwen3.5-4B/judged_by/DeepSeek-R1-0528-Qwen3-8B__state-think__t0.6__max32768__basemax32768/aime2026_tr__t0.6__max32768__n64/aime2026_tr_cot_summary.json,0.6098958333333333,0.6098958333333333,0.6098958333333333,0.6098958333333333,0.6098958333333333,0.0,0.7402281746031745,0.7402281746031745,0.7402281746031745,0.4795634920634922,0.4795634920634922,0.4795634920634922,0.81978308906852,0.81978308906852,0.7095511424206559,0.5629174955721755,0.3473316062719817,0.4551245509220786,0.8633415865179669,0.8108833264225207,0.691463734995874,0.5162731444967558,0.2290741568530266,0.4390333703373129,0.8903050717509756,0.8085916484760969,0.6833131113717265,0.4868926676547659,0.1296588716099617,0.4293512896463421,0.9125177614937624,0.8118744916550127,0.6859518666028541,0.4738861944274905,0.0517542763049481,0.4235795736353045,0.9333333333333332,0.8333333333333334,0.6666666666666666,0.4666666666666667,0.0,0.4197916666666667,0.8333333333333334,0.8666666666666667,0.5102150294156835,0.8256130357792631,0.1501491019817206,0.7265443728248837,0.0121762105066303,0.5436900397919412,7.673054832298931e-06,0.2592351300517775,0.2463541666666666,0.6583333333333333,0.2463541666666666,0.6583333333333333,0.2463541666666666,0.6583333333333333,0.2463541666666666,0.6583333333333333,0.4028935185185184,0.7691633597883598,0.4028935185185184,0.7691633597883598,0.0898148148148148,0.547503306878307,0.0898148148148148,0.547503306878307,0.4967646556818769,0.8283680614491787,0.1255500734205821,0.7261148727004968,0.0020474873622313,0.5186054117471262,6.373420062369766e-12,0.1937322308415374,0.5801930930136907,0.8358561964359161,0.2889906134320466,0.7448091628683907,0.0988006052059463,0.6177932436856285,0.0174323550149832,0.4348747303433978,0.5333333333333333,0.8333333333333334,0.1333333333333333,0.7333333333333333,0.0,0.5,0.0,0.1333333333333333,0.5395746805801075,0.8278277170928031,0.2039011042661974,0.7322840340760326,0.0380543140158607,0.5750778507288704,0.001210723501674,0.3378036914473157,0.0251231788363426,0.5040099443207049,0.0,0.0,0.0898148148148148,0.547503306878307,0.0189573717227419,0.5000207303186924,0.0581164801104647,0.5263339870145133,0.0145833333333333,0.4989583333333333,0.0371385095749997,0.5122350637133566,0.8048286706543336,0.8952324106565309,0.2463541666666667,0.6583333333333333,0.4028935185185184,0.7691633597883598,0.8308149792010263,0.9147009053318148,0.5801930930136906,0.8358561964359161,0.8333333333333334,0.9333333333333332,0.7247544983878847,0.8714585294575767,current,R1-distill,Q-4B|think|aime2026_tr
Qwen3.5-4B,Q-4B,Qwen,4.0,False,think,Reasoning · Think,tubitak_math2026,TR-OL,True,cot:DeepSeek-R1-0528-Qwen3-8B·TH,DeepSeek-R1-0528-Qwen3-8B,think,64,0.6,32768,,0.6,32768.0,,,0.84375,32.0,2048.0,1128.0,707.0,213.0,,,,,,,1.0,4023.0,0.000249,/user/home/t.tuna/evalhub/results/think/Qwen3.5-4B/judged_by/DeepSeek-R1-0528-Qwen3-8B__state-think__t0.6__max32768__basemax32768,/user/home/t.tuna/evalhub/results/think/Qwen3.5-4B/judged_by/DeepSeek-R1-0528-Qwen3-8B__state-think__t0.6__max32768__basemax32768/tubitak_math2026__t0.6__max32768__n64/tubitak_math2026_cot_summary.json,0.55078125,0.55078125,0.55078125,0.55078125,0.55078125,0.0,0.6916697668650794,0.6916697668650794,0.6916697668650794,0.4098927331349207,0.4098927331349207,0.4098927331349207,0.7861674130750924,0.7861674130750924,0.6505763418039082,0.4903636783573821,0.2760175667636171,0.3831906225604996,0.8451216586964067,0.7705583298048728,0.6265359599528636,0.4403942674691091,0.1662083683386906,0.3662098760440224,0.8814746834854534,0.7612796556118656,0.6165008946471321,0.4072808610384259,0.090668771966128,0.3569129906491744,0.905808616582051,0.7600348895817217,0.6170053617631107,0.3828187490209996,0.0429183037903924,0.3527294167207382,0.9375,0.78125,0.625,0.375,0.0,0.3515625,0.84375,0.84375,0.4792926839114379,0.7906162963656432,0.1244417099271782,0.6607913328178501,0.0062385906664472,0.4954763224837049,2.4799231957247177e-06,0.1698119624347698,0.22412109375,0.60986328125,0.22412109375,0.60986328125,0.22412109375,0.60986328125,0.22412109375,0.60986328125,0.3696831597222222,0.7316778273809527,0.3696831597222222,0.7316778273809527,0.0785590277777777,0.4880487351190476,0.0785590277777777,0.4880487351190476,0.4781870814397907,0.7817113030728353,0.0861123085752604,0.6452201931756945,0.00061875241655,0.4679790489959706,2.622765365585442e-13,0.0980479055225047,0.5359971890660019,0.8116634382633277,0.2627301589924706,0.6961360772991111,0.0846470731503865,0.5628044948975096,0.0131099537911409,0.3688491145400518,0.5,0.78125,0.0625,0.625,0.0,0.40625,0.0,0.0625,0.4941207123875473,0.7986197740415062,0.1829163389255794,0.6741293984920651,0.0269176588255412,0.5228744969801024,0.000644866022604,0.2614368418280818,0.016653712926732,0.4445488788181003,0.0,0.0,0.0785590277777777,0.4880487351190476,0.01050347039953,0.4413485189867691,0.0488785134707637,0.4658268047187807,0.0068359375,0.4404296875,0.0286221539568926,0.4518926702967037,0.7630225167613627,0.8927611499631884,0.22412109375,0.60986328125,0.3696831597222222,0.7316778273809527,0.8348902620472838,0.91414053278066,0.5359971890660019,0.8116634382633277,0.90625,0.9375,0.6724129913725018,0.8622192639784242,current,R1-distill,Q-4B|think|tubitak_math2026
Qwen3.5-4B,Q-4B,Qwen,4.0,False,think,Reasoning · Think,aime2026,EN,True,cot:DeepSeek-R1-0528-Qwen3-8B·TH,DeepSeek-R1-0528-Qwen3-8B,think,64,0.6,65536,,0.6,32768.0,,,0.9333333333333332,30.0,1920.0,1344.0,473.0,103.0,,,,,,,5.0,4341.0,0.001152,/user/home/t.tuna/evalhub/results/think/Qwen3.5-4B/judged_by/DeepSeek-R1-0528-Qwen3-8B__state-think__t0.6__max32768__basemax65536,/user/home/t.tuna/evalhub/results/think/Qwen3.5-4B/judged_by/DeepSeek-R1-0528-Qwen3-8B__state-think__t0.6__max32768__basemax65536/aime2026__t0.6__max65536__n64/aime2026_cot_summary.json,0.7,0.7,0.7,0.7,0.7,0.0,0.8381117724867724,0.8381117724867724,0.8381117724867724,0.5618882275132276,0.5618882275132276,0.5618882275132276,0.902712671971662,0.902712671971662,0.8207086302703701,0.6791153584649088,0.3974633392930589,0.5382893488789839,0.9327494220500622,0.8971999697549484,0.8123118321773468,0.6444234789376718,0.228418442107034,0.5242920632275391,0.950728871309668,0.8943334001928522,0.8086062161553276,0.628631868204268,0.0908589137017892,0.5165180965443563,0.9626644598907096,0.893532986039471,0.8120861111957951,0.6290803712940064,0.0169456319415849,0.5118082803993685,0.9666666666666668,0.9,0.8333333333333334,0.6333333333333333,0.0,0.509375,0.9333333333333332,0.9333333333333332,0.4352617215272536,0.8951437849299196,0.0397610327884673,0.817940081358184,0.0001131583347939,0.6545446278119803,3.863004316503532e-10,0.1006100009123588,0.2083333333333333,0.7130208333333333,0.2083333333333333,0.7130208333333333,0.2083333333333333,0.7130208333333333,0.2083333333333333,0.7130208333333333,0.364401455026455,0.8446593915343917,0.364401455026455,0.8446593915343917,0.0522652116402116,0.5813822751322751,0.0522652116402116,0.5813822751322751,0.3812416018009211,0.8936601713168,0.0069205155431249,0.8224245497728163,5.930946361106836e-11,0.6576002300845062,0.0,0.0176494585699733,0.5732849525320441,0.9044802342759772,0.2107327000075545,0.8283507718264459,0.0450884725474889,0.6978141027255251,0.0042272082462457,0.4214382245053848,0.3,0.9,0.0,0.8333333333333334,0.0,0.6666666666666666,0.0,0.0,0.4973294352973212,0.8985918691428944,0.1014967306119865,0.8205234830710917,0.0059489555203622,0.6677150948012209,3.3509201382072416e-05,0.249819918838604,0.0023508787680475,0.5395470319525424,0.0,0.0,0.0522652116402116,0.5813822751322751,0.0001626783272648,0.5350921795357315,0.0246578403968673,0.5596261636154549,0.0,0.5333333333333333,0.0091720797631074,0.5468334874525185,0.9047876241755494,0.9507305774806212,0.2083333333333333,0.7130208333333333,0.364401455026455,0.8446593915343917,0.9531705607790888,0.9626644598909814,0.573284952532044,0.9044802342759772,0.9666666666666668,0.9666666666666668,0.7774330402288755,0.9329587710138476,current,R1-distill,Q-4B|think|aime2026
Qwen3.5-4B,Q-4B,Qwen,4.0,False,think,Reasoning · Think,aime2026,EN,True,cot:Qwen3.6-35B·TH,Qwen3.6-35B-A3B,think,64,0.6,16384,,0.6,16384.0,,,0.2666666666666666,30.0,1920.0,198.0,1718.0,4.0,,,,,,,95.0,606.0,0.156766,/user/home/t.tuna/evalhub/results/think/Qwen3.5-4B/judged_by/Qwen3.6-35B-A3B__state-think__t0.6__max16384__basemax16384,/user/home/t.tuna/evalhub/results/think/Qwen3.5-4B/judged_by/Qwen3.6-35B-A3B__state-think__t0.6__max16384__basemax16384/aime2026__t0.6__max16384__n64/aime2026_cot_summary.json,0.103125,0.103125,0.103125,0.103125,0.103125,0.0,0.1505291005291005,0.1505291005291005,0.1505291005291005,0.0557208994708994,0.0557208994708994,0.0557208994708994,0.2067012288786482,0.2067012288786482,0.1122695852534562,0.058531746031746,0.0349974398361495,0.0467645929339477,0.2595782634346435,0.1830208624731167,0.0885042942585932,0.0409506177085971,0.0292919918983017,0.040681092828146,0.3056657364512657,0.1729809367621373,0.072535968521128,0.0343995150871311,0.025000080520044,0.0369188779489295,0.3480582843630916,0.1720058040145084,0.0621718883002531,0.0333395941652404,0.0166666666666666,0.0347083103082762,0.4,0.1666666666666666,0.0666666666666666,0.0333333333333333,0.0,0.0333333333333333,0.2666666666666666,0.2666666666666666,0.1421329268310955,0.1765564099142544,0.0457477380132027,0.0747102029043703,0.0333715586432325,0.0347617343102385,0.0138376857563775,0.025000151287833,0.0859375,0.1052083333333333,0.0859375,0.1052083333333333,0.0859375,0.1052083333333333,0.0859375,0.1052083333333333,0.127744708994709,0.1536541005291005,0.127744708994709,0.1536541005291005,0.044130291005291,0.0567625661375661,0.044130291005291,0.0567625661375661,0.1340346003429949,0.174269413995974,0.0356754571946138,0.0649248438585816,0.0333333333615892,0.0333494480283965,0.0039682539682539,0.0166666666666666,0.1817919887856429,0.2107317032224488,0.087765354687618,0.1149567080489872,0.045561578236089,0.059816077409282,0.0286310782906499,0.0353288446526151,0.1333333333333333,0.1666666666666666,0.0333333333333333,0.0666666666666666,0.0333333333333333,0.0333333333333333,0.0,0.0,0.1568979649414069,0.1875082795144223,0.0619335158935857,0.0906747166297922,0.035136919086752,0.0417922602570053,0.0221883073574308,0.0293244042510734,0.0309618882630164,0.0375484544466426,0.0,0.0,0.044130291005291,0.0567625661375661,0.0302657030550065,0.0353803061515307,0.0370963282633695,0.0475724610309486,0.0302083333333333,0.034375,0.0329723988767907,0.041360396484174,0.2812573128542967,0.3088283664369304,0.0859375,0.1052083333333333,0.1277447089947089,0.1536541005291005,0.3116293384922005,0.3486371789790681,0.1817919887856429,0.2107317032224488,0.3333333333333333,0.4,0.2371857512276,0.263946279989058,current,Qwen3.6,Q-4B|think|aime2026
Qwen3.5-4B,Q-4B,Qwen,4.0,False,think,Reasoning · Think,aime2026_pt,PT,True,cot:Qwen3.6-35B·TH,Qwen3.6-35B-A3B,think,64,0.6,16384,,0.6,16384.0,,,0.8,30.0,1920.0,971.0,941.0,8.0,,,,,,,154.0,2937.0,0.052434,/user/home/t.tuna/evalhub/results/think/Qwen3.5-4B/judged_by/Qwen3.6-35B-A3B__state-think__t0.6__max16384__basemax16384,/user/home/t.tuna/evalhub/results/think/Qwen3.5-4B/judged_by/Qwen3.6-35B-A3B__state-think__t0.6__max16384__basemax16384/aime2026_pt__t0.6__max16384__n64/aime2026_pt_cot_summary.json,0.5057291666666667,0.5057291666666667,0.5057291666666667,0.5057291666666667,0.5057291666666667,0.0,0.6002645502645502,0.6002645502645502,0.6002645502645502,0.411193783068783,0.411193783068783,0.411193783068783,0.6772081413210448,0.6772081413210448,0.5555971582181259,0.458768561187916,0.3313428059395802,0.395055683563748,0.7391136734862276,0.6560609540244362,0.525961429946585,0.4333450592621419,0.2561811244102617,0.3854006626875009,0.7797758402040135,0.6431297919291993,0.5116080477922409,0.4189777638801544,0.1806269084608258,0.3804751570232456,0.8075762211707234,0.6321387005594569,0.5068883316197185,0.4054168692680722,0.1131581307612872,0.378505714158718,0.8333333333333334,0.6333333333333333,0.5,0.4,0.0666666666666666,0.378125,0.8,0.8,0.6232592959983464,0.646320352004057,0.4951961984290932,0.5132442492826149,0.3803063967948048,0.4209666088451057,0.1058067308635715,0.1973102065101949,0.4723958333333333,0.509375,0.4723958333333333,0.509375,0.4723958333333333,0.509375,0.4723958333333333,0.509375,0.580456349206349,0.602364417989418,0.580456349206349,0.602364417989418,0.3643353174603175,0.416385582010582,0.3643353174603175,0.416385582010582,0.6114166475021565,0.6366224152953757,0.4961412892846608,0.507142920297022,0.3775415404283148,0.4062421552377703,0.0551329440779811,0.1351090246413734,0.662976515742909,0.6788023154793384,0.5351775956284153,0.5580855010786263,0.4234533567525371,0.4616085593412404,0.2679758652094718,0.339003624100795,0.6333333333333333,0.6333333333333333,0.5,0.5,0.4,0.4,0.0333333333333333,0.1,0.639802117390447,0.6583034494521398,0.5070637875001329,0.52844611011229,0.3947329914357597,0.4357443574394711,0.1797977696420613,0.2678718394569179,0.3292799615403171,0.3856242990984996,0.0,0.0,0.3643353174603175,0.416385582010582,0.3266307166079055,0.3837005975779258,0.3457146109810044,0.4003060917210177,0.3260416666666667,0.3833333333333333,0.3348187401648387,0.3905905207678328,0.7713444000199303,0.7798374641994036,0.4723958333333333,0.509375,0.580456349206349,0.602364417989418,0.7990691156027415,0.8075762487917951,0.662976515742909,0.6788023154793383,0.8333333333333334,0.8333333333333334,0.7279423010553305,0.7398318329619175,current,Qwen3.6,Q-4B|think|aime2026_pt
Qwen3.5-4B,Q-4B,Qwen,4.0,False,think,Reasoning · Think,aime2026_tr,TR,True,cot:Qwen3.6-35B·TH,Qwen3.6-35B-A3B,think,64,0.6,16384,,0.6,16384.0,,,0.8,30.0,1920.0,972.0,925.0,23.0,,,,,,,298.0,2985.0,0.099832,/user/home/t.tuna/evalhub/results/think/Qwen3.5-4B/judged_by/Qwen3.6-35B-A3B__state-think__t0.6__max16384__basemax16384,/user/home/t.tuna/evalhub/results/think/Qwen3.5-4B/judged_by/Qwen3.6-35B-A3B__state-think__t0.6__max16384__basemax16384/aime2026_tr__t0.6__max16384__n64/aime2026_tr_cot_summary.json,0.50625,0.50625,0.50625,0.50625,0.50625,0.0,0.6066302910052909,0.6066302910052909,0.6066302910052909,0.405869708994709,0.405869708994709,0.405869708994709,0.6864424634652028,0.6864424634652029,0.5621459839003468,0.4561623878354444,0.3202491647990061,0.3882057763172252,0.7499403178873727,0.6640645948635508,0.5349226452806134,0.427538208667309,0.2468613917213527,0.3778631235779439,0.7890329243295536,0.6427565462826197,0.5230133858196953,0.4122004352521719,0.1888692147445932,0.3727364502912844,0.7996946594796664,0.6280663605542995,0.5199276587939086,0.4057464932053267,0.1421796364098882,0.3704535016007603,0.8,0.6333333333333333,0.5333333333333333,0.4,0.1,0.36875,0.8,0.8,0.6083985470439559,0.6496838428088049,0.4643023899272926,0.5284563994660101,0.3247080385966345,0.4285955403346383,0.0801322442640851,0.2096976906783263,0.4427083333333333,0.5161458333333333,0.4427083333333333,0.5161458333333333,0.4427083333333333,0.5161458333333333,0.4427083333333333,0.5161458333333333,0.5610945767195766,0.6132440476190476,0.5610945767195766,0.6132440476190476,0.32432208994709,0.419047619047619,0.32432208994709,0.419047619047619,0.5987756158003755,0.6342869398337794,0.4543796252318544,0.5236056915067591,0.3111985911683393,0.4241455147354162,0.0374740929989951,0.1674788456126888,0.6547097571621634,0.6909182384393913,0.5101666834546265,0.5695583927207406,0.3821048219217176,0.4675927849546306,0.223852070794826,0.3365139172185708,0.6,0.6333333333333333,0.4333333333333333,0.5333333333333333,0.3,0.4333333333333333,0.0,0.1333333333333333,0.6284705911225984,0.6697153223113226,0.4795757528506333,0.5418295183392554,0.3456091757347102,0.4412327098800797,0.141317683117347,0.2652092614945425,0.2833863131367533,0.3875562653386198,0.0,0.0,0.32432208994709,0.419047619047619,0.2803399353284954,0.3855721586612155,0.3029784463582719,0.4020533510866007,0.2791666666666667,0.384375,0.2900516330358219,0.3922575067617009,0.7764747125030017,0.7899552518448419,0.4427083333333333,0.5161458333333333,0.5610945767195766,0.6132440476190476,0.7974816669868605,0.799717904636211,0.6547097571621634,0.6909182384393913,0.8,0.8,0.7276188731560893,0.752838698065261,current,Qwen3.6,Q-4B|think|aime2026_tr
Qwen3.5-4B,Q-4B,Qwen,4.0,False,think,Reasoning · Think,pt_exams_math,PT,True,cot:Qwen3.6-35B·TH,Qwen3.6-35B-A3B,think,16,0.6,16384,,0.6,16384.0,,,0.963855421686747,166.0,2656.0,2495.0,160.0,1.0,,,,,,,113.0,7488.0,0.015091,/user/home/t.tuna/evalhub/results/think/Qwen3.5-4B/judged_by/Qwen3.6-35B-A3B__state-think__t0.6__max16384__basemax16384,/user/home/t.tuna/evalhub/results/think/Qwen3.5-4B/judged_by/Qwen3.6-35B-A3B__state-think__t0.6__max16384__basemax16384/pt_exams_math__t0.6__max16384__n16/pt_exams_math_cot_summary.json,0.939382530120482,0.939382530120482,0.939382530120482,0.939382530120482,0.939382530120482,0.0,0.9600401606425704,0.9600401606425704,0.9600401606425704,0.9187248995983937,0.9187248995983937,0.9187248995983937,0.9680954587581094,0.9680954587581097,0.9566000264795445,0.9427545346220044,0.8900801006222695,0.9164173176221369,0.9736596736596738,0.96643637487011,0.954615665459039,0.9406942455135228,0.848553655180161,0.915292288033252,0.9759036144578314,0.963855421686747,0.9518072289156626,0.9397590361445785,0.7891566265060241,0.9149096385542168,,,,,,,,,,,,,0.963855421686747,0.963855421686747,0.963855421686747,0.963855421686747,0.9518072289156626,0.9518072289156626,0.9156626506024096,0.9397590361445785,0.6566265060240963,0.7891566265060241,0.9224397590361446,0.939382530120482,0.9224397590361446,0.939382530120482,0.9224397590361446,0.939382530120482,0.9224397590361446,0.939382530120482,0.955773092369478,0.9600401606425704,0.955773092369478,0.9600401606425704,0.8891064257028111,0.9187248995983937,0.8891064257028111,0.9187248995983937,,,,,,,,,0.9655666622534094,0.9680954587581097,0.953170925460082,0.9566000264795445,0.9315967165364754,0.9427545346220044,0.8394247318946116,0.8900801006222695,,,,,,,,,0.963188418007695,0.96643637487011,0.9528463504367118,0.954615665459039,0.9267629960401046,0.9406942455135228,0.7664770971999888,0.848553655180161,0.8832831325301205,0.9149096385542168,0.0,0.0,0.8891064257028111,0.9187248995983937,,,0.8855107242155434,0.9164173176221369,,,0.8836447187350803,0.915292288033252,0.9759036144578314,0.9759036144578314,0.9224397590361446,0.939382530120482,0.955773092369478,0.9600401606425704,,,0.9655666622534094,0.9680954587581094,,,0.9712331844861966,0.9736596736596738,current,Qwen3.6,Q-4B|think|pt_exams_math
Qwen3.5-4B,Q-4B,Qwen,4.0,False,think,Reasoning · Think,tubitak_math2026,TR-OL,True,cot:Qwen3.6-35B·TH,Qwen3.6-35B-A3B,think,64,0.6,16384,,0.6,16384.0,,,0.6875,32.0,2048.0,922.0,1119.0,7.0,,,,,,,99.0,2787.0,0.035522,/user/home/t.tuna/evalhub/results/think/Qwen3.5-4B/judged_by/Qwen3.6-35B-A3B__state-think__t0.6__max16384__basemax16384,/user/home/t.tuna/evalhub/results/think/Qwen3.5-4B/judged_by/Qwen3.6-35B-A3B__state-think__t0.6__max16384__basemax16384/tubitak_math2026__t0.6__max16384__n64/tubitak_math2026_cot_summary.json,0.4501953125,0.4501953125,0.4501953125,0.4501953125,0.4501953125,0.0,0.5501767113095238,0.5501767113095238,0.5501767113095238,0.3502139136904763,0.3502139136904763,0.3502139136904763,0.6366659761306691,0.6366659761306691,0.5001613218000052,0.3907396958651254,0.2732142562042003,0.331976976034663,0.7074095226662465,0.6071610566022689,0.4705945294577729,0.3563608730589457,0.2117756516796279,0.3197772011934546,0.768060294645838,0.5937461810676989,0.4502019625107107,0.3408594003685958,0.1544334479084869,0.3120431160702152,0.8240308728984778,0.5857729939087684,0.4295480186572061,0.3344425505759994,0.102821300620265,0.3070787021113581,0.875,0.5625,0.375,0.3125,0.0625,0.3037109375,0.6875,0.6875,0.5777045595245609,0.5938111044845803,0.439044243330996,0.4519713413729478,0.3139323501836744,0.3423614698882262,0.1052306012643245,0.1591509729513928,0.42822265625,0.45263671875,0.42822265625,0.45263671875,0.42822265625,0.45263671875,0.42822265625,0.45263671875,0.5337611607142857,0.551943824404762,0.5337611607142857,0.551943824404762,0.3226841517857143,0.3533296130952381,0.3226841517857143,0.3533296130952381,0.5695296593755775,0.5857734655456227,0.4180387542096111,0.4326284514773048,0.3034327594493715,0.3346424481525343,0.0512898830607345,0.1048338538211965,0.6207810414620636,0.6387769800873814,0.4852501215815515,0.5011907811280251,0.3697235967364206,0.3929504439103774,0.2371358652199642,0.2776286698742162,0.5625,0.5625,0.375,0.40625,0.28125,0.3125,0.0,0.0625,0.5909078670069697,0.6077934645357788,0.45799497030479,0.4717707871502984,0.3330066888287691,0.3585630901169596,0.1676006408152913,0.2172040580714696,0.2825952215744558,0.3154334254974755,0.0,0.0,0.3226841517857143,0.3533296130952381,0.2778517723546095,0.3104485390985441,0.3034297309781925,0.3352895568922968,0.275390625,0.306640625,0.2905825232830664,0.3231681045916894,0.752506825423499,0.7740127117862644,0.42822265625,0.45263671875,0.5337611607142857,0.551943824404762,0.8127197985599172,0.8319673808349857,0.6207810414620636,0.6387769800873814,0.875,0.875,0.6906395269383099,0.7109055091101493,current,Qwen3.6,Q-4B|think|tubitak_math2026
Qwen3.5-4B,Q-4B,Qwen,4.0,False,think,Reasoning · Think,aime2026_pt,PT,True,cot:Qwen3.6-35B·TH,Qwen3.6-35B-A3B,think,64,0.6,32768,,0.6,32768.0,,,0.8666666666666667,30.0,1920.0,1351.0,557.0,12.0,,,,,,,147.0,4089.0,0.03595,/user/home/t.tuna/evalhub/results/think/Qwen3.5-4B/judged_by/Qwen3.6-35B-A3B__state-think__t0.6__max32768__basemax32768,/user/home/t.tuna/evalhub/results/think/Qwen3.5-4B/judged_by/Qwen3.6-35B-A3B__state-think__t0.6__max32768__basemax32768/aime2026_pt__t0.6__max32768__n64/aime2026_pt_cot_summary.json,0.7036458333333333,0.7036458333333333,0.7036458333333333,0.7036458333333333,0.7036458333333333,0.0,0.7938988095238099,0.7938988095238099,0.7938988095238099,0.613392857142857,0.613392857142857,0.613392857142857,0.8432690774176762,0.8432690774176762,0.7747082567382674,0.6841691114132943,0.5124368877640956,0.598302999588695,0.8717295352154437,0.8374746278722106,0.7604148060606307,0.6654222853925689,0.4070499454355979,0.589704628773147,0.8891604810852888,0.8384646466167591,0.7479309275567828,0.6622932750866678,0.3190710728699762,0.585430837324133,0.9084647266593868,0.8390729983252795,0.7375809691694654,0.66586458972747,0.2697488154769515,0.5835967066998816,0.9333333333333332,0.8333333333333334,0.7333333333333333,0.6666666666666666,0.2333333333333333,0.5833333333333334,0.8666666666666667,0.8666666666666667,0.8261067176227171,0.8452881177028839,0.7352961863073441,0.7482690995500181,0.6020783205227143,0.6651581022713461,0.2234840462288147,0.3230182368953381,0.6697916666666667,0.7072916666666667,0.6697916666666667,0.7072916666666667,0.6697916666666667,0.7072916666666667,0.6697916666666667,0.7072916666666667,0.777364417989418,0.7968750000000002,0.777364417989418,0.7968750000000002,0.5622189153439154,0.6177083333333332,0.5622189153439154,0.6177083333333332,0.8218038320291696,0.8505867509606059,0.7288603291644775,0.7375810101825835,0.5933475500237239,0.667814179142738,0.1373057277124167,0.2703488691555251,0.835781804789605,0.8461896053150681,0.7561722507617537,0.7776658230716931,0.644496592044186,0.68734953791141,0.4427160190711221,0.5179617003684956,0.8,0.8666666666666667,0.7333333333333333,0.7333333333333333,0.5666666666666667,0.6666666666666666,0.0333333333333333,0.2333333333333333,0.8282659820479922,0.8418913724448384,0.7434026287680567,0.7622680334221682,0.6158966431549738,0.668451573678302,0.3237555053169746,0.4132666037418901,0.5272186814947787,0.5896052318912438,0.0,0.0,0.5622189153439154,0.6177083333333332,0.5248513565602986,0.5877633733665484,0.5436063055576541,0.6026556191399528,0.5239583333333333,0.5875,0.5326490823267556,0.5939617300146778,0.8887401138247847,0.8894961616782197,0.6697916666666667,0.7072916666666667,0.777364417989418,0.7968750000000002,0.9084631985517292,0.908465567068545,0.835781804789605,0.8461896053150681,0.9333333333333332,0.9333333333333332,0.8685480548151692,0.8736831817953592,current,Qwen3.6,Q-4B|think|aime2026_pt
Qwen3.5-4B,Q-4B,Qwen,4.0,False,think,Reasoning · Think,aime2026_tr,TR,True,cot:Qwen3.6-35B·TH,Qwen3.6-35B-A3B,think,64,0.6,32768,,0.6,32768.0,,,0.8666666666666667,30.0,1920.0,1286.0,604.0,30.0,,,,,,,227.0,3948.0,0.057497,/user/home/t.tuna/evalhub/results/think/Qwen3.5-4B/judged_by/Qwen3.6-35B-A3B__state-think__t0.6__max32768__basemax32768,/user/home/t.tuna/evalhub/results/think/Qwen3.5-4B/judged_by/Qwen3.6-35B-A3B__state-think__t0.6__max32768__basemax32768/aime2026_tr__t0.6__max32768__n64/aime2026_tr_cot_summary.json,0.6697916666666667,0.6697916666666667,0.6697916666666667,0.6697916666666667,0.6697916666666667,0.0,0.7762400793650793,0.7762400793650793,0.7762400793650793,0.5633432539682541,0.5633432539682541,0.5633432539682541,0.8381197380238893,0.8381197380238893,0.7537891474234679,0.6355029672718727,0.4517548139474368,0.5436288906096549,0.8714553290123104,0.8307591029813207,0.7416676060878107,0.5985526577144373,0.3503132613337701,0.5309477278869861,0.893005308685936,0.8292067823130312,0.7361261019067478,0.5712953843630063,0.2674252163800218,0.5239398839215353,0.9126842147466624,0.8296486394451781,0.733954503951712,0.5481168351961616,0.208126956296948,0.5211279830214435,0.9333333333333332,0.8333333333333334,0.7333333333333333,0.5333333333333333,0.1666666666666666,0.5208333333333334,0.8666666666666667,0.8666666666666667,0.8091329040419054,0.8371675826110361,0.6801045841226429,0.7441592151693469,0.5095841442488648,0.5865516969855366,0.129636267461856,0.2947349499304926,0.6140625,0.6817708333333333,0.6140625,0.6817708333333333,0.6140625,0.6817708333333333,0.6140625,0.6817708333333333,0.7417989417989417,0.784920634920635,0.7417989417989417,0.784920634920635,0.4863260582010582,0.5786210317460317,0.4863260582010582,0.5786210317460317,0.8103614900013848,0.8374590057911493,0.6759832420621411,0.7379948386526599,0.501181045215679,0.5603258961846799,0.064415776669261,0.2352671766308804,0.8188648925990277,0.8450892070207247,0.7114768787825373,0.7629594654713637,0.5712452154314923,0.6483372575189075,0.3546630131869424,0.4706974033223371,0.8,0.8333333333333334,0.6333333333333333,0.7333333333333333,0.5,0.5333333333333333,0.0333333333333333,0.2,0.8109075736262307,0.8382900647797638,0.6916324079978812,0.7506539763940123,0.5306465346009639,0.6129187431661275,0.2318658840418333,0.3731950748705058,0.4390382900432142,0.5410773277236853,0.0,0.0,0.4863260582010582,0.5786210317460317,0.4337449282296554,0.538760922678608,0.4629541143092174,0.5595173304206222,0.4302083333333333,0.5385416666666667,0.4479673966416369,0.5474163522788047,0.8865497585229679,0.8975874588446126,0.6140625,0.6817708333333333,0.7417989417989417,0.784920634920635,0.9083862757820452,0.9147792369476468,0.8188648925990277,0.8450892070207247,0.9333333333333332,0.9333333333333332,0.8615129420457449,0.8776304985162798,current,Qwen3.6,Q-4B|think|aime2026_tr
Qwen3.5-4B,Q-4B,Qwen,4.0,False,think,Reasoning · Think,tubitak_math2026,TR-OL,True,cot:Qwen3.6-35B·TH,Qwen3.6-35B-A3B,think,64,0.6,32768,,0.6,32768.0,,,0.84375,32.0,2048.0,1301.0,707.0,40.0,,,,,,,146.0,4023.0,0.036291,/user/home/t.tuna/evalhub/results/think/Qwen3.5-4B/judged_by/Qwen3.6-35B-A3B__state-think__t0.6__max32768__basemax32768,/user/home/t.tuna/evalhub/results/think/Qwen3.5-4B/judged_by/Qwen3.6-35B-A3B__state-think__t0.6__max32768__basemax32768/tubitak_math2026__t0.6__max32768__n64/tubitak_math2026_cot_summary.json,0.63525390625,0.63525390625,0.63525390625,0.63525390625,0.63525390625,0.0,0.7473028273809523,0.7473028273809523,0.7473028273809523,0.5232049851190477,0.5232049851190477,0.5232049851190477,0.8233639411938757,0.8233639411938757,0.7143989838300472,0.584927173043993,0.4183255269320842,0.5016263499880386,0.8687971613267683,0.8133128764152178,0.6930037630219085,0.5433401609140353,0.3331898451548659,0.4875939505640296,0.8966478342095885,0.8107170022285412,0.6759167235413792,0.5176535158969043,0.2681988184957313,0.4799841729051761,0.9179832914741975,0.8105519938922378,0.6563323100665818,0.4946156749830186,0.2087754915284011,0.476354936492553,0.9375,0.8125,0.625,0.46875,0.15625,0.474609375,0.84375,0.84375,0.7783086605520154,0.8191019810542691,0.6413819013225187,0.6845089539432813,0.4771630229525766,0.5435832014366442,0.1843236665335311,0.2723254049962054,0.59765625,0.64794921875,0.59765625,0.64794921875,0.59765625,0.64794921875,0.59765625,0.64794921875,0.7183624751984129,0.7579985119047621,0.7183624751984129,0.7579985119047621,0.4769500248015874,0.537899925595238,0.4769500248015874,0.537899925595238,0.7759416468223467,0.8145218102848243,0.6354806886059308,0.6623898645523308,0.4511177772392653,0.5316284615369451,0.1180813333262966,0.2092789761033742,0.8024706532037721,0.8322921683381179,0.6786455480691748,0.7251767063911762,0.5454717954408097,0.6007611536318653,0.3640370032862431,0.4335668466388406,0.78125,0.8125,0.625,0.625,0.40625,0.5,0.0625,0.15625,0.7865601864810398,0.8222473262210026,0.6540756039342587,0.7029705822917416,0.5049864906349448,0.5628600882180143,0.2660013634515428,0.3443473790937333,0.4334106426990892,0.4963340316873336,0.0,0.0,0.4769500248015874,0.537899925595238,0.4300806033801225,0.4922811267022496,0.4547543993635266,0.5171640001353529,0.4287109375,0.490234375,0.4407847228555863,0.5038053642352354,0.8940187389594273,0.9049837436165142,0.59765625,0.64794921875,0.7183624751984129,0.7579985119047621,0.9177629105719712,0.9260758107959682,0.8024706532037721,0.8322921683381179,0.9375,0.9375,0.8585914090218871,0.8773973377331798,current,Qwen3.6,Q-4B|think|tubitak_math2026
Qwen3.5-4B,Q-4B,Qwen,4.0,False,think,Reasoning · Think,aime2026,EN,True,cot:Qwen3.6-35B·TH,Qwen3.6-35B-A3B,think,64,0.6,65536,,0.6,32768.0,,,0.9333333333333332,30.0,1920.0,1408.0,473.0,39.0,,,,,,,837.0,4341.0,0.192813,/user/home/t.tuna/evalhub/results/think/Qwen3.5-4B/judged_by/Qwen3.6-35B-A3B__state-think__t0.6__max32768__basemax65536,/user/home/t.tuna/evalhub/results/think/Qwen3.5-4B/judged_by/Qwen3.6-35B-A3B__state-think__t0.6__max32768__basemax65536/aime2026__t0.6__max65536__n64/aime2026_cot_summary.json,0.7333333333333333,0.7333333333333333,0.7333333333333333,0.7333333333333333,0.7333333333333333,0.0,0.847800925925926,0.847800925925926,0.847800925925926,0.6188657407407407,0.6188657407407407,0.6188657407407407,0.9027764662184284,0.9027764662184284,0.8305114871614078,0.7174531825774556,0.482592197376042,0.6000226899767487,0.9316045601334012,0.8952818490957626,0.8225810915597344,0.6891192108301727,0.3352416731484398,0.5886691426520297,0.9505701631209776,0.8894474933955092,0.8217133731452542,0.6756427297089341,0.1954039710124687,0.5819291905478882,0.9626643460398044,0.8837597980459756,0.8274344078523765,0.6773999758470733,0.0816151124065198,0.5776501034864417,0.9666666666666668,0.8666666666666667,0.8333333333333334,0.7,0.0,0.5760416666666667,0.9333333333333332,0.9333333333333332,0.8658013764958211,0.8973918473891331,0.705079890004366,0.8248522447605501,0.2984663707784454,0.6873110102836829,0.0050518946502288,0.2708266225312341,0.5572916666666666,0.75,0.5572916666666666,0.75,0.5572916666666666,0.75,0.5572916666666666,0.75,0.7529761904761904,0.8542493386243387,0.7529761904761904,0.8542493386243387,0.3616071428571429,0.6457506613756613,0.3616071428571429,0.6457506613756613,0.8649597444444025,0.8945988515259689,0.6978748207736906,0.829662452027886,0.2374860241458492,0.6843069100713796,8.286147126589572e-05,0.1686705197980192,0.868735677771902,0.9069873586663648,0.7212347229566956,0.83660960858872,0.4691806636280459,0.731314738569498,0.1700156023100232,0.5250882941754172,0.8666666666666667,0.9,0.6666666666666666,0.8333333333333334,0.1666666666666666,0.7,0.0,0.1,0.8669615420327722,0.9010575462831042,0.708484406172026,0.8272372518670281,0.3738703008396047,0.7030910792666977,0.0459659327697612,0.3964234719558569,0.2740484714117427,0.610624825796428,0.0,0.0,0.3616071428571429,0.6457506613756613,0.2657587864713476,0.6065954747950594,0.3195981329690346,0.6282015163724577,0.2625,0.6052083333333333,0.2907664483658607,0.6172635081868152,0.9367705156570424,0.9513214671654316,0.5572916666666666,0.75,0.7529761904761904,0.8542493386243387,0.9498868384128432,0.9626842117131412,0.868735677771902,0.9069873586663648,0.9666666666666668,0.9666666666666668,0.9150557872393228,0.9343811927965606,current,Qwen3.6,Q-4B|think|aime2026
Qwen3.5-4B,Q-4B,Qwen,4.0,False,think,Reasoning · Think,aime2026,EN,True,cot:G4-26B·TH,gemma-4-26B-A4B-it,think,64,0.6,16384,,0.6,16384.0,,,0.2666666666666666,30.0,1920.0,137.0,1718.0,65.0,,,,,,,212.0,606.0,0.349835,/user/home/t.tuna/evalhub/results/think/Qwen3.5-4B/judged_by/gemma-4-26B-A4B-it__state-think__t0.6__max16384__basemax16384,/user/home/t.tuna/evalhub/results/think/Qwen3.5-4B/judged_by/gemma-4-26B-A4B-it__state-think__t0.6__max16384__basemax16384/aime2026__t0.6__max16384__n64/aime2026_cot_summary.json,0.0713541666666666,0.0713541666666666,0.0713541666666666,0.0713541666666666,0.0713541666666666,0.0,0.1140376984126983,0.1140376984126984,0.1140376984126984,0.0286706349206349,0.0286706349206349,0.0286706349206349,0.1671241385678191,0.1671241385678191,0.0748180604870187,0.0332176537986955,0.0102568138131332,0.0217372338059144,0.2254442891765598,0.1355604217527132,0.0538949781808814,0.0226794943148179,0.0023742815566668,0.0178437512045227,0.2805672407685787,0.117788952473161,0.0419260145420647,0.0191726746417223,0.0001025690918808,0.0161089293453021,0.3265293654671947,0.1081382292098257,0.0342151324519934,0.0166666666666666,1.3671039390223142e-08,0.0156395558640187,0.3666666666666666,0.1,0.0333333333333333,0.0,0.0,0.015625,0.2666666666666666,0.2666666666666666,0.0508724528408776,0.1665135131217307,0.0282870248084783,0.0614046478245061,0.0030936945263695,0.0334319741905516,8.785441629190765e-07,0.0039508126491749,0.0375,0.0953125,0.0375,0.0953125,0.0375,0.0953125,0.0375,0.0953125,0.0619708994708994,0.1443948412698412,0.0619708994708994,0.1443948412698412,0.0130291005291005,0.0462301587301587,0.0130291005291005,0.0462301587301587,0.0423398900364719,0.1652090302343079,0.0311968811222983,0.0501014141142192,0.0001789330693239,0.0333335443524037,7.928466986431109e-15,0.0001806057238121,0.0943175379617738,0.2021226276514483,0.0366966436671619,0.1042023935433506,0.0154794956057515,0.051596377578001,0.0035063227653127,0.0233286012271998,0.0333333333333333,0.1666666666666666,0.0333333333333333,0.0333333333333333,0.0,0.0333333333333333,0.0,0.0,0.0653217313998919,0.1773911092379231,0.028648159394,0.0783993779978142,0.0085469409420402,0.0369706068334137,0.0002907656687745,0.0125008853186315,0.0061471917504509,0.0287327095197967,0.0,0.0,0.0130291005291005,0.0462301587301587,0.0053993188066235,0.0269501965098115,0.0094929091855321,0.0374624894026004,0.0052083333333333,0.0260416666666666,0.0073963197003472,0.0319049895377368,0.1865073274105912,0.3049008863653651,0.0375,0.0953125,0.0619708994708994,0.1443948412698412,0.2411030090191492,0.3475296142440988,0.0943175379617737,0.2021226276514484,0.3,0.4,0.1359355754644728,0.2578117385423454,current,Gemma4,Q-4B|think|aime2026
Qwen3.5-4B,Q-4B,Qwen,4.0,False,think,Reasoning · Think,aime2026_pt,PT,True,cot:G4-26B·TH,gemma-4-26B-A4B-it,think,64,0.6,16384,,0.6,16384.0,,,0.6666666666666666,30.0,1920.0,443.0,941.0,536.0,,,,,,,1570.0,2937.0,0.534559,/user/home/t.tuna/evalhub/results/think/Qwen3.5-4B/judged_by/gemma-4-26B-A4B-it__state-think__t0.6__max16384__basemax16384,/user/home/t.tuna/evalhub/results/think/Qwen3.5-4B/judged_by/gemma-4-26B-A4B-it__state-think__t0.6__max16384__basemax16384/aime2026_pt__t0.6__max16384__n64/aime2026_pt_cot_summary.json,0.2307291666666667,0.2307291666666666,0.2307291666666666,0.2307291666666666,0.2307291666666666,0.0,0.3387070105820105,0.3387070105820105,0.3387070105820105,0.1227513227513227,0.1227513227513227,0.1227513227513227,0.4491769702769174,0.4491769702769174,0.2678588741154844,0.1489934044303424,0.0568874178439223,0.1029404111371325,0.5488297511120014,0.4076494841889062,0.2242963947327449,0.1146926003646775,0.0194313895548965,0.090830736837862,0.62425133451242,0.3811706983922687,0.2007545333441583,0.0994270351680361,0.0028692936891963,0.084462672003141,0.6717129750983026,0.3702011173632843,0.1876530246303336,0.0941163589254633,3.515826665065538e-05,0.0813414478219645,0.7,0.4,0.1666666666666666,0.1,0.0,0.0802083333333333,0.5333333333333333,0.8,0.1620380263534278,0.5569228075691263,0.0420254308812695,0.3997864996191825,0.0010212286942076,0.2188296372287136,5.0937365805780334e-08,0.0390388882606314,0.0916666666666666,0.3755208333333333,0.0916666666666666,0.3755208333333333,0.0916666666666666,0.3755208333333333,0.0916666666666666,0.3755208333333333,0.1568121693121693,0.4987268518518518,0.1568121693121693,0.4987268518518518,0.026521164021164,0.2523148148148147,0.026521164021164,0.2523148148148147,0.1425236251538175,0.5465127437235182,0.0334856934325299,0.3956155807116384,2.4448004632490285e-06,0.1945583334783117,1.8188854216549112e-20,0.0068411917678755,0.242709356349626,0.601091112454148,0.0927564675614649,0.4438688797394509,0.0272320117012078,0.3013500142697657,0.0039688310543678,0.1557733268699689,0.1333333333333333,0.5333333333333333,0.0333333333333333,0.4,0.0,0.1666666666666666,0.0,0.0,0.1919871655519823,0.5711143426638159,0.0588150742586534,0.4133392788997124,0.008084060518545,0.2521571135071065,0.0001257805467515,0.0883953301493546,0.0049479177617151,0.2025481542156162,0.0,0.0,0.026521164021164,0.2523148148148147,0.0024482148653825,0.1964323363882517,0.0156004213777878,0.2285616705698672,0.0,0.1916666666666666,0.0088902155315946,0.2124795095545558,0.425707693680848,0.7413142815759409,0.0916666666666667,0.3755208333333333,0.1568121693121693,0.4987268518518518,0.5006364475059945,0.7956063250143542,0.242709356349626,0.601091112454148,0.5666666666666667,0.8333333333333334,0.3367648102824641,0.6788315384138024,current,Gemma4,Q-4B|think|aime2026_pt
Qwen3.5-4B,Q-4B,Qwen,4.0,False,think,Reasoning · Think,aime2026_tr,TR,True,cot:G4-26B·TH,gemma-4-26B-A4B-it,think,64,0.6,16384,,0.6,16384.0,,,0.8,30.0,1920.0,748.0,925.0,247.0,,,,,,,1521.0,2985.0,0.509548,/user/home/t.tuna/evalhub/results/think/Qwen3.5-4B/judged_by/gemma-4-26B-A4B-it__state-think__t0.6__max16384__basemax16384,/user/home/t.tuna/evalhub/results/think/Qwen3.5-4B/judged_by/gemma-4-26B-A4B-it__state-think__t0.6__max16384__basemax16384/aime2026_tr__t0.6__max16384__n64/aime2026_tr_cot_summary.json,0.3895833333333333,0.3895833333333333,0.3895833333333333,0.3895833333333333,0.3895833333333333,0.0,0.5123511904761904,0.5123511904761904,0.5123511904761904,0.2668154761904761,0.2668154761904761,0.2668154761904761,0.6163302779246725,0.6163302779246725,0.4563855103120042,0.3123452884591172,0.1732722566375394,0.2428087725483283,0.6959076644166331,0.5865975369796289,0.4257337466248956,0.2617866752962222,0.114513254053066,0.2270026700683362,0.7539552322212518,0.5681462096254152,0.4154869574000134,0.221906460379975,0.0802682910258592,0.2182212618067579,0.7902741536949305,0.559627574603119,0.4136913834053407,0.1865138417986464,0.0537872913372801,0.2143976262321689,0.8,0.5666666666666667,0.4,0.1666666666666666,0.0333333333333333,0.2135416666666666,0.6333333333333333,0.8,0.2134238516478683,0.576003022849812,0.0781845612590651,0.4195167019936746,0.0073908301086182,0.2315492259378085,2.405953453511478e-06,0.0887538636481396,0.1208333333333333,0.3963541666666667,0.1208333333333333,0.3963541666666667,0.1208333333333333,0.3963541666666667,0.1208333333333333,0.3963541666666667,0.1994212962962963,0.518667328042328,0.1994212962962963,0.518667328042328,0.0422453703703703,0.2740410052910053,0.0422453703703703,0.2740410052910053,0.1942507070794969,0.572296452359386,0.0767903229757907,0.4144911446978815,0.0005316157936156,0.1953102208591682,5.814209123382813e-14,0.0601018044898496,0.2961747584632302,0.6219532476307992,0.1302481260440012,0.4632269186539413,0.0475072503000847,0.3196903880536879,0.0094031985260171,0.1805461123282381,0.2,0.6,0.0666666666666666,0.4,0.0,0.1666666666666666,0.0,0.0333333333333333,0.2449710203115634,0.5929480259385858,0.0929874127860044,0.4322337406772342,0.0218266812845389,0.2699203799608238,0.0007049621001266,0.121850907085223,0.015172884574342,0.2260794143749075,0.0,0.0,0.0422453703703703,0.2740410052910053,0.0125590698484732,0.2226666758139245,0.0284552244130509,0.250118250190963,0.0114583333333333,0.221875,0.0199354237032353,0.2344870051821645,0.4863876030744435,0.7577854851382321,0.1208333333333333,0.3963541666666667,0.1994212962962963,0.518667328042328,0.5590911375462667,0.7923559956151897,0.2961747584632301,0.6219532476307992,0.6333333333333333,0.8,0.3967931433223697,0.7006680404641101,current,Gemma4,Q-4B|think|aime2026_tr
Qwen3.5-4B,Q-4B,Qwen,4.0,False,think,Reasoning · Think,pt_exams_math,PT,True,cot:G4-26B·TH,gemma-4-26B-A4B-it,think,16,0.6,16384,,0.6,16384.0,,,0.963855421686747,166.0,2656.0,2461.0,160.0,35.0,,,,,,,376.0,7488.0,0.050214,/user/home/t.tuna/evalhub/results/think/Qwen3.5-4B/judged_by/gemma-4-26B-A4B-it__state-think__t0.6__max16384__basemax16384,/user/home/t.tuna/evalhub/results/think/Qwen3.5-4B/judged_by/gemma-4-26B-A4B-it__state-think__t0.6__max16384__basemax16384/pt_exams_math__t0.6__max16384__n16/pt_exams_math_cot_summary.json,0.9265813253012049,0.9265813253012049,0.9265813253012049,0.9265813253012049,0.9265813253012049,0.0,0.955622489959839,0.955622489959839,0.955622489959839,0.8975401606425707,0.8975401606425707,0.8975401606425707,0.9659804051370318,0.965980405137032,0.9517575797696276,0.9322785648086858,0.8563087514894742,0.8942936581490799,0.9730614766759346,0.9635422810121606,0.9502976942735978,0.9294970090150816,0.7975749150447945,0.8927967113208076,0.9759036144578314,0.9578313253012049,0.9518072289156626,0.927710843373494,0.7168674698795181,0.8923192771084337,,,,,,,,,,,,,0.9578313253012049,0.963855421686747,0.9457831325301204,0.963855421686747,0.9156626506024096,0.9518072289156626,0.8493975903614458,0.927710843373494,0.4096385542168674,0.7349397590361446,0.8520331325301205,0.929593373493976,0.8520331325301205,0.929593373493976,0.8520331325301205,0.929593373493976,0.8520331325301205,0.929593373493976,0.9229919678714856,0.956977911646586,0.9229919678714856,0.956977911646586,0.7810742971887555,0.9022088353413658,0.7810742971887555,0.9022088353413658,,,,,,,,,0.9489441281609954,0.9672547332185888,0.916076393486032,0.9531841652323578,0.8589666357738655,0.9337349397590364,0.6841453726995893,0.8641996557659208,,,,,,,,,0.9455149268402284,0.9657047771505604,0.9126576235009968,0.9511472463279692,0.8496250737214597,0.9300994186536355,0.5585222006908751,0.8106271238801358,0.7635542168674698,0.8968373493975904,0.0,0.0,0.7810742971887555,0.9022088353413658,,,0.7715560042367273,0.8989672977624785,,,0.7664802566910999,0.8973340916112,0.9698795180722892,0.9759036144578314,0.8520331325301205,0.929593373493976,0.9229919678714856,0.956977911646586,,,0.9489441281609952,0.9672547332185888,,,0.9621815935068948,0.9735866543095458,current,Gemma4,Q-4B|think|pt_exams_math
Qwen3.5-4B,Q-4B,Qwen,4.0,False,think,Reasoning · Think,tubitak_math2026,TR-OL,True,cot:G4-26B·TH,gemma-4-26B-A4B-it,think,64,0.6,16384,,0.6,16384.0,,,0.6875,32.0,2048.0,744.0,1119.0,185.0,,,,,,,1326.0,2787.0,0.47578,/user/home/t.tuna/evalhub/results/think/Qwen3.5-4B/judged_by/gemma-4-26B-A4B-it__state-think__t0.6__max16384__basemax16384,/user/home/t.tuna/evalhub/results/think/Qwen3.5-4B/judged_by/gemma-4-26B-A4B-it__state-think__t0.6__max16384__basemax16384/tubitak_math2026__t0.6__max16384__n64/tubitak_math2026_cot_summary.json,0.36328125,0.36328125,0.36328125,0.36328125,0.36328125,0.0,0.4654172867063491,0.4654172867063491,0.4654172867063491,0.2611452132936508,0.2611452132936508,0.2611452132936508,0.5511262720814133,0.5511262720814133,0.4150525633640552,0.3090197772657449,0.1779263872887864,0.2434730822772657,0.626437872854291,0.5164567381497688,0.3873294189623577,0.2806454666887064,0.1091829463843249,0.2330838395209559,0.6927612572621121,0.5029279486535098,0.3740525640403599,0.2650413610097747,0.0608959755838321,0.2281960663561888,0.7561506328116483,0.5046320064770998,0.3740447355917778,0.2545326951006578,0.0321838160759967,0.2266643908610459,0.8125,0.53125,0.375,0.25,0.0,0.2265625,0.5625,0.6875,0.2267152560695136,0.5042390809116165,0.0770960020215665,0.3772384270667391,0.0492330998408439,0.276688456830164,0.0071142471516005,0.0678191337246569,0.1328125,0.37060546875,0.1328125,0.37060546875,0.1328125,0.37060546875,0.1328125,0.37060546875,0.2027219742063492,0.4697730654761903,0.2027219742063492,0.4697730654761903,0.0629030257936508,0.2714378720238096,0.0629030257936508,0.2714378720238096,0.2125787026133343,0.5061451244837514,0.0650162332644384,0.3748171192103197,0.0468750000264899,0.2613244890122128,0.0008253771153243,0.0328628238499974,0.2890629426512804,0.5539796514190023,0.1397026130983858,0.4191382346830852,0.069737791087482,0.3184229692339652,0.0327466531628515,0.190881019663947,0.1875,0.53125,0.0625,0.375,0.03125,0.25,0.0,0.0,0.2472694490825788,0.5183154695170441,0.1002421859523708,0.3912930007631721,0.0531660991718848,0.2921413471209239,0.0178883540925577,0.1216654421580797,0.0418888465769745,0.240452229601654,0.0,0.0,0.0629030257936508,0.2714378720238096,0.0410757235115401,0.2392992691823241,0.0512422221251668,0.2546519944489561,0.041015625,0.2392578125,0.0446874354302113,0.2448854304176073,0.4535756580502805,0.6972882531503034,0.1328125,0.37060546875,0.2027219742063492,0.4697730654761903,0.5211795835819546,0.7601188876651686,0.2890629426512804,0.5539796514190023,0.59375,0.8125,0.378227392060863,0.6297962844705782,current,Gemma4,Q-4B|think|tubitak_math2026
Qwen3.5-4B,Q-4B,Qwen,4.0,False,think,Reasoning · Think,pt_exams_math,PT,False,No-Judge,,,16,0.6,16384,,,,,,0.963855421686747,166.0,2656.0,2496.0,160.0,0.0,95.0,2656.0,0.035768,61.0,64.0,65.0,,,,/user/home/t.tuna/evalhub/results/think/Qwen3.5-4B,/user/home/t.tuna/evalhub/results/think/Qwen3.5-4B/pt_exams_math__t0.6__max16384__n16/pt_exams_math_summary.json,0.9397590361445785,0.9397590361445785,0.9397590361445785,0.9397590361445785,0.9397590361445785,0.0,0.9600401606425704,0.9600401606425704,0.9600401606425704,0.9194779116465864,0.9194779116465864,0.9194779116465864,0.9680954587581092,0.9680954587581097,0.9566000264795445,0.9427545346220044,0.8915861247186551,0.9171703296703296,0.9736596736596737,0.96643637487011,0.954615665459039,0.9406942455135228,0.851565703372932,0.9160453000814448,0.9759036144578314,0.963855421686747,0.9518072289156626,0.9397590361445785,0.7951807228915663,0.9156626506024096,,,,,,,,,,,,,,,,,,,,,,,,,,,,,,,,,,,,,,,,,,,,,,,,,,,,,,,,,,,,,,,,,,,,,,,,,,,,,,,,,,,,,,,,,,,,,,,,,,,current,No-Judge,Q-4B|think|pt_exams_math
Qwen3.5-4B,Q-4B,Qwen,4.0,False,think,Reasoning · Think,tubitak_math2026,TR-OL,False,No-Judge,,,64,0.6,16384,,,,,,0.6875,32.0,2048.0,929.0,1119.0,0.0,910.0,2048.0,0.444336,14.0,15.0,18.0,,,,/user/home/t.tuna/evalhub/results/think/Qwen3.5-4B,/user/home/t.tuna/evalhub/results/think/Qwen3.5-4B/tubitak_math2026__t0.6__max16384__n64/tubitak_math2026_summary.json,0.45361328125,0.45361328125,0.45361328125,0.45361328125,0.45361328125,0.0,0.5533854166666666,0.5533854166666667,0.5533854166666667,0.3538411458333333,0.3538411458333333,0.3538411458333333,0.640522501636826,0.640522501636826,0.5025726400587999,0.3935997149719221,0.277758268332452,0.335678991652187,0.7126156016215411,0.6098248747130861,0.4730739195929315,0.3588726259704786,0.2172087023356444,0.3234684319646335,0.7750529956263186,0.5953693522044197,0.4535959815745904,0.3423941110154644,0.1591509734456184,0.315643369765572,0.8320624364791372,0.5858876873898553,0.4343247945278566,0.3346424498642337,0.1048338538211965,0.3105293529070276,0.875,0.5625,0.40625,0.3125,0.0625,0.306640625,,,,,,,,,,,,,,,,,,,,,,,,,,,,,,,,,,,,,,,,,,,,,,,,,,,,,,,,,,,,,,,,,,,,,,,,,,,,,,,,,,,,,,,current,No-Judge,Q-4B|think|tubitak_math2026
Qwen3.5-4B,Q-4B,Qwen,4.0,False,think,Reasoning · Think,tubitak_math2026,TR-OL,False,No-Judge,,,64,0.6,32768,,,,,,0.84375,32.0,2048.0,1341.0,707.0,0.0,122.0,2048.0,0.05957,30.0,43.0,46.0,,,,/user/home/t.tuna/evalhub/results/think/Qwen3.5-4B,/user/home/t.tuna/evalhub/results/think/Qwen3.5-4B/tubitak_math2026__t0.6__max32768__n64/tubitak_math2026_summary.json,0.65478515625,0.65478515625,0.65478515625,0.65478515625,0.65478515625,0.0,0.7640593998015873,0.7640593998015874,0.7640593998015874,0.5455109126984127,0.5455109126984127,0.5455109126984127,0.8384493984664199,0.8384493984664199,0.7312765885869155,0.6064550262364332,0.4429596117102314,0.5247073189733323,0.8818775468154288,0.8310896086545064,0.7074244122336306,0.5677489439093183,0.3553951439399767,0.511121384940353,0.9061338832545964,0.8314137012645062,0.6872028510261862,0.5475511216470462,0.2805681923487507,0.5034854657141276,0.9260890101886328,0.8303935495493804,0.6650104315784091,0.5348987269672638,0.2110343073985679,0.4993040993950863,0.9375,0.8125,0.625,0.5,0.15625,0.4970703125,,,,,,,,,,,,,,,,,,,,,,,,,,,,,,,,,,,,,,,,,,,,,,,,,,,,,,,,,,,,,,,,,,,,,,,,,,,,,,,,,,,,,,,current,No-Judge,Q-4B|think|tubitak_math2026
Qwen3.5-9B,Q-9B,Qwen,9.0,False,think,Reasoning · Think,aime2026,EN,False,No-Judge,,,64,0.6,16384,,,,,,0.3333333333333333,30.0,1920.0,312.0,1608.0,0.0,1611.0,1920.0,0.839063,5.0,4.0,4.0,,,,/user/home/t.tuna/evalhub/results/think/Qwen3.5-9B,/user/home/t.tuna/evalhub/results/think/Qwen3.5-9B/aime2026__t0.6__max16384__n64/aime2026_summary.json,0.1625,0.1625,0.1625,0.1625,0.1625,0.0,0.2120205026455026,0.2120205026455026,0.2120205026455026,0.1129794973544973,0.1129794973544973,0.1129794973544973,0.2602702441808734,0.2602702441808734,0.1827965383227149,0.1257192066849655,0.081214010811446,0.1034666087482058,0.3021561389163171,0.2420936580334293,0.1666429930670709,0.1061309708842311,0.065151420682301,0.0973118997723509,0.336482393590954,0.232393748702058,0.1598784695128886,0.0920644537810563,0.0583889658971853,0.0940117197909196,0.3653829417757284,0.2283167869526088,0.1593465090847116,0.079560520434204,0.0500000013546631,0.0924783700627345,0.4,0.2,0.1666666666666666,0.0666666666666666,0.0333333333333333,0.0916666666666666,,,,,,,,,,,,,,,,,,,,,,,,,,,,,,,,,,,,,,,,,,,,,,,,,,,,,,,,,,,,,,,,,,,,,,,,,,,,,,,,,,,,,,,current,No-Judge,Q-9B|think|aime2026
Qwen3.5-9B,Q-9B,Qwen,9.0,False,think,Reasoning · Think,aime2026,EN,False,No-Judge,,,64,0.6,32768,,,,,,0.9,30.0,1920.0,1358.0,562.0,0.0,555.0,1920.0,0.289062,17.0,8.0,9.0,,,,/user/home/t.tuna/evalhub/results/think/Qwen3.5-9B,/user/home/t.tuna/evalhub/results/think/Qwen3.5-9B/aime2026__t0.6__max32768__n64/aime2026_summary.json,0.7072916666666667,0.7072916666666667,0.7072916666666667,0.7072916666666667,0.7072916666666667,0.0,0.7876984126984127,0.7876984126984129,0.7876984126984129,0.6268849206349204,0.6268849206349204,0.6268849206349204,0.8306590638194287,0.8306590638194289,0.7706572171438643,0.6928988504444613,0.5349515352589123,0.6139251928516868,0.8597524921335775,0.8177549447281893,0.7648175263944786,0.6716738881456087,0.4361635590837238,0.6061757355262767,0.8853998511619936,0.8089988247499957,0.7638905131838154,0.6577546268930374,0.3361077351951447,0.6020000952064393,0.908372198806626,0.8013612858814877,0.7623424077189013,0.6513736520096209,0.2339379662992123,0.5998786601422931,0.9333333333333332,0.8,0.7666666666666667,0.6333333333333333,0.1666666666666666,0.5989583333333334,,,,,,,,,,,,,,,,,,,,,,,,,,,,,,,,,,,,,,,,,,,,,,,,,,,,,,,,,,,,,,,,,,,,,,,,,,,,,,,,,,,,,,,current,No-Judge,Q-9B|think|aime2026
Qwen3.5-9B,Q-9B,Qwen,9.0,False,think,Reasoning · Think,aime2026,EN,False,No-Judge,,,64,0.6,65536,,,,,,0.9666666666666668,30.0,1920.0,1623.0,297.0,0.0,171.0,1920.0,0.089063,59.0,26.0,32.0,,,,/user/home/t.tuna/evalhub/results/think/Qwen3.5-9B,/user/home/t.tuna/evalhub/results/think/Qwen3.5-9B/aime2026__t0.6__max65536__n64/aime2026_summary.json,0.8453125,0.8453125,0.8453125,0.8453125,0.8453125,0.0,0.9087466931216932,0.9087466931216932,0.9087466931216932,0.7818783068783067,0.7818783068783067,0.7818783068783067,0.941640068243056,0.941640068243056,0.8962715515432332,0.8350168509145243,0.7083215292991863,0.7716691901068554,0.9592652751513736,0.9395602638044046,0.8878125263710211,0.818177221366755,0.6243004353258648,0.76545877338761,0.9659153612196932,0.9373207074548286,0.884017570204066,0.8068901403506218,0.5241093644844893,0.7622098432221837,0.9666643736408485,0.9343908266494791,0.8830242159851421,0.799861815524905,0.3989296558758843,0.7605735246931714,0.9666666666666668,0.9333333333333332,0.8666666666666667,0.8,0.2666666666666666,0.759375,,,,,,,,,,,,,,,,,,,,,,,,,,,,,,,,,,,,,,,,,,,,,,,,,,,,,,,,,,,,,,,,,,,,,,,,,,,,,,,,,,,,,,,current,No-Judge,Q-9B|think|aime2026
Qwen3.5-9B,Q-9B,Qwen,9.0,False,think,Reasoning · Think,aime2026_pt,PT,False,No-Judge,,,64,0.6,16384,,,,,,0.7666666666666667,30.0,1920.0,1062.0,858.0,0.0,844.0,1920.0,0.439583,3.0,1.0,2.0,,,,/user/home/t.tuna/evalhub/results/think/Qwen3.5-9B,/user/home/t.tuna/evalhub/results/think/Qwen3.5-9B/aime2026_pt__t0.6__max16384__n64/aime2026_pt_summary.json,0.553125,0.553125,0.553125,0.553125,0.553125,0.0,0.6514715608465609,0.6514715608465609,0.6514715608465609,0.4547784391534392,0.4547784391534392,0.4547784391534392,0.7190089018156178,0.7190089018156178,0.6227992034113133,0.5062042528098848,0.3644876419631839,0.4353459473865345,0.7563587776988212,0.7139034181170852,0.6039547902103297,0.4658469130428566,0.292227155990285,0.421987832404985,0.7735732278347941,0.7088539236297655,0.5975621530653666,0.439944955808462,0.2316099177635575,0.4133126348020715,0.783330041998806,0.69780074515234,0.6002673154970161,0.430806036085217,0.1799828514146241,0.407766580154262,0.8,0.6666666666666666,0.6,0.4333333333333333,0.1333333333333333,0.4052083333333333,,,,,,,,,,,,,,,,,,,,,,,,,,,,,,,,,,,,,,,,,,,,,,,,,,,,,,,,,,,,,,,,,,,,,,,,,,,,,,,,,,,,,,,current,No-Judge,Q-9B|think|aime2026_pt
Qwen3.5-9B,Q-9B,Qwen,9.0,False,think,Reasoning · Think,aime2026_pt,PT,False,No-Judge,,,64,0.6,32768,,,,,,0.9,30.0,1920.0,1501.0,419.0,0.0,73.0,1920.0,0.038021,15.0,8.0,12.0,,,,/user/home/t.tuna/evalhub/results/think/Qwen3.5-9B,/user/home/t.tuna/evalhub/results/think/Qwen3.5-9B/aime2026_pt__t0.6__max32768__n64/aime2026_pt_summary.json,0.7817708333333333,0.7817708333333333,0.7817708333333333,0.7817708333333333,0.7817708333333333,0.0,0.8529265873015873,0.8529265873015873,0.8529265873015873,0.7106150793650793,0.7106150793650793,0.7106150793650793,0.8878553801213769,0.8878553801213772,0.8410261535426796,0.7719410763600346,0.6262607233092425,0.6991008998346387,0.909930439363557,0.8772427415775667,0.8389916592319542,0.7526114764901393,0.5354493815725264,0.6920764696938603,0.9313387453715426,0.8700394716941139,0.8405532306779951,0.7383160631561302,0.4460071966428237,0.6880633550629096,0.9490403983779336,0.8667437237534329,0.8413977240208231,0.72979551447824,0.3672992593405532,0.6857081055384637,0.9666666666666668,0.8666666666666667,0.8333333333333334,0.7333333333333333,0.3333333333333333,0.684375,,,,,,,,,,,,,,,,,,,,,,,,,,,,,,,,,,,,,,,,,,,,,,,,,,,,,,,,,,,,,,,,,,,,,,,,,,,,,,,,,,,,,,,current,No-Judge,Q-9B|think|aime2026_pt
Qwen3.5-9B,Q-9B,Qwen,9.0,False,think,Reasoning · Think,aime2026_tr,TR,False,No-Judge,,,64,0.6,16384,,,,,,0.8333333333333334,30.0,1920.0,1201.0,719.0,0.0,683.0,1920.0,0.355729,1.0,2.0,3.0,,,,/user/home/t.tuna/evalhub/results/think/Qwen3.5-9B,/user/home/t.tuna/evalhub/results/think/Qwen3.5-9B/aime2026_tr__t0.6__max16384__n64/aime2026_tr_summary.json,0.6255208333333333,0.6255208333333333,0.6255208333333333,0.6255208333333333,0.6255208333333333,0.0,0.7180886243386244,0.7180886243386244,0.7180886243386244,0.5329530423280423,0.5329530423280423,0.5329530423280423,0.7762237897979569,0.7762237897979568,0.6966390504730008,0.5865822756918736,0.4426382173705018,0.514610246531188,0.8058016604287584,0.7715857371087118,0.683968504758918,0.5477819714620297,0.3698095171727138,0.5021036501371255,0.8244806521683895,0.7731021377589921,0.6769643011317508,0.521724354428193,0.3112606937257771,0.494638263409365,0.8499991181940991,0.7725963402972343,0.6733440475946222,0.5102760547162709,0.2473960169376495,0.4906533831838165,0.9,0.7666666666666667,0.6666666666666666,0.5333333333333333,0.1666666666666666,0.4895833333333333,,,,,,,,,,,,,,,,,,,,,,,,,,,,,,,,,,,,,,,,,,,,,,,,,,,,,,,,,,,,,,,,,,,,,,,,,,,,,,,,,,,,,,,current,No-Judge,Q-9B|think|aime2026_tr
Qwen3.5-9B,Q-9B,Qwen,9.0,False,think,Reasoning · Think,aime2026_tr,TR,False,No-Judge,,,64,0.6,32768,,,,,,0.9333333333333332,30.0,1920.0,1459.0,461.0,0.0,55.0,1920.0,0.028646,23.0,10.0,14.0,,,,/user/home/t.tuna/evalhub/results/think/Qwen3.5-9B,/user/home/t.tuna/evalhub/results/think/Qwen3.5-9B/aime2026_tr__t0.6__max32768__n64/aime2026_tr_summary.json,0.7598958333333333,0.7598958333333333,0.7598958333333333,0.7598958333333333,0.7598958333333333,0.0,0.8349041005291006,0.8349041005291006,0.8349041005291006,0.6848875661375661,0.6848875661375661,0.6848875661375661,0.8812792740046838,0.8812792740046839,0.8147451272947042,0.7360965265711431,0.6074624054628022,0.6717794660169727,0.9088395276152276,0.874932327923813,0.8016902999122949,0.7124054711775964,0.5275230625243703,0.6629726922274057,0.9258443598881826,0.8700167239739353,0.7917387794530518,0.6997833508437645,0.4394306276177154,0.6571655083494929,0.9328964951971458,0.8669286750804399,0.7792931305415866,0.6918960567863055,0.3528855428223586,0.6533995074090513,0.9333333333333332,0.8666666666666667,0.7666666666666667,0.7,0.2666666666666666,0.6510416666666666,,,,,,,,,,,,,,,,,,,,,,,,,,,,,,,,,,,,,,,,,,,,,,,,,,,,,,,,,,,,,,,,,,,,,,,,,,,,,,,,,,,,,,,current,No-Judge,Q-9B|think|aime2026_tr
Qwen3.5-9B,Q-9B,Qwen,9.0,False,think,Reasoning · Think,pt_exams_math,PT,True,cot:DeepSeek-R1-0528-Qwen3-8B·TH,DeepSeek-R1-0528-Qwen3-8B,think,16,0.6,16384,,0.6,32768.0,,,0.963855421686747,166.0,2656.0,2494.0,127.0,35.0,,,,,,,13.0,7587.0,0.001713,/user/home/t.tuna/evalhub/results/think/Qwen3.5-9B/judged_by/DeepSeek-R1-0528-Qwen3-8B__state-think__t0.6__max32768__basemax16384,/user/home/t.tuna/evalhub/results/think/Qwen3.5-9B/judged_by/DeepSeek-R1-0528-Qwen3-8B__state-think__t0.6__max32768__basemax16384/pt_exams_math__t0.6__max16384__n16/pt_exams_math_cot_summary.json,0.9390060240963856,0.9390060240963856,0.9390060240963856,0.9390060240963856,0.9390060240963856,0.0,0.962550200803213,0.962550200803213,0.962550200803213,0.915461847389558,0.915461847389558,0.915461847389558,0.967840593141798,0.967840593141798,0.9611511981993912,0.9494770289951012,0.8775552760492523,0.9135161525221764,0.9714859437751004,0.965256831521892,0.9621141910298536,0.946781531721291,0.8163886314488722,0.91237502457382,0.9759036144578314,0.963855421686747,0.963855421686747,0.9397590361445785,0.7168674698795181,0.9118975903614458,,,,,,,,,,,,,0.963855421686747,0.963855421686747,0.9578313253012049,0.963855421686747,0.6686746987951807,0.963855421686747,0.1566265060240964,0.9397590361445785,0.0,0.8012048192771084,0.5368975903614458,0.9461596385542168,0.5368975903614458,0.9461596385542168,0.5368975903614458,0.9461596385542168,0.5368975903614458,0.9461596385542168,0.765813253012049,0.9633032128514056,0.765813253012049,0.9633032128514056,0.307981927710843,0.929016064257028,0.307981927710843,0.929016064257028,,,,,,,,,0.9183966635773864,0.9679398914338676,0.721273004104329,0.961972064080498,0.3971435191314709,0.952055474645836,0.1107771746325964,0.9026711240566664,,,,,,,,,0.9352814521489232,0.9652610441767068,0.6900632834367773,0.9629848063583004,0.2609248181537341,0.9494481422192268,0.0173144793626721,0.8626463897548234,0.1867469879518072,0.9262048192771084,0.0,0.0,0.307981927710843,0.929016064257028,,,0.2539603468820338,0.9273632993512512,,,0.2131808118253903,0.926433004746258,0.9759036144578314,0.9759036144578314,0.5368975903614458,0.9461596385542168,0.765813253012049,0.9633032128514056,,,0.9183966635773864,0.9679398914338676,,,0.9669287874107152,0.9714859437751004,current,R1-distill,Q-9B|think|pt_exams_math
Qwen3.5-9B,Q-9B,Qwen,9.0,False,think,Reasoning · Think,aime2026_pt,PT,True,cot:DeepSeek-R1-0528-Qwen3-8B·TH,DeepSeek-R1-0528-Qwen3-8B,think,64,0.6,32768,,0.6,32768.0,,,0.9,30.0,1920.0,1409.0,419.0,92.0,,,,,,,0.0,4503.0,0.0,/user/home/t.tuna/evalhub/results/think/Qwen3.5-9B/judged_by/DeepSeek-R1-0528-Qwen3-8B__state-think__t0.6__max32768__basemax32768,/user/home/t.tuna/evalhub/results/think/Qwen3.5-9B/judged_by/DeepSeek-R1-0528-Qwen3-8B__state-think__t0.6__max32768__basemax32768/aime2026_pt__t0.6__max32768__n64/aime2026_pt_cot_summary.json,0.7338541666666667,0.7338541666666667,0.7338541666666667,0.7338541666666667,0.7338541666666667,0.0,0.8329199735449738,0.8329199735449738,0.8329199735449738,0.6347883597883596,0.6347883597883596,0.6347883597883596,0.8801675962999338,0.8801675962999338,0.8184129817095179,0.7201910889510045,0.5166449997062107,0.6184180443286073,0.9058371575585774,0.8708482306679753,0.813507332787933,0.6943450337438904,0.3899326835469168,0.608345354873555,0.9287238175310986,0.8667325131662941,0.8099806219369803,0.6801391023545873,0.2696891280304369,0.6024206103479683,0.9487167217231104,0.8666368838462518,0.8034798881050926,0.6751616816830339,0.1731379269028737,0.5988054450521479,0.9666666666666668,0.8666666666666667,0.8,0.6666666666666666,0.1,0.596875,0.9,0.9,0.6328190535317659,0.8684605942517369,0.165004281209793,0.8257365366739192,0.0056368864832514,0.7091382266649712,1.061390960615274e-06,0.3161733347312918,0.2848958333333333,0.753125,0.2848958333333333,0.753125,0.2848958333333333,0.753125,0.2848958333333333,0.753125,0.4672784391534392,0.8425595238095238,0.4672784391534392,0.8425595238095238,0.1025132275132275,0.6636904761904762,0.1025132275132275,0.6636904761904762,0.6280214740016543,0.86666071575221,0.1109623080547818,0.8256243135950917,0.0001958902934476,0.7062320674626688,7.938670933646591e-15,0.2141819029862222,0.6677583562069285,0.8842621272023705,0.3449328166838742,0.8295292865956535,0.110529932932101,0.7435121880587244,0.0163622275104295,0.5551963981432517,0.6333333333333333,0.8666666666666667,0.0666666666666666,0.8333333333333334,0.0,0.7,0.0,0.1333333333333333,0.6425954477954486,0.8743925394158479,0.2424741524554202,0.8261221241835895,0.0329373080712243,0.7213202491895688,0.0006196414515286,0.4351897668184908,0.019862022652678,0.6352399949781736,0.0,0.0,0.1025132275132275,0.6636904761904762,0.0110649615806535,0.6316796998044112,0.0634460802212653,0.649354293100988,0.0072916666666666,0.6291666666666667,0.0362954585933732,0.6405840384655958,0.8797626314125588,0.930229595769552,0.2848958333333335,0.753125,0.467278439153439,0.8425595238095238,0.9082843673583224,0.9489390056908812,0.6677583562069284,0.8842621272023705,0.9333333333333332,0.9666666666666668,0.8130833907951118,0.90807135839485,current,R1-distill,Q-9B|think|aime2026_pt
Qwen3.5-9B,Q-9B,Qwen,9.0,False,think,Reasoning · Think,aime2026_tr,TR,True,cot:DeepSeek-R1-0528-Qwen3-8B·TH,DeepSeek-R1-0528-Qwen3-8B,think,64,0.6,32768,,0.6,32768.0,,,0.9333333333333332,30.0,1920.0,1310.0,461.0,149.0,,,,,,,1.0,4377.0,0.000228,/user/home/t.tuna/evalhub/results/think/Qwen3.5-9B/judged_by/DeepSeek-R1-0528-Qwen3-8B__state-think__t0.6__max32768__basemax32768,/user/home/t.tuna/evalhub/results/think/Qwen3.5-9B/judged_by/DeepSeek-R1-0528-Qwen3-8B__state-think__t0.6__max32768__basemax32768/aime2026_tr__t0.6__max32768__n64/aime2026_tr_cot_summary.json,0.6822916666666666,0.6822916666666666,0.6822916666666666,0.6822916666666666,0.6822916666666666,0.0,0.7946428571428572,0.7946428571428572,0.7946428571428572,0.5699404761904762,0.5699404761904762,0.5699404761904762,0.8584617612248494,0.8584617612248494,0.7695519923111145,0.6533678745603653,0.4477850385703373,0.5505764565653515,0.895216578918085,0.8500496947843214,0.753247860003288,0.6234852668071393,0.3234917387599363,0.538687084834498,0.918185053514946,0.8476024037100728,0.7415288385248485,0.6116945898954838,0.210710713636181,0.5319179095800103,0.9315725150435809,0.8516339049350846,0.7356195712879615,0.6131226591090793,0.1247480691795499,0.5280441301388076,0.9333333333333332,0.8666666666666667,0.7333333333333333,0.6333333333333333,0.0666666666666666,0.525,0.9,0.9333333333333332,0.6286100944854611,0.8602355983453956,0.2586508685000363,0.7711042265035917,0.0201269849365176,0.6732308649400243,8.781036337547691e-06,0.3102642347276668,0.3057291666666666,0.7286458333333333,0.3057291666666666,0.7286458333333333,0.3057291666666666,0.7286458333333333,0.3057291666666666,0.7286458333333333,0.4825562169312167,0.8202380952380952,0.4825562169312167,0.8202380952380952,0.1289021164021164,0.6370535714285714,0.1289021164021164,0.6370535714285714,0.623607790255928,0.8597462217147015,0.2321944502609831,0.7641435308358976,0.0022075965811341,0.6665001070611039,1.728803793361094e-12,0.1980916095977564,0.6586662070962706,0.8736220232848999,0.3840404212099083,0.7968982670628625,0.1512578378786733,0.7067659674481465,0.0289522004818144,0.5372970755374247,0.6,0.8666666666666667,0.2333333333333333,0.7666666666666667,0.0,0.6666666666666666,0.0,0.1,0.6378995492756444,0.8657022613153603,0.3076938486030225,0.7812353031135097,0.0656386839724602,0.6840135751114124,0.0019852228967449,0.4279001772187438,0.0443186150027591,0.6074967375779743,0.0,0.0,0.1289021164021164,0.6370535714285714,0.0332186053440365,0.6046613486307316,0.0901050191802439,0.6220315214927853,0.0260416666666666,0.603125,0.0622565667358198,0.6128078084327462,0.835486775605496,0.9257723981921624,0.3057291666666667,0.7286458333333333,0.4825562169312167,0.8202380952380952,0.8655899784111292,0.9328964908279556,0.6586662070962706,0.8736220232848999,0.9,0.9333333333333332,0.7776418656243332,0.9067494812513448,current,R1-distill,Q-9B|think|aime2026_tr
Qwen3.5-9B,Q-9B,Qwen,9.0,False,think,Reasoning · Think,aime2026,EN,True,cot:DeepSeek-R1-0528-Qwen3-8B·TH,DeepSeek-R1-0528-Qwen3-8B,think,64,0.6,65536,,0.6,32768.0,,,0.9666666666666668,30.0,1920.0,1511.0,297.0,112.0,,,,,,,3.0,4869.0,0.000616,/user/home/t.tuna/evalhub/results/think/Qwen3.5-9B/judged_by/DeepSeek-R1-0528-Qwen3-8B__state-think__t0.6__max32768__basemax65536,/user/home/t.tuna/evalhub/results/think/Qwen3.5-9B/judged_by/DeepSeek-R1-0528-Qwen3-8B__state-think__t0.6__max32768__basemax65536/aime2026__t0.6__max65536__n64/aime2026_cot_summary.json,0.7869791666666667,0.7869791666666667,0.7869791666666667,0.7869791666666667,0.7869791666666667,0.0,0.89348544973545,0.89348544973545,0.89348544973545,0.6804728835978835,0.6804728835978835,0.6804728835978835,0.9342432407477358,0.9342432407477358,0.8828213530256103,0.792540270118271,0.5383118027750496,0.6654260364466607,0.9550415361480458,0.9294336062411664,0.8775850911226054,0.7790228012782193,0.3634561067609286,0.6577073194489375,0.9651641011298786,0.9226624062439572,0.8774523462987304,0.7726428742252662,0.183615419523946,0.6540072784193167,0.966660001435357,0.911985831590126,0.8778994954750382,0.7679170526422414,0.0545786701753466,0.652036684821882,0.9666666666666668,0.9,0.8666666666666667,0.7666666666666667,0.0,0.6510416666666666,0.9666666666666668,0.9666666666666668,0.5402680925416821,0.9295922919383368,0.0336396438173929,0.8819027198779424,4.487966506732968e-05,0.7869464767823318,7.592457484889505e-11,0.2316517847908287,0.2317708333333333,0.8005208333333333,0.2317708333333333,0.8005208333333333,0.2317708333333333,0.8005208333333333,0.2317708333333333,0.8005208333333333,0.4037863756613758,0.8995701058201059,0.4037863756613758,0.8995701058201059,0.059755291005291,0.7014715608465608,0.059755291005291,0.7014715608465608,0.5152996179739101,0.9235010123881612,0.0024336584876519,0.8826713579314754,1.3988081040346313e-12,0.781858536628649,0.0,0.1037118516651642,0.6275309423081766,0.9378065376511968,0.2447945258660488,0.8891565519209621,0.0505363753116265,0.8056879181251209,0.0042214898474813,0.5694323256360537,0.4666666666666667,0.9333333333333332,0.0,0.8666666666666667,0.0,0.8,0.0,0.0666666666666666,0.5755737181635883,0.9342234539243572,0.1147144723596478,0.8830742067219273,0.0050465810115208,0.7932423834373103,1.982245564094492e-05,0.4052465560749018,0.0015629160770431,0.6769360990634006,0.0,0.0,0.059755291005291,0.7014715608465608,4.334302004937359e-05,0.675185468764932,0.0273789325795539,0.6875601218805873,0.0,0.6739583333333333,0.0088842937935917,0.6803705902529518,0.9206694357066644,0.9654998532407622,0.2317708333333334,0.8005208333333333,0.4037863756613756,0.8995701058201059,0.9480008405057406,0.9666608418445152,0.6275309423081766,0.9378065376511966,0.9666666666666668,0.9666666666666668,0.8257373649337479,0.9570361783569644,current,R1-distill,Q-9B|think|aime2026
Qwen3.5-9B,Q-9B,Qwen,9.0,False,think,Reasoning · Think,aime2026,EN,True,cot:Qwen3.6-35B·TH,Qwen3.6-35B-A3B,think,64,0.6,16384,,0.6,16384.0,,,0.3333333333333333,30.0,1920.0,305.0,1608.0,7.0,,,,,,,164.0,936.0,0.175214,/user/home/t.tuna/evalhub/results/think/Qwen3.5-9B/judged_by/Qwen3.6-35B-A3B__state-think__t0.6__max16384__basemax16384,/user/home/t.tuna/evalhub/results/think/Qwen3.5-9B/judged_by/Qwen3.6-35B-A3B__state-think__t0.6__max16384__basemax16384/aime2026__t0.6__max16384__n64/aime2026_cot_summary.json,0.1588541666666666,0.1588541666666666,0.1588541666666666,0.1588541666666666,0.1588541666666666,0.0,0.2088458994708994,0.2088458994708995,0.2088458994708995,0.1088624338624339,0.1088624338624339,0.1088624338624339,0.2570722427874728,0.2570722427874728,0.1794681154675866,0.122922437527805,0.0759538708838021,0.0994381542058036,0.2998841346950776,0.2374144644927328,0.1643152252944321,0.1032730353241514,0.0576308585178917,0.0933167942284316,0.3360037379293413,0.2253499701116374,0.1592009924637537,0.0881346181015811,0.0472006246758235,0.0899171512185083,0.3653807682920914,0.2172700610562047,0.1593291030773506,0.074592777161279,0.0373015874329735,0.0883129245947726,0.4,0.2,0.1666666666666666,0.0666666666666666,0.0333333333333333,0.0875,0.3333333333333333,0.3333333333333333,0.1906648864269816,0.232393748702058,0.1243237878007845,0.1598784695128886,0.0623455439957496,0.0920644537810563,0.0338229775741452,0.0583889658971853,0.1291666666666666,0.1625,0.1291666666666666,0.1625,0.1291666666666666,0.1625,0.1291666666666666,0.1625,0.1775793650793651,0.2120205026455026,0.1775793650793651,0.2120205026455026,0.0807539682539682,0.1129794973544973,0.0807539682539682,0.1129794973544973,0.1837717245624544,0.2283167869526088,0.119752944710333,0.1593465090847116,0.0631210470217944,0.079560520434204,0.0333342147556098,0.0500000013546631,0.227005479170339,0.2602702441808734,0.1465565271587217,0.1827965383227149,0.0913466986477298,0.1257192066849655,0.051757961689876,0.081214010811446,0.1666666666666666,0.2,0.1,0.1666666666666666,0.0666666666666666,0.0666666666666666,0.0333333333333333,0.0333333333333333,0.2031834363446675,0.2420936580334293,0.1315888693881263,0.1666429930670709,0.0717853457751784,0.1061309708842311,0.0383368766171232,0.065151420682301,0.0607574475039437,0.0940117197909196,0.0,0.0,0.0807539682539682,0.1129794973544973,0.0573171465157174,0.0924783700627345,0.0715523301688029,0.1034666087482058,0.0541666666666666,0.0916666666666666,0.0651734858090824,0.0973118997723509,0.3182397550687164,0.3364823935909541,0.1291666666666667,0.1625,0.177579365079365,0.2120205026455026,0.3603749093797102,0.3653829417757285,0.227005479170339,0.2602702441808734,0.4,0.4,0.27291851448511,0.3021561389163171,current,Qwen3.6,Q-9B|think|aime2026
Qwen3.5-9B,Q-9B,Qwen,9.0,False,think,Reasoning · Think,aime2026_pt,PT,True,cot:Qwen3.6-35B·TH,Qwen3.6-35B-A3B,think,64,0.6,16384,,0.6,16384.0,,,0.7666666666666667,30.0,1920.0,1057.0,858.0,5.0,,,,,,,115.0,3186.0,0.036095,/user/home/t.tuna/evalhub/results/think/Qwen3.5-9B/judged_by/Qwen3.6-35B-A3B__state-think__t0.6__max16384__basemax16384,/user/home/t.tuna/evalhub/results/think/Qwen3.5-9B/judged_by/Qwen3.6-35B-A3B__state-think__t0.6__max16384__basemax16384/aime2026_pt__t0.6__max16384__n64/aime2026_pt_cot_summary.json,0.5505208333333333,0.5505208333333333,0.5505208333333333,0.5505208333333333,0.5505208333333333,0.0,0.6506448412698412,0.6506448412698412,0.6506448412698412,0.4503968253968254,0.4503968253968254,0.4503968253968254,0.7188556067588324,0.7188556067588324,0.621892601126472,0.5035170250896058,0.3578181003584229,0.4306675627240144,0.7563538108938846,0.7138386163358246,0.6029671354415002,0.4628079357833878,0.283038612841694,0.4171293660907488,0.7735732273076203,0.7088488034355581,0.5964559083863105,0.4368948590068113,0.2203679390802461,0.408329440669523,0.7833300419988061,0.6978007450914795,0.5993625992033884,0.4281033066531002,0.1693335902129097,0.4026444482166444,0.8,0.6666666666666666,0.6,0.4333333333333333,0.1333333333333333,0.4,0.7666666666666667,0.7666666666666667,0.6965207171329415,0.7088539236297655,0.5538865378984771,0.5975621530653666,0.4058578433552632,0.439944955808462,0.1651928513281625,0.2252607114143511,0.51875,0.5526041666666667,0.51875,0.5526041666666667,0.51875,0.5526041666666667,0.51875,0.5526041666666667,0.6297949735449735,0.6514550264550265,0.6297949735449735,0.6514550264550265,0.4077050264550265,0.4537533068783069,0.4077050264550265,0.4537533068783069,0.6854419558892354,0.69780074515234,0.5398734274736842,0.6002673154970161,0.4026893970031083,0.430806036085217,0.1272172039135688,0.1715172429490156,0.7074028082059549,0.7190089018156178,0.5955175098419414,0.6227992034113133,0.4655263969680945,0.5061050464606784,0.3065532849840094,0.362503514979057,0.6666666666666666,0.6666666666666666,0.5333333333333333,0.6,0.4,0.4333333333333333,0.1,0.1333333333333333,0.7012372470023206,0.7139034181170852,0.5705376209673209,0.6039547902103297,0.4248857913661213,0.4658469130428566,0.2251990363200245,0.2885234522865813,0.3628034754124228,0.4122709681354048,0.0,0.0,0.4077050264550265,0.4537533068783069,0.3574369610078477,0.4067249134875954,0.386039840976052,0.4343042807198678,0.3552083333333333,0.4041666666666667,0.3716760451952307,0.4209461657383183,0.772574599432635,0.7735732278347942,0.51875,0.5526041666666667,0.6297949735449735,0.6514550264550265,0.7833173738651509,0.7833300419988061,0.7074028082059549,0.7190089018156178,0.8,0.8,0.7519061182231607,0.7563587776988212,current,Qwen3.6,Q-9B|think|aime2026_pt
Qwen3.5-9B,Q-9B,Qwen,9.0,False,think,Reasoning · Think,aime2026_tr,TR,True,cot:Qwen3.6-35B·TH,Qwen3.6-35B-A3B,think,64,0.6,16384,,0.6,16384.0,,,0.8333333333333334,30.0,1920.0,1190.0,719.0,11.0,,,,,,,300.0,3603.0,0.083264,/user/home/t.tuna/evalhub/results/think/Qwen3.5-9B/judged_by/Qwen3.6-35B-A3B__state-think__t0.6__max16384__basemax16384,/user/home/t.tuna/evalhub/results/think/Qwen3.5-9B/judged_by/Qwen3.6-35B-A3B__state-think__t0.6__max16384__basemax16384/aime2026_tr__t0.6__max16384__n64/aime2026_tr_cot_summary.json,0.6197916666666666,0.6197916666666666,0.6197916666666666,0.6197916666666666,0.6197916666666666,0.0,0.7163855820105821,0.7163855820105821,0.7163855820105821,0.5231977513227513,0.5231977513227513,0.5231977513227513,0.7757618061326415,0.7757618061326415,0.6947319907162584,0.5815640922330503,0.4271087775847162,0.5043364349088834,0.8057386208877257,0.7711832822931857,0.6820264633787778,0.5418942787001626,0.3463218796001087,0.4915190016818941,0.8244802722573991,0.7728523257693162,0.6750168263246074,0.5135922471162965,0.2765862084202944,0.4839671508616324,0.8499991181940924,0.7725761228883452,0.6710333396060744,0.4971621923084586,0.2032499501231806,0.4801016123924347,0.9,0.7666666666666667,0.6666666666666666,0.5,0.1333333333333333,0.4791666666666667,0.8333333333333334,0.8333333333333334,0.756445131436467,0.7731021376272093,0.6455004565965076,0.6769379286060198,0.4455950588557641,0.5179120108853598,0.0682396251780566,0.293488088082837,0.5546875,0.6229166666666667,0.5546875,0.6229166666666667,0.5546875,0.6229166666666667,0.5546875,0.6229166666666667,0.6880621693121693,0.7175760582010582,0.6880621693121693,0.7175760582010582,0.4213128306878307,0.528257275132275,0.4213128306878307,0.528257275132275,0.7569295545330402,0.7725963402972343,0.6454700367312115,0.6733440475946222,0.4373818382254255,0.5045600841837532,0.0379417037150968,0.2262312325656337,0.7611515596014539,0.7761896892548664,0.6653004415233393,0.696197317284044,0.5143174540219754,0.5844926468736621,0.2779805448532313,0.4347870132540941,0.7666666666666667,0.7666666666666667,0.6666666666666666,0.6666666666666666,0.4333333333333333,0.5333333333333333,0.0333333333333333,0.1666666666666666,0.756732144348265,0.7715839827910679,0.6522952358054177,0.6837240762954401,0.4699463369665949,0.5451857522192786,0.1513849591291035,0.3577174243978677,0.3711118515489226,0.4894335845991653,0.0,0.0,0.4213128306878307,0.528257275132275,0.3662053187648769,0.4854450498504832,0.3961489994376033,0.5096398300638783,0.3635416666666666,0.484375,0.3802245158492836,0.4969642731180335,0.814525611537954,0.8244806521683897,0.5546875,0.6229166666666667,0.6880621693121693,0.7175760582010582,0.8332993712151707,0.8499991181940991,0.7611515596014539,0.7761896892548664,0.8666666666666667,0.9,0.7954842676436878,0.8058016216593078,current,Qwen3.6,Q-9B|think|aime2026_tr
Qwen3.5-9B,Q-9B,Qwen,9.0,False,think,Reasoning · Think,pt_exams_math,PT,True,cot:Qwen3.6-35B·TH,Qwen3.6-35B-A3B,think,16,0.6,16384,,0.6,16384.0,,,0.963855421686747,166.0,2656.0,2527.0,127.0,2.0,,,,,,,95.0,7587.0,0.012521,/user/home/t.tuna/evalhub/results/think/Qwen3.5-9B/judged_by/Qwen3.6-35B-A3B__state-think__t0.6__max16384__basemax16384,/user/home/t.tuna/evalhub/results/think/Qwen3.5-9B/judged_by/Qwen3.6-35B-A3B__state-think__t0.6__max16384__basemax16384/pt_exams_math__t0.6__max16384__n16/pt_exams_math_cot_summary.json,0.9514307228915664,0.9514307228915664,0.9514307228915664,0.9514307228915664,0.9514307228915664,0.0,0.9637550200803212,0.9637550200803212,0.9637550200803212,0.9391064257028112,0.9391064257028112,0.9391064257028112,0.9679531312061432,0.9679531312061432,0.9621905203230507,0.9542896862173972,0.9212895538196744,0.9377896200185356,0.9714859437751004,0.9652610441767068,0.9630620383632432,0.9507456399022663,0.8949293678209342,0.9369558654197208,0.9759036144578314,0.963855421686747,0.963855421686747,0.9457831325301204,0.8493975903614458,0.9367469879518072,,,,,,,,,,,,,0.963855421686747,0.963855421686747,0.963855421686747,0.963855421686747,0.963855421686747,0.963855421686747,0.9397590361445785,0.9457831325301204,0.6927710843373494,0.8554216867469879,0.935617469879518,0.9518072289156626,0.935617469879518,0.9518072289156626,0.935617469879518,0.9518072289156626,0.935617469879518,0.9518072289156626,0.962098393574297,0.9637550200803212,0.962098393574297,0.9637550200803212,0.909136546184739,0.939859437751004,0.909136546184739,0.939859437751004,,,,,,,,,0.9678074937111082,0.9679531312061432,0.9608202038924932,0.9621905203230507,0.9475274725274726,0.9542896862173972,0.8663147093869984,0.92279557791606,,,,,,,,,0.965256831521892,0.9652610441767068,0.961833347375516,0.9630620383632432,0.945601988373073,0.9507456399022663,0.7978585671356756,0.8979414160137054,0.9051204819277108,0.9375,0.0,0.0,0.909136546184739,0.939859437751004,,,0.9069210909572354,0.9385426320667284,,,0.905673392872188,0.9377088774679136,0.9759036144578314,0.9759036144578314,0.935617469879518,0.9518072289156626,0.962098393574297,0.9637550200803212,,,0.9678074937111082,0.9679531312061432,,,0.9714859437751004,0.9714859437751004,current,Qwen3.6,Q-9B|think|pt_exams_math
Qwen3.5-9B,Q-9B,Qwen,9.0,False,think,Reasoning · Think,tubitak_math2026,TR-OL,True,cot:Qwen3.6-35B·TH,Qwen3.6-35B-A3B,think,64,0.6,16384,,0.6,16384.0,,,0.84375,32.0,2048.0,1126.0,914.0,8.0,,,,,,,117.0,3402.0,0.034392,/user/home/t.tuna/evalhub/results/think/Qwen3.5-9B/judged_by/Qwen3.6-35B-A3B__state-think__t0.6__max16384__basemax16384,/user/home/t.tuna/evalhub/results/think/Qwen3.5-9B/judged_by/Qwen3.6-35B-A3B__state-think__t0.6__max16384__basemax16384/tubitak_math2026__t0.6__max16384__n64/tubitak_math2026_cot_summary.json,0.5498046875,0.5498046875,0.5498046875,0.5498046875,0.5498046875,0.0,0.646546378968254,0.646546378968254,0.646546378968254,0.453062996031746,0.453062996031746,0.453062996031746,0.7191245813502556,0.7191245813502556,0.6076842196589106,0.506536090440936,0.365873858549898,0.4362049744954169,0.7798178038427847,0.6899429258612714,0.5910349788838931,0.4752556209169633,0.2905038311949148,0.4258820834445039,0.8331217061055345,0.6715773948872664,0.5896885816008771,0.4496604300084537,0.2293254305564267,0.4204487024894393,0.8766061942598306,0.6552435086882342,0.5930424389208518,0.4248982994355869,0.1778955325477383,0.4182405469973328,0.90625,0.625,0.59375,0.40625,0.125,0.41796875,0.84375,0.84375,0.6639062710016652,0.6715776134089573,0.5770809815149832,0.5905728345813964,0.4217919721216865,0.4595533339859379,0.1448412604014474,0.238260843319024,0.525390625,0.55322265625,0.525390625,0.55322265625,0.525390625,0.55322265625,0.525390625,0.55322265625,0.6331690228174605,0.6481119791666666,0.6331690228174605,0.6481119791666666,0.4176122271825397,0.4583333333333334,0.4176122271825397,0.4583333333333334,0.6496343423797137,0.6552435086882342,0.586323061381297,0.5930643554761731,0.4049781575326444,0.4382929619788186,0.0813162355940586,0.1936155959149352,0.7094038608634888,0.7193579569420312,0.5943546616491653,0.60956125782214,0.4820932310159653,0.5114754885296268,0.3157107464713807,0.3724959217062023,0.625,0.625,0.59375,0.59375,0.40625,0.40625,0.03125,0.15625,0.6810040804405165,0.689983349170191,0.5777881579621313,0.5928019756250891,0.4478201886005538,0.4823750930090643,0.2234446534112753,0.2974568910045974,0.3808262990954344,0.4271448439460056,0.0,0.0,0.4176122271825397,0.4583333333333334,0.3776483284455857,0.4250749611403848,0.3989019887436731,0.4419857051179144,0.376953125,0.4248046875,0.3873002967185031,0.4321721948945237,0.8237396891516175,0.8331217061071265,0.525390625,0.55322265625,0.6331690228174605,0.6481119791666666,0.8706248685821241,0.8766061942598306,0.7094038608634888,0.7193579569420312,0.90625,0.90625,0.7701899920080552,0.7798195120440428,current,Qwen3.6,Q-9B|think|tubitak_math2026
Qwen3.5-9B,Q-9B,Qwen,9.0,False,think,Reasoning · Think,aime2026_pt,PT,True,cot:Qwen3.6-35B·TH,Qwen3.6-35B-A3B,think,64,0.6,32768,,0.6,32768.0,,,0.9,30.0,1920.0,1491.0,419.0,10.0,,,,,,,148.0,4503.0,0.032867,/user/home/t.tuna/evalhub/results/think/Qwen3.5-9B/judged_by/Qwen3.6-35B-A3B__state-think__t0.6__max32768__basemax32768,/user/home/t.tuna/evalhub/results/think/Qwen3.5-9B/judged_by/Qwen3.6-35B-A3B__state-think__t0.6__max32768__basemax32768/aime2026_pt__t0.6__max32768__n64/aime2026_pt_cot_summary.json,0.7765625,0.7765625,0.7765625,0.7765625,0.7765625,0.0,0.8495866402116402,0.8495866402116402,0.8495866402116402,0.7035383597883598,0.7035383597883598,0.7035383597883598,0.8856874774411793,0.8856874774411793,0.8376956321925917,0.7650661445611208,0.6178007458051086,0.6914334451831149,0.9073536758782936,0.8757537488373387,0.8356395604437044,0.7437452654389846,0.5270216809486367,0.683800281325895,0.9286165775708584,0.8697304809118439,0.8378179384295957,0.7280715584652931,0.4381424057663687,0.6791695189295497,0.948034239994726,0.8667437237531531,0.8407420230695924,0.7207027912849328,0.3626218858445919,0.676386410503325,0.9666666666666668,0.8666666666666667,0.8333333333333334,0.7333333333333333,0.3333333333333333,0.675,0.9,0.9,0.8694251687584627,0.8697337792202492,0.8267503734913698,0.8400786327057906,0.6812466228224904,0.734386234169228,0.2831525989181042,0.4459811698095828,0.7395833333333334,0.7802083333333333,0.7395833333333334,0.7802083333333333,0.7395833333333334,0.7802083333333333,0.7395833333333334,0.7802083333333333,0.835763888888889,0.8513062169312169,0.835763888888889,0.8513062169312169,0.6434027777777778,0.7091104497354498,0.6434027777777778,0.7091104497354498,0.8667399429130783,0.8667437237534329,0.829191592964579,0.8413803180134621,0.6713007033393503,0.7248277712053149,0.172046657936844,0.3672992581172763,0.8781018378618854,0.8860392376587514,0.8259895452981122,0.8398437565577971,0.7282987291514527,0.7700320754954545,0.5259432210218831,0.6249182636213307,0.8666666666666667,0.8666666666666667,0.8333333333333334,0.8333333333333334,0.6666666666666666,0.7333333333333333,0.0666666666666666,0.3333333333333333,0.8729007995572932,0.8758638927789828,0.8246730370091618,0.8381410629587364,0.7000984654805603,0.7498355522807028,0.4018071181639894,0.5349181114539265,0.6109302818788398,0.6860562982758815,0.0,0.0,0.6434027777777778,0.7091104497354498,0.6072869414566818,0.6836259934038351,0.6271209750866679,0.697475169558393,0.6052083333333333,0.6822916666666666,0.6169360290927266,0.690254992023455,0.911840434732776,0.9286165777088672,0.7395833333333334,0.7802083333333333,0.835763888888889,0.8513062169312169,0.9250530620955152,0.948034239994726,0.8781018378618854,0.8860392376587514,0.9333333333333332,0.9666666666666668,0.8969032049278827,0.9073602887130088,current,Qwen3.6,Q-9B|think|aime2026_pt
Qwen3.5-9B,Q-9B,Qwen,9.0,False,think,Reasoning · Think,aime2026_tr,TR,True,cot:Qwen3.6-35B·TH,Qwen3.6-35B-A3B,think,64,0.6,32768,,0.6,32768.0,,,0.9333333333333332,30.0,1920.0,1435.0,461.0,24.0,,,,,,,227.0,4377.0,0.051862,/user/home/t.tuna/evalhub/results/think/Qwen3.5-9B/judged_by/Qwen3.6-35B-A3B__state-think__t0.6__max32768__basemax32768,/user/home/t.tuna/evalhub/results/think/Qwen3.5-9B/judged_by/Qwen3.6-35B-A3B__state-think__t0.6__max32768__basemax32768/aime2026_tr__t0.6__max32768__n64/aime2026_tr_cot_summary.json,0.7473958333333334,0.7473958333333334,0.7473958333333334,0.7473958333333334,0.7473958333333334,0.0,0.827695105820106,0.827695105820106,0.827695105820106,0.6670965608465608,0.6670965608465608,0.6670965608465608,0.8770958193783418,0.8770958193783418,0.8056749074563724,0.7235333618728647,0.5832792446257543,0.6534063032493098,0.9077315745168668,0.8697895626915795,0.7909067074648893,0.7011823743048182,0.4955849902473263,0.6447045992464601,0.9258164250936574,0.8647713364895424,0.7804949846525021,0.6903546548430765,0.4035262300781588,0.6394567122227465,0.9328964948135317,0.8639958060252978,0.7717977803039656,0.682581740244564,0.3175749903924808,0.6364097961044979,0.9333333333333332,0.8666666666666667,0.7666666666666667,0.6666666666666666,0.2333333333333333,0.634375,0.9333333333333332,0.9333333333333332,0.8570814831886882,0.8684730605978952,0.7608938241174061,0.7847408856251143,0.6488173033819558,0.6973671769376016,0.1943108300417682,0.4173141804984774,0.7015625,0.7546875,0.7015625,0.7546875,0.7015625,0.7546875,0.7015625,0.7546875,0.8113095238095239,0.8318121693121693,0.8113095238095239,0.8318121693121693,0.591815476190476,0.6775628306878307,0.591815476190476,0.6775628306878307,0.8573986070200227,0.8666230219619763,0.7552678054575692,0.7729173556497593,0.6514569383147729,0.6902424179129363,0.0910445619603403,0.3231967867245994,0.870690635676093,0.8795023733977991,0.7873936587679314,0.8105168173386047,0.6809979182930003,0.731332261002409,0.467167787262975,0.5973985482611872,0.8666666666666667,0.8666666666666667,0.7333333333333333,0.7666666666666667,0.6666666666666666,0.7,0.0333333333333333,0.2333333333333333,0.8626232447701292,0.8729544361509572,0.77129734365135,0.79603919648068,0.6573001550808755,0.7087068039252706,0.3297761729644139,0.5124084608007955,0.5580059669029196,0.6501574874004221,0.0,0.0,0.591815476190476,0.6775628306878307,0.554826418678883,0.6468510714832554,0.5740828527779875,0.664365404631798,0.553125,0.6447916666666667,0.5637056559247833,0.65568292543327,0.9257509380210862,0.925840569972036,0.7015625,0.7546875,0.8113095238095239,0.8318121693121693,0.9328964904507124,0.9328964951957482,0.870690635676093,0.8795023733977991,0.9333333333333332,0.9333333333333332,0.9060757795587784,0.908487374588004,current,Qwen3.6,Q-9B|think|aime2026_tr
Qwen3.5-9B,Q-9B,Qwen,9.0,False,think,Reasoning · Think,tubitak_math2026,TR-OL,True,cot:Qwen3.6-35B·TH,Qwen3.6-35B-A3B,think,64,0.6,32768,,0.6,32768.0,,,0.90625,32.0,2048.0,1511.0,504.0,33.0,,,,,,,159.0,4632.0,0.034326,/user/home/t.tuna/evalhub/results/think/Qwen3.5-9B/judged_by/Qwen3.6-35B-A3B__state-think__t0.6__max32768__basemax32768,/user/home/t.tuna/evalhub/results/think/Qwen3.5-9B/judged_by/Qwen3.6-35B-A3B__state-think__t0.6__max32768__basemax32768/tubitak_math2026__t0.6__max32768__n64/tubitak_math2026_cot_summary.json,0.73779296875,0.73779296875,0.73779296875,0.73779296875,0.73779296875,0.0,0.8292565724206349,0.8292565724206349,0.8292565724206349,0.6463293650793652,0.6463293650793652,0.6463293650793652,0.8780440636725338,0.8780440636725338,0.8132804433909999,0.7148463567242077,0.5450010112122585,0.6299236839682333,0.9021558616856564,0.8731181532726456,0.8043044075931937,0.6863707257107619,0.445377619057872,0.6192586882271369,0.9194054718639566,0.8726447213276141,0.7961231447127037,0.6741455693778311,0.3574432308963474,0.6125373694711216,0.9334020528129304,0.8744349943363162,0.7879739352710532,0.6742722604154683,0.2903079380918137,0.6078295542757617,0.9375,0.875,0.78125,0.6875,0.25,0.6025390625,0.90625,0.90625,0.8676725471161936,0.8737935853941573,0.7605757273980973,0.8014340211649975,0.6040290812914456,0.6864310511746152,0.2373828495325557,0.3847835494053284,0.693359375,0.7490234375,0.693359375,0.7490234375,0.693359375,0.7490234375,0.693359375,0.7490234375,0.8062531001984127,0.8347284226190477,0.8062531001984127,0.8347284226190477,0.5804656498015875,0.6633184523809523,0.5804656498015875,0.6633184523809523,0.8735358277098764,0.8744357678207574,0.7435761226237844,0.7968529782154824,0.5885349525977772,0.6855302288879958,0.1547601140442281,0.3124951332991649,0.867310360322077,0.8819609373032659,0.7865697830890689,0.8178688681977285,0.6624479540461082,0.7267499874090302,0.4571094025427462,0.5695139570899753,0.875,0.875,0.71875,0.8125,0.5625,0.6875,0.09375,0.28125,0.8640999725944944,0.8762544284331629,0.7738916211512413,0.8084462183313416,0.6255329512521278,0.6997622854350163,0.3394817246226644,0.4752150284929774,0.5391049718088491,0.6315867826294184,0.0,0.0,0.5804656498015875,0.6633184523809523,0.5355530612263766,0.626920645261343,0.5597786782944272,0.6481319722495028,0.5341796875,0.6220703125,0.5464841769984733,0.6381086375220754,0.9129793075510116,0.9242192569228388,0.693359375,0.7490234375,0.8062531001984127,0.8347284226190477,0.928986143611118,0.93556204434497,0.867310360322077,0.8819609373032659,0.9375,0.9375,0.8958580322382343,0.9068103585186134,current,Qwen3.6,Q-9B|think|tubitak_math2026
Qwen3.5-9B,Q-9B,Qwen,9.0,False,think,Reasoning · Think,aime2026,EN,True,cot:Qwen3.6-35B·TH,Qwen3.6-35B-A3B,think,64,0.6,65536,,0.6,32768.0,,,0.9666666666666668,30.0,1920.0,1579.0,297.0,44.0,,,,,,,1012.0,4869.0,0.207846,/user/home/t.tuna/evalhub/results/think/Qwen3.5-9B/judged_by/Qwen3.6-35B-A3B__state-think__t0.6__max32768__basemax65536,/user/home/t.tuna/evalhub/results/think/Qwen3.5-9B/judged_by/Qwen3.6-35B-A3B__state-think__t0.6__max32768__basemax65536/aime2026__t0.6__max65536__n64/aime2026_cot_summary.json,0.8223958333333333,0.8223958333333333,0.8223958333333333,0.8223958333333333,0.8223958333333333,0.0,0.9025793650793652,0.9025793650793652,0.9025793650793652,0.7422123015873013,0.7422123015873013,0.7422123015873013,0.939366244029782,0.939366244029782,0.8895369565947302,0.8183035451973847,0.6423765875114367,0.7303400663544106,0.9585065719954518,0.9370328261384862,0.8808926854733519,0.801245970686019,0.5185338384386667,0.7232477427814289,0.9658569125283736,0.9339059145223576,0.8787283907143841,0.7891900781582049,0.3654095626429463,0.7192382655278947,0.9666643612977084,0.929415360917911,0.8814452433152963,0.7843532636990568,0.1991256156538064,0.7169565691121185,0.9666666666666668,0.9333333333333332,0.8666666666666667,0.8,0.0666666666666666,0.715625,0.9666666666666668,0.9666666666666668,0.9096108846358733,0.9373206619207533,0.7558291265691868,0.8838199458118547,0.3527841598581338,0.8048618415186723,0.0096326520547795,0.4866384799455357,0.5979166666666667,0.8416666666666667,0.5979166666666667,0.8416666666666667,0.5979166666666667,0.8416666666666667,0.5979166666666667,0.8416666666666667,0.7957341269841269,0.9083167989417992,0.7957341269841269,0.9083167989417992,0.4000992063492064,0.7750165343915343,0.4000992063492064,0.7750165343915343,0.9094619237799402,0.9343908266494791,0.7600410825220344,0.8830201637929523,0.3045015936176752,0.7970949711703647,0.0004214791901722,0.3444323004342458,0.9076604509245968,0.941589232202664,0.7674724362687082,0.895867224026928,0.516478536593555,0.8333986489889453,0.2000552428798066,0.6958115614481292,0.9,0.9333333333333332,0.7666666666666667,0.8666666666666667,0.3,0.8,0.0,0.2,0.9094074150206188,0.9395512732681974,0.7558816371513996,0.8874259333141121,0.4245703595681832,0.8166442555293157,0.0622424069131616,0.6021181762889193,0.3140753298542622,0.7549493904891699,0.0,0.0,0.4000992063492064,0.7750165343915343,0.3063548063404921,0.753282134780478,0.3582668897366808,0.7646051052185373,0.3041666666666666,0.7520833333333333,0.3300898784975838,0.7582868078292279,0.9634544115814546,0.9659153612194288,0.5979166666666667,0.8416666666666667,0.7957341269841269,0.9083167989417992,0.9665871248718718,0.9666643736408485,0.9076604509245968,0.941589232202664,0.9666666666666668,0.9666666666666668,0.9492905182012924,0.9592648956806892,current,Qwen3.6,Q-9B|think|aime2026
Qwen3.5-9B,Q-9B,Qwen,9.0,False,think,Reasoning · Think,aime2026,EN,True,cot:G4-26B·TH,gemma-4-26B-A4B-it,think,64,0.6,16384,,0.6,16384.0,,,0.3333333333333333,30.0,1920.0,219.0,1608.0,93.0,,,,,,,309.0,936.0,0.330128,/user/home/t.tuna/evalhub/results/think/Qwen3.5-9B/judged_by/gemma-4-26B-A4B-it__state-think__t0.6__max16384__basemax16384,/user/home/t.tuna/evalhub/results/think/Qwen3.5-9B/judged_by/gemma-4-26B-A4B-it__state-think__t0.6__max16384__basemax16384/aime2026__t0.6__max16384__n64/aime2026_cot_summary.json,0.1140625,0.1140625,0.1140625,0.1140625,0.1140625,0.0,0.1660714285714285,0.1660714285714286,0.1660714285714286,0.0620535714285714,0.0620535714285714,0.0620535714285714,0.2236549696557629,0.2236549696557629,0.1269165554464338,0.0716305515684151,0.0340479233293881,0.0528392374489016,0.2769994281349378,0.2028819627765279,0.0999794277681854,0.0578859854067702,0.0172946954083769,0.047440142124622,0.3155640429111642,0.1918126630913078,0.0829027937190576,0.0546304212719144,0.0056097239491505,0.0448830286610914,0.3441369916695096,0.1820785104562302,0.0712088925272517,0.0537744299984218,0.0004029307046991,0.0438797559124217,0.3666666666666666,0.1666666666666666,0.0666666666666666,0.0666666666666666,0.0,0.04375,0.3,0.3333333333333333,0.0914524687805544,0.2244751465490818,0.0501250491085111,0.150923382208526,0.0216485496750684,0.0828509690032426,0.0001538635276219,0.0204452691313394,0.0645833333333333,0.1510416666666666,0.0645833333333333,0.1510416666666666,0.0645833333333333,0.1510416666666666,0.0645833333333333,0.1510416666666666,0.1003637566137566,0.2026124338624339,0.1003637566137566,0.2026124338624339,0.02880291005291,0.0994708994708994,0.02880291005291,0.0994708994708994,0.0837725101748921,0.2187006818579141,0.0467079700867559,0.1529581819847342,0.0204413070925491,0.0737412587548044,4.1013118170669426e-08,0.0037730943206447,0.1439807295207877,0.2509518248512167,0.0676129829686149,0.1734726104437897,0.0350143851829468,0.1158739077333736,0.0117252356609839,0.0638683236382866,0.0666666666666666,0.2,0.0333333333333333,0.1666666666666666,0.0333333333333333,0.0666666666666666,0.0,0.0,0.1103764346143457,0.2328585708940763,0.0548245419660666,0.1572239336253677,0.0259254472120753,0.096399911915808,0.0028859319609587,0.0402059768755872,0.0185867597977655,0.0797576519091121,0.0,0.0,0.02880291005291,0.0994708994708994,0.0174703370802754,0.0775418643398224,0.0233698104219653,0.0898711156858301,0.0166666666666666,0.0760416666666666,0.0202762646380484,0.0835172163446981,0.2540659906845979,0.3278224082729709,0.0645833333333333,0.1510416666666666,0.1003637566137565,0.2026124338624338,0.3033751695930851,0.3618168139342093,0.1439807295207877,0.2509518248512166,0.3333333333333333,0.4,0.1963282313284474,0.2925323653128061,current,Gemma4,Q-9B|think|aime2026
Qwen3.5-9B,Q-9B,Qwen,9.0,False,think,Reasoning · Think,aime2026_pt,PT,True,cot:G4-26B·TH,gemma-4-26B-A4B-it,think,64,0.6,16384,,0.6,16384.0,,,0.7666666666666667,30.0,1920.0,839.0,858.0,223.0,,,,,,,1588.0,3186.0,0.498431,/user/home/t.tuna/evalhub/results/think/Qwen3.5-9B/judged_by/gemma-4-26B-A4B-it__state-think__t0.6__max16384__basemax16384,/user/home/t.tuna/evalhub/results/think/Qwen3.5-9B/judged_by/gemma-4-26B-A4B-it__state-think__t0.6__max16384__basemax16384/aime2026_pt__t0.6__max16384__n64/aime2026_pt_cot_summary.json,0.4369791666666666,0.4369791666666666,0.4369791666666666,0.4369791666666666,0.4369791666666666,0.0,0.5637400793650793,0.5637400793650793,0.5637400793650793,0.310218253968254,0.310218253968254,0.310218253968254,0.6621183886916302,0.6621183886916302,0.5179043065313558,0.3602766970528736,0.2076172743908069,0.2839469857218403,0.7225267089553834,0.6485859856302293,0.4877698384268774,0.3043223402221514,0.143484275581936,0.2656837074201698,0.7597783715535082,0.6429203780959489,0.4657548723362364,0.2716798227571086,0.1090381809505191,0.2543762643381373,0.7823466198235118,0.6441643857191812,0.4465712776621448,0.2550852182405002,0.0873416629286185,0.248224569878878,0.8,0.6333333333333333,0.4333333333333333,0.2333333333333333,0.0666666666666666,0.2447916666666666,0.6333333333333333,0.7666666666666667,0.177728476876189,0.6443121730649075,0.0787675174493583,0.4682666955867178,0.0121814508841158,0.2761290217116603,1.817860372727003e-05,0.1094899035191524,0.1114583333333333,0.4395833333333333,0.1114583333333333,0.4395833333333333,0.1114583333333333,0.4395833333333333,0.1114583333333333,0.4395833333333333,0.1819775132275132,0.5661706349206347,0.1819775132275132,0.5661706349206347,0.0409391534391534,0.3129960317460317,0.0409391534391534,0.3129960317460317,0.1491809800305864,0.6442489303268726,0.0700057048194589,0.4482308335000747,0.004788125366585,0.25937647779472,1.0462236915714967e-10,0.0873500787780752,0.2691749452292816,0.6642512989683798,0.1184224249368353,0.5203797436478559,0.047495393803564,0.3635104253229583,0.0107405693636523,0.2101918653941393,0.1333333333333333,0.6333333333333333,0.0666666666666666,0.4333333333333333,0.0,0.2333333333333333,0.0,0.0666666666666666,0.2129183175381079,0.650791373113167,0.0895582981525872,0.4902032960373568,0.0248306351575972,0.3081807127817191,0.0012407182463258,0.1451063292792302,0.0172125935559825,0.2575176447260734,0.0,0.0,0.0409391534391534,0.3129960317460317,0.0143048658763864,0.251372502531394,0.0291179815836082,0.2868511453585489,0.0125,0.2479166666666666,0.0217422912722044,0.268732407565347,0.4638567022385939,0.7612844948520703,0.1114583333333333,0.4395833333333333,0.1819775132275131,0.5661706349206347,0.5524338004167219,0.7825689037915103,0.2691749452292816,0.6642512989683798,0.6333333333333333,0.8,0.3660189951357461,0.7246156815154344,current,Gemma4,Q-9B|think|aime2026_pt
Qwen3.5-9B,Q-9B,Qwen,9.0,False,think,Reasoning · Think,aime2026_tr,TR,True,cot:G4-26B·TH,gemma-4-26B-A4B-it,think,64,0.6,16384,,0.6,16384.0,,,0.8,30.0,1920.0,571.0,719.0,630.0,,,,,,,1940.0,3603.0,0.53844,/user/home/t.tuna/evalhub/results/think/Qwen3.5-9B/judged_by/gemma-4-26B-A4B-it__state-think__t0.6__max16384__basemax16384,/user/home/t.tuna/evalhub/results/think/Qwen3.5-9B/judged_by/gemma-4-26B-A4B-it__state-think__t0.6__max16384__basemax16384/aime2026_tr__t0.6__max16384__n64/aime2026_tr_cot_summary.json,0.2973958333333334,0.2973958333333333,0.2973958333333333,0.2973958333333333,0.2973958333333333,0.0,0.4235119047619047,0.4235119047619047,0.4235119047619047,0.1712797619047618,0.1712797619047618,0.1712797619047618,0.5500968455423769,0.5500968455423771,0.3458180143201295,0.1991448633040383,0.0945236101667883,0.1468342367354133,0.6532993601878457,0.515111119634968,0.2926578707154471,0.1524758608612383,0.0521700990213281,0.1305970809339328,0.7244950335185855,0.4973380836613988,0.259382408303466,0.1303190731244579,0.021802243118377,0.1209784272874087,0.772575577409328,0.4891777860074704,0.2421662194546255,0.1212783655551454,0.0029475822910388,0.1156393550923608,0.8,0.5,0.2,0.1333333333333333,0.0,0.1125,0.7333333333333333,0.8,0.1949440973920105,0.6963156318577179,0.0912893284152098,0.5225994665375889,0.0172057247492012,0.2747902423194161,1.5926911382710243e-05,0.0889852112667428,0.128125,0.46875,0.128125,0.46875,0.128125,0.46875,0.128125,0.46875,0.2085648148148148,0.6088624338624338,0.2085648148148148,0.6088624338624338,0.0476851851851852,0.3286375661375661,0.0476851851851852,0.3286375661375661,0.170561716397053,0.6860124822119478,0.0944123192639262,0.5177706842710704,0.004327943669809,0.2422593210898924,2.816278887394809e-11,0.0459072984635898,0.3101998396749851,0.7124312742900791,0.1323517098536929,0.5639478565972486,0.0560859501565477,0.3879850671098687,0.0138625003147742,0.2106358020028037,0.1666666666666666,0.7,0.1,0.5333333333333333,0.0,0.2333333333333333,0.0,0.0,0.2397428467024235,0.7047340955412158,0.0992253154182949,0.5347825663977768,0.0334334349253803,0.322744870566255,0.0016463623386849,0.135243880024864,0.024076973552024,0.2667002302423487,0.0,0.0,0.0476851851851852,0.3286375661375661,0.0224296828592352,0.260296001000564,0.0349742252356609,0.2993104345563362,0.021875,0.2572916666666666,0.0277337908687614,0.2790019292214117,0.5470117033006773,0.7951761269436359,0.128125,0.46875,0.2085648148148148,0.6088624338624338,0.6452793947061355,0.7999126567717504,0.3101998396749851,0.712431274290079,0.7333333333333333,0.8,0.4282557668776192,0.7703857318388984,current,Gemma4,Q-9B|think|aime2026_tr
Qwen3.5-9B,Q-9B,Qwen,9.0,False,think,Reasoning · Think,pt_exams_math,PT,True,cot:G4-26B·TH,gemma-4-26B-A4B-it,think,16,0.6,16384,,0.6,16384.0,,,0.963855421686747,166.0,2656.0,2511.0,127.0,18.0,,,,,,,268.0,7587.0,0.035324,/user/home/t.tuna/evalhub/results/think/Qwen3.5-9B/judged_by/gemma-4-26B-A4B-it__state-think__t0.6__max16384__basemax16384,/user/home/t.tuna/evalhub/results/think/Qwen3.5-9B/judged_by/gemma-4-26B-A4B-it__state-think__t0.6__max16384__basemax16384/pt_exams_math__t0.6__max16384__n16/pt_exams_math_cot_summary.json,0.945406626506024,0.945406626506024,0.945406626506024,0.945406626506024,0.945406626506024,0.0,0.962098393574297,0.962098393574297,0.962098393574297,0.9287148594377512,0.9287148594377512,0.9287148594377512,0.967549318151728,0.967549318151728,0.960045677214352,0.949851052561896,0.9041804580961208,0.9270157553290082,0.9714817311202852,0.96513887718707,0.9601272221754148,0.946141208189401,0.8663689723930689,0.925909933440054,0.9759036144578314,0.963855421686747,0.9578313253012049,0.9457831325301204,0.8012048192771084,0.9254518072289156,,,,,,,,,,,,,0.963855421686747,0.963855421686747,0.9518072289156626,0.963855421686747,0.9216867469879518,0.963855421686747,0.8855421686746988,0.9457831325301204,0.5421686746987951,0.8253012048192772,0.8862951807228916,0.947289156626506,0.8862951807228916,0.947289156626506,0.8862951807228916,0.947289156626506,0.8862951807228916,0.947289156626506,0.9361445783132524,0.9625,0.9361445783132524,0.9625,0.8364457831325306,0.932078313253012,0.8364457831325306,0.932078313253012,,,,,,,,,0.9548689262544684,0.9677346749635908,0.9292400370713626,0.960694426055872,0.8937806169733881,0.9504071229974846,0.7672911425923472,0.9103204024890774,,,,,,,,,0.950711938663746,0.9652306194474872,0.9251060184795123,0.9612740004306268,0.8893419833178873,0.946416434970652,0.669928665711798,0.8784176332369104,0.8260542168674698,0.9284638554216867,0.0,0.0,0.8364457831325306,0.932078313253012,,,0.8305358797828678,0.9303637627432808,,,0.8273952453169322,0.9292268140159706,0.9759036144578314,0.9759036144578314,0.8862951807228916,0.947289156626506,0.9361445783132524,0.9625,,,0.9548689262544684,0.9677346749635908,,,0.9666568371387646,0.9714854757023432,current,Gemma4,Q-9B|think|pt_exams_math
Qwen3.5-9B,Q-9B,Qwen,9.0,False,think,Reasoning · Think,tubitak_math2026,TR-OL,True,cot:G4-26B·TH,gemma-4-26B-A4B-it,think,64,0.6,16384,,0.6,16384.0,,,0.78125,32.0,2048.0,887.0,914.0,247.0,,,,,,,1669.0,3402.0,0.490594,/user/home/t.tuna/evalhub/results/think/Qwen3.5-9B/judged_by/gemma-4-26B-A4B-it__state-think__t0.6__max16384__basemax16384,/user/home/t.tuna/evalhub/results/think/Qwen3.5-9B/judged_by/gemma-4-26B-A4B-it__state-think__t0.6__max16384__basemax16384/tubitak_math2026__t0.6__max16384__n64/tubitak_math2026_cot_summary.json,0.43310546875,0.43310546875,0.43310546875,0.43310546875,0.43310546875,0.0,0.5562531001984127,0.5562531001984127,0.5562531001984127,0.3099578373015874,0.3099578373015874,0.3099578373015874,0.65552547822077,0.65552547822077,0.505833799592682,0.3592745673428017,0.211788029843746,0.285531298593274,0.722982361587004,0.6357479972323078,0.4740608405531336,0.3083301778889274,0.1421835996966754,0.2683707122493914,0.7693528433978156,0.6229067112566886,0.454762741783992,0.2805576322596221,0.087240208721225,0.2567631776229394,0.8043750456675122,0.6083636007095574,0.4378474318850325,0.2726612764891473,0.0507518708352044,0.2492283940175339,0.84375,0.59375,0.40625,0.28125,0.03125,0.24609375,0.625,0.8125,0.2501164255028817,0.630884153547799,0.0986123614973525,0.4711274307919619,0.0494149924046874,0.2859742357873938,0.0130689909401935,0.1006020909575092,0.14453125,0.4443359375,0.14453125,0.4443359375,0.14453125,0.4443359375,0.14453125,0.4443359375,0.2164093501984127,0.5666232638888888,0.2164093501984127,0.5666232638888888,0.0726531498015873,0.3220486111111112,0.0726531498015873,0.3220486111111112,0.2538348279652083,0.6125920797457185,0.073941503518106,0.460138218480862,0.0468750110732884,0.2762610858297142,0.0037202509118375,0.0553492042288657,0.2990078906033593,0.6654512938008361,0.1600639817997532,0.5165379436742968,0.0813044657808919,0.3703098145822316,0.0377486618159955,0.2250446979426356,0.25,0.59375,0.0625,0.4375,0.03125,0.28125,0.0,0.03125,0.2584826854702936,0.644896703867064,0.1267046162982404,0.4863383612483906,0.0568467244610527,0.3175023226518657,0.0230546127227865,0.1572306271375173,0.0456010781177524,0.2684276159930771,0.0,0.0,0.0726531498015873,0.3220486111111112,0.0433753842725432,0.2603575312636415,0.0595265637984437,0.2976772562624336,0.04296875,0.255859375,0.0506977057592733,0.2803487272285472,0.4618316822180133,0.7803050994521031,0.14453125,0.4443359375,0.2164093501984127,0.5666232638888888,0.5576941844593536,0.820314653398158,0.2990078906033593,0.6654512938008361,0.65625,0.875,0.3795607898873243,0.7328477517005754,current,Gemma4,Q-9B|think|tubitak_math2026
Qwen3.5-9B,Q-9B,Qwen,9.0,False,think,Reasoning · Think,pt_exams_math,PT,False,No-Judge,,,16,0.6,16384,,,,,,0.963855421686747,166.0,2656.0,2529.0,127.0,0.0,45.0,2656.0,0.016943,28.0,27.0,28.0,,,,/user/home/t.tuna/evalhub/results/think/Qwen3.5-9B,/user/home/t.tuna/evalhub/results/think/Qwen3.5-9B/pt_exams_math__t0.6__max16384__n16/pt_exams_math_summary.json,0.952183734939759,0.952183734939759,0.952183734939759,0.952183734939759,0.952183734939759,0.0,0.9637550200803212,0.9637550200803212,0.9637550200803212,0.9406124497991968,0.9406124497991968,0.9406124497991968,0.9679531312061432,0.9679531312061432,0.9621905203230507,0.9542896862173972,0.9243016020124456,0.9392956441149212,0.9714859437751004,0.9652610441767068,0.9630620383632432,0.9507456399022663,0.9009534642064764,0.9384618895161064,0.9759036144578314,0.963855421686747,0.963855421686747,0.9457831325301204,0.8614457831325302,0.9382530120481928,,,,,,,,,,,,,,,,,,,,,,,,,,,,,,,,,,,,,,,,,,,,,,,,,,,,,,,,,,,,,,,,,,,,,,,,,,,,,,,,,,,,,,,,,,,,,,,,,,,current,No-Judge,Q-9B|think|pt_exams_math
Qwen3.5-9B,Q-9B,Qwen,9.0,False,think,Reasoning · Think,tubitak_math2026,TR-OL,False,No-Judge,,,64,0.6,16384,,,,,,0.84375,32.0,2048.0,1134.0,914.0,0.0,730.0,2048.0,0.356445,9.0,10.0,13.0,,,,/user/home/t.tuna/evalhub/results/think/Qwen3.5-9B,/user/home/t.tuna/evalhub/results/think/Qwen3.5-9B/tubitak_math2026__t0.6__max16384__n64/tubitak_math2026_summary.json,0.5537109375000001,0.5537109375,0.5537109375,0.5537109375,0.5537109375,0.0,0.6481429811507936,0.6481429811507936,0.6481429811507936,0.4592788938492064,0.4592788938492064,0.4592788938492064,0.7193579569420312,0.7193579569420312,0.6095642580141523,0.5116555000503641,0.3742660349934527,0.4429607675219082,0.7798195120440425,0.689983349170191,0.5928019756250891,0.4824170956972364,0.3005370881372139,0.4331487573945237,0.8331217061071265,0.6715776134089573,0.5905728345813964,0.4595533339859379,0.2427731321055063,0.4281214064460056,0.8766061942598307,0.6552435086882342,0.5930643554761731,0.4382929619788186,0.1975838498831892,0.4260515236403848,0.90625,0.625,0.59375,0.40625,0.15625,0.42578125,,,,,,,,,,,,,,,,,,,,,,,,,,,,,,,,,,,,,,,,,,,,,,,,,,,,,,,,,,,,,,,,,,,,,,,,,,,,,,,,,,,,,,,current,No-Judge,Q-9B|think|tubitak_math2026
Qwen3.5-9B,Q-9B,Qwen,9.0,False,think,Reasoning · Think,tubitak_math2026,TR-OL,False,No-Judge,,,64,0.6,32768,,,,,,0.90625,32.0,2048.0,1544.0,504.0,0.0,62.0,2048.0,0.030273,19.0,19.0,27.0,,,,/user/home/t.tuna/evalhub/results/think/Qwen3.5-9B,/user/home/t.tuna/evalhub/results/think/Qwen3.5-9B/tubitak_math2026__t0.6__max32768__n64/tubitak_math2026_summary.json,0.75390625,0.75390625,0.75390625,0.75390625,0.75390625,0.0,0.8358134920634921,0.835813492063492,0.835813492063492,0.6719990079365079,0.6719990079365079,0.6719990079365079,0.8821831482460779,0.8821831482460778,0.8189453469284329,0.7304408137858528,0.5840556910396365,0.6572482524127448,0.9068247563369732,0.8763938426916001,0.8096546177850015,0.7032176806128203,0.4978314135341858,0.6473964261863805,0.9242192668453676,0.8738237723626465,0.8030500739338977,0.6894432794542519,0.4156246538772924,0.6409442459026485,0.93556204434497,0.8744358110755914,0.7994248765852043,0.6886937291635621,0.3458333571540246,0.6363396443512378,0.9375,0.875,0.8125,0.6875,0.3125,0.6318359375,,,,,,,,,,,,,,,,,,,,,,,,,,,,,,,,,,,,,,,,,,,,,,,,,,,,,,,,,,,,,,,,,,,,,,,,,,,,,,,,,,,,,,,current,No-Judge,Q-9B|think|tubitak_math2026
gemma-4-E2B-it,G4-E2B,gemma,2.0,False,think,Reasoning · Think,aime2026,EN,False,No-Judge,,,64,0.6,16384,,,,,,0.5333333333333333,30.0,1920.0,691.0,1229.0,0.0,4.0,1920.0,0.002083,0.0,1.0,1.0,,,,/user/home/t.tuna/evalhub/results/think/gemma-4-E2B-it,/user/home/t.tuna/evalhub/results/think/gemma-4-E2B-it/aime2026__t0.6__max16384__n64/aime2026_summary.json,0.3598958333333334,0.3598958333333333,0.3598958333333333,0.3598958333333333,0.3598958333333333,0.0,0.4590939153439153,0.4590939153439152,0.4590939153439152,0.2606977513227513,0.2606977513227513,0.2606977513227513,0.5323626220274819,0.5323626220274819,0.422807807240647,0.3118600114997524,0.1725528925654521,0.2422064520326022,0.5870788041991958,0.5094299088932429,0.4047748327222765,0.2771292684110126,0.1037681309545986,0.2303817049830269,0.6338995228474178,0.4970769422443967,0.3959064247541643,0.2577503626403746,0.061024219775751,0.2234942610760449,0.678456179320866,0.4858826367612353,0.3882501334081366,0.2516955945089862,0.0392107497714505,0.2194703098609794,0.7333333333333333,0.4666666666666667,0.3666666666666666,0.2333333333333333,0.0333333333333333,0.2177083333333333,,,,,,,,,,,,,,,,,,,,,,,,,,,,,,,,,,,,,,,,,,,,,,,,,,,,,,,,,,,,,,,,,,,,,,,,,,,,,,,,,,,,,,,current,No-Judge,G4-E2B|think|aime2026
gemma-4-E2B-it,G4-E2B,gemma,2.0,False,think,Reasoning · Think,aime2026_pt,PT,False,No-Judge,,,64,0.6,16384,,,,,,0.5,30.0,1920.0,675.0,1245.0,0.0,2.0,1920.0,0.001042,2.0,2.0,2.0,,,,/user/home/t.tuna/evalhub/results/think/gemma-4-E2B-it,/user/home/t.tuna/evalhub/results/think/gemma-4-E2B-it/aime2026_pt__t0.6__max16384__n64/aime2026_pt_summary.json,0.3515625,0.3515625,0.3515625,0.3515625,0.3515625,0.0,0.437797619047619,0.437797619047619,0.437797619047619,0.2653273809523809,0.2653273809523809,0.2653273809523809,0.5003499764968564,0.5003499764968564,0.4072386009753804,0.311258582844384,0.1874028396833791,0.2493307112638815,0.5446731799861965,0.4839633420959582,0.3911216842346711,0.2791251536899197,0.1217170779161603,0.2386985337590456,0.5800181379928645,0.4766657430901901,0.3855503645263113,0.2552713514108168,0.063459608963922,0.232361612713638,0.6129464745114853,0.4707563353220299,0.3905437280898705,0.2416535406163681,0.0162196578854502,0.2290562108064389,0.6333333333333333,0.4666666666666667,0.4,0.2333333333333333,0.0,0.228125,,,,,,,,,,,,,,,,,,,,,,,,,,,,,,,,,,,,,,,,,,,,,,,,,,,,,,,,,,,,,,,,,,,,,,,,,,,,,,,,,,,,,,,current,No-Judge,G4-E2B|think|aime2026_pt
gemma-4-E2B-it,G4-E2B,gemma,2.0,False,think,Reasoning · Think,aime2026_tr,TR,False,No-Judge,,,64,0.6,16384,,,,,,0.3666666666666666,30.0,1920.0,529.0,1391.0,0.0,10.0,1920.0,0.005208,7.0,6.0,6.0,,,,/user/home/t.tuna/evalhub/results/think/gemma-4-E2B-it,/user/home/t.tuna/evalhub/results/think/gemma-4-E2B-it/aime2026_tr__t0.6__max16384__n64/aime2026_tr_summary.json,0.2755208333333333,0.2755208333333333,0.2755208333333333,0.2755208333333333,0.2755208333333333,0.0,0.3518683862433862,0.3518683862433862,0.3518683862433862,0.1991732804232803,0.1991732804232803,0.1991732804232803,0.4138891512007588,0.4138891512007588,0.3167042821888142,0.2361342994804126,0.1353556004633476,0.1857449499718802,0.4688734862168996,0.3849936382072684,0.3013940837542908,0.211223130536229,0.0840736625485551,0.177322745652703,0.5236159445534576,0.3718500965754082,0.2945754799633161,0.1959574954948391,0.0467138337258612,0.1726402875070865,0.5722261143659992,0.3687701741720251,0.2918580897886617,0.1885921586866766,0.0172969384218246,0.1701333351411863,0.6,0.3666666666666666,0.3,0.2,0.0,0.16875,,,,,,,,,,,,,,,,,,,,,,,,,,,,,,,,,,,,,,,,,,,,,,,,,,,,,,,,,,,,,,,,,,,,,,,,,,,,,,,,,,,,,,,current,No-Judge,G4-E2B|think|aime2026_tr
gemma-4-E2B-it,G4-E2B,gemma,2.0,False,think,Reasoning · Think,aime2026,EN,True,cot:Qwen3.6-35B·TH,Qwen3.6-35B-A3B,think,64,0.6,16384,,0.6,16384.0,,,0.5333333333333333,30.0,1920.0,678.0,1229.0,13.0,,,,,,,135.0,2073.0,0.065123,/user/home/t.tuna/evalhub/results/think/gemma-4-E2B-it/judged_by/Qwen3.6-35B-A3B__state-think__t0.6__max16384__basemax16384,/user/home/t.tuna/evalhub/results/think/gemma-4-E2B-it/judged_by/Qwen3.6-35B-A3B__state-think__t0.6__max16384__basemax16384/aime2026__t0.6__max16384__n64/aime2026_cot_summary.json,0.353125,0.353125,0.353125,0.353125,0.353125,0.0,0.449619708994709,0.449619708994709,0.449619708994709,0.256630291005291,0.256630291005291,0.256630291005291,0.5181302095137367,0.5181302095137367,0.4168779326467058,0.3095717601336322,0.1679200977059252,0.2387459289197787,0.5682134192009249,0.496475365264753,0.4013490466886987,0.2756833679378244,0.0958353380257165,0.2271673599705564,0.6139676142667533,0.4874745232350887,0.3924378525376257,0.2570579913109611,0.0463414531864522,0.2203124623840372,0.6589107937659268,0.4805735849982969,0.3833437873542328,0.2516482636840464,0.0140784746391744,0.2162663117646543,0.7,0.4666666666666667,0.3666666666666666,0.2333333333333333,0.0,0.2145833333333333,0.5333333333333333,0.5333333333333333,0.4774064907367564,0.4902218807007495,0.3627866279920096,0.3959031074486331,0.1973260234084034,0.2577503626403746,0.0094649964948599,0.0463416800932113,0.31875,0.3557291666666666,0.31875,0.3557291666666666,0.31875,0.3557291666666666,0.31875,0.3557291666666666,0.4258267195767196,0.4534722222222221,0.4258267195767196,0.4534722222222221,0.2116732804232804,0.2579861111111111,0.2116732804232804,0.2579861111111111,0.4749115889788489,0.4845228472548846,0.357613475128077,0.3882501334081366,0.1768486747047767,0.2516955945089862,0.0002066910725163,0.0140784746391754,0.5028795547833094,0.523371410524372,0.3904044744109524,0.4196483132297516,0.2655127042884843,0.3114224753007144,0.1162032665172538,0.1684744676118287,0.4666666666666667,0.4666666666666667,0.3666666666666666,0.3666666666666666,0.1666666666666666,0.2333333333333333,0.0,0.0,0.483917584775608,0.4997000635487026,0.3719985135449192,0.4042289673062512,0.224395360096722,0.2771269561386166,0.0464082080887433,0.0958977602453344,0.1694119278145688,0.2214109121971689,0.0,0.0,0.2116732804232804,0.2579861111111111,0.1655697601780222,0.217386976527646,0.190857985402869,0.2399484714562715,0.1635416666666666,0.215625,0.1772192268382052,0.2282854348533384,0.5977384646732884,0.6251307500025722,0.31875,0.3557291666666666,0.4258267195767196,0.4534722222222221,0.6380609599486015,0.6765838289745243,0.5028795547833094,0.523371410524372,0.6666666666666666,0.7333333333333333,0.5551574318630385,0.5756456189716709,current,Qwen3.6,G4-E2B|think|aime2026
gemma-4-E2B-it,G4-E2B,gemma,2.0,False,think,Reasoning · Think,aime2026_pt,PT,True,cot:Qwen3.6-35B·TH,Qwen3.6-35B-A3B,think,64,0.6,16384,,0.6,16384.0,,,0.5,30.0,1920.0,661.0,1245.0,14.0,,,,,,,29.0,2025.0,0.014321,/user/home/t.tuna/evalhub/results/think/gemma-4-E2B-it/judged_by/Qwen3.6-35B-A3B__state-think__t0.6__max16384__basemax16384,/user/home/t.tuna/evalhub/results/think/gemma-4-E2B-it/judged_by/Qwen3.6-35B-A3B__state-think__t0.6__max16384__basemax16384/aime2026_pt__t0.6__max16384__n64/aime2026_pt_cot_summary.json,0.3442708333333333,0.3442708333333333,0.3442708333333333,0.3442708333333333,0.3442708333333333,0.0,0.4302910052910053,0.4302910052910053,0.4302910052910053,0.2582506613756613,0.2582506613756613,0.2582506613756613,0.4897043115677436,0.4897043115677436,0.4030260821938506,0.3065809326550998,0.1777720069166393,0.2421764697858695,0.5300257529826662,0.4748715662762829,0.3896645684100733,0.2742540518653301,0.1101266563808753,0.2314906684857208,0.5620919008988784,0.4671820302394719,0.3854352885942622,0.2501739306392773,0.0544623376535027,0.2250823452906899,0.5876358853533169,0.4651363945517674,0.3905437144188312,0.2342556584006097,0.0141899354426845,0.2217645449942122,0.6,0.4666666666666667,0.4,0.2,0.0,0.2208333333333333,0.5,0.5,0.4610918519301016,0.4671820322530968,0.3782768912561245,0.3854905167731469,0.2433335966144557,0.2525256823762019,0.0398097421206297,0.056018689755828,0.3338541666666667,0.3453125,0.3338541666666667,0.3453125,0.3338541666666667,0.3453125,0.3338541666666667,0.3453125,0.4212301587301587,0.4306547619047619,0.4212301587301587,0.4306547619047619,0.2464781746031746,0.259970238095238,0.2464781746031746,0.259970238095238,0.4623411846804836,0.4651363945517674,0.3839911651947932,0.3905437280898705,0.2302108174087499,0.2380300881025273,0.0083656343069788,0.0144122467525321,0.4797059274088624,0.4897347397446551,0.3955500365138122,0.4033668253128856,0.2971630971267407,0.3079907015688349,0.1629976056172513,0.1801577333736244,0.4666666666666667,0.4666666666666667,0.4,0.4,0.2,0.2333333333333333,0.0,0.0,0.4656460761650121,0.4748744011831658,0.382964683121618,0.3898901225674524,0.2650207801273457,0.2761132930630259,0.0928910502996221,0.1125913732617381,0.2126384458339879,0.2271576157418527,0.0,0.0,0.2464781746031746,0.259970238095238,0.2089181468349875,0.2238478774731055,0.230080351371996,0.2440742174712296,0.2072916666666666,0.2229166666666666,0.219212777518393,0.2335079750327273,0.5504138798783937,0.5620919008988795,0.3338541666666667,0.3453125,0.4212301587301587,0.4306547619047619,0.581677387696806,0.5876358853533169,0.4797059274088624,0.4897347397446551,0.6,0.6,0.5181035198125776,0.5300258391370011,current,Qwen3.6,G4-E2B|think|aime2026_pt
gemma-4-E2B-it,G4-E2B,gemma,2.0,False,think,Reasoning · Think,aime2026_tr,TR,True,cot:Qwen3.6-35B·TH,Qwen3.6-35B-A3B,think,64,0.6,16384,,0.6,16384.0,,,0.3666666666666666,30.0,1920.0,507.0,1391.0,22.0,,,,,,,47.0,1587.0,0.029616,/user/home/t.tuna/evalhub/results/think/gemma-4-E2B-it/judged_by/Qwen3.6-35B-A3B__state-think__t0.6__max16384__basemax16384,/user/home/t.tuna/evalhub/results/think/gemma-4-E2B-it/judged_by/Qwen3.6-35B-A3B__state-think__t0.6__max16384__basemax16384/aime2026_tr__t0.6__max16384__n64/aime2026_tr_cot_summary.json,0.2640625,0.2640625,0.2640625,0.2640625,0.2640625,0.0,0.3392195767195767,0.3392195767195767,0.3392195767195767,0.1889054232804232,0.1889054232804232,0.1889054232804232,0.3977792677091989,0.3977792677091989,0.3091871584699453,0.2236053402499727,0.1256782335708829,0.1746417869104278,0.4423204847822126,0.3784496928674175,0.2944876646100043,0.1941828706658481,0.0786262112684203,0.1650555801996867,0.4829766996021406,0.3713368821301522,0.288402056355144,0.1746768886897807,0.044455532899123,0.1592145012436565,0.5249930499198201,0.3687701740442858,0.2888169212839991,0.1645330039425727,0.0168193213137829,0.155827188676859,0.5666666666666667,0.3666666666666666,0.3,0.1666666666666666,0.0,0.1541666666666666,0.3666666666666666,0.3666666666666666,0.36295208011957,0.3713368821301522,0.2801713241389461,0.288402056355144,0.1559365466740586,0.1746768886897807,0.0233297798131302,0.044455532899123,0.2510416666666666,0.2640625,0.2510416666666666,0.2640625,0.2510416666666666,0.2640625,0.2510416666666666,0.2640625,0.3310185185185185,0.3392195767195767,0.3310185185185185,0.3392195767195767,0.1710648148148147,0.1889054232804232,0.1710648148148147,0.1889054232804232,0.3555421744378165,0.3687701740442858,0.2831494378684201,0.2888169212839991,0.1515869639076445,0.1645330039425727,0.0048632857630712,0.0168193213137829,0.3930713991924991,0.3977792677091989,0.2995844455356619,0.3091871584699453,0.20772802246229,0.2236053402499727,0.1037827994762156,0.1256782335708829,0.3333333333333333,0.3666666666666666,0.3,0.3,0.1666666666666666,0.1666666666666666,0.0,0.0,0.3725083698981519,0.3784496928674175,0.2848501663423013,0.2944876646100043,0.1759694025738443,0.1941828706658481,0.0550421872006899,0.0786262112684203,0.138809950255152,0.1592145012436565,0.0,0.0,0.1710648148148147,0.1889054232804232,0.1345261113768465,0.155827188676859,0.1557554109692528,0.1746417869104278,0.1322916666666666,0.1541666666666666,0.1454085243899244,0.1650555801996867,0.48259832620573,0.4829766996021406,0.2510416666666666,0.2640625,0.3310185185185185,0.3392195767195767,0.5249915257929936,0.5249930499198201,0.3930713991924991,0.3977792677091989,0.5666666666666667,0.5666666666666667,0.4399842280512522,0.4423204847822126,current,Qwen3.6,G4-E2B|think|aime2026_tr
gemma-4-E2B-it,G4-E2B,gemma,2.0,False,think,Reasoning · Think,pt_exams_math,PT,True,cot:Qwen3.6-35B·TH,Qwen3.6-35B-A3B,think,16,0.6,16384,,0.6,16384.0,,,0.927710843373494,166.0,2656.0,2396.0,237.0,23.0,,,,,,,18.0,7257.0,0.00248,/user/home/t.tuna/evalhub/results/think/gemma-4-E2B-it/judged_by/Qwen3.6-35B-A3B__state-think__t0.6__max16384__basemax16384,/user/home/t.tuna/evalhub/results/think/gemma-4-E2B-it/judged_by/Qwen3.6-35B-A3B__state-think__t0.6__max16384__basemax16384/pt_exams_math__t0.6__max16384__n16/pt_exams_math_cot_summary.json,0.9021084337349398,0.9021084337349398,0.9021084337349398,0.9021084337349398,0.9021084337349398,0.0,0.9292168674698792,0.9292168674698792,0.9292168674698792,0.875,0.875,0.875,0.9417317622136898,0.9417317622136898,0.9250628889183106,0.8999801403415861,0.8416589434661725,0.8708195419038793,0.949777197367559,0.9377294726692316,0.9241488096909783,0.894863369562165,0.8043568212242908,0.8684165566695687,0.9578313253012049,0.933734939759036,0.927710843373494,0.8975903614457831,0.7710843373493976,0.8667168674698795,,,,,,,,,,,,,0.927710843373494,0.927710843373494,0.933734939759036,0.933734939759036,0.9156626506024096,0.933734939759036,0.891566265060241,0.9036144578313252,0.7108433734939759,0.7831325301204819,0.8934487951807228,0.90625,0.8934487951807228,0.90625,0.8934487951807228,0.90625,0.8934487951807228,0.90625,0.926305220883534,0.9311746987951808,0.926305220883534,0.9311746987951808,0.8605923694779117,0.8813253012048192,0.8605923694779117,0.8813253012048192,,,,,,,,,0.94075863895141,0.9423110022507613,0.9213557526810536,0.9275850655368728,0.8928439030848668,0.9049450549450552,0.8188368860055609,0.8501588772673112,,,,,,,,,0.9370240870240872,0.9380613362541074,0.919287874107151,0.9274229786277978,0.8870180020782433,0.90031594911113,0.768128925960251,0.8149956469233575,0.8516566265060241,0.8734939759036144,0.0,0.0,0.8605923694779117,0.8813253012048192,,,0.8558403945452141,0.8775519661061831,,,0.8531690866028216,0.8754037127531104,0.9578313253012049,0.9578313253012049,0.8934487951807228,0.90625,0.926305220883534,0.9311746987951808,,,0.94075863895141,0.9423110022507613,,,0.9497130713998184,0.9497977925688772,current,Qwen3.6,G4-E2B|think|pt_exams_math
gemma-4-E2B-it,G4-E2B,gemma,2.0,False,think,Reasoning · Think,tubitak_math2026,TR-OL,True,cot:Qwen3.6-35B·TH,Qwen3.6-35B-A3B,think,64,0.6,16384,,0.6,16384.0,,,0.40625,32.0,2048.0,603.0,1335.0,110.0,,,,,,,4.0,2139.0,0.00187,/user/home/t.tuna/evalhub/results/think/gemma-4-E2B-it/judged_by/Qwen3.6-35B-A3B__state-think__t0.6__max16384__basemax16384,/user/home/t.tuna/evalhub/results/think/gemma-4-E2B-it/judged_by/Qwen3.6-35B-A3B__state-think__t0.6__max16384__basemax16384/tubitak_math2026__t0.6__max16384__n64/tubitak_math2026_cot_summary.json,0.29443359375,0.29443359375,0.29443359375,0.29443359375,0.29443359375,0.0,0.3664279513888888,0.3664279513888889,0.3664279513888889,0.2224392361111111,0.2224392361111111,0.2224392361111111,0.4273434155523658,0.4273434155523658,0.329822911945053,0.2568916377861298,0.1636764097164513,0.2102840237512905,0.4879098373844354,0.3881624763974476,0.3182220932696295,0.2330774724795596,0.1150708838585806,0.2021913334839871,0.5635476567133488,0.3749392994647338,0.3127101786086411,0.218862059611363,0.0762513231818774,0.196955480623809,0.6498847646111804,0.3744228228009982,0.3096484529558507,0.2142972682080782,0.0496440501244168,0.1937675026744246,0.71875,0.375,0.3125,0.21875,0.03125,0.1923828125,0.40625,0.40625,0.3684828776469591,0.4056963755483274,0.2781312116846093,0.3221414886786435,0.2063276810813285,0.2255323873831331,0.0606544384228195,0.0899402504598337,0.27392578125,0.3115234375,0.27392578125,0.3115234375,0.27392578125,0.3115234375,0.27392578125,0.3115234375,0.3453466021825396,0.3892144097222222,0.3453466021825396,0.3892144097222222,0.2025049603174603,0.2338324652777777,0.2025049603174603,0.2338324652777777,0.3722711296326619,0.4051838547092425,0.2658737940204021,0.3134008620508464,0.206253531435459,0.2171496714534248,0.0398329704661415,0.066868370066415,0.4060752019276774,0.4569710002423761,0.3092801545856312,0.3484820405555136,0.2352936981409433,0.2674093764951776,0.145054070345748,0.1732313327069325,0.375,0.40625,0.25,0.3125,0.21875,0.21875,0.03125,0.0625,0.3750087409042101,0.4189330913629795,0.2920823747987673,0.3322078431322632,0.2139167783857189,0.2412327786811692,0.0972933508203031,0.1259983746457369,0.1773723828409676,0.2060246986031337,0.0,0.0,0.2025049603174603,0.2338324652777777,0.1747295601752307,0.2032410631967372,0.1901738842433456,0.2203203546010551,0.173828125,0.2021484375,0.1821838912562603,0.2114168935615303,0.5254865033426263,0.5953816316450917,0.27392578125,0.3115234375,0.3453466021825396,0.3892144097222222,0.6031394577068211,0.6737497194056091,0.4060752019276774,0.4569710002423762,0.6875,0.71875,0.461955461923672,0.5215749415050436,current,Qwen3.6,G4-E2B|think|tubitak_math2026
gemma-4-E2B-it,G4-E2B,gemma,2.0,False,think,Reasoning · Think,aime2026,EN,True,cot:G4-26B·TH,gemma-4-26B-A4B-it,think,64,0.6,16384,,0.6,16384.0,,,0.5333333333333333,30.0,1920.0,642.0,1229.0,49.0,,,,,,,44.0,2073.0,0.021225,/user/home/t.tuna/evalhub/results/think/gemma-4-E2B-it/judged_by/gemma-4-26B-A4B-it__state-think__t0.6__max16384__basemax16384,/user/home/t.tuna/evalhub/results/think/gemma-4-E2B-it/judged_by/gemma-4-26B-A4B-it__state-think__t0.6__max16384__basemax16384/aime2026__t0.6__max16384__n64/aime2026_cot_summary.json,0.334375,0.334375,0.334375,0.334375,0.334375,0.0,0.4345072751322751,0.4345072751322752,0.4345072751322752,0.2342427248677248,0.2342427248677248,0.2342427248677248,0.5077908199239505,0.5077908199239506,0.4001010425322958,0.2834691059572074,0.1461390315865461,0.2148040687718767,0.5588408817444799,0.4876314170962082,0.3833161645140474,0.243108379383985,0.0814372458846639,0.2017453003087465,0.6031168797126828,0.4800093229901609,0.373587469078578,0.2161488988095066,0.0394807387982957,0.19401794744353,0.6420777179951018,0.4787318921513412,0.3661500905104326,0.1997582946349907,0.0098276483552421,0.1899658309603734,0.6666666666666666,0.4666666666666667,0.3666666666666666,0.1666666666666666,0.0,0.1885416666666666,0.5333333333333333,0.5333333333333333,0.4684276474332069,0.4854999839726736,0.3456418846048971,0.3853948021731131,0.1712183749247896,0.2344545050987618,0.0320862397487432,0.0452119470412593,0.3098958333333333,0.3447916666666666,0.3098958333333333,0.3447916666666666,0.3098958333333333,0.3447916666666666,0.3098958333333333,0.3447916666666666,0.4129960317460316,0.4437003968253968,0.4129960317460316,0.4437003968253968,0.2067956349206348,0.2458829365079365,0.2067956349206348,0.2458829365079365,0.4682470854925697,0.4832003572714309,0.3392061394903616,0.3753631999590668,0.149727597857309,0.2210963329211224,0.0081174557339761,0.0140724158197668,0.4919900972022866,0.5149461106494422,0.375796221449976,0.4101955902226922,0.2504134559693788,0.2969728685586696,0.1213835587116919,0.1570520972358624,0.4666666666666667,0.4666666666666667,0.3333333333333333,0.3666666666666666,0.1333333333333333,0.2,0.0,0.0,0.4733191001657728,0.4933004378580793,0.3562536378931485,0.3946695076049555,0.2040522645470212,0.2588137778091258,0.0657896554668447,0.0893989725193656,0.1622597722006881,0.2071492063647829,0.0,0.0,0.2067956349206348,0.2458829365079365,0.1573962465176253,0.2032431270446892,0.1858985073405353,0.227012482897266,0.1552083333333333,0.2020833333333333,0.1712866870642718,0.2144994371024443,0.5891369355109287,0.612671847334914,0.3098958333333333,0.3447916666666666,0.4129960317460316,0.4437003968253968,0.6334572520625535,0.658845987510054,0.4919900972022866,0.5149461106494422,0.6666666666666666,0.7,0.5448658836312447,0.5658308213335,current,Gemma4,G4-E2B|think|aime2026
gemma-4-E2B-it,G4-E2B,gemma,2.0,False,think,Reasoning · Think,aime2026_pt,PT,True,cot:G4-26B·TH,gemma-4-26B-A4B-it,think,64,0.6,16384,,0.6,16384.0,,,0.5,30.0,1920.0,581.0,1245.0,94.0,,,,,,,198.0,2025.0,0.097778,/user/home/t.tuna/evalhub/results/think/gemma-4-E2B-it/judged_by/gemma-4-26B-A4B-it__state-think__t0.6__max16384__basemax16384,/user/home/t.tuna/evalhub/results/think/gemma-4-E2B-it/judged_by/gemma-4-26B-A4B-it__state-think__t0.6__max16384__basemax16384/aime2026_pt__t0.6__max16384__n64/aime2026_pt_cot_summary.json,0.3026041666666667,0.3026041666666667,0.3026041666666667,0.3026041666666667,0.3026041666666667,0.0,0.3876157407407407,0.3876157407407407,0.3876157407407407,0.2175925925925925,0.2175925925925925,0.2175925925925925,0.4498627584296541,0.4498627584296541,0.3569049402768334,0.2622962886018148,0.1413526793583641,0.2018244839800894,0.4961321536040117,0.429818117917791,0.3424178912271796,0.2312485813792576,0.0793665183802354,0.1913650516800271,0.5378217856191996,0.4213244293623989,0.337197104435775,0.2108917808278144,0.0327891462483074,0.1849300322104838,0.5748133252347193,0.4236388019093801,0.3414040565218348,0.2015539132064852,0.0057780577323224,0.1811628802846597,0.6,0.4333333333333333,0.3333333333333333,0.2,0.0,0.1791666666666666,0.4666666666666667,0.5,0.3987961984642522,0.4467632458820433,0.3184210261203536,0.3534647353868801,0.1682486869568304,0.2373585500128125,0.0150028987351403,0.0371900770097377,0.271875,0.3239583333333333,0.271875,0.3239583333333333,0.271875,0.3239583333333333,0.271875,0.3239583333333333,0.3592427248677249,0.4107804232804232,0.3592427248677249,0.4107804232804232,0.1845072751322751,0.2371362433862433,0.1845072751322751,0.2371362433862433,0.3926925635804984,0.4408471365903592,0.3212110698612041,0.3488196210071584,0.1539145859995179,0.2265961545603871,0.0019803260670994,0.0060030615206006,0.4198421617016276,0.4740148615413025,0.333119444234595,0.3792578987350272,0.2296909756322765,0.2841221575885775,0.1048474184315009,0.158438415468426,0.4,0.4333333333333333,0.3333333333333333,0.3333333333333333,0.1666666666666666,0.2,0.0,0.0,0.406568671483341,0.456153215451514,0.3209273370435595,0.3622308253982976,0.193722134965654,0.2547739996460069,0.0470422776124346,0.0911692513684078,0.1488047577663463,0.2046771995385011,0.0,0.0,0.1845072751322751,0.2371362433862433,0.1447328629141727,0.2009542600349716,0.1672691970318887,0.2212802865285017,0.1427083333333333,0.1989583333333333,0.1557605278075849,0.2109586240441163,0.4881779160198192,0.5574871074588391,0.271875,0.3239583333333333,0.3592427248677249,0.4107804232804232,0.5122931902957867,0.586915469274149,0.4198421617016276,0.4740148615413025,0.5333333333333333,0.6,0.4586428318388728,0.520162779934043,current,Gemma4,G4-E2B|think|aime2026_pt
gemma-4-E2B-it,G4-E2B,gemma,2.0,False,think,Reasoning · Think,aime2026_tr,TR,True,cot:G4-26B·TH,gemma-4-26B-A4B-it,think,64,0.6,16384,,0.6,16384.0,,,0.3666666666666666,30.0,1920.0,467.0,1391.0,62.0,,,,,,,121.0,1587.0,0.076244,/user/home/t.tuna/evalhub/results/think/gemma-4-E2B-it/judged_by/gemma-4-26B-A4B-it__state-think__t0.6__max16384__basemax16384,/user/home/t.tuna/evalhub/results/think/gemma-4-E2B-it/judged_by/gemma-4-26B-A4B-it__state-think__t0.6__max16384__basemax16384/aime2026_tr__t0.6__max16384__n64/aime2026_tr_cot_summary.json,0.2432291666666667,0.2432291666666666,0.2432291666666666,0.2432291666666666,0.2432291666666666,0.0,0.3195601851851852,0.3195601851851852,0.3195601851851852,0.1668981481481481,0.1668981481481481,0.1668981481481481,0.3820039367765438,0.3820039367765439,0.2868094902336044,0.1977303203142706,0.1063729193422477,0.1520516198282591,0.4305096246010843,0.360009099754901,0.2713736863479973,0.1654515332378788,0.0660919525695106,0.141793730971373,0.4764100867669301,0.351258187442113,0.264497098185614,0.1440612084011175,0.039688979121584,0.1352902642689727,0.5234760016046084,0.3458921352418033,0.261163593824535,0.1328358941957556,0.016436393324357,0.1313999781970061,0.5666666666666667,0.3333333333333333,0.2333333333333333,0.1333333333333333,0.0,0.1291666666666666,0.3666666666666666,0.3666666666666666,0.3285899492118631,0.3661187354794531,0.2218412271232765,0.2812419020201997,0.1257898871942463,0.1613967634966712,0.0224947593426456,0.0453514723897459,0.2177083333333333,0.2578125,0.2177083333333333,0.2578125,0.2177083333333333,0.2578125,0.2177083333333333,0.2578125,0.2922949735449736,0.3337962962962963,0.2922949735449736,0.3337962962962963,0.1431216931216931,0.1818287037037037,0.1431216931216931,0.1818287037037037,0.3308761977199291,0.3624286801767906,0.2086731013039109,0.2812888100508058,0.1208869079345654,0.1469059406965563,0.0048544673771108,0.0172833881212644,0.3563211914414981,0.3943858964350767,0.2572013002274768,0.3024285882165311,0.1704036664903931,0.2147629120394852,0.0869071751739652,0.1196726033089068,0.3333333333333333,0.3666666666666666,0.2,0.3,0.1333333333333333,0.1333333333333333,0.0,0.0,0.336063465632659,0.3742048015213998,0.2370970375441547,0.287284651659525,0.1408260785298341,0.1836261003658008,0.0491435661229305,0.0760096261651167,0.1122342646309731,0.1514485935591495,0.0,0.0,0.1431216931216931,0.1818287037037037,0.1084549030483637,0.1481317938836886,0.1286554208321791,0.167217757674196,0.10625,0.1458333333333333,0.1186383302040843,0.1573513863889747,0.4493756105847257,0.4827214169366255,0.2177083333333333,0.2578125,0.2922949735449736,0.3337962962962963,0.4855829293035467,0.5249916303348873,0.3563211914414982,0.3943858964350767,0.5,0.5666666666666667,0.4058980157079992,0.4408036322303686,current,Gemma4,G4-E2B|think|aime2026_tr
gemma-4-E2B-it,G4-E2B,gemma,2.0,False,think,Reasoning · Think,pt_exams_math,PT,True,cot:G4-26B·TH,gemma-4-26B-A4B-it,think,16,0.6,16384,,0.6,16384.0,,,0.927710843373494,166.0,2656.0,2384.0,237.0,35.0,,,,,,,53.0,7257.0,0.007303,/user/home/t.tuna/evalhub/results/think/gemma-4-E2B-it/judged_by/gemma-4-26B-A4B-it__state-think__t0.6__max16384__basemax16384,/user/home/t.tuna/evalhub/results/think/gemma-4-E2B-it/judged_by/gemma-4-26B-A4B-it__state-think__t0.6__max16384__basemax16384/pt_exams_math__t0.6__max16384__n16/pt_exams_math_cot_summary.json,0.8975903614457831,0.8975903614457831,0.8975903614457831,0.8975903614457831,0.8975903614457831,0.0,0.929267068273092,0.929267068273092,0.929267068273092,0.8659136546184742,0.8659136546184742,0.8659136546184742,0.9439262544684232,0.9439262544684232,0.9239441281609956,0.8959353899112938,0.8265556732424203,0.861245531576857,0.954335757950216,0.9385560891584986,0.9227352299641454,0.8900047743421239,0.7812906638207844,0.8587894702352536,0.963855421686747,0.933734939759036,0.9216867469879518,0.8855421686746988,0.7349397590361446,0.8576807228915663,,,,,,,,,,,,,0.927710843373494,0.927710843373494,0.933734939759036,0.933734939759036,0.9096385542168676,0.927710843373494,0.8614457831325302,0.9036144578313252,0.6807228915662651,0.7590361445783133,0.8817771084337349,0.9028614457831324,0.8817771084337349,0.9028614457831324,0.8817771084337349,0.9028614457831324,0.8817771084337349,0.9028614457831324,0.9212851405622484,0.9312751004016062,0.9212851405622484,0.9312751004016062,0.8422690763052212,0.8744477911646586,0.8422690763052212,0.8744477911646586,,,,,,,,,0.9394247318946116,0.9445551436515288,0.9155037733350988,0.9262743280815569,0.8784291010194624,0.9014365152919374,0.7937508274857672,0.8391797961075068,,,,,,,,,0.9338636597672744,0.9391393078140065,0.914206944327426,0.9250966570243678,0.868917628556183,0.8970202488274781,0.7384540492974228,0.7985602081987622,0.8298192771084337,0.8667168674698795,0.0,0.0,0.8422690763052212,0.8744477911646586,,,0.8360899642526148,0.8703081556997221,,,0.8322087885340899,0.8681479999251084,0.963855421686747,0.963855421686747,0.8817771084337349,0.9028614457831324,0.9212851405622484,0.9312751004016062,,,0.9394247318946116,0.9445551436515288,,,0.9503108003108004,0.9543956712631414,current,Gemma4,G4-E2B|think|pt_exams_math
gemma-4-E2B-it,G4-E2B,gemma,2.0,False,think,Reasoning · Think,tubitak_math2026,TR-OL,True,cot:G4-26B·TH,gemma-4-26B-A4B-it,think,64,0.6,16384,,0.6,16384.0,,,0.40625,32.0,2048.0,570.0,1335.0,143.0,,,,,,,291.0,2139.0,0.136045,/user/home/t.tuna/evalhub/results/think/gemma-4-E2B-it/judged_by/gemma-4-26B-A4B-it__state-think__t0.6__max16384__basemax16384,/user/home/t.tuna/evalhub/results/think/gemma-4-E2B-it/judged_by/gemma-4-26B-A4B-it__state-think__t0.6__max16384__basemax16384/tubitak_math2026__t0.6__max16384__n64/tubitak_math2026_cot_summary.json,0.2783203125,0.2783203125,0.2783203125,0.2783203125,0.2783203125,0.0,0.3604290674603174,0.3604290674603174,0.3604290674603174,0.1962115575396825,0.1962115575396825,0.1962115575396825,0.4330374848908362,0.4330374848908363,0.3173970019327138,0.2286679462239682,0.1341788169524816,0.1814233815882249,0.4970098116273657,0.4012130511071316,0.2941856115753581,0.2022175097593416,0.0876557760976882,0.1717831089426605,0.5627044812953068,0.3943726022187946,0.2758615729194371,0.1918355792493431,0.055547391667225,0.1661540405443493,0.6350851284330195,0.4007022086803188,0.2628743775231918,0.1883612278950595,0.0390767158278973,0.1632723647362311,0.6875,0.40625,0.25,0.1875,0.03125,0.162109375,0.40625,0.40625,0.3319107821878625,0.4040667177688237,0.2379974546784121,0.3001233971666665,0.1385584332336122,0.2137764876691233,0.0492633817404087,0.0725582324809189,0.2294921875,0.29833984375,0.2294921875,0.29833984375,0.2294921875,0.29833984375,0.2294921875,0.29833984375,0.3030753968253968,0.3778521825396825,0.3030753968253968,0.3778521825396825,0.1559089781746032,0.2188275049603174,0.1559089781746032,0.2188275049603174,0.3344303311521841,0.4053577432530247,0.2291867810704187,0.2812081939167131,0.1248698489392047,0.2112149763926047,0.0389388256457779,0.048605523972244,0.3667063380580947,0.4473678282623203,0.267278499266576,0.3367259602975246,0.1837763682449447,0.2515576898560852,0.1002075444303845,0.1577078965840698,0.34375,0.40625,0.21875,0.25,0.09375,0.21875,0.03125,0.03125,0.3409144124653614,0.4142801332985013,0.2494293053052169,0.3166655318144114,0.1562391850516146,0.224869572840822,0.0649558317632202,0.110159383050586,0.128398099050208,0.1889382355970372,0.0,0.0,0.1559089781746032,0.2188275049603174,0.1265174840804078,0.1853484763786616,0.1419919563376646,0.2046327932200775,0.1259765625,0.18359375,0.1330520304906963,0.1950670473931047,0.472135650499273,0.5765869818396933,0.2294921875,0.29833984375,0.3030753968253967,0.3778521825396824,0.5262524218468626,0.6451816283771402,0.3667063380580946,0.4473678282623202,0.59375,0.6875,0.4205557404839714,0.5096219403302015,current,Gemma4,G4-E2B|think|tubitak_math2026
gemma-4-E2B-it,G4-E2B,gemma,2.0,False,think,Reasoning · Think,pt_exams_math,PT,False,No-Judge,,,16,0.6,16384,,,,,,0.927710843373494,166.0,2656.0,2419.0,237.0,0.0,2.0,2656.0,0.000753,2.0,0.0,0.0,,,,/user/home/t.tuna/evalhub/results/think/gemma-4-E2B-it,/user/home/t.tuna/evalhub/results/think/gemma-4-E2B-it/pt_exams_math__t0.6__max16384__n16/pt_exams_math_summary.json,0.9107680722891566,0.9107680722891566,0.9107680722891566,0.9107680722891566,0.9107680722891566,0.0,0.933483935742972,0.933483935742972,0.933483935742972,0.8880522088353413,0.8880522088353413,0.8880522088353413,0.9451410035747384,0.9451410035747384,0.9286475572620152,0.9081854892095856,0.8610982391102874,0.8846418641599365,0.9544167345372164,0.939493170818472,0.9283404012319674,0.9031833628219172,0.8308319525186991,0.8826290008518924,0.963855421686747,0.933734939759036,0.933734939759036,0.9036144578313252,0.8012048192771084,0.8810240963855421,,,,,,,,,,,,,,,,,,,,,,,,,,,,,,,,,,,,,,,,,,,,,,,,,,,,,,,,,,,,,,,,,,,,,,,,,,,,,,,,,,,,,,,,,,,,,,,,,,,current,No-Judge,G4-E2B|think|pt_exams_math
gemma-4-E2B-it,G4-E2B,gemma,2.0,False,think,Reasoning · Think,tubitak_math2026,TR-OL,False,No-Judge,,,64,0.6,16384,,,,,,0.40625,32.0,2048.0,713.0,1335.0,0.0,17.0,2048.0,0.008301,17.0,17.0,17.0,,,,/user/home/t.tuna/evalhub/results/think/gemma-4-E2B-it,/user/home/t.tuna/evalhub/results/think/gemma-4-E2B-it/tubitak_math2026__t0.6__max16384__n64/tubitak_math2026_summary.json,0.34814453125,0.34814453125,0.34814453125,0.34814453125,0.34814453125,0.0,0.4260137648809524,0.4260137648809524,0.4260137648809524,0.2702752976190475,0.2702752976190475,0.2702752976190475,0.4972716942408904,0.4972716942408903,0.3818918345200322,0.3004838375229785,0.2129307587160988,0.2567072981195386,0.5643830510711954,0.4622153036047614,0.3608085376188999,0.2755314724932686,0.1698665217141407,0.2482126613791065,0.6294018478390777,0.4447486352347864,0.351282778281845,0.2605726975000644,0.1377600731703353,0.2434559678631752,0.6883372773036992,0.4345994794606327,0.3462700791438794,0.2523420024083451,0.1129185243243746,0.241053674927059,0.71875,0.4375,0.34375,0.25,0.09375,0.240234375,,,,,,,,,,,,,,,,,,,,,,,,,,,,,,,,,,,,,,,,,,,,,,,,,,,,,,,,,,,,,,,,,,,,,,,,,,,,,,,,,,,,,,,current,No-Judge,G4-E2B|think|tubitak_math2026
gemma-4-E4B-it,G4-E4B,gemma,4.0,False,think,Reasoning · Think,aime2026,EN,False,No-Judge,,,64,0.6,16384,,,,,,0.6,30.0,1920.0,926.0,994.0,0.0,27.0,1920.0,0.014063,0.0,0.0,0.0,,,,/user/home/t.tuna/evalhub/results/think/gemma-4-E4B-it,/user/home/t.tuna/evalhub/results/think/gemma-4-E4B-it/aime2026__t0.6__max16384__n64/aime2026_summary.json,0.4822916666666667,0.4822916666666667,0.4822916666666667,0.4822916666666667,0.4822916666666667,0.0,0.5626653439153438,0.562665343915344,0.562665343915344,0.4019179894179894,0.4019179894179894,0.4019179894179894,0.6285450399973139,0.6285450399973139,0.5217061498493281,0.4469446438014656,0.3319708330185592,0.3894577384100124,0.6927308274036452,0.5931702710164081,0.5021684128891167,0.4289897573027145,0.2619379935919285,0.3822458529562709,0.7584186738700847,0.5779840054603655,0.4903557273658101,0.4226436931293216,0.1934222870631618,0.3785127842272407,0.8194177436166135,0.57748699716299,0.480258061896988,0.4199825735671503,0.1257875881941307,0.3766758122260144,0.8666666666666667,0.6,0.4666666666666667,0.4333333333333333,0.0333333333333333,0.3760416666666666,,,,,,,,,,,,,,,,,,,,,,,,,,,,,,,,,,,,,,,,,,,,,,,,,,,,,,,,,,,,,,,,,,,,,,,,,,,,,,,,,,,,,,,current,No-Judge,G4-E4B|think|aime2026
gemma-4-E4B-it,G4-E4B,gemma,4.0,False,think,Reasoning · Think,aime2026_pt,PT,False,No-Judge,,,64,0.6,16384,,,,,,0.7333333333333333,30.0,1920.0,982.0,938.0,0.0,3.0,1920.0,0.001563,0.0,0.0,0.0,,,,/user/home/t.tuna/evalhub/results/think/gemma-4-E4B-it,/user/home/t.tuna/evalhub/results/think/gemma-4-E4B-it/aime2026_pt__t0.6__max16384__n64/aime2026_pt_summary.json,0.5114583333333333,0.5114583333333333,0.5114583333333333,0.5114583333333333,0.5114583333333333,0.0,0.6156580687830687,0.615658068783069,0.615658068783069,0.4072585978835979,0.4072585978835979,0.4072585978835979,0.6963256927131861,0.6963256927131862,0.5705435311794381,0.4638842721999782,0.3150798372407309,0.3894820547203547,0.761865581671748,0.6707603715617283,0.5435015871206975,0.4369623266863894,0.2301745499687499,0.379008104546114,0.8093982045173608,0.6521723356983461,0.5299653954390211,0.4260732136819126,0.1592102779894877,0.3733183602646231,0.840733011523668,0.6320463039929028,0.5218511404652798,0.4235159292286286,0.1148036601330479,0.3699013657728006,0.8666666666666667,0.6,0.5333333333333333,0.4333333333333333,0.1,0.3677083333333333,,,,,,,,,,,,,,,,,,,,,,,,,,,,,,,,,,,,,,,,,,,,,,,,,,,,,,,,,,,,,,,,,,,,,,,,,,,,,,,,,,,,,,,current,No-Judge,G4-E4B|think|aime2026_pt
gemma-4-E4B-it,G4-E4B,gemma,4.0,False,think,Reasoning · Think,aime2026_tr,TR,False,No-Judge,,,64,0.6,16384,,,,,,0.6333333333333333,30.0,1920.0,921.0,999.0,0.0,3.0,1920.0,0.001563,0.0,0.0,0.0,,,,/user/home/t.tuna/evalhub/results/think/gemma-4-E4B-it,/user/home/t.tuna/evalhub/results/think/gemma-4-E4B-it/aime2026_tr__t0.6__max16384__n64/aime2026_tr_summary.json,0.4796875,0.4796875,0.4796875,0.4796875,0.4796875,0.0,0.5978835978835979,0.5978835978835978,0.5978835978835978,0.361491402116402,0.361491402116402,0.361491402116402,0.6858692595670385,0.6858692595670386,0.5511671828964266,0.4273594428076184,0.2543541147289164,0.3408567787682674,0.7574895949150479,0.653951889753855,0.5290500471272345,0.3918728503548311,0.1611827154021809,0.3283732845195102,0.8139919815481452,0.6266011285847316,0.5233995995065436,0.3698760452223031,0.0919120414123812,0.3213914475882923,0.8456024090593742,0.6049883048569076,0.5247515728173682,0.3585951936699463,0.0510766899550282,0.3177717576208136,0.8666666666666667,0.6,0.5333333333333333,0.3666666666666666,0.0333333333333333,0.3166666666666666,,,,,,,,,,,,,,,,,,,,,,,,,,,,,,,,,,,,,,,,,,,,,,,,,,,,,,,,,,,,,,,,,,,,,,,,,,,,,,,,,,,,,,,current,No-Judge,G4-E4B|think|aime2026_tr
gemma-4-E4B-it,G4-E4B,gemma,4.0,False,think,Reasoning · Think,aime2026,EN,True,cot:Qwen3.6-35B·TH,Qwen3.6-35B-A3B,think,64,0.6,16384,,0.6,16384.0,,,0.6,30.0,1920.0,907.0,994.0,19.0,,,,,,,168.0,2778.0,0.060475,/user/home/t.tuna/evalhub/results/think/gemma-4-E4B-it/judged_by/Qwen3.6-35B-A3B__state-think__t0.6__max16384__basemax16384,/user/home/t.tuna/evalhub/results/think/gemma-4-E4B-it/judged_by/Qwen3.6-35B-A3B__state-think__t0.6__max16384__basemax16384/aime2026__t0.6__max16384__n64/aime2026_cot_summary.json,0.4723958333333333,0.4723958333333333,0.4723958333333333,0.4723958333333333,0.4723958333333333,0.0,0.5537533068783067,0.5537533068783067,0.5537533068783067,0.3910383597883598,0.3910383597883598,0.3910383597883598,0.6170076720975715,0.6170076720975715,0.5153204296878279,0.4408559656014706,0.3163992659464633,0.3786276157739669,0.6773120540127094,0.5848372647381844,0.4959813947090043,0.4250016044136198,0.2389457298439253,0.3717586547687403,0.7374622313099076,0.5726311928109972,0.4839640512631211,0.420930856769874,0.1650575841360778,0.3685511685977039,0.7925795271350642,0.5757456352258175,0.476994312966862,0.4199486248277193,0.0996981448952286,0.3671973238446663,0.8333333333333334,0.6,0.4666666666666667,0.4333333333333333,0.0333333333333333,0.3666666666666666,0.6,0.6,0.5612638644734684,0.5756798814413852,0.4718261746078054,0.4887517278849128,0.3548102569803524,0.4224324006534203,0.0518824626489557,0.1807549048847118,0.4276041666666667,0.4776041666666666,0.4276041666666667,0.4776041666666666,0.4276041666666667,0.4776041666666666,0.4276041666666667,0.4776041666666666,0.5328538359788361,0.5569444444444444,0.5328538359788361,0.5569444444444444,0.3223544973544973,0.3982638888888888,0.3223544973544973,0.3982638888888888,0.5612455870792341,0.5774024525555783,0.4692481046273278,0.4789357842370706,0.3491282878600145,0.4199825733003008,0.0192556787283692,0.1128668915279491,0.6047293256276599,0.6191746304550374,0.4956942555798981,0.5193418280409291,0.3915465278302401,0.4454591192196956,0.2184465576288685,0.3264410889510044,0.6,0.6,0.4666666666666667,0.4666666666666667,0.3333333333333333,0.4333333333333333,0.0,0.0333333333333333,0.5739150455226885,0.5876664263545127,0.4791236320868827,0.5007813822904895,0.3670106340907054,0.428190590325002,0.1205421622722645,0.2529540434619086,0.2912043326572583,0.3752060541872596,0.0,0.0,0.3223544973544973,0.3982638888888888,0.2897521479923624,0.3734994076108228,0.3049965427295544,0.38595010408535,0.2895833333333333,0.3729166666666667,0.2954034035295146,0.3788356837420509,0.7234962778927819,0.7374777521796191,0.4276041666666667,0.4776041666666666,0.5328538359788361,0.5569444444444444,0.7739004754513577,0.7925795272394068,0.6047293256276599,0.6191746304550374,0.8,0.8333333333333334,0.6655824701291039,0.6779407756265589,current,Qwen3.6,G4-E4B|think|aime2026
gemma-4-E4B-it,G4-E4B,gemma,4.0,False,think,Reasoning · Think,aime2026_pt,PT,True,cot:Qwen3.6-35B·TH,Qwen3.6-35B-A3B,think,64,0.6,16384,,0.6,16384.0,,,0.7333333333333333,30.0,1920.0,959.0,938.0,23.0,,,,,,,55.0,2946.0,0.018669,/user/home/t.tuna/evalhub/results/think/gemma-4-E4B-it/judged_by/Qwen3.6-35B-A3B__state-think__t0.6__max16384__basemax16384,/user/home/t.tuna/evalhub/results/think/gemma-4-E4B-it/judged_by/Qwen3.6-35B-A3B__state-think__t0.6__max16384__basemax16384/aime2026_pt__t0.6__max16384__n64/aime2026_pt_cot_summary.json,0.4994791666666666,0.4994791666666666,0.4994791666666666,0.4994791666666666,0.4994791666666666,0.0,0.6005952380952381,0.6005952380952381,0.6005952380952381,0.3983630952380952,0.3983630952380952,0.3983630952380952,0.6780426078416559,0.678042607841656,0.5575740453946428,0.4542955142571748,0.308004499173193,0.3811500067151839,0.7412502883692529,0.6521033560714447,0.5327275255944902,0.4272272319446694,0.2240387991230305,0.3708591868993027,0.7908125792523001,0.6370296263393201,0.5203347034409426,0.4138536056993888,0.1507344514800957,0.365347783205556,0.8293769893725271,0.6251101817146186,0.516326714518655,0.406203016150804,0.098136952480027,0.3624122769044839,0.8666666666666667,0.6,0.5333333333333333,0.4,0.0666666666666666,0.3604166666666666,0.7333333333333333,0.7333333333333333,0.6229438598058132,0.6400558369602616,0.505048341077711,0.5263215227959174,0.3955024861710147,0.4195672354764287,0.1077079439144211,0.1591005444645081,0.478125,0.5041666666666667,0.478125,0.5041666666666667,0.478125,0.5041666666666667,0.478125,0.5041666666666667,0.583994708994709,0.6052083333333335,0.583994708994709,0.6052083333333335,0.372255291005291,0.403125,0.372255291005291,0.403125,0.606673911628229,0.6262991950181404,0.5027197374646212,0.5187182985823295,0.3938471110884554,0.4128243865476976,0.0610938526116685,0.114803620447829,0.6623601877733291,0.6820038843141699,0.5417276804076115,0.5629809225823238,0.4334323298330437,0.4592765018928424,0.2749798019860155,0.3124053578773303,0.6,0.6,0.5333333333333333,0.5333333333333333,0.3666666666666666,0.4,0.0333333333333333,0.1,0.6385532218400688,0.6561637439028466,0.516578522068752,0.5389615854647992,0.4062557840021489,0.4321436249374221,0.1836672140955277,0.2289474923808736,0.3376191099502925,0.3698295758495829,0.0,0.0,0.372255291005291,0.403125,0.3338388936070874,0.3666388342594147,0.3542060659095297,0.3858409298850865,0.3302083333333333,0.3645833333333333,0.3435302228164889,0.3754877488025958,0.7698293493409627,0.7935462798075079,0.478125,0.5041666666666667,0.583994708994709,0.6052083333333335,0.8043112429359377,0.8303831477871924,0.6623601877733291,0.6820038843141699,0.8333333333333334,0.8666666666666667,0.7242072873827309,0.7443872673444134,current,Qwen3.6,G4-E4B|think|aime2026_pt
gemma-4-E4B-it,G4-E4B,gemma,4.0,False,think,Reasoning · Think,aime2026_tr,TR,True,cot:Qwen3.6-35B·TH,Qwen3.6-35B-A3B,think,64,0.6,16384,,0.6,16384.0,,,0.6333333333333333,30.0,1920.0,898.0,999.0,23.0,,,,,,,89.0,2763.0,0.032211,/user/home/t.tuna/evalhub/results/think/gemma-4-E4B-it/judged_by/Qwen3.6-35B-A3B__state-think__t0.6__max16384__basemax16384,/user/home/t.tuna/evalhub/results/think/gemma-4-E4B-it/judged_by/Qwen3.6-35B-A3B__state-think__t0.6__max16384__basemax16384/aime2026_tr__t0.6__max16384__n64/aime2026_tr_cot_summary.json,0.4677083333333333,0.4677083333333333,0.4677083333333333,0.4677083333333333,0.4677083333333333,0.0,0.5848875661375661,0.5848875661375661,0.5848875661375661,0.3505291005291004,0.3505291005291004,0.3505291005291004,0.6725508465328666,0.6725508465328666,0.5380662264024242,0.4155404044219485,0.2446758559760939,0.3301081301990213,0.7452441416403343,0.6381185989313599,0.5173799464331265,0.3794189031981058,0.1527489346394434,0.3175446271306147,0.8069025343834083,0.6116480437004476,0.5133659408990882,0.3555630319515612,0.083291363547094,0.3103195911390715,0.8447080520776122,0.5982237207597368,0.5206172337082561,0.3429538473108383,0.0447620647666857,0.3064500968704776,0.8666666666666667,0.6,0.5333333333333333,0.3333333333333333,0.0333333333333333,0.3052083333333333,0.6333333333333333,0.6333333333333333,0.6093286641138167,0.6199084783811185,0.4976224328724237,0.5169435423886631,0.3253851247375408,0.3586904377371216,0.0528525019602609,0.0917374384703253,0.4442708333333333,0.4734375,0.4442708333333333,0.4734375,0.4442708333333333,0.4734375,0.4442708333333333,0.4734375,0.5698578042328042,0.5915178571428571,0.5698578042328042,0.5915178571428571,0.3186838624338624,0.3553571428571428,0.3186838624338624,0.3553571428571428,0.598221510133388,0.6020509110575556,0.4976695888382194,0.5225079531455246,0.3211239851723286,0.3439362245009478,0.0347089305270538,0.0510765760006206,0.6597970335675255,0.6806999320087631,0.5256140196251249,0.5437200964468283,0.3885276854439995,0.4195671539371963,0.2031445946966835,0.2497628176072121,0.6,0.6,0.5,0.5333333333333333,0.3333333333333333,0.3333333333333333,0.0333333333333333,0.0333333333333333,0.6297682989025336,0.647546106859934,0.5051506995946172,0.5215022313945622,0.3479409738131592,0.3830944925056402,0.1090074812059454,0.1592319884074125,0.2736978599727566,0.3150229155924177,0.0,0.0,0.3186838624338624,0.3553571428571428,0.2691760752363002,0.3114933601556595,0.2958361400703416,0.3346649857722042,0.2666666666666666,0.3104166666666667,0.2817004512975832,0.3220584288710801,0.7858531713677255,0.8125740113055594,0.4442708333333333,0.4734375,0.5698578042328042,0.5915178571428571,0.8282219911347577,0.8455373925404444,0.6597970335675255,0.6806999320087631,0.8666666666666667,0.8666666666666667,0.7283726786037548,0.7539946030849097,current,Qwen3.6,G4-E4B|think|aime2026_tr
gemma-4-E4B-it,G4-E4B,gemma,4.0,False,think,Reasoning · Think,pt_exams_math,PT,True,cot:Qwen3.6-35B·TH,Qwen3.6-35B-A3B,think,16,0.6,16384,,0.6,16384.0,,,0.933734939759036,166.0,2656.0,2438.0,208.0,10.0,,,,,,,16.0,7344.0,0.002179,/user/home/t.tuna/evalhub/results/think/gemma-4-E4B-it/judged_by/Qwen3.6-35B-A3B__state-think__t0.6__max16384__basemax16384,/user/home/t.tuna/evalhub/results/think/gemma-4-E4B-it/judged_by/Qwen3.6-35B-A3B__state-think__t0.6__max16384__basemax16384/pt_exams_math__t0.6__max16384__n16/pt_exams_math_cot_summary.json,0.917921686746988,0.917921686746988,0.917921686746988,0.917921686746988,0.917921686746988,0.0,0.9372489959839354,0.9372489959839354,0.9372489959839354,0.8985943775100405,0.8985943775100405,0.8985943775100405,0.9464054018270884,0.9464054018270884,0.9335032437442076,0.917271282933934,0.874506818482722,0.8958890507083279,0.9529497945160595,0.943729229271398,0.931820522181968,0.9143707697924568,0.8451868078374102,0.8945320910682357,0.9578313253012049,0.9457831325301204,0.933734939759036,0.9096385542168676,0.8132530120481928,0.8938253012048193,,,,,,,,,,,,,0.933734939759036,0.933734939759036,0.9457831325301204,0.9457831325301204,0.9216867469879518,0.933734939759036,0.9036144578313252,0.9096385542168676,0.7650602409638554,0.8313253012048193,0.9077560240963856,0.9201807228915664,0.9077560240963856,0.9201807228915664,0.9077560240963856,0.9201807228915664,0.9077560240963856,0.9201807228915664,0.9319277108433734,0.9376004016064255,0.9319277108433734,0.9376004016064255,0.8835843373493978,0.9027610441767068,0.8835843373493978,0.9027610441767068,,,,,,,,,0.943459552495697,0.9464385012577784,0.9268502581755592,0.9338342380511054,0.9074870912220312,0.9186184297630082,0.8532271944922545,0.881831722494373,,,,,,,,,0.9411159790677864,0.943729229271398,0.9228124619690884,0.9321013658363054,0.9048206813267056,0.9155503131406748,0.8136705329476412,0.8574919725522137,0.8780120481927711,0.8983433734939759,0.0,0.0,0.8835843373493978,0.9027610441767068,,,0.880357142857143,0.9002250761286907,,,0.8787381460574232,0.8989746866252892,0.9578313253012049,0.9578313253012049,0.9077560240963856,0.9201807228915664,0.9319277108433734,0.9376004016064255,,,0.943459552495697,0.9464385012577784,,,0.9512450735342302,0.9529497945160595,current,Qwen3.6,G4-E4B|think|pt_exams_math
gemma-4-E4B-it,G4-E4B,gemma,4.0,False,think,Reasoning · Think,tubitak_math2026,TR-OL,True,cot:Qwen3.6-35B·TH,Qwen3.6-35B-A3B,think,64,0.6,16384,,0.6,16384.0,,,0.53125,32.0,2048.0,881.0,1093.0,74.0,,,,,,,2.0,2865.0,0.000698,/user/home/t.tuna/evalhub/results/think/gemma-4-E4B-it/judged_by/Qwen3.6-35B-A3B__state-think__t0.6__max16384__basemax16384,/user/home/t.tuna/evalhub/results/think/gemma-4-E4B-it/judged_by/Qwen3.6-35B-A3B__state-think__t0.6__max16384__basemax16384/tubitak_math2026__t0.6__max16384__n64/tubitak_math2026_cot_summary.json,0.43017578125,0.43017578125,0.43017578125,0.43017578125,0.43017578125,0.0,0.5050378224206348,0.5050378224206348,0.5050378224206348,0.355313740079365,0.355313740079365,0.355313740079365,0.5703349276648787,0.5703349276648787,0.4629463498778675,0.3933294517734381,0.2940923956838155,0.3437109237286268,0.632283102642427,0.5403029980481967,0.4383373196671082,0.3779444675534996,0.2307522918589018,0.3369016578502219,0.6898075580831257,0.5292385384026324,0.4240175654731362,0.3740196595966333,0.1630713849181218,0.3331374406638217,0.7469267674199139,0.5259586599972345,0.4178750134074855,0.3744911001987782,0.1125823880867845,0.3310340259891371,0.78125,0.53125,0.40625,0.375,0.09375,0.330078125,0.53125,0.53125,0.5141770956700833,0.5396479493575684,0.4201596909498589,0.4421724904853067,0.3702316328051752,0.3748528846176412,0.1465119630964809,0.1726178630010573,0.41748046875,0.44091796875,0.41748046875,0.44091796875,0.41748046875,0.44091796875,0.41748046875,0.44091796875,0.4917844742063491,0.5173146081349206,0.4917844742063491,0.5173146081349206,0.3431764632936507,0.3645213293650793,0.3431764632936507,0.3645213293650793,0.5039750502326852,0.5350474703166086,0.4168951931815949,0.4343403609472138,0.3737824264221699,0.3744917797601108,0.1066480549398484,0.1165155910116664,0.5525365098776158,0.5827698874367305,0.4539436097680744,0.4765427282428042,0.3852100960690993,0.4024925300137241,0.2782316592852106,0.3018667293067411,0.46875,0.53125,0.40625,0.40625,0.375,0.375,0.09375,0.09375,0.5262517582719697,0.5522199990359691,0.4315834696322398,0.4547654664483945,0.371810231116855,0.3825850322364186,0.2107247736719107,0.2399916222258621,0.3221310688344268,0.3393563394003724,0.0,0.0,0.3431764632936507,0.3645213293650793,0.3202696421091801,0.3360669750628153,0.3317208776771549,0.3521796296602327,0.3193359375,0.333984375,0.3253974143927365,0.3443373969539151,0.6581229597809152,0.702332537302728,0.41748046875,0.44091796875,0.4917844742063491,0.5173146081349206,0.7075550888310697,0.7568148884863265,0.5525365098776157,0.5827698874367305,0.75,0.78125,0.6088050956761609,0.6434009568265526,current,Qwen3.6,G4-E4B|think|tubitak_math2026
gemma-4-E4B-it,G4-E4B,gemma,4.0,False,think,Reasoning · Think,aime2026,EN,True,cot:G4-26B·TH,gemma-4-26B-A4B-it,think,64,0.6,16384,,0.6,16384.0,,,0.6,30.0,1920.0,887.0,994.0,39.0,,,,,,,76.0,2778.0,0.027358,/user/home/t.tuna/evalhub/results/think/gemma-4-E4B-it/judged_by/gemma-4-26B-A4B-it__state-think__t0.6__max16384__basemax16384,/user/home/t.tuna/evalhub/results/think/gemma-4-E4B-it/judged_by/gemma-4-26B-A4B-it__state-think__t0.6__max16384__basemax16384/aime2026__t0.6__max16384__n64/aime2026_cot_summary.json,0.4619791666666666,0.4619791666666666,0.4619791666666666,0.4619791666666666,0.4619791666666666,0.0,0.5379298941798943,0.5379298941798943,0.5379298941798943,0.3860284391534391,0.3860284391534391,0.3860284391534391,0.5960381464413722,0.5960381464413722,0.5012288786482333,0.4370071684587813,0.3136424731182795,0.3753248207885304,0.6542707972466035,0.5643722608950054,0.4833164418195472,0.4256130981276974,0.2318715005739628,0.3698757078518476,0.709954637422432,0.5477354765539412,0.4751463328888551,0.4222357220481435,0.146467381485853,0.3675917140288122,0.7540748723501024,0.5382180818088608,0.469992086019695,0.4199825197140504,0.0687216924647173,0.3667754299867099,0.7666666666666667,0.5333333333333333,0.4666666666666667,0.4333333333333333,0.0,0.3666666666666666,0.6,0.6,0.5274239005872211,0.5640919279129702,0.4733532307746727,0.4817085185928864,0.4140065864023359,0.4225887256436335,0.1303178890677346,0.1675774326300785,0.4489583333333333,0.4713541666666667,0.4489583333333333,0.4713541666666667,0.4489583333333333,0.4713541666666667,0.4489583333333333,0.4713541666666667,0.523098544973545,0.548611111111111,0.523098544973545,0.548611111111111,0.3748181216931217,0.3940972222222222,0.3748181216931217,0.3940972222222222,0.5207993925479261,0.5636891474416164,0.4686697946887383,0.4768800774248563,0.4118979083416691,0.4199825732720449,0.0569893241989178,0.0879569003634428,0.5754177578840455,0.6095810984362015,0.4914950622413603,0.5104400124230901,0.4293478717064121,0.4420433465118817,0.2995726415015152,0.3233522092954933,0.5333333333333333,0.5666666666666667,0.4666666666666667,0.4666666666666667,0.4,0.4333333333333333,0.0,0.0,0.5435963419174867,0.5768625911779686,0.4789780363970652,0.4916243579296229,0.4180742719597368,0.4276209386535509,0.2146836730660533,0.2470668053825562,0.357001257965988,0.3736497370009398,0.0,0.0,0.3748181216931217,0.3940972222222222,0.3563073595592916,0.3724043716441549,0.3644602566039635,0.3826977779036874,0.35625,0.371875,0.3591969169263236,0.3764801605276729,0.6849173882903149,0.7300276793812034,0.4489583333333333,0.4713541666666667,0.523098544973545,0.548611111111111,0.7360954886322406,0.7884160043338668,0.5754177578840455,0.6095810984362015,0.7666666666666667,0.8333333333333334,0.6285239173046039,0.6695938704550755,current,Gemma4,G4-E4B|think|aime2026
gemma-4-E4B-it,G4-E4B,gemma,4.0,False,think,Reasoning · Think,aime2026_pt,PT,True,cot:G4-26B·TH,gemma-4-26B-A4B-it,think,64,0.6,16384,,0.6,16384.0,,,0.7333333333333333,30.0,1920.0,895.0,938.0,87.0,,,,,,,221.0,2946.0,0.075017,/user/home/t.tuna/evalhub/results/think/gemma-4-E4B-it/judged_by/gemma-4-26B-A4B-it__state-think__t0.6__max16384__basemax16384,/user/home/t.tuna/evalhub/results/think/gemma-4-E4B-it/judged_by/gemma-4-26B-A4B-it__state-think__t0.6__max16384__basemax16384/aime2026_pt__t0.6__max16384__n64/aime2026_pt_cot_summary.json,0.4661458333333333,0.4661458333333333,0.4661458333333333,0.4661458333333333,0.4661458333333333,0.0,0.5652447089947089,0.5652447089947089,0.5652447089947089,0.3670469576719576,0.3670469576719576,0.3670469576719576,0.6437834185322288,0.6437834185322288,0.5208194832666012,0.4184790318383655,0.2815013996961379,0.3499902157672518,0.7079037133857643,0.6181349114096937,0.4941343865909229,0.3913247368980815,0.2035450354867988,0.3396149509801444,0.7571823216306284,0.6030889377351935,0.4777428733621641,0.3778834507738898,0.1349363476169187,0.3340161021917102,0.788831418651208,0.597423988617868,0.4672969820087865,0.3661364433129901,0.08975903942958,0.3313540312739758,0.8,0.6,0.4666666666666667,0.3333333333333333,0.0666666666666666,0.3302083333333333,0.7,0.7333333333333333,0.5534533578033493,0.6207877772838964,0.4384870629204178,0.4996028332300763,0.3531464114128495,0.3994659811450387,0.0886446992673759,0.145518078141313,0.4265625,0.4848958333333333,0.4265625,0.4848958333333333,0.4265625,0.4848958333333333,0.4265625,0.4848958333333333,0.519890873015873,0.5843584656084657,0.519890873015873,0.5843584656084657,0.333234126984127,0.385433201058201,0.333234126984127,0.385433201058201,0.5511038929725659,0.6085660561168402,0.4340678639891733,0.492733317642103,0.3423755012844683,0.3946106613492173,0.0300612783783716,0.093900619459324,0.5930055064507734,0.6622987018710182,0.477159875936978,0.5405072482015896,0.3860089668689616,0.4382401916345597,0.2500756507432869,0.2985371916261657,0.5333333333333333,0.6,0.4333333333333333,0.5,0.3333333333333333,0.3666666666666666,0.0,0.0666666666666666,0.5660582145244422,0.6378812063474927,0.4518765303016878,0.5140295364355216,0.3641770562513696,0.4113104478341307,0.1676668827149282,0.2180329328355089,0.3048672221929409,0.35221820243534,0.0,0.0,0.333234126984127,0.385433201058201,0.3032945163075785,0.348812773644888,0.3180423088061243,0.3683886916303627,0.303125,0.346875,0.3092218909819247,0.3580474897430447,0.7069731497574041,0.7712339935685438,0.4265625,0.4848958333333333,0.519890873015873,0.5843584656084657,0.7473163505291129,0.795805235943,0.5930055064507734,0.6622987018710182,0.7666666666666667,0.8,0.655803612758284,0.7253162513259869,current,Gemma4,G4-E4B|think|aime2026_pt
gemma-4-E4B-it,G4-E4B,gemma,4.0,False,think,Reasoning · Think,aime2026_tr,TR,True,cot:G4-26B·TH,gemma-4-26B-A4B-it,think,64,0.6,16384,,0.6,16384.0,,,0.6333333333333333,30.0,1920.0,829.0,999.0,92.0,,,,,,,270.0,2763.0,0.09772,/user/home/t.tuna/evalhub/results/think/gemma-4-E4B-it/judged_by/gemma-4-26B-A4B-it__state-think__t0.6__max16384__basemax16384,/user/home/t.tuna/evalhub/results/think/gemma-4-E4B-it/judged_by/gemma-4-26B-A4B-it__state-think__t0.6__max16384__basemax16384/aime2026_tr__t0.6__max16384__n64/aime2026_tr_cot_summary.json,0.4317708333333333,0.4317708333333333,0.4317708333333333,0.4317708333333333,0.4317708333333333,0.0,0.5449074074074073,0.5449074074074073,0.5449074074074073,0.3186342592592593,0.3186342592592593,0.3186342592592593,0.6302437192045865,0.6302437192045865,0.499479415862943,0.3797544551047987,0.2176057431610049,0.2986800991329018,0.6982284642691642,0.6011547539179065,0.4749806958635985,0.3466919914005346,0.1301216431565253,0.2864271144590908,0.754426273914062,0.5843796796652864,0.46027166855945,0.3308878056699512,0.0661149437488204,0.2795881254188158,0.7909978524962606,0.5831619324092986,0.4504381711697586,0.3227739637196206,0.0367830441866106,0.2756944971462237,0.8,0.6,0.4666666666666667,0.3333333333333333,0.0333333333333333,0.271875,0.6333333333333333,0.6333333333333333,0.5372067068376131,0.6096967761589644,0.4248144781270711,0.4918143248574652,0.2935169102505922,0.3504520853137624,0.0437429737828546,0.0789013872239837,0.3895833333333333,0.4567708333333333,0.3895833333333333,0.4567708333333333,0.3895833333333333,0.4567708333333333,0.3895833333333333,0.4567708333333333,0.4988591269841269,0.5735780423280423,0.4988591269841269,0.5735780423280423,0.2803075396825397,0.3399636243386244,0.2803075396825397,0.3399636243386244,0.5326249389417839,0.5966829934909685,0.4166931285064248,0.4892137921973955,0.2797806972780764,0.3471301805786782,0.0187684460658358,0.0441330428567212,0.5791351892422756,0.6616938631613408,0.4570260758983658,0.5267175656619072,0.3416970423812042,0.4029515331604173,0.180475025811488,0.235720371349668,0.5666666666666667,0.6,0.4,0.5,0.2666666666666666,0.3666666666666666,0.0,0.0333333333333333,0.5501699593600303,0.6314472522813944,0.4356865079892033,0.5024597983720581,0.3106974579942987,0.3678426360142267,0.0961921622747045,0.1457215391520967,0.2447044809199878,0.2990960170554541,0.0,0.0,0.2803075396825397,0.3399636243386244,0.2425796015012965,0.2945032466177654,0.261086034096346,0.3193359522550427,0.2416666666666666,0.2916666666666667,0.2499015357130988,0.3065823638773122,0.6999962220379737,0.7889764365955654,0.3895833333333333,0.4567708333333333,0.4988591269841269,0.5735780423280423,0.7521936255177608,0.8288008817712516,0.5791351892422756,0.6616938631613407,0.8,0.8666666666666667,0.6439249349950331,0.7320293339824744,current,Gemma4,G4-E4B|think|aime2026_tr
gemma-4-E4B-it,G4-E4B,gemma,4.0,False,think,Reasoning · Think,pt_exams_math,PT,True,cot:G4-26B·TH,gemma-4-26B-A4B-it,think,16,0.6,16384,,0.6,16384.0,,,0.933734939759036,166.0,2656.0,2437.0,208.0,11.0,,,,,,,26.0,7344.0,0.00354,/user/home/t.tuna/evalhub/results/think/gemma-4-E4B-it/judged_by/gemma-4-26B-A4B-it__state-think__t0.6__max16384__basemax16384,/user/home/t.tuna/evalhub/results/think/gemma-4-E4B-it/judged_by/gemma-4-26B-A4B-it__state-think__t0.6__max16384__basemax16384/pt_exams_math__t0.6__max16384__n16/pt_exams_math_cot_summary.json,0.9175451807228916,0.9175451807228916,0.9175451807228916,0.9175451807228916,0.9175451807228916,0.0,0.9369477911646584,0.9369477911646584,0.9369477911646584,0.8981425702811247,0.8981425702811247,0.8981425702811247,0.946220045015226,0.946220045015226,0.9328544949026876,0.9173176221368992,0.8737885608367534,0.8955530914868265,0.9529460499340018,0.943637487010981,0.930673743926756,0.9140955430112058,0.8423750947847335,0.8942272586850902,0.9578313253012049,0.9457831325301204,0.927710843373494,0.9096385542168676,0.8012048192771084,0.8938253012048193,,,,,,,,,,,,,0.933734939759036,0.933734939759036,0.9457831325301204,0.9457831325301204,0.9216867469879518,0.927710843373494,0.9036144578313252,0.9096385542168676,0.7650602409638554,0.8253012048192772,0.908132530120482,0.9198042168674698,0.908132530120482,0.9198042168674698,0.908132530120482,0.9198042168674698,0.908132530120482,0.9198042168674698,0.9329819277108428,0.9378514056224896,0.9329819277108428,0.9378514056224896,0.883283132530121,0.90175702811245,0.883283132530121,0.90175702811245,,,,,,,,,0.9445783132530124,0.9471997881636438,0.9280550774526676,0.9337018403283464,0.9080464716006889,0.9181053885873164,0.8518502581755591,0.8802098503905732,,,,,,,,,0.9419229365012496,0.9452439127137922,0.9248813435560426,0.9309545875810936,0.9051520768388238,0.9152750863594238,0.812084702446148,0.8544794562866854,0.8780120481927711,0.8975903614457831,0.0,0.0,0.883283132530121,0.90175702811245,,,0.879948364888124,0.8991576194889449,,,0.8784140056730418,0.8979168421939508,0.9578313253012049,0.9578313253012049,0.908132530120482,0.9198042168674698,0.9329819277108428,0.9378514056224896,,,0.9445783132530124,0.9471997881636436,,,0.9527143539191733,0.9537492627854076,current,Gemma4,G4-E4B|think|pt_exams_math
gemma-4-E4B-it,G4-E4B,gemma,4.0,False,think,Reasoning · Think,tubitak_math2026,TR-OL,True,cot:G4-26B·TH,gemma-4-26B-A4B-it,think,64,0.6,16384,,0.6,16384.0,,,0.53125,32.0,2048.0,863.0,1093.0,92.0,,,,,,,296.0,2865.0,0.103316,/user/home/t.tuna/evalhub/results/think/gemma-4-E4B-it/judged_by/gemma-4-26B-A4B-it__state-think__t0.6__max16384__basemax16384,/user/home/t.tuna/evalhub/results/think/gemma-4-E4B-it/judged_by/gemma-4-26B-A4B-it__state-think__t0.6__max16384__basemax16384/tubitak_math2026__t0.6__max16384__n64/tubitak_math2026_cot_summary.json,0.42138671875,0.42138671875,0.42138671875,0.42138671875,0.42138671875,0.0,0.5037822420634921,0.5037822420634921,0.5037822420634921,0.3389911954365079,0.3389911954365079,0.3389911954365079,0.5704437706964066,0.5704437706964066,0.4632558614898894,0.3848504173119539,0.2669968255017502,0.325923621406852,0.6302144443581147,0.5427679722765387,0.4387828118126358,0.3680235364527958,0.1934440759593982,0.3183105553483157,0.6850413750869836,0.534115025829116,0.422342146025008,0.3672860860900132,0.1215461795970786,0.314159910204133,0.7410069258532572,0.5329316500491724,0.414535709195178,0.3734522390011746,0.0628159183669853,0.3118039905579467,0.78125,0.53125,0.40625,0.375,0.0,0.310546875,0.53125,0.53125,0.4625538452433491,0.5366677595985833,0.3905281495875447,0.438267825627447,0.2710394718328887,0.3731280738470492,0.079944404387575,0.1451022107108947,0.35791015625,0.431640625,0.35791015625,0.431640625,0.35791015625,0.431640625,0.35791015625,0.431640625,0.4473586309523809,0.5103236607142858,0.4473586309523809,0.5103236607142858,0.268461681547619,0.3529575892857143,0.268461681547619,0.3529575892857143,0.4530477597178852,0.5334946752904529,0.3874286338500944,0.4343627924956839,0.2602271002576893,0.3743738888045503,0.0426679552431645,0.0948026048844451,0.5163508005495959,0.5738421521272444,0.4092239280363123,0.472030931291078,0.3166515279928735,0.3963536453218251,0.1894143684212183,0.2843357712598524,0.4375,0.53125,0.375,0.4375,0.25,0.375,0.0,0.0625,0.4827297703921894,0.5463518960203139,0.3946824958811616,0.4505209001730751,0.2891154271204355,0.3781535108684963,0.1239983614680774,0.2148374528872211,0.2391828417627055,0.327972496668271,0.0,0.0,0.268461681547619,0.3529575892857143,0.2371456537199251,0.3248662069371874,0.2530329482070459,0.3403447082908387,0.236328125,0.322265625,0.2438349784841201,0.3326435476877245,0.6390254120783607,0.6850479326711651,0.35791015625,0.431640625,0.4473586309523809,0.5103236607142858,0.693014643481214,0.7410069258592313,0.5163508005495959,0.5738421521272444,0.75,0.78125,0.5782093576282079,0.630823141360994,current,Gemma4,G4-E4B|think|tubitak_math2026
gemma-4-E4B-it,G4-E4B,gemma,4.0,False,think,Reasoning · Think,pt_exams_math,PT,False,No-Judge,,,16,0.6,16384,,,,,,0.933734939759036,166.0,2656.0,2448.0,208.0,0.0,0.0,2656.0,0.0,0.0,0.0,0.0,,,,/user/home/t.tuna/evalhub/results/think/gemma-4-E4B-it,/user/home/t.tuna/evalhub/results/think/gemma-4-E4B-it/pt_exams_math__t0.6__max16384__n16/pt_exams_math_summary.json,0.9216867469879518,0.9216867469879518,0.9216867469879518,0.9216867469879518,0.9216867469879518,0.0,0.9390562248995984,0.9390562248995982,0.9390562248995982,0.9043172690763054,0.9043172690763054,0.9043172690763054,0.9481265722229576,0.9481265722229576,0.9352244141400764,0.9195088044485636,0.8838871971402091,0.9016980007943864,0.9541237209911908,0.9466331526572492,0.932410293856077,0.9168478108237144,0.8606584847548704,0.900461402720439,0.9578313253012049,0.9518072289156626,0.933734939759036,0.9156626506024096,0.8373493975903614,0.8998493975903614,,,,,,,,,,,,,,,,,,,,,,,,,,,,,,,,,,,,,,,,,,,,,,,,,,,,,,,,,,,,,,,,,,,,,,,,,,,,,,,,,,,,,,,,,,,,,,,,,,,current,No-Judge,G4-E4B|think|pt_exams_math
gemma-4-E4B-it,G4-E4B,gemma,4.0,False,think,Reasoning · Think,tubitak_math2026,TR-OL,False,No-Judge,,,64,0.6,16384,,,,,,0.53125,32.0,2048.0,955.0,1093.0,0.0,0.0,2048.0,0.0,0.0,0.0,0.0,,,,/user/home/t.tuna/evalhub/results/think/gemma-4-E4B-it,/user/home/t.tuna/evalhub/results/think/gemma-4-E4B-it/tubitak_math2026__t0.6__max16384__n64/tubitak_math2026_summary.json,0.46630859375,0.46630859375,0.46630859375,0.46630859375,0.46630859375,0.0,0.5405970982142857,0.5405970982142857,0.5405970982142857,0.3920200892857143,0.3920200892857143,0.3920200892857143,0.6094354956750019,0.6094354956750019,0.494247156408174,0.4267817894443604,0.3347699334724634,0.3807758614584121,0.6790593294462964,0.5724338484968011,0.469459412999501,0.4110741198375962,0.2759035716441288,0.3741351163933314,0.7481427633347634,0.5573818414083832,0.456244224818798,0.4059852780328059,0.2094198173953108,0.3703703799031921,0.8183064508324385,0.5506731498527627,0.4499653609472138,0.4057411002239566,0.151828900624032,0.3681700331399519,0.875,0.53125,0.4375,0.40625,0.125,0.3671875,,,,,,,,,,,,,,,,,,,,,,,,,,,,,,,,,,,,,,,,,,,,,,,,,,,,,,,,,,,,,,,,,,,,,,,,,,,,,,,,,,,,,,,current,No-Judge,G4-E4B|think|tubitak_math2026
